DBRep_DrawableShape

CASCADE Topology V3, (c) Open Cascade
Locations 0
Curve2ds 7
1 3.1415926535956196 0.089800000000000324 1 0 
1 3.1415926535929093 3.1415926535897669 1 8.3401211647348277e-15 
7 0 0  1 2 2  3.1415926536232144 -2.5261129438850478  6.2831853071795862 3.757072363295519 
 0 2 1 2
1 7.8539816339927508 0 0 1 
1 1.5707963268131644 0 0 1 
1 1.5707963268131644 0 1 0 
1 1.5707963268131644 6.2831853071795862 1 0 
Curves 4
2 48.099000005820002 101.2375 6.2024999999999997 0 0 -1 0.99495110425472177 -0.10036084964920219 0 -0.10036084964920219 -0.99495110425472177 -0 1.399999999993
7 0 0  3 13 11  49.495087111709999 101.0966765087 6.2073284271259999  49.47810966102 100.9433447677 6.2073284271259999  49.413507609340002 100.6575607421 6.2149002036779999  49.162795218059998 100.27801583660001 6.211856646437  48.821585981630001 100.0004592944 6.2126732105749998  48.40830859962 99.838065434849995 6.2124505112639996  47.960655440010001 99.810781295219996 6.2125247443680003  47.527286510769997 99.92333256165 6.2124505112639996  47.152101297690002 100.1620905356 6.2126732105749998  46.867915128329997 100.5036811164 6.211856646437  46.695185075330002 100.93028685429999 6.2149002036779999  46.68866760001 101.2243041964 6.2073284271259999  46.702912899929999 101.37832349129999 6.2073284271259999 
 0 4 0.10000000000000001 1 0.20000000000000001 1 0.29999999999999999 1 0.40000000000000002 1 0.5 1 0.59999999999999998 1 0.69999999999999996 1 0.80000000000000004 1 0.90000000000000002 1 1 4
7 0 0  8 9 2  48.241512412342281 102.6503305680296 6.2024999999999997  48.241512412342281 102.65033056802963 6.1946460183660363  48.240801024425707 102.64327805506727 6.1869520920635255  48.239416291978344 102.62955018127855 6.185553093578207  48.238094869888698 102.6164499497458 6.2024999999998052  48.239416291978294 102.62955018127853 6.2194469064221067  48.24080102442575 102.64327805506723 6.2180479079363202  48.241512412342274 102.6503305680297 6.2103539816340021  48.241512412342281 102.6503305680296 6.2024999999999997 
 0 9 6.2831853071795862 9
7 0 0  11 12 2  48.241512412342281 102.65033056802957 6.2024999999999997  49.048519345664303 102.56892767177382 6.2024999999997359  49.80437204322461 101.98057827025464 6.2025000000010122  50.155179803637594 100.91991695587735 6.2024999999979267  49.774280322160109 99.705807834736987 6.2025000000028463  48.616675404656775 98.888654371351336 6.2024999999971211  47.122669058971134 99.039354989491642 6.2025000000022592  46.151575939533863 100.07123050549257 6.2024999999985626  46.020817165798583 101.33695066282156 6.2025000000007529  46.57638088703699 102.30618616568186 6.2024999999996933  47.43450547901837 102.73173346428244 6.2025000000000805  48.241512412342288 102.65033056802957 6.2024999999999997 
 0 12 6.2831853071795862 12
Polygon3D 0
PolygonOnTriangulations 2
131 43 44 45 46 47 48 49 50 51 52 53 54 55 56 57 58 59 60 61 62 63 64 65 66 67 68 69 70 71 72 73 74 75 76 77 78 79 80 81 82 83 84 85 86 87 88 89 90 91 92 93 94 95 96 97 98 99 100 101 102 103 104 105 106 107 108 109 110 111 112 113 114 115 116 117 118 119 120 121 122 123 124 125 126 127 128 129 130 131 132 133 134 135 136 137 138 139 140 141 142 143 144 145 146 147 148 149 150 151 152 153 154 155 156 157 158 159 160 161 162 163 164 165 166 167 168 169 170 171 172 2 
p 0.000205761316872428 1 0 0.0241660973355392 0.0483321946710784 0.0724982920066176 0.0966643893421568 0.120830486677696 0.144996584013235 0.169162681348774 0.193328778684314 0.217494876019853 0.241660973355392 0.265827070690931 0.28999316802647 0.31415926536201 0.338325362697549 0.362491460033088 0.386657557368627 0.410823654704166 0.434989752039706 0.459155849375245 0.483321946710784 0.507488044046323 0.531654141381863 0.555820238717402 0.579986336052941 0.60415243338848 0.628318530724019 0.652484628059559 0.676650725395098 0.700816822730637 0.724982920066176 0.749149017401715 0.773315114737255 0.797481212072794 0.821647309408333 0.845813406743872 0.869979504079411 0.894145601414951 0.91831169875049 0.942477796086029 0.966643893421568 0.990809990757107 1.01497608809265 1.03914218542819 1.06330828276373 1.08747438009926 1.1116404774348 1.13580657477034 1.15997267210588 1.18413876944142 1.20830486677696 1.2324709641125 1.25663706144804 1.28080315878358 1.30496925611912 1.32913535345466 1.3533014507902 1.37746754812574 1.40163364546128 1.42579974279681 1.44996584013235 1.47413193746789 1.49829803480343 1.52246413213897 1.54663022947451 1.57079632681005 1.59496242414559 1.61912852148113 1.64329461881667 1.66746071615221 1.69162681348775 1.71579291082329 1.73995900815883 1.76412510549437 1.7882912028299 1.81245730016544 1.83662339750098 1.86078949483652 1.88495559217206 1.9091216895076 1.93328778684314 1.95745388417868 1.98161998151422 2.00578607884976 2.0299521761853 2.05411827352084 2.07828437085638 2.10245046819192 2.12661656552745 2.15078266286299 2.17494876019853 2.19911485753407 2.22328095486961 2.24744705220515 2.27161314954069 2.29577924687623 2.31994534421177 2.34411144154731 2.36827753888285 2.39244363621839 2.41660973355393 2.44077583088947 2.46494192822501 2.48910802556054 2.51327412289608 2.53744022023162 2.56160631756716 2.5857724149027 2.60993851223824 2.63410460957378 2.65827070690932 2.68243680424486 2.7066029015804 2.73076899891594 2.75493509625148 2.77910119358702 2.80326729092256 2.8274333882581 2.85159948559363 2.87576558292917 2.89993168026471 2.92409777760025 2.94826387493579 2.97242997227133 2.99659606960687 3.02076216694241 3.04492826427795 3.06909436161349 3.09326045894903 3.11742655628457 3.1415926536201 
277 81 82 83 84 85 86 87 88 89 90 91 92 93 94 95 96 97 98 99 100 101 102 103 104 105 106 107 108 109 110 111 112 113 114 115 116 117 118 119 120 121 122 123 124 125 126 127 128 129 130 131 132 133 134 135 136 137 138 139 140 141 142 143 144 145 146 147 148 149 150 151 152 153 154 155 156 157 158 159 160 161 162 163 164 165 166 167 168 169 170 171 172 173 174 175 176 177 178 179 180 181 182 183 184 185 186 187 188 189 190 191 192 193 194 195 196 197 198 199 200 201 202 203 204 205 206 207 208 209 210 211 212 213 214 215 216 217 218 219 220 221 222 223 224 225 226 227 228 229 230 231 232 233 234 235 236 237 238 239 240 241 242 243 244 245 246 247 248 249 250 251 252 253 254 255 256 257 258 259 260 261 262 263 264 265 266 267 268 269 270 271 272 273 274 275 276 277 278 279 280 281 282 283 284 285 286 287 288 289 290 291 292 293 294 295 296 297 298 299 300 301 302 303 304 305 306 307 308 309 310 311 312 313 314 315 316 317 318 319 320 321 322 323 324 325 326 327 328 329 330 331 332 333 334 335 336 337 338 339 340 341 342 343 344 345 346 347 348 349 350 351 352 353 354 355 356 357 
p 0.000205761316872428 1 0 0.00406489079572478 0.00812978159144955 0.0121946723871743 0.0162595631828991 0.0201332853915824 0.0240070076002657 0.0277970351227526 0.0315870626452396 0.0352998774800032 0.0390126923147667 0.0426543215790022 0.0462959508432377 0.0498719865198019 0.0534480221963662 0.0569636507745666 0.0604792793527669 0.0639393153403911 0.0673993513280152 0.0708082711777124 0.0742171910274096 0.0775791655861942 0.0809411401449788 0.0842600646780992 0.0875789892112197 0.0908585106093805 0.0941380320075414 0.0973815731084102 0.100625114209279 0.104199098030907 0.107773081852535 0.111381676370153 0.114990270887771 0.118632649029528 0.122275027171284 0.125950144180856 0.129625261190428 0.133331846120328 0.137038431050227 0.140774980113464 0.1445115291767 0.148276301423508 0.152041073670315 0.155832089468919 0.159623105267524 0.163438148057705 0.167253190847886 0.171089812598656 0.174926434349426 0.178781965083593 0.18263749581776 0.186509057464724 0.190380619111689 0.19426514381631 0.198149668520931 0.202043921374796 0.20593817422866 0.209834516062722 0.213730857896784 0.217627462767107 0.221524067637431 0.225420833658082 0.229317599678734 0.232824741433666 0.236331883188597 0.239838992231858 0.24334610127512 0.246853101730576 0.250360102186032 0.253866918159258 0.257373734132485 0.260880289940882 0.26438684574928 0.26789306615254 0.2713992865558 0.274905096985403 0.278410907415005 0.281916234201439 0.285421560987872 0.288926331584278 0.292431102180683 0.295935245381641 0.299439388582599 0.303332106531743 0.307224824480887 0.311120172915698 0.31501552135051 0.31891265106527 0.32280978078003 0.326317744928987 0.329825709077944 0.333333262094211 0.336840815110477 0.340347103999165 0.343853392887852 0.347357571736814 0.350861750585775 0.354362984338181 0.357864218090587 0.361361686211171 0.364859154331756 0.368352054334487 0.371844954337218 0.375332505144572 0.378820055951926 0.38230150105883 0.385782946165734 0.389257556584523 0.392732167003312 0.396199243969589 0.399666320935866 0.403509518072596 0.407352715209326 0.411202222972036 0.415051730734746 0.418906995413669 0.422762260092591 0.426621902988183 0.430481545883775 0.434344162826228 0.438206779768682 0.442070949455428 0.445935119142174 0.449412982436297 0.452890845730419 0.456367708164142 0.459844570597864 0.463319395265266 0.466794219932668 0.470265980491753 0.473737741050838 0.477205426671595 0.480673112292352 0.484135732445824 0.487598352599295 0.491054941641308 0.49451153068332 0.497961152190554 0.501410773697789 0.505238539602712 0.509066305507636 0.512902803539012 0.516739301570388 0.520583423832587 0.524427546094786 0.528278140830692 0.532128735566599 0.535984612984857 0.539840490403115 0.543700428950414 0.547560367497713 0.551423120514046 0.555285873530378 0.559150176216534 0.563014478902689 0.566492597860097 0.569970716817505 0.573448073185406 0.576925429553308 0.5804010929359 0.583876756318493 0.587349803000341 0.59082284968219 0.594292366941973 0.597761884201755 0.60161198456616 0.605462084930566 0.609315765428862 0.613169445927158 0.617029960410571 0.620890474893983 0.624756924768031 0.628623374642079 0.632494829982912 0.636366285323744 0.640241789326746 0.644117293329747 0.647995867042149 0.65187444075455 0.655755088047938 0.659635735341326 0.663517448075142 0.667399160808958 0.670892747799856 0.674386334790754 0.677879180752456 0.681372026714157 0.684863393325721 0.688354759937285 0.691843914583969 0.695333069230653 0.698819288137875 0.702305507045098 0.705789286204636 0.709273065364175 0.712756461097823 0.71623985683147 0.719722641695131 0.723205426558792 0.726687374983004 0.730169323407217 0.733650212443539 0.73713110147986 0.740610711531606 0.744090321583351 0.74756843711618 0.75104655264901 0.754522962877057 0.757999373105104 0.761473872648604 0.764948372192103 0.768420761702758 0.771893151213412 0.77536323796408 0.778833324714747 0.782300923150379 0.785768521586011 0.78923345383316 0.792698386080309 0.796160482412926 0.799622578745544 0.803081678005195 0.806540777264847 0.809996412019044 0.813452046773241 0.816901748736507 0.820351450699772 0.823792772589804 0.827234094479837 0.830664675946923 0.834095257414009 0.837512841823829 0.840930426233649 0.844332875362015 0.847735324490381 0.851120630965485 0.854505937440589 0.857872234848961 0.861238532257332 0.864584102906096 0.867929673554861 0.871252953951324 0.874576234347786 0.877875818515194 0.881175402682601 0.884450043476576 0.887724684270552 0.890973292893657 0.894221901516763 0.897443545449236 0.90066518938171 0.904220620763954 0.907776052146198 0.911370093193077 0.914964134239956 0.918601001019327 0.922237867798699 0.925922053368881 0.929606238939063 0.933342544550639 0.937078850162215 0.940872420639877 0.944665991117538 0.948522354470823 0.952378717824108 0.95630382873383 0.960228939643552 0.964229225745506 0.96822951184746 0.972311920468473 0.976394329089486 0.980566369923865 0.984738410758244 0.988553808068683 0.992369205379122 0.996184602689561 1 
Surfaces 3
5 48.099000005820002 101.2375 6.2024999999999997 0 0 -1 -0.99495110425503441 0.10036084964610348 0 0.10036084964610348 0.99495110425503441 0 1.4099999999899999 0.01
2 48.099000005820002 101.2375 6.2923 0 0 -1 -0.99495110425530708 0.10036084964340071 0 0.10036084964340071 0.99495110425530708 0 1.399999999993
1 48.099000005820002 101.2375 6.2125000000000004 0 0 1 -0.99495110425501443 0.10036084964630146 0 -0.10036084964630146 -0.99495110425501443 0 
Triangulations 2
172 170 1 0 0.00187729882120304
46.70606845987 101.3780051895 1.7125 46.70291289993 101.3783234913 6.207328427126 46.6993384928381 101.268283909386 1.7125 46.7012379044758 101.158372836233 1.7125 46.7117549842713 101.048949608358 1.7125 46.7308248909305 100.940688856346 1.7125 46.7583300521374 100.834258043735 1.7125 46.7941008894267 100.730313351875 1.7125 46.8379168636916 100.629495634358 1.7125 46.8895078348804 100.532426465937 1.7125 46.9485557275 100.439704310315 1.7125 47.014696491657 100.351900830413 1.7125 47.0875223475463 100.269557363883 1.7125 47.1665842995493 100.193181585579 1.7125 47.2513949044411 100.12324437757 1.7125 47.3414312766403 100.060176926002 1.7125 47.436138311972 100.004368062684 1.7125 47.5349321100702 99.9561618678177 1.7125 47.6372035743173 99.9158555486246 1.7125 47.7423221671275 99.8836976069656 1.7125 47.8496397974206 99.8598863072447 1.7125 47.9584948163192 99.8445684540426 1.7125 48.0682160964338 99.837838487018 1.7125 48.1781271695865 99.8397378986558 1.7125 48.2875503974621 99.8502549784513 1.7125 48.3958111494738 99.8693248851105 1.7125 48.5022419620852 99.8968300463174 1.7125 48.6061866539447 99.9326008836067 1.7125 48.7070043714618 99.9764168578716 1.7125 48.8040735398827 100.02800782906 1.7125 48.8967956955055 100.08705572168 1.7125 48.9845991754073 100.153196485837 1.7125 49.066942641937 100.226022341726 1.7125 49.1433184202414 100.305084293729 1.7125 49.2132556282499 100.389894898621 1.7125 49.2763230798184 100.47993127082 1.7125 49.3321319431361 100.574638306152 1.7125 49.3803381380023 100.67343210425 1.7125 49.4206444571954 100.775703568497 1.7125 49.4528023988544 100.880822161307 1.7125 49.4766136985753 100.988139791601 1.7125 49.49193155177 101.0969948105 1.7125 49.49508711171 101.0966765087 6.207328427126 49.4881297037673 101.063377393021 6.2025 49.4835166431398 101.029861658249 6.2025 49.4780950637846 100.996467178421 6.2025 49.4718681317513 100.963213454974 6.2025 49.464839483393 100.930119907145 6.2025 49.4570132232424 100.897205860634 6.2025 49.4483939216149 100.864490536318 6.2025 49.4389866119401 100.831993039025 6.2025 49.4287967878218 100.799732346377 6.2025 49.4178303998303 100.767727297712 6.2025 49.4060938520276 100.735996583076 6.2025 49.3935939982269 100.704558732312 6.2025 49.3803381379909 100.673432104242 6.2025 49.3663340123687 100.642634875938 6.2025 49.3515897993752 100.612185032114 6.2025 49.3361141092157 100.582100354623 6.2025 49.3199159792574 100.552398412069 6.2025 49.3030048687521 100.523096549549 6.2025 49.2853906533121 100.494211878526 6.2025 49.2670836191431 100.465761266835 6.2025 49.2480944570376 100.437761328832 6.2025 49.2284342561316 100.410228415692 6.2025 49.2081144974286 100.383178605861 6.2025 49.1871470470956 100.356627695666 6.2025 49.1655441495332 100.330591190091 6.2025 49.1433184202251 100.305084293722 6.2025 49.1204828383714 100.280121901868 6.2025 49.0970507393088 100.255718591863 6.2025 49.0730358067234 100.231888614554 6.2025 49.0484520646594 100.208645885975 6.2025 49.02331386933 100.186003979226 6.2025 48.9976359007333 100.163976116542 6.2025 48.97143315408 100.142575161576 6.2025 48.9447209310361 100.121813611882 6.2025 48.9175148307876 100.10170359162 6.2025 48.8898307409311 100.082256844476 6.2025 48.8616848281954 100.063484726804 6.2025 48.8330935290009 100.045398200989 6.2025 48.8040735398612 100.028007829056 6.2025 48.7746418076327 100.01132376649 6.2025 48.7448155196183 99.9953557563158 6.2025 48.7146120935303 99.9801131234002 6.2025 48.6840491673189 99.9656047690121 6.2025 48.6531445888724 99.9518391656218 6.2025 48.6219164055944 99.9388243519541 6.2025 48.5903828538643 99.9265679282937 6.2025 48.5585623483886 99.9150770520468 6.2025 48.5264734714462 99.9043584335616 6.2025 48.4941349620377 99.8944183322094 6.2025 48.461565704942 99.8852625527295 6.2025 48.4287847196879 99.8768964418393 6.2025 48.3958111494478 99.869324885112 6.2025 48.3626642498581 99.8625523041235 6.2025 48.3293633777748 99.8565826538702 6.2025 48.2959279799694 99.85141942046 6.2025 48.2623775817727 99.8470656190757 6.2025 48.2287317756723 99.8435237922147 6.2025 48.1950102098717 99.8407960082042 6.2025 48.1612325768156 99.8388838599931 6.2025 48.1274186016905 99.8377884642223 6.2025 48.0935880309057 99.837510460572 6.2025 48.0597606205619 99.8380500113884 6.2025 48.025956124914 99.8394068015892 6.2025 47.9921942848357 99.841580038847 6.2025 47.9584948162907 99.8445684540525 6.2025 47.9248773988197 99.8483703020553 6.2025 47.8913616640479 99.8529833626834 6.2025 47.8579671842205 99.8584049420391 6.2025 47.8247134607733 99.8646318740728 6.2025 47.7916199129444 99.8716605224316 6.2025 47.7587058664338 99.8794867825828 6.2025 47.7259905421179 99.8881060842107 6.2025 47.6934930448246 99.8975133938861 6.2025 47.6612323521773 99.9077032180049 6.2025 47.629227303512 99.9186696059968 6.2025 47.597496588876 99.9304061538 6.2025 47.5660587381129 99.9429060076012 6.2025 47.5349321100422 99.9561618678377 6.2025 47.5041348817384 99.9701659934604 6.2025 47.4736850379154 99.9849102064543 6.2025 47.4436003604246 100.000385896614 6.2025 47.4138984178704 100.016584026573 6.2025 47.3845965553508 100.033495137079 6.2025 47.3557118843284 100.051109352519 6.2025 47.3272612726377 100.069416386689 6.2025 47.2992613346348 100.088405548794 6.2025 47.2717284214948 100.108065749701 6.2025 47.2446786116639 100.128385508404 6.2025 47.2181277014691 100.149352958738 6.2025 47.1920911958943 100.170955856301 6.2025 47.1665842995257 100.193181585609 6.2025 47.1416219076724 100.216017167463 6.2025 47.1172185976682 100.239449266526 6.2025 47.0933886203591 100.263464199112 6.2025 47.0701458917807 100.288047941176 6.2025 47.047503985032 100.313186136506 6.2025 47.0254761223489 100.338864105103 6.2025 47.0040751673829 100.365066851757 6.2025 46.983313617689 100.391779074801 6.2025 46.9632035974277 100.41898517505 6.2025 46.9437568502845 100.446669264906 6.2025 46.9249847326119 100.474815177642 6.2025 46.9068982067983 100.503406476837 6.2025 46.8895078348652 100.532426465977 6.2025 46.8728237723002 100.561858198206 6.2025 46.856855762126 100.59168448622 6.2025 46.8416131292109 100.621887912309 6.2025 46.8271047748232 100.65245083852 6.2025 46.8133391714334 100.683355416967 6.2025 46.8003243577662 100.714583600245 6.2025 46.7880679341062 100.746117151976 6.2025 46.7765770578598 100.777937657451 6.2025 46.7658584393751 100.810026534394 6.2025 46.7559183380234 100.842365043803 6.2025 46.746762558544 100.874934300899 6.2025 46.7383964476543 100.907715286153 6.2025 46.7308248909275 100.940688856393 6.2025 46.7240523099395 100.973835755983 6.2025 46.7180826596868 101.007136628066 6.2025 46.7129194262771 101.040572025872 6.2025 46.7085656248933 101.074122424068 6.2025 46.7050237980328 101.107768230169 6.2025 46.7022960140227 101.141489795969 6.2025 46.7003838658122 101.175267429026 6.2025 46.6992884700419 101.209081404151 6.2025 46.699010466392 101.242911974935 6.2025 46.699550017209 101.276739385279 6.2025 46.7009068074103 101.310543880927 6.2025 46.7030800446686 101.344305721005 6.2025 6.28318530717959 4.5798 6.28318530721572 0.0898000000000003 6.20464549083984 4.5798 6.1261056745001 4.5798 6.04756585816035 4.5798 5.96902604182061 4.5798 5.89048622548086 4.5798 5.81194640914112 4.5798 5.73340659280137 4.5798 5.65486677646163 4.5798 5.57632696012188 4.5798 5.49778714378214 4.5798 5.41924732744239 4.5798 5.34070751110265 4.5798 5.2621676947629 4.5798 5.18362787842316 4.5798 5.10508806208341 4.5798 5.02654824574367 4.5798 4.94800842940392 4.5798 4.86946861306418 4.5798 4.79092879672443 4.5798 4.71238898038469 4.5798 4.63384916404494 4.5798 4.5553093477052 4.5798 4.47676953136546 4.5798 4.39822971502571 4.5798 4.31968989868597 4.5798 4.24115008234622 4.5798 4.16261026600648 4.5798 4.08407044966673 4.5798 4.00553063332699 4.5798 3.92699081698724 4.5798 3.8484510006475 4.5798 3.76991118430775 4.5798 3.69137136796801 4.5798 3.61283155162826 4.5798 3.53429173528852 4.5798 3.45575191894877 4.5798 3.37721210260903 4.5798 3.29867228626928 4.5798 3.22013246992954 4.5798 3.14159265362731 4.57980000000001 3.14159265359562 0.0898000000000003 3.16575875093116 0.0898000000000003 3.1899248482667 0.0898000000000003 3.21409094560224 0.0898000000000003 3.23825704293778 0.0898000000000003 3.26242314027332 0.0898000000000003 3.28658923760885 0.0898000000000003 3.31075533494439 0.0898000000000003 3.33492143227993 0.0898000000000003 3.35908752961547 0.0898000000000003 3.38325362695101 0.0898000000000003 3.40741972428655 0.0898000000000003 3.43158582162209 0.0898000000000003 3.45575191895763 0.0898000000000003 3.47991801629317 0.0898000000000003 3.50408411362871 0.0898000000000003 3.52825021096425 0.0898000000000003 3.55241630829979 0.0898000000000003 3.57658240563533 0.0898000000000003 3.60074850297086 0.0898000000000003 3.6249146003064 0.0898000000000003 3.64908069764194 0.0898000000000003 3.67324679497748 0.0898000000000003 3.69741289231302 0.0898000000000003 3.72157898964856 0.0898000000000003 3.7457450869841 0.0898000000000003 3.76991118431964 0.0898000000000003 3.79407728165518 0.0898000000000003 3.81824337899072 0.0898000000000003 3.84240947632626 0.0898000000000003 3.8665755736618 0.0898000000000003 3.89074167099733 0.0898000000000003 3.91490776833287 0.0898000000000003 3.93907386566841 0.0898000000000003 3.96323996300395 0.0898000000000003 3.98740606033949 0.0898000000000003 4.01157215767503 0.0898000000000003 4.03573825501057 0.0898000000000003 4.05990435234611 0.0898000000000003 4.08407044968165 0.0898000000000003 4.10823654701719 0.0898000000000003 4.13240264435273 0.0898000000000003 4.15656874168827 0.0898000000000003 4.18073483902381 0.0898000000000003 4.20490093635934 0.0898000000000003 4.22906703369488 0.0898000000000003 4.25323313103042 0.0898000000000003 4.27739922836596 0.0898000000000003 4.3015653257015 0.0898000000000003 4.32573142303704 0.0898000000000003 4.34989752037258 0.0898000000000003 4.37406361770812 0.0898000000000003 4.39822971504366 0.0898000000000003 4.4223958123792 0.0898000000000003 4.44656190971474 0.0898000000000003 4.47072800705028 0.0898000000000003 4.49489410438582 0.0898000000000003 4.51906020172136 0.0898000000000003 4.5432262990569 0.0898000000000003 4.56739239639243 0.0898000000000003 4.59155849372797 0.0898000000000003 4.61572459106351 0.0898000000000003 4.63989068839905 0.0898000000000003 4.66405678573459 0.0898000000000003 4.68822288307013 0.0898000000000003 4.71238898040567 0.0898000000000003 4.73655507774121 0.0898000000000003 4.76072117507675 0.0898000000000003 4.78488727241229 0.0898000000000003 4.80905336974783 0.0898000000000003 4.83321946708337 0.0898000000000003 4.85738556441891 0.0898000000000003 4.88155166175444 0.0898000000000003 4.90571775908998 0.0898000000000003 4.92988385642552 0.0898000000000003 4.95404995376106 0.0898000000000003 4.9782160510966 0.0898000000000003 5.00238214843214 0.0898000000000003 5.02654824576768 0.0898000000000003 5.05071434310322 0.0898000000000003 5.07488044043876 0.0898000000000003 5.0990465377743 0.0898000000000003 5.12321263510984 0.0898000000000003 5.14737873244538 0.0898000000000003 5.17154482978092 0.0898000000000003 5.19571092711646 0.0898000000000003 5.219877024452 0.0898000000000003 5.24404312178754 0.0898000000000003 5.26820921912307 0.0898000000000003 5.29237531645861 0.0898000000000003 5.31654141379415 0.0898000000000003 5.34070751112969 0.0898000000000003 5.36487360846523 0.0898000000000003 5.38903970580077 0.0898000000000003 5.41320580313631 0.0898000000000003 5.43737190047185 0.0898000000000003 5.46153799780739 0.0898000000000003 5.48570409514293 0.0898000000000003 5.50987019247847 0.0898000000000003 5.53403628981401 0.0898000000000003 5.55820238714955 0.0898000000000003 5.58236848448509 0.0898000000000003 5.60653458182063 0.0898000000000003 5.63070067915616 0.0898000000000003 5.6548667764917 0.0898000000000003 5.67903287382724 0.0898000000000003 5.70319897116278 0.0898000000000003 5.72736506849832 0.0898000000000003 5.75153116583386 0.0898000000000003 5.7756972631694 0.0898000000000003 5.79986336050494 0.0898000000000003 5.82402945784048 0.0898000000000003 5.84819555517602 0.0898000000000003 5.87236165251156 0.0898000000000003 5.8965277498471 0.0898000000000003 5.92069384718264 0.0898000000000003 5.94485994451817 0.0898000000000003 5.96902604185371 0.0898000000000003 5.99319213918925 0.0898000000000003 6.01735823652479 0.0898000000000003 6.04152433386033 0.0898000000000003 6.06569043119587 0.0898000000000003 6.08985652853141 0.0898000000000003 6.11402262586695 0.0898000000000003 6.13818872320249 0.0898000000000003 6.16235482053803 0.0898000000000003 6.18652091787357 0.0898000000000003 6.21068701520911 0.0898000000000003 6.23485311254465 0.0898000000000003 6.25901920988019 0.0898000000000003 42 43 44 42 44 45 41 45 46 41 46 47 41 47 48 41 42 45 40 48 49 40 49 50 40 50 51 40 41 48 39 51 52 39 52 53 39 53 54 39 40 51 38 39 54 38 54 55 38 55 56 38 56 57 38 57 58 37 58 59 37 59 60 37 60 61 37 38 58 36 37 61 36 61 62 36 62 63 36 63 64 35 36 64 35 64 65 35 65 66 35 66 67 34 35 67 34 67 68 34 68 69 34 69 70 34 70 71 33 34 71 33 71 72 33 72 73 33 73 74 32 33 74 32 74 75 32 75 76 32 76 77 31 32 77 31 77 78 31 78 79 31 79 80 30 31 80 30 80 81 30 81 82 30 82 83 30 83 84 29 30 84 29 84 85 29 85 86 29 86 87 28 87 88 28 88 89 28 89 90 28 29 87 27 28 90 27 90 91 27 91 92 27 92 93 26 27 93 26 93 94 26 94 95 26 95 96 26 96 97 25 26 97 25 97 98 25 98 99 25 99 100 24 101 102 24 102 103 24 25 100 24 100 101 23 103 104 23 104 105 23 105 106 23 24 103 22 106 107 22 107 108 22 108 109 22 109 110 22 23 106 21 110 111 21 111 112 21 112 113 21 22 110 20 113 114 20 114 115 20 115 116 20 21 113 19 116 117 19 117 118 19 118 119 19 20 116 18 119 120 18 120 121 18 121 122 18 122 123 18 19 119 17 123 124 17 124 125 17 125 126 17 18 123 16 126 127 16 127 128 16 128 129 16 17 126 15 129 130 15 130 131 15 131 132 15 16 129 14 15 132 14 132 133 14 133 134 14 134 135 14 135 136 13 14 136 13 136 137 13 137 138 13 138 139 12 13 139 12 139 140 12 140 141 12 141 142 11 12 142 11 142 143 11 143 144 11 144 145 10 11 145 10 145 146 10 146 147 10 147 148 10 148 149 9 10 149 9 149 150 9 150 151 9 151 152 8 152 153 8 153 154 8 154 155 8 9 152 7 155 156 7 156 157 7 157 158 7 8 155 6 158 159 6 159 160 6 160 161 6 161 162 6 7 158 5 162 163 5 163 164 5 164 165 5 6 162 4 165 166 4 166 167 4 167 168 4 5 165 3 4 168 3 168 169 3 169 170 3 170 171 1 3 171 1 171 172 1 172 2 
775 777 1 0 0.00344231856349086
51.18334842901 100.9263813661 6.2125 51.1982504988501 101.169335629199 6.2125 51.1940446587965 101.412710148323 6.2125 51.1707568392506 101.655004438619 6.2125 51.1285306173636 101.894724675217 6.2125 51.0676263318353 102.130392903143 6.2125 50.9884194778387 102.360556149403 6.2125 50.8913983919675 102.583795381049 6.2125 50.777161241479 102.798734253982 6.2125 50.6464123363937 103.004047598576 6.2125 50.4999577871897 103.198469589788 6.2125 50.3387005348641 103.380801551391 6.2125 50.1636347840009 103.549919346209 6.2125 49.9758398731694 103.7047803068 6.2125 49.7764736204432 103.844429663845 6.2125 49.5667651850661 103.968006432621 6.2125 49.3480074892775 104.074748721255 6.2125 49.1215492470163 104.16399842804 6.2125 48.8887866486509 104.235205298858 6.2125 48.6511547530018 104.287930319669 6.2125 48.4101186397262 104.321848423189 6.2125 48.1671643766151 104.33675049303 6.2125 47.9237898574911 104.332544652976 6.2125 47.6814955671949 104.30925683343 6.2125 47.4417753305971 104.267030611542 6.2125 47.2061071026714 104.206126326014 6.2125 46.9759438564107 104.126919472016 6.2125 46.7527046247652 104.029898386145 6.2125 46.5377657518325 103.915661235656 6.2125 46.3324524072388 103.78491233057 6.2125 46.138030416027 103.638457781366 6.2125 45.9556984544249 103.47720052904 6.2125 45.7865806596073 103.302134778176 6.2125 45.6317196990165 103.114339867344 6.2125 45.4920703419713 102.914973614618 6.2125 45.3684935731957 102.705265179241 6.2125 45.2617512845629 102.486507483452 6.2125 45.1725015777776 102.26004924119 6.2125 45.1012947069607 102.027286642825 6.2125 45.0485696861495 101.789654747176 6.2125 45.01465158263 101.5486186339 6.2125 44.9997495127899 101.305664370801 6.2125 45.0039553528435 101.062289851677 6.2125 45.0272431723894 100.819995561381 6.2125 45.0694693942764 100.580275324783 6.2125 45.1303736798047 100.344607096857 6.2125 45.2095805338013 100.114443850597 6.2125 45.3066016196725 99.8912046189508 6.2125 45.420838770161 99.6762657460179 6.2125 45.5515876752463 99.4709524014239 6.2125 45.6980422244503 99.2765304102118 6.2125 45.8592994767759 99.0941984486094 6.2125 46.0343652276391 98.9250806537914 6.2125 46.2221601384706 98.7702196932003 6.2125 46.4215263911968 98.6305703361546 6.2125 46.6312348265739 98.5069935673787 6.2125 46.8499925223625 98.4002512787454 6.2125 47.0764507646237 98.3110015719596 6.2125 47.3092133629891 98.2397947011423 6.2125 47.5468452586382 98.1870696803306 6.2125 47.7878813719138 98.1531515768107 6.2125 48.0308356350249 98.1382495069698 6.2125 48.2742101541489 98.1424553470238 6.2125 48.5165044444451 98.1657431665703 6.2125 48.7562246810429 98.2079693884577 6.2125 48.9918929089686 98.2688736739864 6.2125 49.2220561552293 98.3480805279836 6.2125 49.4452953868749 98.4451016138552 6.2125 49.6602342598075 98.5593387643441 6.2125 49.8655476044013 98.6900876694299 6.2125 50.059969595613 98.8365422186342 6.2125 50.2423015572151 98.9977994709602 6.2125 50.4114193520327 99.1728652218238 6.2125 50.5662803126235 99.3606601326555 6.2125 50.7059296696687 99.5600263853821 6.2125 50.8295064384443 99.7697348207594 6.2125 50.9362487270771 99.9884925165482 6.2125 51.0254984338624 100.21495075881 6.2125 51.0967053046793 100.447713357175 6.2125 51.1494303254905 100.685345252824 6.2125 49.49508711171 101.0966765087 6.207328427126 49.492940115674 101.078029803761 6.20734677828622 49.4906370462889 101.05948569109 6.20740016979751 49.4881737481648 101.041043263466 6.20748610870587 49.4855460659122 101.022701613669 6.20760210205725 49.482885185606 101.005315506131 6.20773832437636 49.4800676493189 100.988019311267 6.20789741924249 49.4771559170076 100.971183079021 6.2080731403074 49.4740874142373 100.954431429223 6.20826667028342 49.4709261688141 100.938102361033 6.20847157990708 49.467608076722 100.921853067059 6.2086897413658 49.4641981812004 100.905992147151 6.20891475959498 49.4606313617603 100.890206654402 6.20914890637435 49.4569731887463 100.87477826289 6.20938598518957 49.4531579835907 100.859421359083 6.20962844081942 49.4492514075806 100.844392954907 6.20987039690921 49.4451876371102 100.829432459752 6.2101142964131 49.4410320304352 100.814774271416 6.2103546702653 49.436718994737 100.800180733381 6.21059382689245 49.4323132253086 100.785865470243 6.21082676383054 49.4277497055534 100.77161188314 6.21105555651379 49.4230921353703 100.757614472775 6.21127570588537 49.4182763950182 100.743676017706 6.21148898380933 49.41336487888 100.729973370751 6.21169141313763 49.4082946644007 100.716327184895 6.21188441439377 49.4031265485587 100.70289798657 6.21206453585775 49.3977990895842 100.689522958079 6.21223281769808 49.3923712102243 100.676347484478 6.21238632478661 49.3867832242602 100.663224074364 6.21252570570057 49.3804395462855 100.648824236689 6.21266208768677 49.3739027979968 100.634489991063 6.21278105394929 49.3671098053928 100.620085935668 6.21288435130828 49.3601259066487 100.605753692669 6.21297160200581 49.3528860557575 100.591362622025 6.21304426975743 49.3454577980082 100.577049799447 6.21310234568966 49.3377749281447 100.56269023134 6.21314705154248 49.3299065066802 100.548415548332 6.21317870692012 49.3217859631352 100.53410728294 6.21319833552627 49.3134830977084 100.51989072306 6.21320654119658 49.3049318451239 100.50565478842 6.21320419516017 49.2962018903551 100.491517540883 6.21319213846517 49.2872286127444 100.477376114705 6.21317113566793 49.2780806545655 100.463340491866 6.21314221651053 49.268695837994 100.449316798076 6.21310608336149 49.259140772151 100.435406127618 6.21306390610498 49.2493567659765 100.421524306575 6.21301636639185 49.2394073545199 100.407762797501 6.21296472729618 49.2292384071535 100.394047749607 6.21290968641718 49.218909308935 100.380460331876 6.21285255642416 49.2083715743609 100.366937535227 6.21279408090999 49.1976793458699 100.353549673852 6.21273558372717 49.1867908576951 100.340244977641 6.21267787612198 49.1757539211248 100.327082463126 6.21262226172023 49.164534531713 100.314021859674 6.21256963107153 49.153173107969 100.301110577823 6.21252124489636 49.1416443273788 100.288319900831 6.2124780403387 49.1299788303001 100.275684257744 6.21244051341666 49.1181713858697 100.263197815974 6.21240838341441 49.1062293052887 100.250868174589 6.21238138215716 49.0941528589647 100.238695296499 6.21235921849603 49.0819439388768 100.22668079881 6.21234160455544 49.0696031222896 100.214824973976 6.21232824999895 49.0571320018455 100.203129101701 6.21231886574288 49.0457973149869 100.192740066326 6.21231357485566 49.034358757126 100.182481796154 6.2123110538287 49.0228172313687 100.172354953342 6.21231109130072 49.0111734264641 100.162360009894 6.2123134758919 48.9994285025897 100.152497837417 6.21231799608766 48.987582895688 100.142768692646 6.21232444060251 48.9756380316342 100.133173645065 6.21233259764187 48.9635940846986 100.123712747535 6.21234225620526 48.951452754075 100.114387255094 6.21235320414701 48.9392139444872 100.1051970289 6.21236523088687 48.926879635013 100.096143496528 6.21237812391302 48.9144494539991 100.087226340314 6.21239167314448 48.9019256658707 100.078447146744 6.21240566574404 48.8893076168586 100.069805432841 6.21241989215269 48.8765978610585 100.061302929846 6.2124341393038 48.863795457977 100.052939003531 6.21244819812701 48.8509032545328 100.044715515286 6.21246185547612 48.8379200200631 100.036631694162 6.21247490268111 48.8248488962681 100.028689516734 6.21248712671816 48.8116883600576 100.020888090242 6.21249831917577 48.7969646991054 100.012387321982 6.21250932539986 48.782133735207 100.004062070018 6.2125188244524 48.7671875631819 99.99590806443 6.21252689995731 48.7521383968374 99.9879321694511 6.21253362397342 48.7369815135267 99.9801320400211 6.21253907769313 48.7217260025414 99.9725125448477 6.21254333682543 48.7079113981353 99.9658093828017 6.21254621441916 48.6940203151177 99.9592543978654 6.21254824585682 48.6800560217325 99.9528491931289 6.21254948871804 48.6660185209425 99.9465938524284 6.21255000095047 48.6519145369267 99.9404914094005 6.21254984038741 48.6377406484249 99.9345404424106 6.21254906494041 48.6235070711856 99.9287452548668 6.21254773316628 48.6092069182583 99.9231030782125 6.21254590227235 48.5948539115099 99.917619318561 6.21254363183274 48.5804376778343 99.9122900256983 6.2125409778602 48.5659754386647 99.9071215367014 6.21253800106462 48.5514533353454 99.9021088900771 6.21253475595252 48.5368920614368 99.897259179092 6.21253130431623 48.5222742942475 99.8925666048292 6.21252769902125 48.5076241515785 99.8880388405874 6.21252400272343 48.4929208887356 99.8836694257121 6.21252026668463 48.478191980078 99.8794664376232 6.2125165540484 48.4634133208577 99.8754229298127 6.21251291467526 48.4486156553619 99.8715472097453 6.2125094116747 48.4337715998506 99.8678320195451 6.21250609386345 48.4189150639891 99.8642857260057 6.21250302366226 48.4040154842341 99.8609009314335 6.21250024934493 48.3874512276024 99.8573385691279 6.2124975744285 48.3708387197985 99.8539760109648 6.21249531498733 48.3541533341818 99.8508084970885 6.21249344298724 48.3374250857797 99.8478419828639 6.21249193706541 48.32063164481 99.845072753317 6.21249077031398 48.3038007851327 99.8425056662282 6.21248991973105 48.2869161231589 99.8401384221194 6.21248935931446 48.2699995498266 99.8379743229666 6.21248906459622 48.253040794915 99.8360122081782 6.21248901001136 48.236055685793 99.8342540960011 6.21248917021802 48.2190401849949 99.8326996752546 6.21248951972313 48.2020039229367 99.8313499663931 6.21249003280467 48.1866553685126 99.8303104520303 6.21249061321565 48.1712943176897 99.8294371845072 6.21249128657799 48.1559272423506 99.8287305420648 6.21249203393126 48.1405517687826 99.8281904480921 6.21249283673653 48.1251789588297 99.8278172711523 6.2124936757744 48.1098018448886 99.8276108441757 6.21249453281365 48.0944360305264 99.8275713266467 6.21249538841757 48.0790699939699 99.827698660802 6.21249622469878 48.0637238031417 99.8279926008628 6.21249702211184 48.0483814511116 99.8284533954957 6.21249776308089 48.0330673646281 99.8290802026906 6.21249842812447 48.01776114902 99.829873770013 6.21249899987953 48.0024914574663 99.8308324753756 6.21249945916163 47.9872336321532 99.8319577511298 6.21249978865845 47.9720203950228 99.833247020174 6.21249996977119 47.9568229731475 99.8347025685486 6.21249998543395 47.9399804509737 99.8365121160331 6.21249980695888 47.9231622272177 99.8385255013865 6.21249944514033 47.9063324907126 99.8407472481561 6.21249892360923 47.8895321158327 99.8431722264414 6.21249826814177 47.8727302909308 99.8458050891997 6.21249750227849 47.8559629270023 99.848640445197 6.21249665249813 47.8392043808185 99.8516828035391 6.21249574253716 47.8224854202523 99.8549267826825 6.2124947991919 47.805785702503 99.8583764681219 6.21249384659261 47.7891307089867 99.8620267664026 6.21249291155033 47.7725054903811 99.8658810563596 6.21249201869133 47.7559301369051 99.8699348152234 6.21249119462889 47.7393951452365 99.874190432173 6.21249046448641 47.722915149945 99.8786442385964 6.21248985456379 47.7064861046753 99.883297354489 6.21248939037839 47.6901171653422 99.888147246335 6.21248909790248 47.6754375655305 99.8926800693545 6.2124890027276 47.6608105577388 99.8973710929451 6.21248908621901 47.646241178061 99.9022186633494 6.21248936703266 47.6317280595388 99.9072232187096 6.21248986389481 47.6172800711953 99.9123816353316 6.21249059511731 47.6028919765369 99.9176957393569 6.21249157958885 47.5885763808743 99.9231607827802 6.21249283495742 47.5743242682137 99.9287801369732 6.21249438052525 47.5601518608905 99.9345472863518 6.2124962329034 47.5460464763521 99.9404672940582 6.21249841211392 47.5304744952167 99.9472149193227 6.21250123427203 47.5149895247988 99.954149047502 6.21250446132399 47.4995791840662 99.9612750687008 6.21250802378084 47.4842597910218 99.9685852838922 6.21251184234889 47.4690063049939 99.9760918049529 6.21251584776158 47.4538478622545 99.9837804865738 6.21251995657345 47.4387632699599 99.9916622214823 6.2125240982447 47.4237778040507 99.9997239774812 6.21252818928432 47.4088741583415 100.007975186708 6.21253215747296 47.3940737016635 100.016404172576 6.21253591993079 47.379363025824 100.025018669947 6.21253940258679 47.3647595732034 100.033808596272 6.21254252360745 47.3502538170238 100.042779759818 6.21254520714449 47.3358592818047 100.051923903813 6.21254737260959 47.3215702776238 100.061244690545 6.21254894270591 47.3073964478092 100.070735911485 6.21254983804253 47.2933358670438 100.080398875986 6.21254998046034 47.2793943620052 100.090229634438 6.21254929146527 47.2669502419988 100.099219768991 6.21254789589578 47.2546055297706 100.108343716129 6.21254570658444 47.2423642108408 100.11759850171 6.21254266729524 47.230225054514 100.126985050841 6.21253872071116 47.2181945345406 100.136498309012 6.21253381218544 47.2062688843835 100.146141229187 6.21252788337614 47.1944569548809 100.155906585262 6.2125208822084 47.1827525510764 100.165799452714 6.21251274849651 47.1711667770379 100.175810355553 6.21250343384211 47.1596911045674 100.185946585056 6.21249288800602 47.1483345137389 100.196200072656 6.21248122658401 47.1370898032504 100.206577113377 6.21246864808247 47.1259590570129 100.217075791523 6.21245536114943 47.114941895931 100.227696489307 6.21244157153281 47.1040410865611 100.238436559263 6.21242748880214 47.0932555511003 100.249297100519 6.21241331755391 47.0825887021598 100.260274708996 6.21239926810904 47.0720387991647 100.271371226406 6.21238554389408 47.0616098616865 100.282582470613 6.21237235564851 47.0512995248806 100.293911048224 6.21235990577566 47.041112373947 100.305351981144 6.21234840494284 47.0310454605776 100.316908659685 6.21233805483854 47.0211038923132 100.328575295548 6.21232906541567 47.0112841802131 100.340356077938 6.21232163811233 47.0015919092087 100.352244397847 6.21231598138156 46.9920230942914 100.364245254852 6.21231229702446 46.9825837514726 100.376351212522 6.21231079107518 46.973269445674 100.388568088514 6.21231166645124 46.9640865766233 100.40088761609 6.21231512572659 46.9550303062973 100.413316434883 6.21232137381831 46.9461073700348 100.425845448788 6.21233060868894 46.9373125748085 100.4384821195 6.21234303825628 46.9286529430321 100.451216526277 6.212358854624 46.920122975121 100.464056949182 6.21237826981696 46.9117299319033 100.476992651296 6.21240146875066 46.9034680558817 100.490032723622 6.21242866875466 46.8953447978167 100.503165625181 6.21246004616053 46.8873541908375 100.516401246825 6.21249582487671 46.879503979032 100.529727001747 6.21253605823439 46.8717890277426 100.543151876884 6.21258023680369 46.8642189881086 100.55665936147 6.21262755618026 46.8567881901588 100.570259939154 6.21267730520688 46.8495111514248 100.583927116293 6.21272864103117 46.8423771085789 100.597681265906 6.21278089751542 46.8354049758585 100.611485774288 6.21283319801701 46.8285793477759 100.625371071977 6.21288492443379 46.8219229288555 100.639290584279 6.21293517803021 46.8154162663745 100.653284673048 6.21298338423956 46.8090852261826 100.667297066734 6.2130286398733 46.8029069289343 100.681377826293 6.21307040295624 46.7969097619539 100.69546134439 6.21310778866731 46.7910680539336 100.709607050473 6.21314027090197 46.7854120741642 100.723740449595 6.21316701032965 46.7799139967882 100.737929920078 6.21318747502239 46.774605344387 100.752092603525 6.21320090161165 46.7694567660946 100.766305329264 6.21320672658032 46.7645004294273 100.780477463677 6.2132042953518 46.7597060705009 100.794693722613 6.21319298394164 46.7551059220268 100.808856337244 6.2131722807642 46.7506693930071 100.823057290926 6.21314147035558 46.7464282372128 100.837192359179 6.21310021873351 46.7423520890903 100.851360131457 6.21304768677216 46.7384717205673 100.865450634856 6.21298375222314 46.7347575048237 100.879568372952 6.21290741986513 46.7312387745528 100.893598348147 6.21281881201764 46.7278871111061 100.907650266798 6.21271674553083 46.7247299990512 100.921604836552 6.21260161811083 46.7217406448394 100.935576251037 6.21247203092975 46.7186370141344 100.951013146701 6.2123121847142 46.7157362841493 100.966469746038 6.2121361140698 46.7130076161049 100.98211548705 6.21194334334243 46.7104809296074 100.997783914888 6.21173742163803 46.7081269932523 101.013663449451 6.21151742026592 46.7059743401591 101.029568858593 6.2112875025345 46.7039960541898 101.045708954357 6.21104631099528 46.702218566814 101.061878349321 6.21079863165929 46.7006180405524 101.078307834489 6.21054272686441 46.6992180335291 101.094770317293 6.21028399430915 46.6979986147145 101.111520356835 6.21002039396753 46.6969796313259 101.1283074088 6.20975790061118 46.6961459612496 101.1454118194 6.20949428535653 46.6955128264721 101.16255762275 6.20923603664925 46.6950709024578 101.180053228946 6.20898089392054 46.6948297824697 101.197595030913 6.20873576051112 46.694787026702 101.215522062386 6.20849855508011 46.6949454934718 101.23350058196 6.20827645333222 46.6953108253387 101.251903106838 6.20806783038415 46.6958779229016 101.270362979292 6.20787993746383 46.6966618287394 101.289289358976 6.20771196515281 46.6976481342425 101.308279603807 6.20757097591759 46.6987237346878 101.325704099554 6.20746795309683 46.6999618741243 101.343185222475 6.20739181301329 46.7013593350419 101.360724507935 6.207344617184 46.70291289993 101.3783234913 6.207328427126 46.705059895966 101.396970196239 6.20734677828622 46.7073629653511 101.41551430891 6.20740016979751 46.7098262634752 101.433956736534 6.20748610870587 46.7124539457278 101.452298386331 6.20760210205725 46.715114826034 101.469684493869 6.20773832437636 46.7179323623211 101.486980688733 6.20789741924249 46.7208440946324 101.503816920979 6.2080731403074 46.7239125974027 101.520568570777 6.20826667028342 46.7270738428259 101.536897638967 6.20847157990708 46.730391934918 101.553146932941 6.2086897413658 46.7338018304396 101.569007852849 6.20891475959498 46.7373686498797 101.584793345598 6.20914890637435 46.7410268228937 101.60022173711 6.20938598518957 46.7448420280493 101.615578640917 6.20962844081942 46.7487486040594 101.630607045093 6.20987039690921 46.7528123745298 101.645567540248 6.2101142964131 46.7569679812048 101.660225728584 6.2103546702653 46.761281016903 101.674819266619 6.21059382689245 46.7656867863314 101.689134529757 6.21082676383054 46.7702503060866 101.70338811686 6.21105555651379 46.7749078762697 101.717385527225 6.21127570588537 46.7797236166218 101.731323982294 6.21148898380933 46.78463513276 101.745026629249 6.21169141313763 46.7897053472393 101.758672815105 6.21188441439377 46.7948734630813 101.77210201343 6.21206453585775 46.8002009220558 101.785477041921 6.21223281769808 46.8056288014157 101.798652515522 6.21238632478661 46.8112167873798 101.811775925636 6.21252570570057 46.8175604653545 101.826175763311 6.21266208768677 46.8240972136432 101.840510008937 6.21278105394929 46.8308902062472 101.854914064332 6.21288435130828 46.8378741049913 101.869246307331 6.21297160200581 46.8451139558825 101.883637377975 6.21304426975743 46.8525422136318 101.897950200553 6.21310234568966 46.8602250834953 101.91230976866 6.21314705154248 46.8680935049598 101.926584451668 6.21317870692012 46.8762140485048 101.94089271706 6.21319833552627 46.8845169139316 101.95510927694 6.21320654119658 46.8930681665161 101.96934521158 6.21320419516017 46.9017981212849 101.983482459117 6.21319213846517 46.9107713988956 101.997623885295 6.21317113566793 46.9199193570745 102.011659508134 6.21314221651053 46.9293041736461 102.025683201924 6.21310608336149 46.938859239489 102.039593872382 6.21306390610498 46.9486432456635 102.053475693425 6.21301636639185 46.9585926571201 102.067237202499 6.21296472729618 46.9687616044866 102.080952250393 6.21290968641718 46.979090702705 102.094539668124 6.21285255642416 46.9896284372791 102.108062464773 6.21279408090999 47.0003206657701 102.121450326148 6.21273558372717 47.0112091539449 102.134755022359 6.21267787612198 47.0222460905152 102.147917536874 6.21262226172023 47.033465479927 102.160978140326 6.21256963107153 47.044826903671 102.173889422177 6.21252124489636 47.0563556842612 102.186680099169 6.2124780403387 47.0680211813399 102.199315742256 6.21244051341666 47.0798286257704 102.211802184027 6.21240838341441 47.0917707063514 102.224131825411 6.21238138215716 47.1038471526757 102.236304703501 6.21235921849603 47.1160560727638 102.24831920119 6.21234160455544 47.1283968893514 102.260175026025 6.21232824999895 47.1408680097959 102.271870898301 6.21231886574288 47.1522026966549 102.282259933676 6.21231357485566 47.1636412545163 102.292518203848 6.2123110538287 47.1751827802741 102.302645046661 6.21231109130072 47.1868265851794 102.312639990109 6.2123134758919 47.1985715090546 102.322502162587 6.21231799608766 47.210417115957 102.332231307359 6.21232444060251 47.2223619800118 102.341826354941 6.21233259764188 47.2344059269483 102.351287252471 6.21234225620526 47.2465472575729 102.360612744913 6.21235320414701 47.2587860671618 102.369802971109 6.21236523088688 47.2711203766373 102.378856503482 6.21237812391303 47.2835505576524 102.387773659697 6.21239167314449 47.2960743457822 102.396552853268 6.21240566574405 47.3086923947958 102.405194567173 6.21241989215271 47.3214021505976 102.413697070169 6.21243413930382 47.3342045536807 102.422060996485 6.21244819812703 47.3470967571267 102.430284484732 6.21246185547614 47.3600799915983 102.438368305858 6.21247490268113 47.3731511153953 102.446310483288 6.21248712671818 47.3863116516079 102.454111909781 6.21249831917579 47.4010353125626 102.462612678043 6.21250932539988 47.4158662764636 102.470937930009 6.21251882445241 47.4308124484908 102.479091935599 6.21252689995732 47.4458616148375 102.48706783058 6.21253362397344 47.4610184981499 102.494867960011 6.21253907769314 47.476274009137 102.502487455186 6.21254333682544 47.4900886135442 102.509190617234 6.21254621441917 47.503979696563 102.515745602171 6.21254824585682 47.5179439899489 102.522150806908 6.21254948871805 47.5319814907397 102.52840614761 6.21255000095047 47.5460854747557 102.534508590639 6.21254984038741 47.5602593632578 102.540459557629 6.2125490649404 47.5744929404969 102.546254745174 6.21254773316627 47.5887930934241 102.551896921829 6.21254590227234 47.6031461001719 102.557380681481 6.21254363183274 47.6175623338468 102.562709974344 6.21254097786019 47.6320245730153 102.567878463341 6.21253800106461 47.6465466763334 102.572891109965 6.21253475595251 47.6611079502403 102.57774082095 6.21253130431622 47.675725717428 102.582433395213 6.21252769902124 47.6903758600949 102.586961159455 6.21252400272342 47.7050791229356 102.59133057433 6.21252026668462 47.7198080315907 102.595533562419 6.21251655404839 47.7345866908082 102.599577070229 6.21251291467525 47.749384356301 102.603452790296 6.2125094116747 47.764228411809 102.607167980495 6.21250609386344 47.7790849476669 102.610714274034 6.21250302366225 47.7939845274182 102.614099068606 6.21250024934493 47.8105487840453 102.617661430911 6.2124975744285 47.8271612918446 102.621023989073 6.21249531498733 47.8438466774568 102.624191502948 6.21249344298724 47.8605749258543 102.627158017172 6.21249193706541 47.8773683668196 102.629927246718 6.21249077031398 47.8941992264924 102.632494333807 6.21248991973105 47.9110838884619 102.634861577915 6.21248935931446 47.9280004617899 102.637025677067 6.21248906459622 47.9449592166973 102.638987791854 6.21248901001136 47.961944325815 102.640745904031 6.21248917021802 47.9789598266092 102.642300324777 6.21248951972313 47.9959960886633 102.643650033637 6.21249003280467 48.0113446430839 102.644689548 6.21249061321565 48.0267056939034 102.645562815522 6.21249128657799 48.0420727692392 102.646269457964 6.21249203393126 48.057448242804 102.646809551936 6.21249283673653 48.0728210527537 102.647182728875 6.2124936757744 48.0881981666918 102.647389155851 6.21249453281364 48.103563981051 102.64742867338 6.21249538841757 48.1189300176046 102.647301339224 6.21249622469878 48.13427620843 102.647007399162 6.21249702211184 48.1496185604574 102.646546604529 6.21249776308089 48.1649326469383 102.645919797333 6.21249842812447 48.1802388625439 102.645126230011 6.21249899987952 48.1955085540953 102.644167524647 6.21249945916163 48.2107663794061 102.643042248893 6.21249978865844 48.2259796165343 102.641752979848 6.21249996977118 48.2411770384076 102.640297431473 6.21249998543395 48.2580195605791 102.638487883987 6.21249980695888 48.2748377843329 102.636474498633 6.21249944514034 48.2916675208365 102.634252751863 6.21249892360923 48.308467895715 102.631827773577 6.21249826814177 48.3252697206162 102.629194910818 6.2124975022785 48.342037084544 102.62635955482 6.21249665249814 48.3587956307278 102.623317196477 6.21249574253717 48.3755145912941 102.620073217332 6.21249479919191 48.3922143090443 102.616623531892 6.21249384659261 48.4088693025615 102.61297323361 6.21249291155034 48.4254945211686 102.609118943652 6.21249201869133 48.4420698746463 102.605065184787 6.21249119462889 48.4586048663173 102.600809567836 6.21249046448641 48.4750848616111 102.596355761411 6.21248985456379 48.4915139068838 102.591702645517 6.2124893903784 48.50788284622 102.586852753669 6.21248909790248 48.5225624460351 102.582319930648 6.2124890027276 48.5371894538301 102.577628907056 6.21248908621901 48.5517588335118 102.57278133665 6.21248936703266 48.5662719520378 102.567776781288 6.21248986389481 48.5807199403857 102.562618364664 6.2124905951173 48.5951080350484 102.557304260637 6.21249157958885 48.6094236307159 102.551839217211 6.21249283495741 48.6236757433812 102.546219863016 6.21249438052524 48.6378481507097 102.540452713635 6.2124962329034 48.6519535352532 102.534532705927 6.21249841211391 48.6675255163948 102.52778508066 6.21250123427203 48.6830104868189 102.520850952478 6.21250446132398 48.6984208275571 102.513724931277 6.21250802378084 48.7137402206072 102.506414716083 6.21251184234889 48.72899370664 102.49890819502 6.21251584776158 48.7441521493842 102.491219513397 6.21251995657345 48.7592367416829 102.483337778487 6.2125240982447 48.7742222075962 102.475276022486 6.21252818928433 48.7891258533087 102.467024813258 6.21253215747296 48.8039263099901 102.458595827389 6.21253591993079 48.8186369858322 102.449981330017 6.21253940258679 48.8332404384553 102.441191403692 6.21254252360746 48.8477461946368 102.432220240144 6.21254520714449 48.8621407298578 102.42307609615 6.21254737260959 48.8764297340399 102.413755309417 6.21254894270591 48.8906035638558 102.404264088478 6.21254983804253 48.9046641446217 102.394601123977 6.21254998046034 48.9186056496609 102.384770365525 6.21254929146526 48.9310497696673 102.375780230973 6.21254789589578 48.9433944818954 102.366656283835 6.21254570658444 48.9556358008248 102.357401498255 6.21254266729523 48.9677749571512 102.348014949126 6.21253872071115 48.9798054771237 102.338501690956 6.21253381218543 48.9917311272799 102.328858770782 6.21252788337613 49.0035430567813 102.319093414709 6.21252088220838 49.0152474605846 102.309200547258 6.2125127484965 49.0268332346216 102.299189644421 6.2125034338421 49.0383089070905 102.289053414921 6.212492888006 49.0496654979174 102.278799927322 6.21248122658399 49.0609102084043 102.268422886603 6.21246864808245 49.0720409546402 102.257924208459 6.21245536114941 49.0830581157206 102.247303510676 6.2124415715328 49.0939589250893 102.236563440723 6.21242748880212 49.1047444605488 102.225702899468 6.2124133175539 49.1154113094882 102.214725290993 6.21239926810903 49.1259612124821 102.203628773584 6.21238554389407 49.1363901499594 102.192417529378 6.2123723556485 49.1467004867643 102.181088951769 6.21235990577566 49.156887637697 102.16964801885 6.21234840494284 49.1669545510656 102.15809134031 6.21233805483854 49.1768961193293 102.146424704448 6.21232906541567 49.1867158314288 102.134643922058 6.21232163811233 49.1964081024326 102.12275560215 6.21231598138156 49.2059769173494 102.110754745147 6.21231229702446 49.2154162601677 102.098648787477 6.21231079107518 49.2247305659659 102.086431911486 6.21231166645124 49.2339134350161 102.07411238391 6.21231512572659 49.2429697053419 102.061683565118 6.21232137381831 49.2518926416041 102.049154551214 6.21233060868894 49.2606874368301 102.036517880502 6.21234303825628 49.2693470686064 102.023783473726 6.212358854624 49.2778770365173 102.010943050821 6.21237826981695 49.2862700797349 101.998007348707 6.21240146875065 49.2945319557565 101.984967276381 6.21242866875466 49.3026552138214 101.971834374823 6.21246004616052 49.3106458208006 101.958598753178 6.2124958248767 49.3184960326061 101.945272998256 6.21253605823438 49.3262109838955 101.931848123119 6.21258023680368 49.3337810235296 101.918340638533 6.21262755618025 49.3412118214795 101.90474006085 6.21267730520687 49.3484888602135 101.89107288371 6.21272864103116 49.3556229030594 101.877318734097 6.21278089751541 49.3625950357798 101.863514225716 6.212833198017 49.3694206638625 101.849628928026 6.21288492443378 49.3760770827829 101.835709415725 6.2129351780302 49.382583745264 101.821715326955 6.21298338423955 49.3889147854559 101.807702933269 6.21302863987329 49.3950930827042 101.793622173711 6.21307040295623 49.4010902496847 101.779538655613 6.2131077886673 49.406931957705 101.765392949531 6.21314027090196 49.4125879374745 101.751259550408 6.21316701032965 49.4180860148505 101.737070079926 6.21318747502238 49.4233946672518 101.722907396478 6.21320090161164 49.4285432455441 101.708694670739 6.21320672658032 49.4334995822115 101.694522536326 6.2132042953518 49.4382939411379 101.680306277391 6.21319298394165 49.4428940896121 101.66614366276 6.21317228076421 49.4473306186318 101.651942709077 6.21314147035558 49.4515717744262 101.637807640825 6.21310021873352 49.4556479225487 101.623639868546 6.21304768677218 49.4595282910718 101.609549365148 6.21298375222316 49.4632425068154 101.595431627051 6.21290741986514 49.4667612370863 101.581401651856 6.21281881201766 49.4701129005332 101.567349733205 6.21271674553086 49.4732700125881 101.553395163452 6.21260161811085 49.4762593667999 101.539423748967 6.21247203092978 49.4793629975049 101.523986853302 6.21231218471424 49.4822637274901 101.508530253965 6.21213611406984 49.4849923955346 101.492884512954 6.21194334334248 49.4875190820321 101.477216085116 6.21173742163807 49.4898730183873 101.461336550553 6.21151742026597 49.4920256714805 101.44543114141 6.21128750253455 49.4940039574498 101.429291045646 6.21104631099533 49.4957814448257 101.413121650682 6.21079863165934 49.4973819710873 101.396692165515 6.21054272686446 49.4987819781106 101.38022968271 6.21028399430921 49.5000013969253 101.363479643168 6.21002039396758 49.5010203803139 101.346692591203 6.20975790061124 49.5018540503902 101.329588180604 6.20949428535659 49.5024871851678 101.312442377254 6.2092360366493 49.5029291091821 101.294946771057 6.20898089392059 49.5031702291703 101.277404969091 6.20873576051117 49.503212984938 101.259477937618 6.20849855508016 49.5030545181683 101.241499418044 6.20827645333227 49.5026891863014 101.223096893166 6.2080678303842 49.5021220887385 101.204637020712 6.20787993746387 49.5013381829008 101.185710641028 6.20771196515284 49.5003518773978 101.166720396198 6.20757097591762 49.4992762769524 101.149295900449 6.20746795309685 49.4980381375158 101.131814777527 6.2073918130133 49.4966406765982 101.114275492066 6.207344617184 50.01181491878 100.0098598798 6.2125 49.9205355766395 99.8736181028442 6.2125 49.824970417902 99.7506395953297 6.2125 49.7557008790799 99.6712089159197 6.2125 49.6811667990015 99.5933153206286 6.2125 49.6059653546636 99.5216463331634 6.2125 49.5053648080197 99.4351962442803 6.2125 49.3928926193478 99.3497406276724 6.2125 49.2824443146152 99.2760149228755 6.2125 49.1748481872296 99.2129849559086 6.2125 49.0707059777862 99.1595682134941 6.2125 48.9703423653315 99.1147348508131 6.2125 48.8739471007445 99.0775048041489 6.2125 48.7815271017822 99.0469858235845 6.2125 48.6929383152539 99.022306633468 6.2125 48.5801631046525 98.9970277418827 6.2125 48.4593450648324 98.9771891050997 6.2125 48.3440999171784 98.9649054893819 6.2125 48.2349962618715 98.9590750307934 6.2125 48.1322596313351 98.9586464484463 6.2125 48.0359488517996 98.9626702539085 6.2125 47.9174324187452 98.9735312790077 6.2125 47.7971083632642 98.9913515391947 6.2125 47.6896469430199 99.0132577549784 6.2125 47.5938817392363 99.0377809651517 6.2125 47.5085230054662 99.06385684924 6.2125 47.4085843912899 99.0998408609425 6.2125 47.311488877535 99.1410040128352 6.2125 47.2264810742379 99.1827123037903 6.2125 47.1497417207832 99.2256293562229 6.2125 47.080677974547 99.2693447186305 6.2125 47.0196909675753 99.3129279050534 6.2125 46.966898424052 99.3556301375038 6.2125 46.9223309084051 99.3968864812401 6.2125 46.8923510662643 99.4290015799974 6.2125 46.8735653189749 99.452409573794 6.2125 46.8618386442241 99.4695561189333 6.2125 46.855136938782 99.4812272504758 6.2125 46.8508951781989 99.4901472501556 6.2125 46.8487069458089 99.4957606472869 6.2125 46.8470495112737 99.5010045288144 6.2125 46.8453869343262 99.5100733407129 6.2125 46.8456660435536 99.5167102403478 6.2125 46.8473012017461 99.5218059105757 6.2125 46.8501637234776 99.5262398874834 6.2125 46.8542534036753 99.5300873715303 6.2125 46.8593872678835 99.533047377793 6.2125 46.8653651887347 99.5349540879217 6.2125 46.8729164606758 99.5360196513865 6.2125 46.8819604398049 99.5362567308264 6.2125 46.8921935603399 99.5357657466368 6.2125 46.9087994259276 99.533715813879 6.2125 46.9450927341879 99.5261573662917 6.2125 47.0347330885741 99.5007471483418 6.2125 47.2533402229843 99.4367150193653 6.2125 47.4332441786613 99.3945960189401 6.2125 47.614147385695 99.3649868601976 6.2125 47.78548432133 99.3494502870625 6.2125 47.9507693162964 99.3464054424342 6.2125 48.1089494512562 99.3549319496907 6.2125 48.2695717862967 99.375703208132 6.2125 48.4130234371686 99.4053848620294 6.2125 48.5560210996026 99.4464567641105 6.2125 48.6787366646432 99.4919648533648 6.2125 48.7979851387363 99.546273207134 6.2125 48.9224026408892 99.6144703294126 6.21249999999984 49.0379505671855 99.6894044866594 6.21249999999952 49.1438749004524 99.7691939743265 6.21250000000006 49.2501735732159 99.8614826610488 6.21250000000023 49.354972334127 99.9667402137814 6.21249999999811 49.4571829239531 100.086601523874 6.21250000000248 49.5256997946366 100.179064387723 6.21250000001115 49.5914000222 100.2798510677 6.212500000016 49.6642901783444 100.41091083847 6.21250000000913 49.7026187129943 100.491459111086 6.21250000000238 49.7355178002476 100.569912851427 6.21249999999852 49.7681907940492 100.660452712807 6.2124999999984 49.7907885036966 100.73452275808 6.21249999999975 49.8148984187575 100.831075562857 6.21250000000042 49.8345986976033 100.93637327938 6.21249999999982 49.8474613772796 101.038177243116 6.21249999999953 49.8543777185841 101.136265527053 6.21249999999977 49.8561424372909 101.230301563089 6.21249999999996 49.8534832884028 101.320077402641 6.2125 49.8442279211008 101.4329411803 6.2125 49.8276191670911 101.550541459168 6.2125 49.8060003662507 101.658747060958 6.2125 49.7805703941097 101.758545072344 6.2125 49.7523204060409 101.850497244157 6.2125 49.7117253400516 101.961630507448 6.2125 49.6638481210693 102.07230193194 6.2125 49.6151703991863 102.169537961095 6.2125 49.5666181891284 102.25537530886 6.2125 49.503176238889 102.354866058161 6.2125 49.4352226135112 102.44915094159 6.2125 49.3721927978328 102.527892928461 6.2125 49.0881066522383 102.832889878199 6.2125 49.0671331004876 102.85881912739 6.2125 49.0595570822172 102.869696754259 6.2125 49.0529455651852 102.880688371671 6.2125 49.0488228983872 102.888999824548 6.2125 49.0455984294524 102.898442253492 6.2125 49.0446348161846 102.905882257609 6.2125 49.0452408538864 102.912336973192 6.2125 49.0471749302915 102.917832512124 6.2125 49.0502461141547 102.922256202029 6.2125 49.0543475197333 102.925736486062 6.2125 49.0600555366475 102.928825435019 6.2125 49.0675766848565 102.931400071084 6.2125 49.0769551605214 102.933245374571 6.2125 49.0859788180444 102.934047560345 6.2125 49.0991134226119 102.934111092142 6.2125 49.117262283197 102.932797790414 6.2125 49.1413656991747 102.929228344614 6.2125 49.1801041726817 102.920450307347 6.2125 49.2318196110156 102.904495222996 6.2125 49.2835991066937 102.884701982175 6.2125 49.337992995031 102.860358600585 6.2125 49.3968425149222 102.830217416047 6.2125 49.4615958093514 102.792597804293 6.2125 49.5331394748358 102.745517925541 6.2125 49.6118402329704 102.686641089627 6.2125 49.6973292014655 102.613361093821 6.2125 49.7886139881997 102.522731706205 6.2125 49.8738862377464 102.424499117649 6.2125 49.9512910943653 102.321524173053 6.2125 50.028383523022 102.202388546804 6.2125 50.1037030494897 102.06444342737 6.2125 50.1679424494982 101.922200984592 6.2125 50.2206623242146 101.778462308896 6.2125 50.266253449771 101.618413704196 6.2125 50.2991237424365 101.457550905107 6.2125 50.319509098825 101.297513410461 6.2125 50.3278139810221 101.140527104202 6.2125 50.3247718387448 100.988698463676 6.2125 50.309385941627 100.827509769614 6.2125 50.2827635372033 100.675020038621 6.2125 50.2614643403634 100.586025184998 6.2125 50.2350286687083 100.494655498033 6.2125 50.1960689148362 100.38232563045 6.2125 50.1572389258945 100.286979127443 6.2125 50.1116719861373 100.189212261424 6.2125 50.0646636498058 100.099879260103 6.2125 -3.099999999999 9.0381591100197e-12 -3.09044373457239 -0.243223196747542 -3.06183385584526 -0.48494684161625 -3.01434675323372 -0.723680627945196 -2.94827520051643 -0.957952682554621 -2.86402655078693 -1.18631864032449 -2.7621202249863 -1.40737054918576 -2.64318450950041 -1.61974555061308 -2.50795268256537 -1.82213428210079 -2.35725849336338 -2.01328894981819 -2.19203102168177 -2.19203102167341 -2.01328894982718 -2.3572584933557 -1.82213428211036 -2.50795268255842 -1.61974555062316 -2.64318450949423 -1.4073705491963 -2.76212022498093 -1.18631864033542 -2.8640265507824 -0.957952682565872 -2.94827520051278 -0.723680627956699 -3.01434675323096 -0.484946841627934 -3.06183385584341 -0.243223196759335 -3.09044373457146 -2.79148926196626e-12 -3.099999999999 0.24322319675377 -3.0904437345719 0.484946841622419 -3.06183385584428 0.723680627951271 -3.01434675323226 0.957952682560563 -2.9482752005145 1.18631864033026 -2.86402655078454 1.40737054919132 -2.76212022498347 1.6197455506184 -2.64318450949715 1.82213428210584 -2.5079526825617 2.01328894982294 -2.35725849335932 2.19203102167783 -2.19203102167736 2.35725849335976 -2.01328894982243 2.50795268256209 -1.82213428210531 2.6431845094975 -1.61974555061784 2.76212022498377 -1.40737054919073 2.86402655078479 -1.18631864032965 2.94827520051471 -0.957952682559929 3.01434675323241 -0.723680627950623 3.06183385584438 -0.484946841621762 3.09044373457195 -0.243223196753105 3.099999999999 3.45373729615517e-12 3.09044373457239 0.243223196747543 3.06183385584526 0.48494684161625 3.01434675323372 0.723680627945198 2.94827520051643 0.957952682554623 2.86402655078693 1.18631864032449 2.7621202249863 1.40737054918576 2.64318450950041 1.61974555061308 2.50795268256537 1.82213428210079 2.35725849336338 2.01328894981819 2.19203102168177 2.19203102167341 2.01328894982718 2.3572584933557 1.82213428211036 2.50795268255842 1.61974555062316 2.64318450949424 1.4073705491963 2.76212022498094 1.18631864033541 2.8640265507824 0.957952682565868 2.94827520051278 0.723680627956695 3.01434675323096 0.484946841627929 3.06183385584341 0.24322319675933 3.09044373457146 2.78671530296037e-12 3.099999999999 -0.243223196753774 3.0904437345719 -0.484946841622425 3.06183385584428 -0.723680627951276 3.01434675323226 -0.957952682560567 2.9482752005145 -1.18631864033027 2.86402655078454 -1.40737054919133 2.76212022498346 -1.61974555061841 2.64318450949715 -1.82213428210585 2.5079526825617 -2.01328894982294 2.35725849335932 -2.19203102167783 2.19203102167735 -2.35725849335976 2.01328894982243 -2.5079526825621 1.8221342821053 -2.6431845094975 1.61974555061783 -2.76212022498377 1.40737054919073 -2.86402655078479 1.18631864032964 -2.94827520051471 0.957952682559924 -3.01434675323242 0.723680627950618 -3.06183385584438 0.484946841621756 -3.09044373457195 0.2432231967531 -1.40317157287847 4.66125471554335e-11 -1.40290681595242 0.0187680340630272 -1.40247647742809 0.0374496574426662 -1.40187651394533 0.056046189864615 -1.40110288214404 0.0745589510079596 -1.40020032086969 0.0921243261099289 -1.39913287084172 0.109615964624725 -1.39792553813631 0.126659416417535 -1.3965537377233 0.143634446427528 -1.39504725225622 0.160198336131959 -1.39337670581447 0.176698595656048 -1.39157584189805 0.192821655444871 -1.38961127642178 0.208885417915656 -1.3875199796228 0.224603050439667 -1.38526526895425 0.240265316071134 -1.38288668025105 0.255609910688492 -1.38034487533896 0.270902715320684 -1.37768135812455 0.285903956208708 -1.37485471837044 0.300856672918805 -1.37190788518404 0.315541826549309 -1.36879790827644 0.330181447496459 -1.36556864567668 0.344575624096996 -1.36217609468903 0.358927017152298 -1.35866458557456 0.373053404804158 -1.35498951288662 0.38713954352437 -1.35119525607661 0.401019615723376 -1.3472370241104 0.414861783399273 -1.34315885127267 0.428515481992398 -1.33891615505643 0.442133448395919 -1.33404968559423 0.45709723970261 -1.3289845377362 0.472015146829223 -1.32367144548147 0.487028228159447 -1.31816120379874 0.50198901916979 -1.31240220623713 0.517034028385552 -1.30644790002146 0.53202009327327 -1.3002449586227 0.547078220765195 -1.29384888331308 0.562070513850996 -1.28720532921741 0.577121522951579 -1.28037117012117 0.592099587532545 -1.27329182241541 0.607121857397007 -1.26602477045262 0.622063873123429 -1.25851604353144 0.637034466479473 -1.25082289947322 0.651917321778266 -1.24289289568602 0.666812079565129 -1.2347821590806 0.681611471024157 -1.22644074268787 0.696405135373216 -1.21792268151542 0.71109569540931 -1.2091815299637 0.725762061654581 -1.20026822707327 0.740317515003153 -1.1911408557837 0.754829612456837 -1.18184622838213 0.769222961051449 -1.17234798566499 0.783553261162614 -1.16268777457699 0.797756995846313 -1.152835803952 0.811877645126344 -1.1428275300686 0.825863981401812 -1.13264064030017 0.839747117815017 -1.12230216497603 0.853489724055647 -1.11180748500672 0.867098128238235 -1.10116311203076 0.880564035902617 -1.09036931881293 0.893887456813724 -1.0794278254858 0.907066592149642 -1.06833917704859 0.920101092998328 -1.05710482967034 0.93298952627765 -1.04687002288124 0.944463667299819 -1.03651874581672 0.955818127920236 -1.02605183056871 0.967052158690528 -1.01546991503761 0.978165220863794 -1.0047740660685 0.989156330799052 -0.99396469163675 1.00002518930616 -0.983043103083777 1.01077058919721 -0.97200946849512 1.02139246038933 -0.960865352528838 1.03188938364844 -0.949610674324011 1.04226150667766 -0.938247259693563 1.05250721048711 -0.92677477074182 1.06262684843722 -0.915195301239895 1.07261861479145 -0.903508249191423 1.08248305570151 -0.891715982047964 1.09221819233608 -0.879817627716273 1.10182475010998 -0.867815831930541 1.1113005913116 -0.855709447614531 1.12064660650808 -0.84350140223562 1.12986051380067 -0.831190269991461 1.13894335429874 -0.817394091593681 1.14887888218964 -0.803473537046352 1.15865054896213 -0.789421169614463 1.1682633963496 -0.775248452538726 1.17770936898705 -0.760950922368625 1.18699127406383 -0.746537133877228 1.19610335524475 -0.733465013006867 1.20415911916014 -0.720301928476749 1.21207512955503 -0.707050971142589 1.21984946342938 -0.693712135538043 1.2274820370731 -0.680291807434355 1.2349691573216 -0.666786725521227 1.24231258199234 -0.653206622075275 1.24950700414369 -0.639544922772088 1.25655586953418 -0.625814737636238 1.26345242220716 -0.61200614238126 1.27020163348619 -0.598135635496563 1.27679546993177 -0.584189926237177 1.28324025885366 -0.570188891797443 1.28952686597494 -0.556115878930759 1.29566279945465 -0.541994113570991 1.3016380042525 -0.527803604158696 1.30746099035914 -0.513570875680918 1.31312096378655 -0.499272642249761 1.31862725514368 -0.484938659183211 1.32396851338648 -0.470542409405755 1.32915470800194 -0.456116791677677 1.33417411123683 -0.441632139206615 1.33903715081775 -0.425509035487511 1.34424392999671 -0.409317871697764 1.34925675635219 -0.393034623237376 1.35408283725833 -0.376688555905592 1.35871323508464 -0.360257825498708 1.36315388708442 -0.343769578118599 1.36739717259567 -0.327207743672823 1.37144702375742 -0.310593771185325 1.37529795827203 -0.29391755876652 1.37895216159928 -0.277194651321608 1.38240603723403 -0.260421062999838 1.38566029998953 -0.243606273180805 1.38871296804668 -0.228439538552548 1.39128762797269 -0.213243685944312 1.39369813457113 -0.198025116602452 1.39594346198709 -0.182781476487463 1.39802392467269 -0.167523734604153 1.39993804574931 -0.152244975294875 1.40168669071789 -0.13696070734025 1.40326813491188 -0.121659472936324 1.404683592138 -0.106361263351491 1.40593129290026 -0.0910501275163801 1.40701259625669 -0.0757504533563552 1.407925888477 -0.0604418741443812 1.40867247259659 -0.0451530611865757 1.40925108685564 -0.0298593374120565 1.40966278081359 -0.0145935181931835 1.40990683455866 0.000673253555120434 1.4099838612679 0.0176123473133707 1.40987377983554 0.0345477226757685 1.40955845108059 0.0515154639893321 1.40903696833374 0.0684743884090642 1.40831033340827 0.0854556189921336 1.40737700912236 0.102422884985161 1.40623875543206 0.119402152684589 1.4048936595739 0.136362269464985 1.4033439880306 0.153323885442085 1.40158771755555 0.170261136669479 1.3996273585504 0.187189236094396 1.39746104956644 0.204087741022637 1.39509127426657 0.220966346575004 1.39251660929601 0.237810123885234 1.38973923600654 0.254623211282598 1.38675844615314 0.271396244813941 1.3835758415647 0.28645664682614 1.38053916140562 0.301480599493701 1.37733980123385 0.316462926176966 1.37397890103042 0.331405030904787 1.37045616205431 0.346297775936431 1.3667738021259 0.361146554600028 1.36293052986252 0.375938348713978 1.35892980421763 0.390682467104857 1.354769175694 0.405362115432717 1.35045349889177 0.419990420358418 1.34597900906402 0.436160977589166 1.34082826911339 0.452263681001497 1.33548323541224 0.468311390072371 1.32993978764083 0.484287096506142 1.32420394826577 0.500216930104891 1.31826617966515 0.51607048206734 1.31213763158885 0.531869931440202 1.30580959323737 0.547588821976017 1.29929249429504 0.563245319100471 1.29257868710948 0.5788169899991 1.28567764472017 0.594317951445427 1.27858301697391 0.609729837230475 1.27130308498364 0.625062708955214 1.26383302592144 0.640302281727297 1.25617969754159 0.655454584291651 1.24834002708972 0.670509398914916 1.24031922393819 0.68546877260134 1.23211617856953 0.70032651170541 1.22373423588294 0.713610060189453 1.21603839403883 0.726808132339448 1.20819943856646 0.739916464270376 1.20021992860168 0.752936373308472 1.19209906722196 0.765860911113685 1.18384123370601 0.778694121568352 1.17544386801137 0.791426473303078 1.16691327148231 0.804064639375971 1.15824501599708 0.816596620763938 1.14944741528884 0.82903163436552 1.14051407079208 0.841359935678368 1.13145210908632 0.853589321419523 1.12225598966046 0.865717525938546 1.11292740939556 0.877744964776188 1.10346602605407 0.889668619642057 1.09387419608256 0.901489673206911 1.08415093406923 0.913204388452982 1.07429928441605 0.924814682003154 1.06431758939331 0.93631613485746 1.05420960661619 0.947711361522017 1.0439729799745 0.958995300341174 1.03361220225544 0.970171224991999 1.02312419615846 0.981233472802419 1.01251420816144 0.992185935530183 1.00177842036243 1.00302239315566 0.990922847894349 1.01374731232948 0.979942916360953 1.02435396108805 0.968845420873882 1.03484733598228 0.95762501825973 1.04522023993926 0.946289291233596 1.05547815291476 0.934832119235737 1.06561346068299 0.923261876480804 1.07563207891448 0.911571660122537 1.08552602499668 0.899770636041003 1.09530160174167 0.887851117919413 1.10495050741416 0.875823059764991 1.11447938282317 0.86367799430201 1.12387965656384 0.851426656475414 1.13315825803527 0.839059804210247 1.14230621902598 0.826589183562132 1.15132955020569 0.814006368286901 1.16021699212851 0.801326817191633 1.16897523828617 0.788540668602743 1.17758718552021 0.775672825405995 1.18606558746884 0.762704097661954 1.19438795080814 0.749669015967773 1.20257265727991 0.736538849532271 1.21059244271639 0.723357659255484 1.21847071237583 0.710087239356144 1.22617608354173 0.696780981358142 1.23373634420423 0.683391373247836 1.24111666595619 0.66998084213816 1.24834855488291 0.656492835031501 1.25539441814448 0.642998432903111 1.26228880361467 0.6294323952945 1.2689920321274 0.615873998624701 1.27554101701568 0.602249747147973 1.28189465710691 0.588646588522902 1.28809156564041 0.574983271932482 1.2940898604821 0.561353837675393 1.29992920970665 0.547669836949284 1.30556755980716 0.534031781181862 1.31104501754618 0.520344626197565 1.3163199293861 0.506714701363331 1.32143226063208 0.493041004102564 1.32634128543178 0.479435007549106 1.33108628917415 0.465790411362141 1.33562795377633 0.45222314722452 1.34000439807883 0.438622287083388 1.34464161884077 0.42357481370993 1.34907894078469 0.408487372857519 1.35336405192992 0.393194477004714 1.35745047818112 0.377858737829117 1.36138621333774 0.362295620433255 1.3651242782854 0.346686558136697 1.36871240981929 0.330826494494169 1.37210369706359 0.314917127262593 1.37534501952552 0.298731223028685 1.37839014682089 0.282492363477531 1.3812844571171 0.265949275047196 1.3839830585631 0.249349245196097 1.3865291327065 0.232414860819659 1.38887983824466 0.215419166787191 1.39107540493359 0.198056245952202 1.39307581768174 0.180627209721897 1.3949175296902 0.162794980967174 1.39656420250252 0.144891329204064 1.39804760819049 0.126545051739182 1.39933602232789 0.108121466863675 1.40045554189473 0.0892119710416073 1.40138009325157 0.0702186195188284 1.40205866059867 0.0527741500589434 1.40258119274816 0.035257026779223 1.40295104505608 0.0176660449779452 1.40317157287847 -4.66119920439212e-11 1.40290681595243 -0.0187680340630249 1.40247647742809 -0.0374496574426625 1.40187651394534 -0.05604618986461 1.40110288214404 -0.0745589510079537 1.4002003208697 -0.0921243261099226 1.39913287084173 -0.109615964624718 1.39792553813632 -0.126659416417528 1.39655373772331 -0.143634446427521 1.39504725225623 -0.160198336131952 1.39337670581448 -0.176698595656041 1.39157584189806 -0.192821655444865 1.38961127642178 -0.20888541791565 1.38751997962281 -0.224603050439661 1.38526526895426 -0.240265316071129 1.38288668025106 -0.255609910688488 1.38034487533896 -0.270902715320681 1.37768135812455 -0.285903956208706 1.37485471837045 -0.300856672918804 1.37190788518404 -0.315541826549309 1.36879790827645 -0.33018144749646 1.36556864567669 -0.344575624096998 1.36217609468904 -0.3589270171523 1.35866458557457 -0.373053404804161 1.35498951288662 -0.387139543524374 1.35119525607662 -0.40101961572338 1.34723702411041 -0.414861783399278 1.34315885127267 -0.428515481992404 1.33891615505644 -0.442133448395926 1.33404968559424 -0.457097239702617 1.32898453773621 -0.472015146829231 1.32367144548147 -0.487028228159455 1.31816120379875 -0.501989019169798 1.31240220623713 -0.517034028385561 1.30644790002147 -0.53202009327328 1.3002449586227 -0.547078220765205 1.29384888331308 -0.562070513851006 1.28720532921742 -0.577121522951589 1.28037117012118 -0.592099587532555 1.27329182241541 -0.607121857397019 1.26602477045263 -0.62206387312344 1.25851604353145 -0.637034466479485 1.25082289947322 -0.651917321778278 1.24289289568603 -0.66681207956514 1.23478215908061 -0.681611471024169 1.22644074268788 -0.696405135373227 1.21792268151543 -0.711095695409321 1.20918152996371 -0.725762061654592 1.20026822707328 -0.740317515003164 1.19114085578371 -0.754829612456848 1.18184622838214 -0.76922296105146 1.172347985665 -0.783553261162624 1.16268777457699 -0.797756995846323 1.15283580395201 -0.811877645126354 1.14282753006861 -0.825863981401821 1.13264064030018 -0.839747117815027 1.12230216497604 -0.853489724055657 1.11180748500665 -0.867098128238353 1.10116311203062 -0.880564035902847 1.09036931881259 -0.893887456814211 1.07942782548526 -0.907066592150393 1.06833917704774 -0.920101092999496 1.05710482966916 -0.932989526279244 1.04687002287964 -0.944463667301938 1.03651874581471 -0.955818127922889 1.02605183056615 -0.967052158693844 1.01546991503451 -0.978165220867788 1.00477406606473 -0.989156330803855 0.993964691632288 -1.00002518931179 0.983043103078498 -1.01077058920379 0.972009468489011 -1.02139246039688 0.960865352521759 -1.0318893836571 0.949610674315948 -1.04226150668744 0.938247259684368 -1.05250721049816 0.926774770731479 -1.06262684844955 0.915195301228252 -1.07261861480519 0.90350824917846 -1.08248305571668 0.89171598203352 -1.09221819235282 0.879817627700328 -1.10182475012832 0.867815831912929 -1.11130059133166 0.85570944759523 -1.12064660652988 0.843501402214457 -1.12986051382435 0.831190269968414 -1.13894335432432 0.817394091568341 -1.14887888221747 0.803473537018691 -1.15865054899224 0.789421169584821 -1.16826339638174 0.775248452507083 -1.17770936902122 0.760950922335412 -1.18699127409975 0.746537133842431 -1.19610335528241 0.733465012971061 -1.20415911919911 0.720301928439929 -1.2120751295953 0.70705097110515 -1.21984946347072 0.693712135499984 -1.22748203711549 0.680291807396091 -1.23496915736481 0.666786725482759 -1.24231258203636 0.653206622037034 -1.24950700418828 0.639544922734082 -1.25655586957933 0.625814737598908 -1.26345242225265 0.612006142344619 -1.270201633532 0.598135635461065 -1.27679546997767 0.584189926202834 -1.28324025889965 0.570188891764718 -1.2895268660208 0.556115878899668 -1.29566279950036 0.541994113542002 -1.30163800429786 0.527803604131827 -1.30746099040413 0.51357087565664 -1.31312096383097 0.499272642228094 -1.31862725518753 0.484938659164625 -1.32396851342956 0.470542409390272 -1.32915470804425 0.456116791665765 -1.33417411127819 0.441632139198296 -1.33903715085815 0.425509035483699 -1.34424393003588 0.409317871698487 -1.34925675639011 0.393034623242538 -1.35408283729502 0.376688555915216 -1.35871323512011 0.360257825512678 -1.3631538871187 0.343769578136933 -1.36739717262876 0.327207743695387 -1.37144702378936 0.31059377121213 -1.37529795830281 0.293917558797416 -1.37895216162894 0.277194651356601 -1.38240603726257 0.260421063038759 -1.38566030001699 0.243606273223659 -1.38871296807305 0.228439538598776 -1.39128762799812 0.213243685993912 -1.39369813459562 0.198025116655266 -1.39594346201067 0.182781476543486 -1.39802392469535 0.167523734663217 -1.39993804577109 0.152244975356976 -1.40168669073877 0.13696070740521 -1.4032681349319 0.121659473004135 -1.40468359215716 0.106361263421969 -1.40593129291857 0.0910501275895146 -1.40701259627416 0.075750453431958 -1.40792588849364 0.0604418742224398 -1.40867247261241 0.0451530612668965 -1.40925108687065 0.0298593374946261 -1.4096627808278 0.0145935182778044 -1.40990683457206 -0.000673253468462531 -1.4099838612805 -0.0176123472245479 -1.40987377984726 -0.0345477225847998 -1.40955845109143 -0.0515154638969712 -1.4090369683437 -0.0684743883153302 -1.40831033341734 -0.0854556188977903 -1.40737700913052 -0.102422884890225 -1.40623875543932 -0.119402152589829 -1.40489365958021 -0.136362269370414 -1.40334398803597 -0.153323885348471 -1.40158771755991 -0.170261136576831 -1.39962735855376 -0.187189236003476 -1.39746104956871 -0.204087740933447 -1.39509127426776 -0.220966346488291 -1.39251660929603 -0.237810123800996 -1.38973923600539 -0.254623211201563 -1.38675844615071 -0.271396244736099 -1.383575841561 -0.286456646751805 -1.38053916140066 -0.301480599422858 -1.37733980122763 -0.31646292611016 -1.37397890102285 -0.331405030841997 -1.37045616204538 -0.346297775878176 -1.3667738021155 -0.36114655454628 -1.36293052985066 -0.375938348665227 -1.35892980420419 -0.390682467061066 -1.35476917567899 -0.405362115394344 -1.35045349887508 -0.419990420325419 -1.34597900904565 -0.436160977562605 -1.34082826909302 -0.452263680981306 -1.33548323538989 -0.468311390058089 -1.32993978761666 -0.484287096497703 -1.32420394823978 -0.50021693010153 -1.31826617963762 -0.516070482068996 -1.31213763155979 -0.531869931446117 -1.30580959320707 -0.547588821986135 -1.29929249426352 -0.563245319114048 -1.29257868707704 -0.578816990016085 -1.28567764468682 -0.594317951465093 -1.27858301693997 -0.60972983725278 -1.27130308494911 -0.625062708979452 -1.26383302588665 -0.640302281753435 -1.25617969750656 -0.655454584319009 -1.24834002705478 -0.670509398943469 -1.24031922390334 -0.685468772630439 -1.23211617853512 -0.700326511735039 -1.22373423584897 -0.713610060219008 -1.21603839400555 -0.726808132368922 -1.20819943853387 -0.739916464299303 -1.20021992857006 -0.752936373336855 -1.19209906719131 -0.765860911141086 -1.18384123367659 -0.77869412159478 -1.17544386798315 -0.79142647332813 -1.16691327145558 -0.804064639399663 -1.1582450159718 -0.816596620785899 -1.14944741526527 -0.829031634385775 -1.14051407077019 -0.841359935696759 -1.13145210906624 -0.85358932143608 -1.12225598964215 -0.865717525953441 -1.1129274093789 -0.87774496478945 -1.10346602603904 -0.889668619653852 -1.09387419606903 -0.901489673217265 -1.08415093405718 -0.913204388462052 -1.07429928440535 -0.924814682010964 -1.06431758938395 -0.93631613486416 -1.05420960660803 -0.947711361527631 -1.04397297996753 -0.95899530034584 -1.03361220224953 -0.970171224995739 -1.0231241961536 -0.981233472805365 -1.01251420815751 -0.992185935532352 -1.0017784203594 -1.00302239315718 -0.990922847892114 -1.01374731233036 -0.979942916359494 -1.02435396108841 -0.968845420873081 -1.03484733598213 -0.957625018259578 -1.04522023993871 -0.946289291233978 -1.05547815291381 -0.934832119236645 -1.06561346068175 -0.923261876482129 -1.07563207891295 -0.911571660124272 -1.08552602499495 -0.899770636043047 -1.09530160173976 -0.887851117921759 -1.10495050741213 -0.875823059767542 -1.11447938282103 -0.863677994304764 -1.12387965656166 -0.851426656478283 -1.13315825803306 -0.839059804213228 -1.14230621902379 -0.826589183565142 -1.15132955020354 -0.814006368289942 -1.16021699212639 -0.801326817194698 -1.16897523828408 -0.788540668605831 -1.17758718551815 -0.775672825409104 -1.18606558746682 -0.762704097665085 -1.19438795080615 -0.749669015970922 -1.20257265727796 -0.736538849535438 -1.21059244271448 -0.723357659258667 -1.21847071237395 -0.710087239359343 -1.22617608353989 -0.696780981361354 -1.23373634420243 -0.683391373251061 -1.24111666595443 -0.669980842141396 -1.24834855488119 -0.656492835034747 -1.2553944181428 -0.642998432906367 -1.26228880361303 -0.629432395297764 -1.26899203212581 -0.615873998627972 -1.27554101701412 -0.602249747151248 -1.2818946571054 -0.588646588526182 -1.28809156563894 -0.574983271935766 -1.29408986048068 -0.561353837678679 -1.29992920970526 -0.547669836952571 -1.30556755980582 -0.53403178118515 -1.31104501754489 -0.520344626200852 -1.31631992938485 -0.506714701366617 -1.32143226063087 -0.493041004105848 -1.32634128543061 -0.479435007552386 -1.33108628917303 -0.465790411365417 -1.33562795377526 -0.452223147227791 -1.3400043980778 -0.438622287086653 -1.34464161883977 -0.423574813713221 -1.34907894078374 -0.408487372860837 -1.353364051929 -0.39319447700806 -1.35745047818024 -0.377858737832492 -1.3613862133369 -0.362295620436661 -1.36512427828459 -0.346686558140135 -1.36871240981853 -0.330826494497641 -1.37210369706286 -0.3149171272661 -1.37534501952483 -0.298731223032229 -1.37839014682024 -0.282492363481113 -1.38128445711648 -0.265949275050819 -1.38398305856252 -0.249349245199761 -1.38652913270596 -0.232414860823368 -1.38887983824416 -0.215419166790945 -1.39107540493312 -0.198056245956004 -1.39307581768131 -0.180627209725748 -1.39491752968982 -0.162794980971078 -1.39656420250217 -0.144891329208022 -1.39804760819018 -0.126545051743199 -1.39933602232762 -0.108121466867751 -1.4004555418945 -0.0892119710457465 -1.40138009325138 -0.0702186195230311 -1.40205866059855 -0.0527741500621083 -1.4025811927481 -0.0352570267813412 -1.40295104505606 -0.0176660449790077 -2.02636431540816 1.02947016333996 -1.94921917364242 1.17418494210015 -1.86647874093065 1.30613354447886 -1.80553066726193 1.39211513644036 -1.73919036938872 1.47709575869384 -1.6715613697784 1.55595017776165 -1.58014494917872 1.65206014549487 -1.47681701915147 1.74837211002036 -1.37432553076883 1.83281026712496 -1.27359838605096 1.9063204411229 -1.17534292941977 1.96991928859779 -1.0799855567521 2.02459886972423 -0.987813420921879 2.07131525642003 -0.898922951718933 2.11095549945351 -0.813258265226629 2.1444009327971 -0.703589455943819 2.18087040984919 -0.585372436254228 2.21273428455233 -0.471941943446051 2.23652198251122 -0.363974290897912 2.25327273926822 -0.261799379786801 2.26400989327825 -0.165571030801224 2.26967223525456 -0.04656295315444 2.27076045625715 0.0749420551680675 2.26510599314699 0.184059440333618 2.25409529900283 0.281802305796324 2.23930698117934 0.36934707010111 2.22192942655709 0.47239249062165 2.19615701860938 0.573128948148321 2.16494628343643 0.66189343542665 2.13198002865948 0.742552531732643 2.09698128666437 0.815654893228156 2.06041793481604 0.880708028779628 2.02317550319463 0.937519660585038 1.98598717438694 0.986002681202469 1.94941196336593 1.01905425684368 1.92046781282362 1.04009440299941 1.89906335710655 1.05348271283064 1.88318028212758 1.06132190673859 1.87224066576373 1.06643746986148 1.86379140892842 1.06917801939975 1.85842596611588 1.0713533661263 1.85337490193772 1.07391770256355 1.84451873516004 1.07430608741588 1.83788733290033 1.0731905907603 1.83265328431458 1.07078751929234 1.82795440898095 1.0671046242315 1.82371590670042 1.06229374911198 1.82025560622688 1.05653736920847 1.81775857366309 1.04913116370677 1.8159405380492 1.04015664017947 1.81479699416914 1.02992591001274 1.8142584947593 1.01319815271588 1.8146314988408 0.976329513363388 1.81850935736077 0.884591552717877 1.83479489964066 0.660661824069687 1.87656413932548 0.477439086040075 1.90041517146216 0.294477640109828 1.91171923708737 0.122446503119737 1.90998184724837 -0.0423095683327949 1.89642317624498 -0.198835340769473 1.872064625693 -0.356562089240679 1.83527804515319 -0.496310591678837 1.79134932126714 -0.634464262833962 1.73613342003843 -0.751993019277045 1.67853925801005 -0.865188987729509 1.6125372232781 -0.982133997749874 1.53219777493306 -1.08957807892391 1.44604546437598 -1.18695987050025 1.35602816942877 -1.28345968133497 1.25353721354936 -1.37716558680403 1.13829340253993 -1.46683074309754 1.00877931806842 -1.5257220276675 0.909906878222417 -1.58097550479598 0.803035329024473 -1.64034437619217 0.665321947371747 -1.67039550098936 0.581333670284146 -1.69525480014254 0.499974254349447 -1.71867617398973 0.406612429871963 -1.73372605748009 0.330648431194756 -1.74802412257026 0.23216341990251 -1.757057168466 0.125420203849139 -1.75963777351576 0.0228393282518025 -1.75667497141772 -0.0754478480556714 -1.74899324376985 -0.169186214618289 -1.73733754111208 -0.258241910874333 -1.71680179857452 -0.369606974560573 -1.68847443652642 -0.484946633216504 -1.65610518062551 -0.590436234983391 -1.62078778854691 -0.687178203004204 -1.58345203363268 -0.775830925082824 -1.5319084991714 -0.882328932800142 -1.47316592908278 -0.987636590431346 -1.41497528544042 -1.07949634748572 -1.35805350127629 -1.16002757037728 -1.28494688669766 -1.25264891322831 -1.20787384108012 -1.33963787853147 -1.13725964366479 -1.41165657946471 -0.82399806638665 -1.68660250445691 -0.800528126432761 -1.71029591609758 -0.791898670813969 -1.72035828733243 -0.784217406579681 -1.7306308717476 -0.779281410224089 -1.73848660662275 -0.775125571105165 -1.74755775128568 -0.77342013788576 -1.75486348255072 -0.773375315026289 -1.76134643140601 -0.774748089524696 -1.76700832948698 -0.777359802023326 -1.7717179112647 -0.781091215770199 -1.77559224425497 -0.786460403960257 -1.77923845885791 -0.793685186013092 -1.78255492467864 -0.802831114506258 -1.78533214320654 -0.811728704477418 -1.78703590076389 -0.82479061769063 -1.78841731186986 -0.842979650647998 -1.78893207593363 -0.867319603604606 -1.78779969120026 -0.906743461875957 -1.78295379944317 -0.959799060174905 -1.77226947598135 -1.01330359304362 -1.75777280334969 -1.06986597476919 -1.73901134580493 -1.1314433644594 -1.71492852878301 -1.19964526245485 -1.68399755017255 -1.27555268806381 -1.64433555587502 -1.35976502355236 -1.59365445792183 -1.45217680979944 -1.52932419068778 -1.55209635150635 -1.44831380015803 -1.64679677640548 -1.35913517311643 -1.73414547690517 -1.26444855545643 -1.82280522660032 -1.1536514942054 -1.91158876202231 -1.0239619769691 -1.98977939641042 -0.888884822220861 -2.05665882959552 -0.751162879532927 -2.11808238426444 -0.596497907649554 -2.16693104544224 -0.439746178562799 -2.20327497722958 -0.282562588229667 -2.22729320802128 -0.127202374498014 -2.23950407656705 0.0241650110351884 -2.24037289552911 0.186084021892183 -2.22918890381467 0.340475695259214 -2.21692884352274 0.431158828635773 -2.19979658223359 0.524720306045287 -2.17230705304828 0.640393065838619 -2.14324216872508 0.739155184974082 -2.10771725743717 0.841001573069477 -2.06991179720886 0.934601337954197 756 10 11 756 757 10 758 9 10 758 10 757 755 11 12 755 756 11 759 9 758 759 8 9 754 12 13 754 755 12 760 8 759 760 7 8 753 754 13 752 13 14 752 753 13 761 6 7 761 7 760 751 752 14 750 14 15 750 751 14 762 5 6 762 6 761 749 750 15 748 15 16 748 749 15 763 4 5 763 5 762 747 748 16 746 747 16 745 16 17 745 746 16 744 745 17 764 3 4 764 4 763 743 744 17 742 17 18 742 743 17 741 742 18 740 18 19 740 741 18 739 19 20 739 740 19 738 20 21 738 739 20 765 2 3 765 3 764 766 1 2 766 2 765 767 1 766 768 1 767 768 80 1 564 726 563 562 563 726 565 726 564 561 562 726 561 726 727 566 726 565 560 561 727 567 725 726 567 726 566 559 560 727 568 725 567 558 559 727 569 725 568 557 558 727 570 725 569 556 557 727 571 725 570 555 727 728 555 556 727 572 724 725 572 725 571 554 555 728 573 724 572 553 554 728 574 724 573 552 553 728 575 724 574 551 552 728 576 724 575 550 551 728 577 724 576 549 550 728 578 723 724 578 724 577 548 549 728 579 723 578 547 548 728 580 723 579 546 547 728 581 723 580 545 546 728 582 723 581 544 545 728 583 723 582 543 544 728 584 723 583 584 722 723 542 728 729 542 543 728 585 722 584 541 542 729 586 722 585 540 541 729 587 722 586 539 540 729 588 722 587 538 539 729 589 722 588 590 722 589 590 721 722 537 538 729 591 721 590 536 537 729 592 721 591 535 536 729 593 721 592 534 535 729 769 80 768 769 79 80 594 721 593 533 534 729 595 721 594 532 533 729 596 720 721 596 721 595 531 532 729 597 720 596 530 531 729 598 720 597 599 720 598 529 729 730 529 530 729 600 720 599 528 529 730 601 719 720 601 720 600 527 730 731 527 528 730 602 719 601 526 527 731 603 719 602 525 526 731 525 731 732 604 719 603 524 732 733 524 525 732 605 719 604 606 719 605 523 524 733 770 79 769 770 78 79 607 718 719 607 719 606 522 523 733 608 718 607 521 522 733 521 733 734 609 718 608 520 521 734 610 718 609 519 520 734 611 718 610 518 734 735 518 519 734 517 518 735 612 718 611 516 517 735 613 717 718 613 718 612 515 516 735 614 717 613 514 515 735 615 717 614 513 735 736 513 514 735 771 78 770 616 717 615 512 513 736 617 717 616 511 512 736 618 717 617 510 511 736 619 716 717 619 717 618 509 510 736 620 716 619 508 736 737 508 509 736 621 716 620 507 508 737 622 716 621 506 507 737 623 715 716 623 716 622 505 506 737 624 715 623 504 505 737 625 715 624 503 504 737 772 78 771 772 77 78 626 715 625 502 503 737 501 737 738 501 502 737 627 715 626 500 501 738 628 714 715 628 715 627 499 500 738 629 714 628 498 499 738 498 738 21 630 714 629 497 498 21 631 714 630 496 497 21 632 713 714 632 714 631 495 496 21 773 77 772 81 713 632 494 495 21 82 713 81 493 494 21 83 713 82 492 493 21 491 492 21 491 21 22 84 712 713 84 713 83 490 491 22 85 712 84 489 490 22 86 712 85 488 489 22 87 712 86 487 488 22 88 712 87 774 77 773 774 76 77 486 487 22 89 711 712 89 712 88 485 486 22 90 711 89 484 22 23 484 485 22 91 711 90 483 484 23 92 711 91 482 483 23 93 711 92 481 482 23 94 710 711 94 711 93 480 481 23 479 480 23 95 710 94 775 76 774 775 75 76 96 710 95 478 479 23 97 710 96 477 478 23 477 23 24 98 710 97 476 477 24 99 709 710 99 710 98 475 476 24 100 709 99 474 475 24 101 709 100 473 474 24 102 709 101 103 709 102 472 473 24 633 75 775 104 708 709 104 709 103 471 24 25 471 472 24 105 708 104 470 471 25 106 708 105 469 470 25 107 708 106 468 469 25 108 707 708 108 708 107 467 468 25 109 707 108 466 467 25 110 707 109 465 466 25 111 707 110 464 25 26 464 465 25 112 707 111 463 464 26 113 707 112 113 706 707 462 463 26 114 706 113 461 462 26 634 75 633 634 74 75 115 706 114 460 461 26 116 706 115 459 460 26 117 706 116 458 459 26 118 706 117 457 458 26 457 26 27 119 706 118 119 705 706 456 457 27 120 705 119 455 456 27 121 705 120 454 455 27 122 705 121 453 454 27 123 705 122 452 453 27 124 705 123 451 452 27 635 73 74 635 74 634 450 451 27 125 705 124 125 704 705 449 27 28 449 450 27 126 704 125 448 449 28 127 704 126 447 448 28 128 704 127 446 447 28 129 704 128 445 446 28 130 704 129 444 445 28 636 73 635 131 704 130 131 703 704 443 444 28 132 703 131 442 28 29 442 443 28 133 703 132 441 442 29 72 73 636 134 703 133 440 441 29 135 703 134 439 440 29 136 703 135 438 439 29 137 703 136 437 438 29 637 72 636 436 29 30 436 437 29 702 137 138 702 703 137 435 436 30 139 702 138 434 435 30 140 702 139 433 434 30 141 702 140 432 433 30 142 702 141 431 432 30 143 702 142 638 72 637 430 431 30 144 702 143 429 430 30 428 429 30 701 702 144 701 144 145 701 145 146 701 146 147 148 701 147 71 72 638 31 425 426 31 426 427 31 427 428 31 428 30 149 701 148 424 425 31 150 701 149 423 424 31 151 701 150 422 423 31 152 701 151 639 71 638 421 422 31 700 152 153 700 153 154 700 701 152 700 154 155 700 155 156 157 700 156 158 700 157 159 700 158 70 639 640 70 71 639 32 414 415 32 415 416 32 416 417 32 417 418 32 418 419 32 419 420 32 420 421 32 421 31 699 700 159 699 159 160 699 160 161 699 161 162 699 162 163 699 163 164 699 164 165 166 699 165 641 70 640 698 699 166 698 166 167 698 167 168 698 168 169 698 169 170 698 170 171 698 171 172 69 70 641 69 641 642 33 414 32 33 408 409 33 409 410 33 410 411 33 411 412 33 412 413 33 413 414 697 172 173 697 173 174 697 698 172 697 174 175 697 175 176 697 176 177 697 177 178 697 178 179 696 697 179 696 179 180 696 180 181 696 181 182 696 182 183 696 183 184 696 184 185 696 185 186 68 69 642 68 642 643 68 643 644 34 404 405 34 405 406 34 406 407 34 407 408 34 408 33 34 401 402 34 402 403 34 403 404 695 186 187 695 187 188 695 188 189 695 189 190 695 190 191 695 191 192 695 696 186 694 695 192 694 192 193 694 193 194 694 194 195 694 195 196 694 196 197 694 197 198 694 198 199 67 644 645 67 68 644 35 401 34 35 395 396 35 396 397 35 397 398 35 398 399 35 399 400 35 400 401 693 202 203 693 203 204 693 204 205 693 205 206 693 694 199 693 199 200 693 200 201 693 201 202 692 206 207 692 207 208 692 208 209 692 209 210 692 210 211 692 211 212 692 212 213 692 213 214 692 693 206 66 67 645 66 645 646 66 646 647 36 395 35 36 388 389 36 389 390 36 390 391 36 391 392 36 392 393 36 393 394 36 394 395 691 214 215 691 215 216 691 216 217 691 217 218 691 218 219 691 219 220 691 220 221 691 692 214 691 221 222 65 647 648 65 648 649 65 66 647 37 388 36 37 381 382 37 382 383 37 383 384 37 384 385 37 385 386 37 386 387 37 387 388 690 222 223 690 223 224 690 224 225 690 225 226 690 226 227 690 227 228 690 228 229 690 691 222 689 229 230 689 230 231 689 231 232 689 232 233 689 233 234 689 234 235 689 235 236 689 236 237 689 237 238 689 690 229 64 649 650 64 65 649 38 374 375 38 375 376 38 376 377 38 377 378 38 378 379 38 379 380 38 380 381 38 381 37 688 238 239 688 239 240 688 240 241 688 241 242 688 242 243 688 243 244 688 244 245 688 245 246 688 689 238 687 246 247 687 247 248 687 248 249 687 249 250 687 250 251 687 251 252 687 252 253 687 253 254 687 254 255 687 255 256 687 688 246 63 650 651 63 651 652 63 64 650 39 374 38 39 367 368 39 368 369 39 369 370 39 370 371 39 371 372 39 372 373 39 373 374 686 687 256 686 256 257 686 257 258 686 258 259 686 259 260 686 260 261 686 261 262 686 262 263 686 263 264 685 686 264 685 264 265 685 265 266 685 266 267 685 267 268 684 685 268 684 268 269 684 269 270 684 270 271 683 271 272 683 272 273 683 684 271 62 652 653 62 653 654 62 63 652 40 367 39 40 360 361 40 361 362 40 362 363 40 363 364 40 364 365 40 365 366 40 366 367 682 683 273 682 273 274 682 274 275 681 682 275 681 275 276 681 276 277 681 277 278 680 681 278 680 278 279 680 279 280 680 280 281 680 281 282 679 680 282 679 282 283 679 283 284 679 284 285 679 285 286 679 286 287 678 679 287 678 287 288 678 288 289 678 289 290 678 290 291 678 291 292 678 292 293 678 293 294 677 678 294 677 294 295 677 295 296 677 296 297 677 297 298 677 298 299 61 62 654 61 654 655 41 354 355 41 355 356 41 356 357 41 357 358 41 358 359 41 359 360 41 360 40 42 354 41 42 347 348 42 348 349 42 349 350 42 350 351 42 351 352 42 352 353 42 353 354 60 61 655 60 655 656 60 656 657 43 341 342 43 342 343 43 343 344 43 344 345 43 345 346 43 346 347 43 347 42 59 60 657 59 657 658 44 341 43 44 334 335 44 335 336 44 336 337 44 337 338 44 338 339 44 339 340 44 340 341 58 658 659 58 659 660 58 59 658 45 327 328 45 328 329 45 329 330 45 330 331 45 331 332 45 332 333 45 333 334 45 334 44 57 58 660 57 660 661 57 661 662 46 320 321 46 321 322 46 322 323 46 323 324 46 324 325 46 325 326 46 326 327 46 327 45 56 57 662 56 662 663 56 663 664 47 313 314 47 314 315 47 315 316 47 316 317 47 317 318 47 318 319 47 319 320 47 320 46 55 664 665 55 665 666 55 56 664 48 305 306 48 306 307 48 307 308 48 308 309 48 309 310 48 310 311 48 311 312 48 312 313 48 313 47 54 55 666 54 666 667 54 667 668 54 668 669 49 303 304 49 304 305 49 305 48 49 677 299 49 299 300 49 300 301 49 301 302 49 302 303 53 54 669 53 669 670 53 670 671 53 671 672 53 672 673 50 676 677 50 677 49 52 673 674 52 674 675 52 53 673 51 676 50 51 52 675 51 675 676 

TShapes 10
Ve
0.0261644293230598
49.49508711171 101.0966765087 6.207328427126
0 0

0101101
*
Ve
0.0261644293230598
46.70291289993 101.3783234913 6.207328427126
0 0

0101101
*
Ed
 0.0212898254270394 1 1 0
1  1 0 0 3.1415926536201
2  1 2 0 0 3.1415926536201
2  2 1 0 0 3.1415926536201
4 G1 2 0 1 0
6  1 1 0
0

0101000
+10 0 -9 0 *
Ed
 0.0261644293180337 1 1 0
1  2 0 0 1
2  3 1 0 0 1
4 C0 1 0 3 0
6  2 2 0
0

0101000
-9 0 +10 0 *
Wi

0101100
+8 0 -7 0 *
Ve
1e-05
48.2415124123423 102.65033056803 6.2025
0 0

0101101
*
Ed
 1e-05 1 1 0
1  3 0 0 6.28318530717959
3  4 5CN 1 0 0 6.28318530717959
0

0101000
+5 0 -5 0 *
Ed
 1e-05 1 1 0
1  4 0 0 6.28318530717959
3  6 7CN 1 0 0 6.28318530717959
0

0101000
+5 0 -5 0 *
Wi

0101100
-4 0 +3 0 +4 0 -3 0 *
Fa
0  1e-07 1 0

0111000
+6 0 +2 0 *

-1 0 