DBRep_DrawableShape

CASCADE Topology V3, (c) Open Cascade
Locations 0
Curve2ds 10
7 0 0  3 47 45  6.1860973221205287 4.7123889803814425  6.1860034321035133 4.7002114885905248  6.1858159499026231 4.6759826794960846  6.1855354946426138 4.6399514826092707  6.1852556837478367 4.6041662202479943  6.184976387305114 4.5685593245097982  6.1846974733536824 4.5330633350024367  6.1844187990218993 4.4976103003196624  6.1841402416434157 4.4621362062974077  6.1838615829827539 4.4265673532911576  6.1835831406078094 4.3908984419916379  6.1833055000889381 4.3551563740463832  6.1830291999653673 4.319360694721369  6.182754808951592 4.2835327073112257  6.1824829072078789 4.2476925835728476  6.1822140834146753 4.2118588956109768  6.1819489640595124 4.176050495782337  6.1816880875820157 4.140275853464078  6.1814317851478418 4.1045265042844647  6.1811804295842752 4.0687980260191114  6.1809343894489448 4.0330859656155775  6.1806940408664071 3.9973867006296815  6.1804597638417489 3.9616969704136644  6.1802319426784242 3.9260137716152435  6.1800109652789548 3.8903341108973093  6.1797972066532019 3.8546557201357428  6.1795910439968909 3.8189764510495796  6.1793928562429858 3.7832940210793091  6.1792030230908894 3.7476058860248678  6.1790219256785237 3.711908805536078  6.1788499410039188 3.6761995217724674  6.1786874595095824 3.6404713108417583  6.1785347844804202 3.6047314717574435  6.1783921749470423 3.5689961901870491  6.1782598952231673 3.5332816319641633  6.1781382017451456 3.4976054375380383  6.1780273468327946 3.4619863758592708  6.1779275734965795 3.4264415613555896  6.1778391291173165 3.3909952320019143  6.1777622081060386 3.3556407619038304  6.1776968997767652 3.3203058631008342  6.1776433007976728 3.2849276040204241  6.1776014944327766 3.24943932933959  6.1775715555338913 3.2137749237455888  6.1775535501143368 3.1778682333963948  6.1775495373379679 3.1537258413818599  6.1775495380852581 3.1415926535655587 
 0 4 0.022727263910814879 1 0.045454527821629759 1 0.068181791732444638 1 0.090909055643259518 1 0.1136363195540744 1 0.13636358346488928 1 0.15909084737570417 1 0.18181811128651904 1 0.2045453751973339 1 0.22727263910814879 1 0.24999990301896369 1 0.27272716692977855 1 0.29545443084059342 1 0.31818169475140834 1 0.3409089586622232 1 0.36363622257303807 1 0.38636348648385294 1 0.4090907503946678 1 0.43181801430548272 1 0.45454527821629759 1 0.47727254212711245 1 0.49999980603792737 1 0.52272706994874218 1 0.54545433385955711 1 0.56818159777037203 1 0.59090886168118684 1 0.61363612559200176 1 0.63636338950281668 1 0.65909065341363149 1 0.68181791732444641 1 0.70454518123526122 1 0.72727244514607614 1 0.74999970905689106 1 0.77272697296770587 1 0.79545423687852079 1 0.8181815007893356 1 0.84090876470015052 1 0.86363602861096544 1 0.88636329252178025 1 0.90909055643259518 1 0.9318178203434101 1 0.95454508425422491 1 0.97727234816503983 1 0.99999961207585464 4
1 5.4036380170580269 0.8954131087028 -1 0 
1 0 0.9120383097518 1 0 
1 6.2831853071795862 0.8954131087028 -1 0 
7 0 0  3 47 45  3.074499562141455 3.1415928401131512  3.0745003348551707 3.1294822798714375  3.0745055724784836 3.1053588895350206  3.0745246150019412 3.0694218763748986  3.0745549565834045 3.0336893015134239  3.0745966980520554 2.9981123367274094  3.0746499312206446 2.9626395714385683  3.0747147402491875 2.9272163923651915  3.0747911914117658 2.8917878499677316  3.0748793711138003 2.8562906917257278  3.0749790517693176 2.8207261755324518  3.075089948125068 2.78510774840277  3.0752117815605957 2.7494469078461923  3.0753442638740491 2.7137563967642926  3.0754871030922359 2.6780490053337682  3.0756400003806208 2.6423368481115417  3.0758026604750834 2.6066331203147697  3.0759747504303685 2.5709419742096329  3.0761558968302594 2.5352590499386287  3.0763457331319604 2.4995825278722217  3.0765438902154574 2.4639104847062767  3.0767499998095573 2.4282413461965104  3.0769636941331555 2.3925734922491242  3.0771846076174683 2.3569051482918009  3.077412373870295 2.3212339780486575  3.0776466019999793 2.2855565396327275  3.0778869067162948 2.2498695324555729  3.0781329065140088 2.2141694357027863  3.0783842239969754 2.1784524326114645  3.0786404891271757 2.1427139515738944  3.0789013284082358 2.1069494676296956  3.079166407184267 2.0711506655275622  3.0794351677434242 2.035327812390765  3.0797069898713949 1.9994995599251104  3.0799812856026332 1.9636846507149541  3.0802574770309259 1.9279032546911086  3.0805349968357398 1.8921767098594691  3.0808133094959067 1.8565243454756346  3.0810918265336591 1.8209735443729491  3.0813702578032887 1.7855156260888883  3.0816488213131041 1.7500768446121309  3.0819276388157024 1.7145932670185462  3.082206852474219 1.6789970115788206  3.0824865935069226 1.6432207117991229  3.0827669911122006 1.6071969052255546  3.0829544425496587 1.5829720585354852  3.0830483189861222 1.5707963267981446 
 0.0047474628409149341 4 0.027366838685439591 1 0.049986214529964254 1 0.07260559037448891 1 0.095224966219013565 1 0.11784434206353823 1 0.14046371790806289 1 0.16308309375258756 1 0.1857024695971122 1 0.20832184544163687 1 0.23094122128616151 1 0.25356059713068618 1 0.27617997297521085 1 0.29879934881973552 1 0.32141872466426014 1 0.34403810050878481 1 0.36665747635330947 1 0.38927685219783414 1 0.41189622804235881 1 0.43451560388688348 1 0.4571349797314081 1 0.47975435557593277 1 0.50237373142045738 1 0.52499310726498205 1 0.54761248310950672 1 0.57023185895403139 1 0.59285123479855606 1 0.61547061064308073 1 0.6380899864876054 1 0.66070936233213007 1 0.68332873817665474 1 0.70594811402117941 1 0.72856748986570408 1 0.75118686571022864 1 0.7738062415547533 1 0.79642561739927797 1 0.81904499324380264 1 0.84166436908832731 1 0.86428374493285198 1 0.88690312077737665 1 0.90952249662190132 1 0.93214187246642599 1 0.95476124831095066 1 0.97738062415547533 1 1 4
7 0 0  3 47 45  0.079037102695210193 0.96678562470998708  0.088444088656466968 0.96679263188514641  0.10250967910231934 0.96680849246533296  0.12320936428347265 0.96683607373550862  0.14357622755744243 0.96686740029105389  0.16367046274279917 0.96690242299361395  0.18354868058804 0.96694109001727047  0.20326403131912102 0.96698334744450265  0.22286460064074926 0.96702913633655374  0.24240044374925057 0.96707840466621064  0.26186077169102034 0.96713100255432749  0.28122593022228032 0.96718676348024757  0.3004793109652259 0.96724552390659879  0.31960473091757075 0.96730711865798824  0.33858711608848241 0.96737138197278472  0.35741419656647877 0.9674381496776302  0.3760707492618538 0.96750725113195979  0.39456570486256931 0.96757854671234123  0.41293145202945086 0.96765193091303237  0.43119373767938657 0.96772729153789017  0.44937833417803197 0.96780451879851315  0.46750937826821504 0.96788350300341475  0.48560989531884635 0.96796413564274164  0.50370186650054194 0.9680463082469497  0.52180589460613436 0.96812991674061155  0.53994064855663593 0.96821488913847764  0.55812615556142875 0.96830115145083218  0.5763835664857061 0.96838863091433969  0.59473521489308068 0.96847725455434974  0.61320517793431584 0.96856695211328481  0.63181757673878902 0.96865764616411065  0.65060346198486907 0.96874928909804736  0.66955885486854994 0.96884163163611636  0.68866603431041329 0.96893436536843902  0.70790853861403724 0.96902720570952849  0.72726789158950012 0.96911987170083802  0.74672424227331902 0.96921208850189722  0.76625901576908495 0.96930359769676222  0.78584569723289577 0.96939411329627079  0.80548993065600805 0.96948350421422347  0.82525675516105068 0.96957190241591251  0.84520330266563082 0.96965938982203048  0.86539172190207869 0.96974605885807408  0.88588577017222347 0.96983199622703553  0.90675145697345627 0.96991728756565343  0.92095572289727823 0.96997377272711005  0.92814267422474506 0.97000193526660039 
 0.0048594491654777965 4 0.027476279866262394 1 0.050093110567046989 1 0.07270994126783159 1 0.095326771968616192 1 0.11794360266940079 1 0.14056043337018539 1 0.16317726407097 1 0.18579409477175457 1 0.20841092547253917 1 0.23102775617332377 1 0.2536445868741084 1 0.27626141757489298 1 0.29887824827567755 1 0.32149507897646218 1 0.34411190967724675 1 0.36672874037803138 1 0.38934557107881596 1 0.41196240177960058 1 0.43457923248038516 1 0.45719606318116973 1 0.47981289388195436 1 0.50242972458273893 1 0.52504655528352351 1 0.54766338598430819 1 0.57028021668509277 1 0.59289704738587734 1 0.61551387808666191 1 0.63813070878744649 1 0.66074753948823117 1 0.68336437018901575 1 0.70598120088980032 1 0.72859803159058489 1 0.75121486229136958 1 0.77383169299215415 1 0.79644852369293873 1 0.8190653543937233 1 0.84168218509450787 1 0.86429901579529256 1 0.88691584649607713 1 0.90953267719686171 1 0.93214950789764628 1 0.95476633859843096 1 0.97738316929921554 1 1 4
1 5.4035970837271829 1.406886692755912 -1 0 
1 -0.00012309944676403006 -1.4068708207545264 1 0 
1 6.2831682412901042 1.4068866923998615 -1 0 
7 0 0  3 47 45  0.92814267384583526 0.029998083872681641  0.9209540879338971 0.030026252782788584  0.9067462165929302 0.030082752485754944  0.88587403612973026 0.030168071436739472  0.865372330016275 0.030254042614160426  0.84517501659715377 0.030340752062235733  0.82521826869789583 0.030428286908194845  0.80543988007922129 0.030516739986016991  0.78578264079399385 0.030606193737581579  0.76618153969943836 0.030696780284815945  0.74663405612863964 0.030788354076514573  0.72716623791568369 0.030880630797326166  0.70779685240448653 0.030973350543346548  0.68854571217413241 0.031066237880304038  0.66943132777954839 0.031159010677556002  0.65046994385388879 0.031251384440150562  0.63167980837647297 0.031343046229770403  0.61306175321471879 0.031433763741170892  0.59458499474361792 0.03152348870837942  0.57622600022135184 0.03161214094810269  0.55796120626459211 0.031699647928600534  0.53976882413000637 0.031785934246044346  0.52162823425243388 0.031870924532354628  0.50351998211505411 0.031954542750485954  0.48542581976048915 0.032036712529109904  0.46732323880670579 0.032117334687281868  0.44918855582787276 0.032196309056159354  0.43099698038186129 0.032273534734722595  0.41272265517683715 0.03234890991052343  0.39433801979533012 0.032422333095410788  0.37581586653891758 0.032493699182552689  0.3571212624574614 0.032562914848911786  0.3382549727990618 0.032629815449574044  0.31923701428830015 0.032694201922693733  0.30008493336243003 0.03275588268477251  0.28081863469183682 0.032814664131719171  0.26145926482832932 0.032870351957953396  0.24202687654030694 0.032922757417220345  0.22254882195310677 0.032971673097974753  0.20302356099960223 0.033016973718473036  0.1833865156110025 0.033058708076610682  0.16358106507418055 0.033096899380714653  0.14354562392977344 0.033131581684178166  0.12321705855095461 0.033162790114731097  0.1025300390093776 0.033190563056606927  0.088454188734894718 0.033206816148882962  0.081333895514684978 0.033214383994314103 
 0 4 0.022727272727272728 1 0.045454545454545456 1 0.068181818181818177 1 0.090909090909090912 1 0.11363636363636365 1 0.13636363636363635 1 0.15909090909090909 1 0.18181818181818182 1 0.20454545454545456 1 0.22727272727272729 1 0.25 1 0.27272727272727271 1 0.29545454545454547 1 0.31818181818181818 1 0.34090909090909094 1 0.36363636363636365 1 0.38636363636363635 1 0.40909090909090912 1 0.43181818181818182 1 0.45454545454545459 1 0.47727272727272729 1 0.5 1 0.52272727272727271 1 0.54545454545454541 1 0.56818181818181823 1 0.59090909090909094 1 0.61363636363636365 1 0.63636363636363635 1 0.65909090909090906 1 0.68181818181818188 1 0.70454545454545459 1 0.72727272727272729 1 0.75 1 0.77272727272727271 1 0.79545454545454553 1 0.81818181818181823 1 0.84090909090909094 1 0.86363636363636365 1 0.88636363636363635 1 0.90909090909090917 1 0.93181818181818188 1 0.95454545454545459 1 0.97727272727272729 1 1 4
Curves 14
7 0 0  3 9 7  1.3258814359390001 -0.1045868912972 5.5499999999999998  1.314236276862 -0.1045868912972 5.5499999999999998  1.2918255347950001 -0.1045868920905 5.5529903565890004  1.259784913396 -0.1045868885206 5.566175107826  1.2325058316719999 -0.10458690161009999 5.5871224517969997  1.211555584366 -0.104586852822 5.6143307842169996  1.1984142428210001 -0.10458703488520001 5.6461642523810003  1.1954390089760001 -0.10458658190880001 5.6684336934020001  1.1954390089760001 -0.10458658190880001 5.6800000807669999 
 0 4 0.16666666666669999 1 0.33333333333330001 1 0.5 1 0.66666666666670005 1 0.83333333333329995 1 1 4
1 1.8 -0.1045868912972 5.5499999999999998 -1 0 0 
2 1.8 -0.1045868912972 2.5499999999999998 0 -1 0 0.77045035531176964 0 -0.63749999999997486 0.63749999999997486 0 0.77045035531176964 3
2 4.8818014212470002 -0.1045868912972 0 0 1 0 -0.77045035531172901 0 -0.63750000000002394 -0.63750000000002394 0 0.77045035531172901 1
2 1.8 -0.1045868912972 -2.5499999999999998 0 -1 0 0 0 -1 1 0 0 3
1 1.8 -0.1045868912972 -5.5499999999999998 -1 0 0 
7 0 0  3 9 7  1.1954339005479999 -0.104587600016 -5.6809921597860003  1.1954339005479999 -0.104587600016 -5.669371712177  1.198173439389 -0.10458656237900001 -5.6468568000379999  1.2112486089729999 -0.1045869794327 -5.6148637096709999  1.2321706954959999 -0.1045868676732 -5.5874342665089998  1.259513246035 -0.1045868976575 -5.5663176608149998  1.291675490739 -0.10458688948 -5.5530168342139996  1.314182425005 -0.1045868912972 -5.5499999999999998  1.3258814359390001 -0.1045868912972 -5.5499999999999998 
 0 4 0.16666666666669999 1 0.33333333333330001 1 0.5 1 0.66666666666670005 1 0.83333333333329995 1 1 4
7 0 0  3 9 7  1.1954339005479999 -0.104587600016 -5.6809921597860003  1.195433900549 -0.104587600016 -5.6696404814759997  1.19859635393 -0.10458656238239999 -5.6475737027620001  1.212120805451 -0.10458697942090001 -5.6153230662439997  1.2330159508280001 -0.1045868677173 -5.5886777738770004  1.2599813047120001 -0.10458689749320001 -5.5679591686499998  1.292560413086 -0.10458689009329999 -5.5546519273510002  1.314644049714 -0.1045868899757 -5.5518254910109999  1.32605844899 -0.1045868899757 -5.5518257224749998 
 0 4 0.16666666666669999 1 0.33333333333330001 1 0.5 1 0.66666666666670005 1 0.83333333333329995 1 1 4
1 1.8000512288120001 -0.1045868912947 -5.5518255706869999 -0.99999999999994871 2.7825625266241356e-09 -3.202335147956156e-07 
2 1.8 -0.1045868912972 -2.5499999999999998 0 1 0 0.77047644966471607 -0 0.63746846236661336 0.63746846236661336 0 -0.77047644966471607 3.0018255709780002
2 4.8818014212470002 -0.1045868912972 0 0 1 0 -0.77037187357711545 0 -0.63759483718211274 -0.63759483718211274 0 0.77037187357711545 0.99817442902179998
2 1.8 -0.1045868912972 2.5499999999999998 0 1 0 1.7065889480929619e-05 -0 0.99999999985437782 0.99999999985437782 0 -1.7065889480929619e-05 3.0018255709780002
1 1.8000512288229999 -0.1045868912997 5.5518255708330004 -0.9999999999999486 2.798728463240136e-09 3.2055122516941558e-07 
7 0 0  3 9 7  1.3260584489889999 -0.1045868899732 5.5518257227719996  1.3146969333280001 -0.1045868899732 5.5518254923469996  1.292707393593 -0.104586892705 5.5546271356809997  1.2602533169450001 -0.104586888356 5.5678178316229996  1.2333401831569999 -0.1045869016543 5.5883752281019996  1.2124524699920001 -0.1045868528101 5.6147993552609998  1.198765153306 -0.10458703488859999 5.6468911953010004  1.1956171014029999 -0.10458658190880001 5.6687070613539996  1.1954390089760001 -0.10458658190880001 5.6800000807669999 
 0 4 0.16666666666669999 1 0.33333333333330001 1 0.5 1 0.66666666666670005 1 0.83333333333329995 1 1 4
Polygon3D 0
PolygonOnTriangulations 14
21 25 26 27 28 29 30 31 32 33 34 35 36 37 38 39 40 41 42 43 44 22 
p 0.05 1 0 0.0499999806037927 0.0999999612075855 0.149999941811378 0.199999922415171 0.249999903018964 0.299999883622756 0.349999864226549 0.399999844830342 0.449999825434134 0.499999806037927 0.54999978664172 0.599999767245513 0.649999747849305 0.699999728453098 0.749999709056891 0.799999689660683 0.849999670264476 0.899999650868269 0.949999631472062 0.999999612075855 
2 3 4 
p 0.05 1 0 0.474118564061 
30 2 3 4 5 6 7 8 9 10 11 12 13 14 15 16 17 18 19 20 21 22 23 24 25 26 27 28 29 30 31 
p 0.05 1 0 0.0780015642575253 0.156003128515051 0.234004692772576 0.312006257030101 0.390007821287627 0.468009385545152 0.546010949802677 0.624012514060202 0.702014078317728 0.780015642575253 0.858017206832778 0.936018771090304 1.01402033534783 1.09202189960535 1.17002346386288 1.24802502812041 1.32602659237793 1.40402815663546 1.48202972089298 1.56003128515051 1.63803284940803 1.71603441366556 1.79403597792308 1.87203754218061 1.95003910643813 2.02804067069566 2.10604223495318 2.18404379921071 2.26204536346823 
19 21 22 23 24 25 26 27 28 29 30 31 32 33 34 35 36 37 38 20 
p 0.05 1 0 0.0768054485192561 0.153610897038512 0.230416345557768 0.307221794077024 0.38402724259628 0.460832691115537 0.537638139634793 0.614443588154049 0.691249036673305 0.768054485192561 0.844859933711817 0.921665382231073 0.998470830750329 1.07527627926959 1.15208172778884 1.2288871763081 1.30569262482735 1.38249807334661 
30 2 3 4 5 6 7 8 9 10 11 12 13 14 15 16 17 18 19 20 21 22 23 24 25 26 27 28 29 30 31 
p 0.05 1 0 0.0780015642575282 0.156003128515056 0.234004692772585 0.312006257030113 0.390007821287641 0.468009385545169 0.546010949802698 0.624012514060226 0.702014078317754 0.780015642575282 0.858017206832811 0.936018771090339 1.01402033534787 1.0920218996054 1.17002346386292 1.24802502812045 1.32602659237798 1.40402815663551 1.48202972089304 1.56003128515056 1.63803284940809 1.71603441366562 1.79403597792315 1.87203754218068 1.95003910643821 2.02804067069573 2.10604223495326 2.18404379921079 2.26204536346832 
2 3 4 
p 0.05 1 0 0.474118564061 
21 5 6 7 8 9 10 11 12 13 14 15 16 17 18 19 20 21 22 23 24 4 
p 0.05 1 0.00474746284091493 0.0545100896988692 0.104272716556823 0.154035343414778 0.203797970272732 0.253560597130686 0.30332322398864 0.353085850846595 0.402848477704549 0.452611104562503 0.502373731420457 0.552136358278412 0.601898985136366 0.65166161199432 0.701424238852275 0.751186865710229 0.800949492568183 0.850712119426137 0.900474746284092 0.950237373142046 1 
22 1 5 6 7 8 9 10 11 12 13 14 15 16 17 18 19 20 21 22 23 24 25 
p 0.05 1 0.0048594491654778 0.0496407739530313 0.0980046047235891 0.14667770758415 0.196219693361425 0.246219693361405 0.296219693361385 0.346219693361365 0.396219693361375 0.446219693361385 0.496219693361395 0.546219693361405 0.593833702446077 0.643833702446087 0.681911792841768 0.731911792841747 0.781911792841727 0.831911792841707 0.881911792841687 0.932234341239767 0.966117170619884 1 
2 111 110 
p 0.05 1 -4.67609396657042e-17 0.473992779822024 
30 1 2 3 4 5 6 7 8 9 10 11 12 13 14 15 16 17 18 19 20 21 22 23 24 25 26 27 28 29 30 
p 0.05 1 0 0.077999564284542 0.155999128569084 0.233998692853626 0.311998257138168 0.38999782142271 0.467997385707252 0.545996949991794 0.623996514276336 0.701996078560878 0.77999564284542 0.857995207129962 0.935994771414504 1.01399433569905 1.09199389998359 1.16999346426813 1.24799302855267 1.32599259283721 1.40399215712176 1.4819917214063 1.55999128569084 1.63799084997538 1.71599041425992 1.79398997854447 1.87198954282901 1.94998910711355 2.02798867139809 2.10598823568263 2.18398779996717 2.26198736425172 
19 1 3 4 5 6 7 8 9 10 11 12 13 14 15 16 17 18 19 20 
p 0.05 1 0 0.0768191261981711 0.153638252396342 0.230457378594513 0.307276504792684 0.384095630990855 0.460914757189026 0.537733883387197 0.614553009585369 0.69137213578354 0.768191261981711 0.845010388179882 0.921829514378053 0.998648640576224 1.0754677667744 1.15228689297257 1.22910601917074 1.30592514536891 1.38274427156708 
30 32 33 34 35 36 37 38 39 40 41 42 43 44 45 46 47 48 49 50 51 52 53 54 55 56 57 58 59 60 61 
p 0.05 1 0 0.0779995642921113 0.155999128584223 0.233998692876334 0.311998257168445 0.389997821460556 0.467997385752668 0.545996950044779 0.62399651433689 0.701996078629002 0.779995642921113 0.857995207213224 0.935994771505335 1.01399433579745 1.09199390008956 1.16999346438167 1.24799302867378 1.32599259296589 1.403992157258 1.48199172155011 1.55999128584223 1.63799085013434 1.71599041442645 1.79398997871856 1.87198954301067 1.94998910730278 2.02798867159489 2.105988235887 2.18398780017912 2.26198736447123 
2 98 97 
p 0.05 1 -9.35940256136464e-17 0.473992779834024 
22 25 26 27 28 29 30 31 32 33 34 35 36 37 38 39 40 41 42 43 44 45 1 
p 0.05 1 0 0.05 0.1 0.15 0.2 0.25 0.3 0.35 0.4 0.45 0.5 0.55 0.600000000000001 0.650000000000001 0.700000000000001 0.750000000000001 0.800000000000001 0.850000000000001 0.898600000000002 0.944230000000001 0.972115000000001 1 
Surfaces 15
1 -1.1954336377100001 -0.1045868912972 -9 0 -1 0 1 0 0 -0 0 1 
5 0 0 5.6799999999999997 0 0 1 0.9998312771499358 0.018368920292940655 -0 -0.018368920292940655 0.9998312771499358 0 1.3300000000000001 0.13
1 0 0 5.5499999999999998 0 0 1 1 0 -0 -0 1 0 
2 1.8 -1 2.5499999999999998 0 1 0 0 0 -1 -1 0 0 3
2 4.8818014212470002 -1.016625201049 0 0 1 0 -0.77045035531172901 0 -0.63750000000002394 -0.63750000000002394 0 0.77045035531172901 1
2 1.8 -1 -2.5499999999999998 0 1 0 0 0 -1 -1 0 0 3
1 0 0 -5.5499999999999998 0 0 1 1 0 -0 -0 1 0 
5 0 0 -5.6799999999999997 0 0 1 -0.99979651787573465 0.020172328659720698 0 -0.020172328659720698 -0.99979651787573465 0 1.3300000000000001 0.13
9 0 1 0 0 3 3 4 4 2 2 1.1956404906039999 -0.1119361775786 -5.6972036513140001  1.2344489077509999 1.1993643143120001 -0.072140011743299995 -5.6964342858170003  1.2344489077509999 1.2011019435520001 -0.032158650184939998 -5.6956614126660003  1.2344489077509999 1.2008446432519999 0.00778336065751 -5.6948892828790001  1.2344489077509999 
1.1850227223530001 -0.1125180900103 -5.6067841586769998  0.92185036408319998 1.1887654727279999 -0.073080203398640006 -5.6060151362679997  0.92185036408319998 1.1905403983030001 -0.033453586455420001 -5.6052420694730003  0.92185036408319998 1.1903377670819999 0.0061392738890280003 -5.6044697489760003  0.92185036408319998 
1.2490572656509999 -0.1196498242414 -5.5424608811100002  0.92185036408319998 1.2530369585150001 -0.07808410214738 -5.5416921027699999  0.92185036408319998 1.2549429802200001 -0.036315995249669997 -5.5409188982200002  0.92185036408319998 1.254764355866 0.0054200307671739998 -5.5401464420549997  0.92185036408319998 
1.339097866645 -0.1279134896153 -5.5530994203380004  1.2344489077509999 1.3433525155270001 -0.083350307741130003 -5.5523306016309997  1.2344489077509999 1.3453838410400001 -0.038571339861849997 -5.5515574198640003  1.2344489077509999 1.3451803236219999 0.0061720314329900003 -5.5507849861369998  1.2344489077509999 

0 4
1 4

0.96479559112930002 4
0.99619058967990004 4

1 -5.2350584461149996 0 -5.5499999999999998 0 -0.017452406437279848 0.99984769515639138 1 0 0 -0 0.99984769515639138 0.017452406437279848 
3 1.8 1.302085525801 -2.5499999999999998 0 -1 0 0 0 1 -1 0 0 2.9772720126049999
0.017453292519939999
3 4.8818014212470002 1.302069656217 0 0 1 0 -0.77045035531172901 0 -0.63750000000002394 -0.63750000000002394 0 0.77045035531172901 1.0227277103900001
0.017453292519939999
3 1.8 1.3020855254449999 2.5499999999999998 0 -1 0 0 0 1 -1 0 0 2.9772720126109999
0.017453292519939999
1 -5.2350584461149996 0 5.5499999999999998 0 0.017452406437279848 0.99984769515639138 1 0 -0 -0 0.99984769515639138 -0.017452406437279848 
9 0 1 0 0 3 3 4 4 2 2 1.200844484111 0.0078086159463359997 5.6948887947640001  1.2344489089399999 1.2011026038179999 -0.032128935025879997 5.6956608384039997  1.2344489089399999 1.1993662126310001 -0.072106043795879995 5.6964336290539999  1.2344489089399999 1.1956440550509999 -0.11189806804749999 5.6972029145430003  1.2344489089399999 
1.1903376423980001 0.0061643084026029998 5.6044692602830004  0.92185036368660001 1.1905410917229999 -0.033424133265670002 5.6052414942409996  0.92185036368660001 1.188767398802 -0.073046537930109998 5.6060144803250003  0.92185036368660001 1.185026304859 -0.11248032356069999 5.6067834224700004  0.92185036368660001 
1.2547642468360001 0.0054464204000799999 5.5401459530389996  0.92185036368660001 1.2549437374870001 -0.036284949242029997 5.5409183223870002  0.92185036368660001 1.25303901878 -0.078048618085800006 5.541691447501  0.92185036368660001 1.249061075258 -0.1196100201588 5.5424601453940001  0.92185036368660001 
1.3451801993500001 0.0062003226145869996 5.5507844975019998  1.2344489089399999 1.3453846441449999 -0.038538056284300001 5.551556844457  1.2344489089399999 1.3433547142740001 -0.083312265561689997 5.5523299465770002  1.2344489089399999 1.3391019396670001 -0.12787081512760001 5.5530986848669999  1.2344489089399999 

0 4
1 4

0.0038028059213570001 4
0.035194399376699999 4

Triangulations 14
102 156 1 0 0.000135735019422526
1.186354300532 -0.1804510724122 5.680000000008 1.18674857417821 -0.180511174675234 5.66980004887394 1.18793455220092 -0.180691599998664 5.65966297076661 1.18990319869758 -0.180991071492832 5.6496512677388 1.19264237561669 -0.181407742711247 5.63982666878397 1.19613519405996 -0.181939044591 5.63024974927107 1.2003601184139 -0.182581701292788 5.62097955745597 1.20529109913158 -0.183331750398704 5.61207325040858 1.2108977333459 -0.184184567343255 5.60358574160049 1.21714545232408 -0.185134893926966 5.59556936232579 1.22399573460748 -0.186176870736776 5.58807353904298 1.23140634352277 -0.187304073273327 5.58114448862694 1.23933158759986 -0.18850955156239 5.57482493341041 1.24772260229109 -0.189785873006213 5.56915383777153 1.25652765125453 -0.191125168210563 5.56416616789185 1.26569244534394 -0.192519179504921 5.5598926761659 1.2751604773384 -0.193959311856671 5.55635971159166 1.28487337034806 -0.195436685865345 5.55358905731096 1.29477123774748 -0.196942192510203 5.55159779630156 1.30479305241765 -0.19846654931357 5.55039820604886 1.314880307847 -0.1999787612925 5.549999420424 1.195433745981 -0.1045856537434 5.68 1.19294446968345 -0.129936493148285 5.68 1.18991765463299 -0.155228783389933 5.68 1.325881435939 -0.1045868912972 5.55 1.31551475495606 -0.104586891372167 5.55040247448737 1.30535685197867 -0.104586891468551 5.55160500459373 1.29537901965311 -0.10458689139358 5.55360025028546 1.28555821629885 -0.104586890992559 5.55637998517485 1.27593726399477 -0.104586890553458 5.55992567895959 1.26660147771453 -0.104586890649834 5.56421215362759 1.25763661086769 -0.104586891843349 5.5692140262094 1.24911222942572 -0.104586893696106 5.57490026396182 1.24107280865765 -0.104586894220884 5.58123107693176 1.23356066547232 -0.104586891297187 5.58816592185071 1.22661772427825 -0.104586884475194 5.59566365134002 1.22028433946462 -0.104586879987862 5.60368070155226 1.21460047291118 -0.104586885738862 5.6121729045158 1.2096052725358 -0.104586907785099 5.62109420085233 1.20532842377194 -0.104586930714427 5.63037654316829 1.20179350714008 -0.104586925263506 5.63993769805784 1.19902389768543 -0.104586862490241 5.64969587459084 1.19703674679032 -0.104586746580475 5.65961001881702 1.19583955899296 -0.104586633069238 5.66970222019529 1.32298001239333 -0.136469362157727 5.55 1.31931204708793 -0.1682727619333 5.55 1.19031503671761 -0.155280623227166 5.66980028520375 1.19150473297008 -0.155435823127894 5.65966345539682 1.19346870653211 -0.155692030122939 5.64969699755382 1.19334286259606 -0.129979886432111 5.66980028520375 1.19619231693146 -0.156047334313168 5.63993512788148 1.1945355851004 -0.13010979874861 5.65966345539682 1.19968071866925 -0.156502408120691 5.63037172868084 1.19650455445748 -0.130324260510979 5.64969699755382 1.20391211144927 -0.157054407623119 5.62109150244208 1.19923509295384 -0.130621673010588 5.63993512788148 1.20885364827047 -0.157699047818047 5.61217374685456 1.19702814086145 -0.104725611897658 5.65966345539682 1.2027323682022 -0.131002599108067 5.63037172868084 1.21446924365103 -0.1584316212323 5.60368183676734 1.19900121873232 -0.104898232557353 5.64969699755382 1.20697452445253 -0.131464658257142 5.62109150244208 1.22072526390022 -0.159247740237144 5.59566384334859 1.20173745485672 -0.105137620415201 5.63993512788148 1.21192863115028 -0.132004263634716 5.61217374685456 1.22758489729283 -0.160142602618494 5.58816592185198 1.20524202763031 -0.105444228518742 5.63037172868084 1.21755851102233 -0.132617474782435 5.60368183676734 1.23500821800471 -0.161110999917528 5.58123197676002 1.20949303569815 -0.105816140761979 5.62109150244208 1.22383044482334 -0.133300618972355 5.59566384334859 1.24295313942041 -0.162147441792884 5.57490274179608 1.21445747979174 -0.106250470104528 5.61217374685456 1.23070752718942 -0.134049676441877 5.58816592185198 1.25137589455661 -0.163246218693532 5.56921578878552 1.22009910714933 -0.106744044864347 5.60368183676734 1.2381497307364 -0.134860287375382 5.58123197676002 1.26023088858093 -0.164401382619345 5.56420598163605 1.22638412816592 -0.107293908856081 5.59566384334859 1.24611486179234 -0.135727856003409 5.57490274179608 1.269454696736 -0.165604659596166 5.5599123128951 1.23327556046974 -0.107896826565559 5.58816592185198 1.25455904204306 -0.136647603063874 5.56921578878552 1.2789657233992 -0.166845405198998 5.55637084523406 1.2407332931542 -0.108549288769319 5.58123197676002 1.26343656067576 -0.137614549697441 5.56420598163605 1.28867641770701 -0.16811219812152 5.55360549831994 1.24871504450471 -0.109247596324224 5.57490274179608 1.27268383159839 -0.138621770054645 5.5599123128951 1.29853960861211 -0.169398884741035 5.55161976991725 1.25717684464921 -0.109987902393596 5.56921578878552 1.28221905163206 -0.139660354065937 5.55637084523406 1.30857860409301 -0.170708505662189 5.5504113572985 1.26607288739329 -0.110766199484565 5.56420598163605 1.29195444720854 -0.140720741362049 5.55360549831994 1.27533945396412 -0.111576912968395 5.5599123128951 1.30184272729066 -0.141797780964302 5.55161976991725 1.28489457048972 -0.112412871114021 5.55637084523406 1.31190725914586 -0.142894018054693 5.5504113572985 1.29465028025075 -0.11326637876296 5.55360549831994 1.30455919353107 -0.114133289883175 5.55161976991725 1.314644726357 -0.115015653096248 5.5504113572985 6.11386682808116 3.14159265358979 6.11386674172103 3.22013271955775 6.1138667358646 3.29867278586594 6.11386673000816 3.37721285217413 6.11386672415173 3.45575291848232 6.11386671829529 3.53429298479051 6.11386671243886 3.6128330510987 6.11386670658242 3.69137311740689 6.11386670072599 3.76991318371508 6.11386669486955 3.84845325002327 6.11386668901312 3.92699331633146 6.11386668315669 4.00553338263965 6.11386667730025 4.08407344894783 6.11386667144382 4.16261351525602 6.11386666558738 4.24115358156421 6.11386665973095 4.3196936478724 6.11386665387451 4.39823371418059 6.11386664801808 4.47677378048878 6.11386664216164 4.55531384679697 6.11386663630521 4.63385391310516 6.11388305500193 4.71238898038469 6.17754953808526 3.14159265356556 6.15632222693758 3.14159265358979 6.13509452750937 3.14159265358979 6.18609732212056 4.71238898038469 6.18547958813543 4.63281565437203 6.18486483805017 4.55436537951596 6.18425166219615 4.47632220794993 6.18363889779623 4.39802584814005 6.18302951815033 4.31935531004051 6.18242941004027 4.24052642888425 6.1818448150019 4.16174212391889 6.18128121593174 4.08309023099136 6.18074263627792 4.00452738432111 6.18023308330573 3.92601436129533 6.17975663294453 3.84751978715363 6.17931731692904 3.76901846625654 6.17891917419079 3.69048242373163 6.17856619148385 3.61187981297796 6.17826165959748 3.53328802593029 6.17800835289866 3.45488388003101 6.17780889942266 3.37685695965636 6.17766528982316 3.29907448458135 6.17757857746053 3.2208868950574 6.16202589974768 4.71238898038469 6.1379544773748 4.71238898038469 6.13509452750937 3.22013271955775 6.13509452750937 3.29867278586594 6.13509452750937 3.37685695965636 6.15632222693758 3.22013271955775 6.13509452750937 3.45488388003101 6.15632222693758 3.29867278586594 6.13509452750937 3.53328802593029 6.15632222693758 3.37685695965636 6.13509452750937 3.61187981297796 6.15632222693758 3.45488388003101 6.13509452750937 3.69048242373163 6.17754953808526 3.29867278586594 6.15632222693758 3.53328802593029 6.13509452750937 3.76901846625654 6.17754953808526 3.37685695965636 6.15632222693758 3.61187981297796 6.13509452750937 3.84751978715363 6.17754953808526 3.45488388003101 6.15632222693758 3.69048242373163 6.13509452750937 3.92601436129533 6.17754953808526 3.53328802593029 6.15632222693758 3.76901846625654 6.13509452750937 4.00452738432111 6.17754953808526 3.61187981297796 6.15632222693758 3.84751978715363 6.13509452750937 4.08309023099136 6.17754953808526 3.69048242373163 6.15632222693758 3.92601436129533 6.13509452750937 4.16174212391889 6.17754953808526 3.76901846625654 6.15632222693758 4.00452738432111 6.13509452750937 4.24052642888425 6.17754953808526 3.84751978715363 6.15632222693758 4.08309023099136 6.13509452750937 4.31935531004051 6.17754953808526 3.92601436129533 6.15632222693758 4.16174212391889 6.13509452750937 4.39802584814005 6.17754953808526 4.00452738432111 6.15632222693758 4.24052642888425 6.13509452750937 4.47632220794993 6.17754953808526 4.08309023099136 6.15632222693758 4.31935531004051 6.13509452750937 4.55436537951596 6.17754953808526 4.16174212391889 6.15632222693758 4.39802584814005 6.13509452750937 4.63281565437203 6.17754953808526 4.24052642888425 6.15632222693758 4.47632220794993 6.17754953808526 4.31935531004051 6.15632222693758 4.55436537951596 6.17754953808526 4.39802584814005 6.15632222693758 4.63281565437203 6.17754953808526 4.47632220794993 6.17754953808526 4.55436537951596 6.17754953808526 4.63281565437203 47 2 1 47 1 24 48 3 2 48 2 47 49 4 3 49 3 48 50 23 22 50 24 23 50 22 44 50 47 24 51 5 4 51 4 49 52 50 44 52 47 50 52 48 47 53 6 5 53 5 51 54 49 48 54 48 52 55 7 6 55 6 53 56 49 54 56 51 49 57 8 7 57 7 55 58 44 43 58 52 44 59 53 51 59 51 56 60 9 8 60 8 57 61 54 52 61 43 42 61 52 58 61 58 43 62 53 59 62 55 53 63 10 9 63 9 60 64 61 42 64 56 54 64 42 41 64 54 61 65 55 62 65 57 55 66 11 10 66 10 63 67 59 56 67 41 40 67 64 41 67 56 64 68 57 65 68 60 57 69 12 11 69 11 66 70 62 59 70 40 39 70 59 67 70 67 40 71 60 68 71 63 60 72 13 12 72 12 69 73 39 38 73 65 62 73 62 70 73 70 39 74 63 71 74 66 63 75 14 13 75 13 72 76 38 37 76 73 38 76 68 65 76 65 73 77 69 66 77 66 74 78 15 14 78 14 75 79 68 76 79 71 68 79 37 36 79 76 37 80 72 69 80 69 77 81 16 15 81 15 78 82 36 35 82 79 36 82 71 79 82 74 71 83 72 80 83 75 72 84 17 16 84 16 81 85 35 34 85 77 74 85 82 35 85 74 82 86 78 75 86 75 83 87 18 17 87 17 84 88 77 85 88 34 33 88 85 34 88 80 77 89 78 86 89 81 78 90 19 18 90 18 87 91 80 88 91 88 33 91 33 32 91 83 80 92 84 81 92 81 89 93 20 19 93 21 20 93 19 90 93 46 21 94 86 83 94 91 32 94 32 31 94 83 91 95 84 92 95 87 84 96 86 94 96 31 30 96 94 31 96 89 86 97 90 87 97 87 95 98 92 89 98 30 29 98 96 30 98 89 96 99 93 90 99 46 93 99 90 97 99 45 46 100 95 92 100 29 28 100 92 98 100 98 29 101 100 28 101 28 27 101 97 95 101 95 100 102 26 25 102 27 26 102 97 101 102 101 27 102 99 97 102 25 45 102 45 99 
6 4 1 0 2.90282647583632e-07
1.8 -0.2 5.55 1.314880307847 -0.1999787612925 5.549999420424 1.8 -0.1045868912972 5.55 1.325881435939 -0.1045868912972 5.55 1.32298001239333 -0.136469362157727 5.55 1.31931204708793 -0.1682727619333 5.55 1.799999999999 -0.2 1.3148796652621 -0.19997866356244 1.8 -0.1045868912972 1.32588143593942 -0.104586891297194 1.32298001239333 -0.136469362157727 1.31931204708793 -0.1682727619333 1 5 6 1 6 2 3 4 5 3 5 1 
60 58 1 0 0.00228130232141883
4.111351065935 -0.2 0.6375 4.111351065935 -0.1045868912972 0.6375 4.25334998342708 -0.1045868912972 0.823421342996988 4.38042968758326 -0.1045868912972 1.0198422867433 4.49181738641339 -0.1045868912972 1.22556836408873 4.58683571351928 -0.1045868912972 1.43934852187848 4.66490684726827 -0.1045868912972 1.65988272880738 4.72555602461897 -0.1045868912972 1.88582988111804 4.76841442823114 -0.1045868912972 2.11581595806712 4.79322142930295 -0.1045868912972 2.34844237756507 4.79982617249628 -0.1045868912972 2.58229450117732 4.78818849331225 -0.1045868912972 2.81595023676672 4.75837916233785 -0.1045868912972 3.04798868646304 4.71057945487878 -0.1045868912972 3.27699878737005 4.64508004859529 -0.1045868912972 3.50158789246449 4.56227925584489 -0.1045868912972 3.72039023950518 4.46268060148124 -0.1045868912972 3.9320752564515 4.34688976083907 -0.1045868912972 4.13535565288458 4.21561087652563 -0.1045868912972 4.32899524822611 4.06964227641699 -0.1045868912972 4.51181648914996 3.90987161889865 -0.1045868912972 4.68270761047219 3.73727049487299 -0.1045868912972 4.84062939597277 3.55288851935976 -0.1045868912972 4.98462149803552 3.35784694861939 -0.1045868912972 5.11380827767547 3.15333186161445 -0.1045868912972 5.2274041294394 2.94058694727395 -0.1045868912972 5.32471825879823 2.7209059414222 -0.1045868912972 5.40515888297889 2.49562475936448 -0.1045868912972 5.46823682968999 2.26611337197259 -0.1045868912972 5.51356851185667 2.03376747467301 -0.1045868912972 5.5408782602749 1.8 -0.1045868912972 5.55 1.8 -0.2 5.55 4.25334998342698 -0.2 0.823421342996837 4.38042968758317 -0.2 1.01984228674315 4.49181738641331 -0.2 1.22556836408858 4.58683571351922 -0.2 1.43934852187833 4.66490684726822 -0.2 1.65988272880723 4.72555602461893 -0.2 1.88582988111789 4.76841442823112 -0.2 2.11581595806698 4.79322142930294 -0.2 2.34844237756493 4.79982617249629 -0.2 2.58229450117719 4.78818849331226 -0.2 2.81595023676659 4.75837916233787 -0.2 3.04798868646292 4.71057945487881 -0.2 3.27699878736994 4.64508004859533 -0.2 3.50158789246439 4.56227925584493 -0.2 3.72039023950509 4.46268060148129 -0.2 3.93207525645142 4.34688976083912 -0.2 4.13535565288451 4.21561087652568 -0.2 4.32899524822604 4.06964227641704 -0.2 4.51181648914991 3.9098716188987 -0.2 4.68270761047214 3.73727049487304 -0.2 4.84062939597273 3.55288851935981 -0.2 4.98462149803549 3.35784694861943 -0.2 5.11380827767544 3.15333186161449 -0.2 5.22740412943939 2.94058694727398 -0.2 5.32471825879822 2.72090594142223 -0.2 5.40515888297889 2.4956247593645 -0.2 5.46823682968999 2.2661133719726 -0.2 5.51356851185666 2.03376747467302 -0.2 5.5408782602749 5.40363801705809 0.8 5.40363801705803 0.8954131087028 5.3256364528005 0.8954131087028 5.24763488854298 0.8954131087028 5.16963332428545 0.8954131087028 5.09163176002793 0.8954131087028 5.0136301957704 0.8954131087028 4.93562863151288 0.8954131087028 4.85762706725535 0.8954131087028 4.77962550299782 0.8954131087028 4.7016239387403 0.8954131087028 4.62362237448277 0.8954131087028 4.54562081022525 0.8954131087028 4.46761924596772 0.8954131087028 4.3896176817102 0.8954131087028 4.31161611745267 0.8954131087028 4.23361455319515 0.8954131087028 4.15561298893762 0.8954131087028 4.0776114246801 0.8954131087028 3.99960986042257 0.8954131087028 3.92160829616505 0.8954131087028 3.84360673190752 0.8954131087028 3.76560516765 0.8954131087028 3.68760360339247 0.8954131087028 3.60960203913494 0.8954131087028 3.53160047487742 0.8954131087028 3.45359891061989 0.8954131087028 3.37559734636237 0.8954131087028 3.29759578210484 0.8954131087028 3.21959421784732 0.8954131087028 3.1415926535898 0.8954131087028 3.14159265358979 0.8 5.32563645280056 0.8 5.24763488854304 0.8 5.16963332428551 0.8 5.09163176002798 0.8 5.01363019577045 0.8 4.93562863151292 0.8 4.8576270672554 0.8 4.77962550299787 0.8 4.70162393874034 0.8 4.62362237448282 0.8 4.54562081022529 0.8 4.46761924596776 0.8 4.38961768171023 0.8 4.31161611745271 0.8 4.23361455319518 0.8 4.15561298893765 0.8 4.07761142468012 0.8 3.99960986042259 0.8 3.92160829616507 0.8 3.84360673190754 0.8 3.76560516765001 0.8 3.68760360339248 0.8 3.60960203913496 0.8 3.53160047487743 0.8 3.4535989106199 0.8 3.37559734636237 0.8 3.29759578210485 0.8 3.21959421784732 0.8 31 32 60 30 31 60 29 60 59 29 30 60 28 59 58 28 29 59 27 58 57 27 28 58 26 57 56 26 27 57 25 56 55 25 26 56 24 55 54 24 25 55 23 54 53 23 24 54 22 23 53 22 53 52 21 22 52 21 52 51 20 21 51 20 51 50 19 20 50 19 50 49 18 19 49 18 49 48 17 18 48 17 48 47 16 17 47 16 47 46 15 16 46 15 46 45 14 15 45 14 45 44 13 14 44 13 44 43 12 43 42 12 13 43 11 42 41 11 12 42 10 11 41 10 41 40 9 40 39 9 10 40 8 9 39 8 39 38 7 38 37 7 8 38 6 37 36 6 7 37 5 36 35 5 6 36 4 35 34 4 5 35 3 34 33 3 4 34 2 33 1 2 3 33 
38 36 1 0 0.000737293997057347
4.111351065935 -0.2 -0.6375 4.06470707424051 -0.2 -0.576503970576124 4.02288081590445 -0.2 -0.512108771373798 3.98611890597318 -0.2 -0.444694087921986 3.95463809919536 -0.2 -0.374657409164924 3.92862401199769 -0.2 -0.302411683796744 3.90823002805753 -0.2 -0.228382885442654 3.89357639392547 -0.2 -0.153007501042798 3.88474951003036 -0.2 -0.076729957247756 3.881801421247 -0.2 -9.58354614116998e-14 3.88474951003034 -0.2 0.0767299572475648 3.89357639392544 -0.2 0.153007501042608 3.90823002805749 -0.2 0.228382885442467 3.92862401199764 -0.2 0.302411683796562 3.95463809919529 -0.2 0.374657409164746 3.9861189059731 -0.2 0.444694087921815 4.02288081590435 -0.2 0.512108771373633 4.0647070742404 -0.2 0.576503970575967 4.111351065935 -0.2 0.6375 4.111351065935 -0.1045868912972 0.6375 4.111351065935 -0.1045868912972 -0.6375 4.06470707424051 -0.1045868912972 -0.576503970576124 4.02288081590445 -0.1045868912972 -0.512108771373798 3.98611890597318 -0.1045868912972 -0.444694087921986 3.95463809919536 -0.1045868912972 -0.374657409164924 3.92862401199769 -0.1045868912972 -0.302411683796744 3.90823002805753 -0.1045868912972 -0.228382885442654 3.89357639392547 -0.1045868912972 -0.153007501042798 3.88474951003036 -0.1045868912972 -0.076729957247756 3.881801421247 -0.1045868912972 -9.58354614116998e-14 3.88474951003034 -0.1045868912972 0.0767299572475648 3.89357639392544 -0.1045868912972 0.153007501042608 3.90823002805749 -0.1045868912972 0.228382885442467 3.92862401199764 -0.1045868912972 0.302411683796562 3.95463809919529 -0.1045868912972 0.374657409164746 3.9861189059731 -0.1045868912972 0.444694087921815 4.02288081590435 -0.1045868912972 0.512108771373633 4.0647070742404 -0.1045868912972 0.576503970575967 0 0.816625201049 0.0768054485192561 0.816625201049 0.153610897038512 0.816625201049 0.230416345557768 0.816625201049 0.307221794077024 0.816625201049 0.38402724259628 0.816625201049 0.460832691115537 0.816625201049 0.537638139634793 0.816625201049 0.614443588154049 0.816625201049 0.691249036673305 0.816625201049 0.768054485192561 0.816625201049 0.844859933711817 0.816625201049 0.921665382231073 0.816625201049 0.998470830750329 0.816625201049 1.07527627926959 0.816625201049 1.15208172778884 0.816625201049 1.2288871763081 0.816625201049 1.30569262482735 0.816625201049 1.38249807335294 0.816625201049 1.38249807334661 0.9120383097518 0 0.9120383097518 0.0768054485192561 0.9120383097518 0.153610897038512 0.9120383097518 0.230416345557768 0.9120383097518 0.307221794077024 0.9120383097518 0.38402724259628 0.9120383097518 0.460832691115537 0.9120383097518 0.537638139634793 0.9120383097518 0.614443588154049 0.9120383097518 0.691249036673305 0.9120383097518 0.768054485192561 0.9120383097518 0.844859933711817 0.9120383097518 0.921665382231073 0.9120383097518 0.998470830750329 0.9120383097518 1.07527627926959 0.9120383097518 1.15208172778884 0.9120383097518 1.2288871763081 0.9120383097518 1.30569262482735 0.9120383097518 22 1 2 22 21 1 23 2 3 23 22 2 24 3 4 24 23 3 25 4 5 25 24 4 26 5 6 26 25 5 27 6 7 27 26 6 28 7 8 28 27 7 29 8 9 29 28 8 30 9 10 30 29 9 31 10 11 31 30 10 32 11 12 32 31 11 33 12 13 33 32 12 34 13 14 34 33 13 35 14 15 35 34 14 36 35 15 36 15 16 37 36 16 37 16 17 38 37 17 38 17 18 20 38 18 20 18 19 
60 58 1 0 0.00228130232141799
1.8 -0.2 -5.55 1.8 -0.1045868912972 -5.55 2.03376747467302 -0.1045868912972 -5.5408782602749 2.26611337197261 -0.1045868912972 -5.51356851185666 2.49562475936451 -0.1045868912972 -5.46823682968999 2.72090594142224 -0.1045868912972 -5.40515888297888 2.940586947274 -0.1045868912972 -5.32471825879821 3.1533318616145 -0.1045868912972 -5.22740412943938 3.35784694861944 -0.1045868912972 -5.11380827767544 3.55288851935982 -0.1045868912972 -4.98462149803548 3.73727049487305 -0.1045868912972 -4.84062939597271 3.90987161889871 -0.1045868912972 -4.68270761047213 4.06964227641706 -0.1045868912972 -4.51181648914989 4.21561087652569 -0.1045868912972 -4.32899524822602 4.34688976083913 -0.1045868912972 -4.13535565288448 4.4626806014813 -0.1045868912972 -3.93207525645139 4.56227925584494 -0.1045868912972 -3.72039023950506 4.64508004859534 -0.1045868912972 -3.50158789246436 4.71057945487882 -0.1045868912972 -3.2769987873699 4.75837916233788 -0.1045868912972 -3.04798868646288 4.78818849331226 -0.1045868912972 -2.81595023676655 4.79982617249629 -0.1045868912972 -2.58229450117715 4.79322142930293 -0.1045868912972 -2.34844237756488 4.76841442823112 -0.1045868912972 -2.11581595806693 4.72555602461892 -0.1045868912972 -1.88582988111784 4.66490684726821 -0.1045868912972 -1.65988272880718 4.58683571351919 -0.1045868912972 -1.43934852187828 4.49181738641329 -0.1045868912972 -1.22556836408853 4.38042968758314 -0.1045868912972 -1.01984228674309 4.25334998342694 -0.1045868912972 -0.823421342996787 4.111351065935 -0.1045868912972 -0.6375 4.111351065935 -0.2 -0.6375 2.03376747467302 -0.2 -5.5408782602749 2.26611337197261 -0.2 -5.51356851185666 2.49562475936451 -0.2 -5.46823682968999 2.72090594142224 -0.2 -5.40515888297888 2.940586947274 -0.2 -5.32471825879821 3.1533318616145 -0.2 -5.22740412943938 3.35784694861944 -0.2 -5.11380827767544 3.55288851935982 -0.2 -4.98462149803548 3.73727049487305 -0.2 -4.84062939597271 3.90987161889871 -0.2 -4.68270761047213 4.06964227641706 -0.2 -4.51181648914989 4.21561087652569 -0.2 -4.32899524822602 4.34688976083913 -0.2 -4.13535565288448 4.4626806014813 -0.2 -3.93207525645139 4.56227925584494 -0.2 -3.72039023950506 4.64508004859534 -0.2 -3.50158789246436 4.71057945487882 -0.2 -3.2769987873699 4.75837916233788 -0.2 -3.04798868646288 4.78818849331226 -0.2 -2.81595023676655 4.79982617249629 -0.2 -2.58229450117715 4.79322142930293 -0.2 -2.34844237756488 4.76841442823112 -0.2 -2.11581595806693 4.72555602461892 -0.2 -1.88582988111784 4.66490684726821 -0.2 -1.65988272880718 4.58683571351919 -0.2 -1.43934852187828 4.49181738641329 -0.2 -1.22556836408853 4.38042968758314 -0.2 -1.01984228674309 4.25334998342694 -0.2 -0.823421342996787 6.28318530717959 0.8 6.28318530717959 0.8954131087028 6.20518374292206 0.8954131087028 6.12718217866453 0.8954131087028 6.049180614407 0.8954131087028 5.97117905014947 0.8954131087028 5.89317748589195 0.8954131087028 5.81517592163442 0.8954131087028 5.73717435737689 0.8954131087028 5.65917279311936 0.8954131087028 5.58117122886183 0.8954131087028 5.5031696646043 0.8954131087028 5.42516810034678 0.8954131087028 5.34716653608925 0.8954131087028 5.26916497183172 0.8954131087028 5.19116340757419 0.8954131087028 5.11316184331666 0.8954131087028 5.03516027905913 0.8954131087028 4.95715871480161 0.8954131087028 4.87915715054408 0.8954131087028 4.80115558628655 0.8954131087028 4.72315402202902 0.8954131087028 4.64515245777149 0.8954131087028 4.56715089351396 0.8954131087028 4.48914932925644 0.8954131087028 4.41114776499891 0.8954131087028 4.33314620074138 0.8954131087028 4.25514463648385 0.8954131087028 4.17714307222632 0.8954131087028 4.0991415079688 0.8954131087028 4.02113994371137 0.8954131087028 4.02113994371127 0.8 6.20518374292206 0.8 6.12718217866453 0.8 6.049180614407 0.8 5.97117905014947 0.8 5.89317748589195 0.8 5.81517592163442 0.8 5.73717435737689 0.8 5.65917279311936 0.8 5.58117122886183 0.8 5.5031696646043 0.8 5.42516810034678 0.8 5.34716653608925 0.8 5.26916497183172 0.8 5.19116340757419 0.8 5.11316184331666 0.8 5.03516027905913 0.8 4.95715871480161 0.8 4.87915715054408 0.8 4.80115558628655 0.8 4.72315402202902 0.8 4.64515245777149 0.8 4.56715089351396 0.8 4.48914932925644 0.8 4.41114776499891 0.8 4.33314620074138 0.8 4.25514463648385 0.8 4.17714307222632 0.8 4.0991415079688 0.8 31 32 60 30 31 60 29 60 59 29 30 60 28 59 58 28 29 59 27 58 57 27 28 58 26 57 56 26 27 57 25 56 55 25 26 56 24 55 54 24 25 55 23 54 53 23 24 54 22 23 53 22 53 52 21 22 52 21 52 51 20 21 51 20 51 50 19 20 50 19 50 49 18 19 49 18 49 48 17 18 48 17 48 47 16 17 47 16 47 46 15 16 46 15 46 45 14 15 45 14 45 44 13 14 44 13 44 43 12 42 41 12 43 42 12 13 43 11 12 41 10 41 40 10 11 41 9 40 39 9 10 40 8 39 38 8 9 39 7 38 37 7 8 38 6 37 36 6 7 37 5 36 35 5 6 36 4 34 33 4 35 34 4 5 35 3 4 33 2 33 1 2 3 33 
6 4 1 0 2.90096505326906e-07
1.314880299606 -0.1999788063144 -5.549999419723 1.8 -0.2 -5.55 1.8 -0.1045868912972 -5.55 1.325881435939 -0.1045868912972 -5.55 1.31931204322911 -0.168272792187654 -5.55 1.32298001082858 -0.136469377326981 -5.55 1.31487965838326 -0.199978708791487 1.799999999996 -0.2 1.8 -0.1045868912972 1.32588143593942 -0.104586891297233 1.31931204322911 -0.168272792187654 1.32298001082858 -0.136469377326981 2 5 1 2 6 5 3 4 6 3 6 2 
103 158 1 0 0.000129741125445645
1.314880299606 -0.1999788063144 -5.549999419723 1.31931204322911 -0.168272792187654 -5.55 1.32298001082858 -0.136469377326981 -5.55 1.325881435939 -0.1045868912972 -5.55 1.19543363771 -0.1045868912972 -5.68 1.1958778245674 -0.104587463182384 -5.66970455172432 1.19707286761789 -0.104587198386713 -5.65959161398636 1.19904225642153 -0.10458693977236 -5.64965059948604 1.20180244123215 -0.104586808740007 -5.63987676298969 1.20533955131085 -0.104586803391897 -5.63031707586167 1.20962393879929 -0.104586857673598 -5.62104541950023 1.21462573512817 -0.104586905860383 -5.6121356190388 1.22031169423106 -0.104586917076611 -5.60365012979828 1.22664414701417 -0.104586906083525 -5.5956365176742 1.23358512509924 -0.104586890729119 -5.58814134123189 1.24109577111128 -0.104586884524122 -5.58120990319636 1.24913414475285 -0.10458688593821 -5.57488315120521 1.25765763788744 -0.104586890182784 -5.56920108947383 1.26662119234771 -0.104586892815372 -5.56420290117268 1.27595432072707 -0.104586892985964 -5.55991924772293 1.28557147158877 -0.10458689197269 -5.55637574234564 1.29538770825046 -0.104586891069169 -5.55359780279285 1.30536166348783 -0.104586890905638 -5.55160390200888 1.31551670058451 -0.104586891126756 -5.55040219513857 1.186354297877 -0.1804510720084 -5.680000000008 1.18991760106564 -0.155229194013862 -5.68 1.19294438000619 -0.129937316470897 -5.68 1.1867508569627 -0.180511390439954 -5.66980028523437 1.18793699087429 -0.18069180798958 -5.65966345550117 1.18990575354649 -0.180991267716379 -5.64965200812326 1.19264500682569 -0.181407923339835 -5.63982766739464 1.19613786219733 -0.181939206023173 -5.63025100402729 1.20036278490987 -0.18258184021119 -5.62098106171023 1.20529372674451 -0.183331863825269 -5.61207499308317 1.21090028661218 -0.184184652691069 -5.6035877073693 1.2171478979875 -0.18513494904828 -5.5955715318395 1.22399804202432 -0.186176893966664 -5.58807588919527 1.23140848503867 -0.187304063468542 -5.58114699285938 1.23933353889513 -0.188509508135002 -5.57482756205302 1.2477243426912 -0.18978579595165 -5.56915655841582 1.25652916400289 -0.191125058129741 -5.56416894579294 1.26569371783432 -0.192519037620186 -5.55989547466994 1.27516150130497 -0.19395914002133 -5.5563624925846 1.28487414201086 -0.195436486566629 -5.55359178168457 1.29477175791217 -0.196941968865549 -5.55160042443234 1.30479332652824 -0.198466305060179 -5.55040069828549 1.30871196539898 -0.170726362399589 -5.55040069828549 1.29866029936631 -0.169415085034375 -5.55160042443234 1.28873295831114 -0.168120026326682 -5.55359178168457 1.31204092012035 -0.14290949277917 -5.55040069828549 1.27899114798073 -0.166849170794777 -5.5563624925846 1.30196368578696 -0.141811865086986 -5.55160042443234 1.26949493025649 -0.165610353735349 -5.55989547466994 1.29201109267499 -0.140727813506233 -5.55359178168457 1.26030285285013 -0.164411212915999 -5.56416894579294 1.31477869065097 -0.115028230477438 -5.55040069828549 1.28224450222003 -0.139664021617813 -5.5563624925846 1.25147158833527 -0.163259141485559 -5.56915655841582 1.30468042865391 -0.114144747031381 -5.55160042443234 1.27272412908218 -0.138627048094095 -5.55989547466994 1.24305558473993 -0.162161242392586 -5.57482756205302 1.29470706796091 -0.113272191033488 -5.55359178168457 1.26350866990024 -0.137623286262263 -5.56416894579294 1.23510672985424 -0.161124284593043 -5.58114699285938 1.28492009804741 -0.112415942115788 -5.5563624925846 1.25465494140516 -0.136658924687077 -5.56915655841582 1.22767403132291 -0.160154661317168 -5.58807588919527 1.27537985922045 -0.111581279371098 -5.55989547466994 1.24621753012375 -0.135739909016069 -5.57482756205302 1.22080331449487 -0.159258350652834 -5.5955715318395 1.26614517059819 -0.110773348805458 -5.56416894579294 1.2382484558325 -0.13487190532242 -5.58114699285938 1.21453693989299 -0.158440878688416 -5.6035877073693 1.25727296746822 -0.109997131611086 -5.56915655841582 1.23079685083624 -0.13406026517151 -5.58807588919527 1.20891354204572 -0.157707285442405 -5.61207499308317 1.24881795026035 -0.109257413455481 -5.57482756205302 1.2239086570493 -0.133309992626531 -5.5955715318395 1.2039677912908 -0.157062093789813 -5.62098106171023 1.24083224729813 -0.108558754976001 -5.58114699285938 1.21762634274651 -0.132625713396575 -5.6035877073693 1.19973018001983 -0.156509281576978 -5.63025100402729 1.23336509340835 -0.107905463661842 -5.58807588919527 1.21198864073047 -0.132011646317418 -5.61207499308317 1.19622683468127 -0.156052257096652 -5.63982766739464 1.22646252637004 -0.107301567296762 -5.5955715318395 1.20703030952947 -0.131471577340833 -5.62098106171023 1.1934798276839 -0.155693899776978 -5.64965002139074 1.22016710307446 -0.106750789126301 -5.6035877073693 1.20278191909821 -0.131008836192787 -5.63025100402729 1.19151649825234 -0.155437776121885 -5.65958834382764 1.21451763714602 -0.106256524902588 -5.61207499308317 1.19926966234268 -0.130626275844444 -5.63982766739464 1.19032270254126 -0.155282041013939 -5.66970184802007 1.20954895964192 -0.105821821948262 -5.62098106171023 1.196515667817 -0.130326306571576 -5.64965002139074 1.20529170430564 -0.105449360368603 -5.63025100402729 1.19454734428823 -0.130111913778784 -5.65958834382764 1.20177211869864 -0.105141436527681 -5.63982766739464 1.19335051193351 -0.129981552978193 -5.66970184802007 1.19901237754956 -0.10489999046287 -5.64965002139074 1.19703994681798 -0.104727425134267 -5.65958834382764 1.19584061709271 -0.104622497379476 -5.66970184802007 3.01081782528106 1.57079133895572 3.03490545130848 1.5707963267949 3.0589768851473 1.5707963267949 3.08304831898612 1.57079632679814 3.07449988799725 3.14159265358979 3.07453166270437 3.06229301428419 3.07461852849653 2.9839275107134 3.07476115735692 2.90595673954752 3.07496008804591 2.8278343885606 3.07521355637358 2.74944196275864 3.07551855385564 2.67090617844767 3.07587193253426 2.59235720251318 3.07627019085171 2.51385336622938 3.07670943572434 2.43537528738733 3.07718574974555 2.35690467724416 3.07769518907208 2.27841830421024 3.07823367771877 2.19988179673998 3.07879719410857 2.12125374838935 3.07938168179451 2.04249189020735 3.07998160155214 1.96369023624601 3.08059072729727 1.88505270246529 3.08120319736442 1.80679392496674 3.08181612878553 1.72878216382827 3.08243070203107 1.6503546111162 3.01081782528106 3.14159265358979 3.03204517928895 3.14159265358979 3.0532725336431 3.14159265358979 3.01081782528106 3.06305258785809 3.01081782528106 2.98451252212638 3.01081782528106 2.90597245639468 3.01081782528106 2.82743239066298 3.01081782528106 2.74889232493127 3.01081782528106 2.67035225919957 3.01081782528106 2.59181219346787 3.01081782528106 2.51327212773616 3.01081782528106 2.43473206200446 3.01081782528106 2.35619199627275 3.01081782528106 2.27765193054105 3.01081782528106 2.19911186480935 3.01081782528106 2.12057179907764 3.01081782528106 2.04203173334594 3.01081782528106 1.96349166761424 3.01081782528106 1.88495160188253 3.01081782528106 1.80641153615083 3.01081782528106 1.72787147041913 3.01081782528106 1.64933140468742 3.03204517928895 1.64933140468742 3.03204517928895 1.72787147041913 3.03204517928895 1.80641153615083 3.0532725336431 1.64933140468742 3.03204517928895 1.88495160188253 3.0532725336431 1.72787147041913 3.03204517928895 1.96349166761424 3.0532725336431 1.80641153615083 3.03204517928895 2.04203173334594 3.07449988799725 1.64933140468742 3.0532725336431 1.88495160188253 3.03204517928895 2.12057179907764 3.07449988799725 1.72787147041913 3.0532725336431 1.96349166761424 3.03204517928895 2.19911186480935 3.07449988799725 1.80641153615083 3.0532725336431 2.04203173334594 3.03204517928895 2.27765193054105 3.07449988799725 1.88495160188253 3.0532725336431 2.12057179907764 3.03204517928895 2.35619199627275 3.07449988799725 1.96349166761424 3.0532725336431 2.19911186480935 3.03204517928895 2.43473206200446 3.07449988799725 2.04203173334594 3.0532725336431 2.27765193054105 3.03204517928895 2.51327212773616 3.07449988799725 2.12057179907764 3.0532725336431 2.35619199627275 3.03204517928895 2.59181219346787 3.07449988799725 2.19911186480935 3.0532725336431 2.43473206200446 3.03204517928895 2.67035225919957 3.07449988799725 2.27765193054105 3.0532725336431 2.51327212773616 3.03204517928895 2.74889232493127 3.07449988799725 2.35619199627275 3.0532725336431 2.59181219346787 3.03204517928895 2.82743239066298 3.07449988799725 2.43473206200446 3.0532725336431 2.67035225919957 3.03204517928895 2.90595673954752 3.07449988799725 2.51327212773616 3.0532725336431 2.74889232493127 3.03204517928895 2.9839275107134 3.07449988799725 2.59181219346787 3.0532725336431 2.82743239066298 3.03204517928895 3.06229301428419 3.07449988799725 2.67035225919957 3.0532725336431 2.90595673954752 3.07449988799725 2.74889232493127 3.0532725336431 2.9839275107134 3.07449988799725 2.82743239066298 3.0532725336431 3.06229301428419 3.07449988799725 2.90595673954752 3.07449988799725 2.9839275107134 3.07449988799725 3.06229301428419 26 25 28 47 1 2 47 45 46 47 46 1 48 45 47 49 44 45 49 45 48 50 2 3 50 47 2 51 43 44 51 44 49 52 47 50 52 48 47 53 41 42 53 42 43 53 43 51 54 48 52 54 49 48 55 41 53 56 3 4 56 24 23 56 4 24 56 50 3 57 51 49 57 49 54 58 41 55 58 40 41 59 23 22 59 52 50 59 50 56 59 56 23 60 51 57 60 53 51 61 39 40 61 40 58 62 54 52 62 52 59 62 22 21 62 59 22 63 53 60 63 55 53 64 37 38 64 38 39 64 39 61 65 21 20 65 54 62 65 57 54 65 62 21 66 55 63 66 58 55 67 37 64 68 20 19 68 57 65 68 60 57 68 65 20 69 58 66 69 61 58 70 36 37 70 37 67 71 63 60 71 19 18 71 68 19 71 60 68 72 64 61 72 61 69 73 35 36 73 36 70 74 18 17 74 66 63 74 63 71 74 71 18 75 67 64 75 64 72 76 34 35 76 35 73 77 66 74 77 17 16 77 74 17 77 69 66 78 70 67 78 67 75 79 33 34 79 34 76 80 16 15 80 72 69 80 77 16 80 69 77 81 73 70 81 70 78 82 32 33 82 33 79 83 15 14 83 72 80 83 80 15 83 75 72 84 76 73 84 73 81 85 31 32 85 32 82 86 83 14 86 78 75 86 75 83 87 76 84 87 79 76 88 31 85 88 30 31 89 78 86 89 14 13 89 81 78 89 86 14 90 79 87 90 82 79 91 30 88 91 29 30 92 84 81 92 13 12 92 89 13 92 81 89 93 85 82 93 82 90 94 26 28 94 29 91 94 28 29 95 87 84 95 12 11 95 92 12 95 84 92 96 85 93 96 88 85 97 11 10 97 90 87 97 95 11 97 87 95 98 91 88 98 88 96 99 10 9 99 97 10 99 93 90 99 90 97 100 27 26 100 91 98 100 94 91 100 26 94 101 8 7 101 9 8 101 99 9 101 96 93 101 93 99 102 7 6 102 101 7 102 98 96 102 96 101 103 6 5 103 5 27 103 27 100 103 102 6 103 100 98 103 98 102 
58 69 1 0 0.0017829083848305
1.19543363771 -0.1045868912972 -5.68 1.19859721202786 -0.0580067760719428 -5.68103698081085 1.19964993994854 -0.0289704327423717 -5.68068837342549 1.199999641297 -1.368122749134e-11 -5.680019802646 1.19585160759221 -0.104587484340012 -5.67092908883004 1.1970502089443 -0.10458723419803 -5.66126110107496 1.19902768796552 -0.104586972355171 -5.65164058973953 1.20181618266065 -0.10458681897789 -5.64193912360027 1.20539438708883 -0.104586798826426 -5.63230170198369 1.20970228593962 -0.104586848796537 -5.62294504142162 1.21470181556056 -0.104586901572378 -5.61399720724075 1.22035585971578 -0.104586917263717 -5.60554792911447 1.22662910361151 -0.104586908128077 -5.59761404433087 1.23348643414333 -0.104586892261442 -5.59020422915065 1.24089573835185 -0.104586884742425 -5.58333129495364 1.24844890118115 -0.104586885343288 -5.57731601904519 1.25689107691519 -0.104586889492198 -5.57159404223586 1.26366305746995 -0.104586892170748 -5.56766942732758 1.27295137257938 -0.104586893272363 -5.56311878758476 1.28256638881152 -0.104586892592448 -5.55929352324901 1.29237128615247 -0.104586891329785 -5.55623835233758 1.30225712881002 -0.104586890471563 -5.55398873556116 1.3123012322704 -0.104586890081834 -5.55253302373688 1.31914074093463 -0.104586889992612 -5.55200165534729 1.32605844899 -0.1045868899757 -5.551825722475 1.33 -0.002268811550432 -5.550039676 1.20040007755831 -0.000178011004296435 -5.66982164229048 1.20159985472085 -0.000354923046498053 -5.65968635741785 1.20359126265574 -0.000529646854236782 -5.64967643591029 1.20636202358138 -0.000701105189285205 -5.63985359271232 1.20989505471077 -0.000868240946287656 -5.63027838936005 1.2141685735734 -0.00103002367021376 -5.62100986059651 1.21915623231236 -0.00118545590950265 -5.61210515040008 1.22482728012885 -0.00133357936572836 -5.60361915967039 1.23114675287243 -0.00147348080187136 -5.59560420774346 1.23807568860824 -0.00160429767276945 -5.58810970982332 1.24557136783202 -0.00172522344303431 -5.58118187231858 1.25358757685196 -0.00183551255964662 -5.5748634079625 1.26207489271359 -0.00193448504857182 -5.56919327247285 1.27098098791094 -0.00202153070705669 -5.56420642437523 1.28025095300535 -0.00209611286575969 -5.55993360947053 1.28982763516288 -0.00215777169752003 -5.55640117127549 1.29965199052315 -0.00220612705236563 -5.55363088860497 1.30966344822697 -0.00224088080128127 -5.55163984129733 1.31980028385859 -0.00226181867428643 -5.55044030491078 1.21450902286757 -0.0718167600386556 -5.61775588576384 1.21608414654208 -0.036475080204566 -5.61708142432664 1.26427270109321 -0.0755835667287531 -5.56793296483408 1.26593629720996 -0.0387944821158867 -5.56725847687664 1.20312267570912 -0.0472247397680223 -5.64872177389531 1.20354945992367 -0.0326397433853846 -5.6486668127153 1.23594979526458 -0.0735600083948837 -5.58939686177677 1.23688872918438 -0.0555825846362554 -5.5890597314614 1.23756653120531 -0.0375948132124927 -5.58872238524434 1.28312297296951 -0.0899034490112214 -5.55919890098588 1.28429426548729 -0.0712381415984932 -5.55886198247878 1.28935509485202 -0.071141033459497 -5.55716772878557 1.28770935392952 -0.0208648460825529 -5.55738933912983 0.0790371026952102 0.966785624709987 0.0758461163490195 0.978978718898727 0.0738517498826504 0.98659940276669 0.0718573834291995 0.994220086252523 0.122743161828838 0.966836109620597 0.165999329649272 0.966907418341407 0.208557843037468 0.966995972163709 0.25136747583502 0.967102789073954 0.294151483870347 0.967226394264113 0.336337955741817 0.967364115524603 0.377774293115598 0.967514168509917 0.418475882227152 0.967674955721549 0.458708330447451 0.967845241425151 0.49873498920171 0.968023842320874 0.538790000368692 0.968209641571263 0.577157418946144 0.968392469164119 0.617908818231256 0.968589893257585 0.649420086733897 0.968743498872826 0.691499480992861 0.968947979057248 0.734223765371649 0.969152791863476 0.777386774154458 0.969354963170983 0.820897642968299 0.969552270519728 0.865518960043346 0.969746260622607 0.896374686944565 0.969874776673448 0.928142674224745 0.9700019352666 0.927322419333329 0.994220086560857 0.118642315700841 0.994220086247793 0.164088777893984 0.994220086245664 0.208388345535047 0.994220086246147 0.251715594703061 0.994220086249225 0.294231901284475 0.99422008625486 0.336087633575921 0.994220086262985 0.377424521096166 0.994220086273514 0.418377619797843 0.994220086286338 0.459077135092451 0.994220086301329 0.499650102586414 0.994220086318341 0.540221986562629 0.994220086337217 0.580918237914398 0.994220086357786 0.621865851734349 0.994220086379867 0.663194964719681 0.994220086403273 0.70504053406439 0.994220086427815 0.747544157747154 0.994220086453299 0.790856036159475 0.994220086479534 0.83513733564803 0.994220086506328 0.880562376074357 0.994220086533496 0.357285813694381 0.975930445326944 0.357285813694381 0.9850752659439 0.642714243959563 0.975930445326944 0.642714243959563 0.9850752659439 0.2165659650217 0.982026992421314 0.215568781788516 0.985837334355295 0.500000028826972 0.975930445326944 0.500000028826972 0.980502855635422 0.500000028826972 0.9850752659439 0.731805943463931 0.972741357923336 0.731805943463931 0.977313768231814 0.754116602001455 0.977410763283254 0.738925789803797 0.989647676225114 2 1 5 2 5 6 27 4 3 28 27 3 46 8 9 46 9 10 46 10 11 46 11 12 47 32 31 47 33 32 47 34 33 48 16 17 48 17 18 48 18 19 49 39 38 49 40 39 50 3 2 50 6 7 50 7 8 50 46 47 50 8 46 50 2 6 51 29 28 51 30 29 51 31 30 51 3 50 51 50 47 51 28 3 51 47 31 52 12 13 52 13 14 52 14 15 52 15 16 52 16 48 52 46 12 53 48 49 53 47 46 53 52 48 53 46 52 54 34 47 54 49 38 54 35 34 54 36 35 54 37 36 54 38 37 54 53 49 54 47 53 55 19 20 55 20 21 55 21 22 55 48 19 56 49 48 56 48 55 57 22 23 57 23 24 57 24 25 57 25 26 57 49 56 57 26 45 57 56 55 57 55 22 58 49 57 58 41 40 58 42 41 58 43 42 58 44 43 58 45 44 58 57 45 58 40 49 
143 141 1 0 3.18442978563317e-07
-4.754578469241 7.084386020623 -5.426341582033 -4.7825946443248 7.10841044296182 -5.42592223418143 -4.80812314987142 7.13371364589807 -5.42548056513145 -4.83126882644916 7.16024173638741 -5.42501751558966 -4.85213651462633 7.18794082138552 -5.42453402626263 -4.87083105497126 7.21675700784808 -5.42403103785696 -4.88745728805225 7.24663640273075 -5.42350949107925 -4.90208512517139 7.27754306829529 -5.42297001322505 -4.91464476056589 7.30951288802774 -5.42241197794582 -4.92503145920672 7.34259970072022 -5.42183444548197 -4.93314048606486 7.37685734516484 -5.42123647607394 -4.93886710611129 7.41233966015373 -5.42061712996214 -4.942106584317 7.449100484479 -5.419975467387 -3.280793796801 5.908824419775 -5.446861086103 -1.417686829362 2.435778713738 -5.507483324401 -1.46221126276388 2.79527209104134 -5.50120834415908 -1.53070120013001 3.14191253941999 -5.4951577126259 -1.61881875018419 3.46734157036197 -5.48947732776124 -1.7236888782071 3.77339889171512 -5.48413507734523 -1.84702883928107 4.06955066500158 -5.47896572891389 -1.98851305247348 4.35597150238863 -5.47396623460047 -2.14791600775068 4.63278234706355 -5.46913448333377 -2.32544629980619 4.89987132769766 -5.46447242783514 -2.52143020718957 5.15706345798501 -5.45998312250194 -2.73630467589708 5.40412439960984 -5.4556706577247 -2.97112956652569 5.64048573920013 -5.4515449551956 -3.12200902545855 5.77677492680393 -5.44916601857682 -1.245256342889 0.4648892357749 -5.541885442977 -0.9306885659674 0.9478457648194 -5.533455374066 -0.99712907060184 0.877867705158543 -5.53467681828494 -1.05830748634801 0.803262944597916 -5.53597897272918 -1.11408912957883 0.724163931068867 -5.5373596715645 -1.16407402986569 0.641015665623039 -5.53881103018864 -1.20785390684206 0.554508515260137 -5.5403210296248 -0.9250185107063 0.9575218350093 -5.5332863942 -0.927199812168576 0.952313389971639 -5.53337729749831 -0.6026607331687 2.160574279763 -5.512286794075 0.6026609528851 2.160574756012 -5.512286670802 0.589307845909617 2.20405810021915 -5.51152742868941 0.578460390419879 2.2329057089301 -5.51102430344138 0.565791552687853 2.26202749504874 -5.51051628102461 0.553134617489275 2.28768096057018 -5.51006853444099 0.539032496724726 2.31325119475129 -5.50962212693887 0.5234940191259 2.33853598923248 -5.5091806909057 0.506537919634373 2.36335353385525 -5.5087474681184 0.488206866271657 2.38757129984947 -5.50832475665153 0.468547069574842 2.41106405295481 -5.50791471489513 0.447608840356986 2.43370746255655 -5.50751948791124 0.425478345196759 2.45538510016774 -5.50714110421229 0.402260284108956 2.47598462182115 -5.50678153206753 0.378059448858768 2.49539415006686 -5.50644273164192 0.352976590045625 2.51352928982257 -5.50612617997269 0.327106060206029 2.53034915669771 -5.50583258919857 0.30054164550933 2.54581671794036 -5.5055626037482 0.273369491916526 2.55989933397934 -5.50531679167438 0.245634699233978 2.57258796710986 -5.50509531070937 0.21736864257342 2.583881471436 -5.50489818138563 0.188602984939807 2.59377834385931 -5.50472543045863 0.159376959139167 2.60226785379639 -5.50457724543556 0.129737793603146 2.60932952410448 -5.50445398361812 0.0997331010800964 2.61494241111801 -5.50435601043528 0.06942029798944 2.61908682625361 -5.50428366944555 0.038889985585772 2.62174732930551 -5.50423723017733 0.00823977972361956 2.62290937808862 -5.50421694651049 -0.0224328144588644 2.62255974949631 -5.50422304929692 -0.0530317518180608 2.62070261484388 -5.5042554657223 -0.0834620183332121 2.61735443027758 -5.50431390850772 -0.113628702337367 2.61253191476915 -5.5043980857862 -0.143452102068278 2.60625264903297 -5.50450769068855 -0.172885565130792 2.5985360862507 -5.50464238374762 -0.201886776766646 2.58940192536007 -5.50480182121786 -0.230414540969696 2.57886794040369 -5.50498569291507 -0.258436304597288 2.56693703474312 -5.5051939479316 -0.285923539854904 2.55360518583298 -5.5054266561159 -0.31284711717125 2.53886872501893 -5.50568388115226 -0.339147372917446 2.52274318484238 -5.50596535224182 -0.364720916653301 2.50527159524039 -5.50627031958344 -0.389460988002076 2.48649910531846 -5.50659799646029 -0.413260544580294 2.46648223904331 -5.50694739671367 -0.436011192547571 2.44533203196899 -5.50731657840252 -0.457604133701718 2.42317582975412 -5.50770331361156 -0.477932119729033 2.40014128316878 -5.50810536965315 -0.496920904385647 2.37636247610709 -5.50852041333704 -0.514527836637479 2.35197965134675 -5.50894601525474 -0.530711539626983 2.32713331012936 -5.50937974192705 -0.545439814830796 2.30198183447689 -5.50981882822874 -0.558708259585734 2.27673775694236 -5.5102595046706 -0.574130122130259 2.2433199295493 -5.51084270428247 -0.588451441886496 2.20650879351972 -5.51148487449989 -0.596087224097276 2.18339289240371 -5.51188825789609 0.9250185094293 0.9575218369251 -5.533286394166 0.9306885644288 0.9478457662705 -5.533455372132 0.927199810227202 0.952313391778976 -5.53337729770572 1.33 -0.002268811550432 -5.550039676 1.32721930690758 0.0838551238634887 -5.5485364444211 1.31879222951867 0.170031727442318 -5.54703208515783 1.30460119350115 0.256343225645596 -5.54552547742698 1.2846132773265 0.34221474205275 -5.544026619458 1.25883854618204 0.426950850304531 -5.54254755305471 1.23848722639025 0.482551059197679 -5.54157704193267 1.2156432649466 0.53727388422767 -5.5406218495616 1.18541379095857 0.600795280209629 -5.53951308337587 1.15732431557338 0.653093216498383 -5.53860021826186 1.12694545291878 0.704047076674978 -5.53771080237325 1.09437286924055 0.753524573505729 -5.53684715667331 1.05971749061187 0.801402278575376 -5.53601145909736 1.0230825295759 0.84756571646053 -5.53520572657438 0.984484886847629 0.891996395001225 -5.53443024734355 0.958023881043455 0.920280912508842 -5.53393655130754 1.32605844899 -0.1045868899757 -5.551825722475 1.800051228812 -0.1045868912972 -5.551825570541 1.799984228649 2.708758404 -5.502718350243 1.68846897565492 2.7136231447721 -5.50263319817158 1.57695063201089 2.72690815603567 -5.50240171588184 1.46559912472163 2.74874793503953 -5.5020204808216 1.3556310338451 2.77911198304577 -5.50149039192535 1.24810284847637 2.81783839727803 -5.50081444295909 1.14383809493329 2.86464510778004 -5.49999744072929 1.04365402015172 2.91910667132711 -5.49904680287795 0.948235670931786 2.98079261551476 -5.4979700705122 0.857890864307776 3.04942044242944 -5.49677216764745 0.772896262045899 3.12476726938349 -5.49545698288245 0.693593582687853 3.20662903641578 -5.49402808829829 0.620531521770193 3.29451312204253 -5.49249406088251 0.554356337235735 3.38773555971223 -5.49086682539235 0.495567522635609 3.48558116512997 -5.48915898332214 0.444596718375388 3.5871573359263 -5.48738604628722 0.401809280749559 3.6912589681212 -5.48556857408066 0.379866479066364 3.75541319014495 -5.48444854606897 0.3608746167128 3.82040438851 -5.483314445099 0.203649423764835 4.32887009266021 -5.47443927117053 0.00829288378569523 4.82374774406843 -5.46580118131895 -0.224160514788369 5.30251946463945 -5.45744417397736 -0.492291515768555 5.76216050787177 -5.44942111563873 -0.794579441463748 6.20011618441309 -5.44177656906359 -1.12925675120836 6.6138201743874 -5.43455533950458 -1.49441866164023 7.00090995719772 -5.42779866213754 -1.88795192004313 7.35914120978056 -5.42154571236127 -2.15884896044597 7.57627774370904 -5.41775558007518 -2.44059816612 7.779968218772 -5.414200149602 -4.961438079133 9.508823292486 -5.384022722956 -5.053645990791 9.577399141414 -5.382825413912 -4.946287489236 7.528876902721 -5.418582964826 0.480479976873999 7.08546517128782 0.452463801790198 7.1094932532199 0.426935296243583 7.13480031054354 0.403789619665843 7.16133244200502 0.382921931488666 7.18903574635056 0.364227391143739 7.21785632232644 0.34760115806275 7.24774026867889 0.332973320943607 7.27865164219534 0.320413685549111 7.31062633182789 0.310026986908281 7.34371818456983 0.301917960050139 7.37798104741442 0.296191340003705 7.41346876735494 0.292951861798219 7.45023519138468 1.954264649314 5.90972449944067 3.81737161675271 2.43614975114483 3.77284718335112 2.79569788937115 3.70435724598499 3.14239114081124 3.61623969593081 3.46786974372094 3.5113695679079 3.77397368618717 3.38802960683393 4.07017057169396 3.24654539364152 4.3566350390069 3.08714243836432 4.63348804973633 2.90961214630881 4.9006177155124 2.71362823892543 5.15784902337387 2.49875377021792 5.40494759930867 2.26392887958931 5.64134494335947 2.11304942065645 5.77765489162863 3.989802103226 0.464960049439774 4.3043698801476 0.947990146854577 4.23792937551316 0.878001428050204 4.17675095976699 0.803385304427361 4.12096931653617 0.724274241543955 4.07098441624932 0.641113310281098 4.02720453927294 0.554592982252323 4.3100399354088 0.957667692437371 4.30785863394642 0.952458454189858 4.6323977129463 2.16090340003307 5.83771939900007 2.16090387836099 5.82436629202462 2.20439385044609 5.81351883653488 2.23324584627282 5.80084999880285 2.26237206321608 5.78819306360427 2.28802943584583 5.77409094283973 2.31360356644158 5.7585524652409 2.33889221404717 5.74159636574937 2.36371353961785 5.72326531238666 2.38793499446133 5.70360551568984 2.41143132572198 5.68266728647198 2.43407818428471 5.66053679131176 2.4557591239928 5.63731873022395 2.4763617836385 5.61311789497377 2.49577426860177 5.58803503616063 2.51391217087625 5.56216450632103 2.53073459986971 5.53560009162433 2.54620451722367 5.50842793803153 2.56028927842425 5.48069314534898 2.5729798443903 5.45242708868842 2.58427506904211 5.42366143105481 2.59417344904321 5.39443540525417 2.60266425217205 5.36479623971815 2.60972699816888 5.3347915471951 2.61534074018034 5.30447874410444 2.6194857866258 5.27394843170077 2.62214669494718 5.24329822583862 2.62330892074343 5.21262563165614 2.62295923889294 5.18202669429694 2.62110182134648 5.15159642778179 2.61775312675766 5.12142974377763 2.61292987664563 5.09160634404672 2.60664965440273 5.06217288098421 2.59893191617233 5.03317166934835 2.58979636389112 5.0046439051453 2.57926077430808 4.97662214151771 2.56732805123104 4.9491349062601 2.55399417150825 4.92221132894375 2.53925546593268 4.89591107319755 2.52312746940615 4.8703375294617 2.50565321839788 4.84559745811292 2.48687786886705 4.82179790153471 2.46685795338237 4.79904725356743 2.44570452447814 4.77745431241328 2.42354494730014 4.75712632638597 2.40050689214236 4.73813754172935 2.3767244631971 4.72053060947752 2.35233792428143 4.70434690648802 2.32748779770799 4.6896186312842 2.30233248963448 4.67635018652927 2.27708456603086 4.66092832398474 2.24366165009811 4.6466070042285 2.20684491316721 4.63897122201772 2.18372549270393 6.1600769555443 0.957667694353523 6.1657470105438 0.947990148339209 6.1622582563422 0.9524584559933 6.565058446115 -0.00226915844112143 6.56227775302258 0.0838678948887693 6.55385067563367 0.170057628042758 6.53965963961615 0.256382274517261 6.5196717234415 0.342266870955005 6.49389699229704 0.427015886755089 6.47354567250525 0.48262456522167 6.4507017110616 0.537355726105839 6.42047223707357 0.600886798109634 6.39238276168838 0.653192700862373 6.36200389903378 0.704154322966842 6.32943131535555 0.75363935683095 6.29477593672687 0.801524354827967 6.2581409756909 0.847694823769404 6.21954333296263 0.892132269281273 6.19308232715845 0.920421095103752 6.56111689510498 -0.104602824136546 7.035109674927 -0.104602822806139 7.035042674764 2.70917102554349 6.92352742176992 2.71403651150057 6.81200907812589 2.72732353931558 6.70065757083663 2.74916664548453 6.5906894799601 2.77953532022605 6.48316129459137 2.81826763317394 6.37889654104829 2.8650814734422 6.27871246626672 2.91955133314751 6.18329411704679 2.98124667383795 6.09294931042278 3.04988495468985 6.0079547081609 3.12524325909627 5.92865202880285 3.20711749583396 5.85558996788519 3.29501496875874 5.78941478335073 3.3882516073748 5.73062596875061 3.48611211638685 5.67965516449039 3.58770375865809 5.63686772686456 3.69182125493382 5.61492492518136 3.7559852531429 5.5959330628278 3.82098634582471 5.43870786987983 4.32952950132797 5.24335132990069 4.82448253592783 5.01089793132663 5.30332718713554 4.74276693034644 5.76303824648565 4.44047900465125 6.20106063599001 4.10580169490664 6.61482764467607 3.74063978447477 7.00197639211713 3.34710652607187 7.360262213366 3.07620948566903 7.57743182327774 2.794460279995 7.78115332611243 0.273620366982 9.51027175553986 0.181412455324 9.57885805595798 0.288770956879 7.53002376181242 35 30 29 35 29 36 15 31 30 15 32 31 15 33 32 15 34 33 15 28 34 15 30 35 37 15 35 90 15 37 89 15 90 88 15 89 111 94 110 111 95 94 111 96 95 111 97 96 111 98 97 111 99 98 87 15 88 100 99 111 101 100 111 86 15 87 102 101 111 85 15 86 84 15 85 84 16 15 83 16 84 91 92 109 91 93 92 82 16 83 81 16 82 80 16 81 79 16 80 78 16 79 77 17 16 77 16 78 76 17 77 75 17 76 74 17 75 73 17 74 5 3 2 5 4 3 6 2 1 6 5 2 72 17 73 7 6 1 11 10 9 12 9 8 12 11 9 13 8 7 13 12 8 13 7 1 143 13 1 122 53 52 122 54 53 122 55 54 123 56 55 123 57 56 123 58 57 123 55 122 121 122 52 121 50 49 121 51 50 121 52 51 124 58 123 124 59 58 124 60 59 120 47 46 120 48 47 120 49 48 120 121 49 125 60 124 125 61 60 125 62 61 125 63 62 119 120 46 119 44 43 119 45 44 119 46 45 126 64 63 126 65 64 126 66 65 126 63 125 118 119 43 118 41 40 118 42 41 118 43 42 127 66 126 127 67 66 127 68 67 117 39 38 117 40 39 117 118 40 128 68 127 128 69 68 128 70 69 116 117 38 129 71 70 129 72 71 129 70 128 130 18 17 130 17 72 130 72 129 115 116 38 114 115 38 114 38 91 113 114 91 112 103 102 112 104 103 112 105 104 112 106 105 112 107 106 112 108 107 112 109 108 112 91 109 112 102 111 112 113 91 131 19 18 131 18 130 141 142 143 132 20 19 132 19 131 133 21 20 133 22 21 133 20 132 134 23 22 134 22 133 140 1 14 140 141 143 140 143 1 135 23 134 135 24 23 139 140 14 138 139 14 138 27 26 138 14 27 136 24 135 136 25 24 137 26 25 137 138 26 137 25 136 
103 143 1 0 0.00854205949419696
4.112835916205 -0.1045868912972 -0.6364308625515 4.25491016548668 -0.1045868912972 -0.822466255621162 4.38205648663216 -0.1045868912972 -1.01900651261405 4.49350171440652 -0.1045868912972 -1.22485650849935 4.58856816730431 -0.1045868912972 -1.43876450071351 4.66667776066272 -0.1045868912972 -1.65942974724102 4.72735552190665 -0.1045868912972 -1.88551041622907 4.77023247878481 -0.1045868912972 -2.1156317454633 4.79504790303393 -0.1045868912972 -2.34839440208801 4.80165089582776 -0.1045868912972 -2.58238299173679 4.79000130536987 -0.1045868912972 -2.81617466533066 4.76016997105067 -0.1045868912972 -3.04834777120728 4.71233829268383 -0.1045868912972 -3.27749049996879 4.64679712744153 -0.1045868912972 -3.50220946948036 4.5639450211962 -0.1045868912972 -3.72113819781534 4.46428578502357 -0.1045868912972 -3.93294541262435 4.34842543160407 -0.1045868912972 -4.13634314640024 4.2170684901517 -0.1045868912972 -4.33009456841292 4.0710137222789 -0.1045868912972 -4.51302150568921 3.9111492648485 -0.1045868912972 -4.68401160730373 3.73844722934831 -0.1045868912972 -4.84202510841598 3.5539577906288 -0.1045868912972 -4.98610115292242 3.35880280094934 -0.1045868912972 -5.11536363627652 3.15416896816495 -0.1045868912972 -5.22902653294746 2.94130063953606 -0.1045868912972 -5.326398676122 2.72149223504181 -0.1045868912972 -5.40688796058492 2.49608037620873 -0.1045868912972 -5.4700049432209 2.26643575831818 -0.1045868912972 -5.51536581924381 2.03395481541659 -0.1045868912972 -5.54269475605528 1.800051228812 -0.1045868912972 -5.551825570541 1.799984228649 2.708758404 -5.502718350243 1.81172322304 2.708726203216 -5.502695735571 4.074923409047 2.708726203219 -0.6676416322469 4.2144516974703 2.708726203311 -0.850302220319197 4.33934878981521 2.708726203311 -1.0432627085875 4.44885782941466 2.708726203311 -1.24535378695307 4.54231520877834 2.708726203311 -1.45535081538784 4.61915459094265 2.708726203311 -1.6719812450545 4.67891034138333 2.708726203311 -1.89393232975161 4.72122034968717 2.708726203311 -2.11985908094829 4.74582822388386 2.708726203311 -2.34839241820234 4.75258484414097 2.708726203311 -2.57814746557162 4.74144926640648 2.708726203311 -2.80773194374354 4.71248897052335 2.708726203311 -3.03575460702795 4.66587945131228 2.708726203311 -3.26083367408633 4.60190315510083 2.708726203311 -3.48160520130852 4.52094776814324 2.708726203311 -3.69673134809571 4.42350386730297 2.708726203311 -3.90490848396319 4.31016194723435 2.708726203311 -4.1048750883353 4.18160884207819 2.708726203311 -4.29541939516095 4.03862356335536 2.708726203311 -4.47538673602453 3.88207257927992 2.708726203311 -4.64368653725426 3.71290456409857 2.708726203311 -4.79929892862641 3.53214464927451 2.708726203311 -4.94128092361787 3.3408882113526 2.708726203311 -5.06877213375558 3.14029423415044 2.708726203311 -5.18099998243484 2.93157828549944 2.708726203311 -5.27728438661156 2.71600515109564 2.708726203311 -5.35704187799814 2.49488117009815 2.708726203311 -5.41978913878913 2.26954631892 2.708726203311 -5.46514593049091 2.04136609118273 2.708726203311 -5.49283739810684 2.2454228204393 2.00542208138678 -5.48134699571794 2.68075100623019 2.00542208138678 -5.38116131000994 2.24726712644714 1.30208575710017 -5.49348445394234 3.0960873828826 2.00542208138678 -5.21671224435732 2.68439782066732 1.30208575710017 -5.39288394202074 3.48200439878254 2.00542208138678 -4.99173256126647 2.24911143245498 0.598749432813556 -5.50562191216673 3.10145392819023 1.30208575710017 -5.22775396289478 3.82974228042922 2.00542208138678 -4.71132898312836 2.68804463510444 0.598749432813556 -5.40460657403154 3.48896886192979 1.30208575710017 -5.00184273484906 4.13140786697364 2.00542208138678 -4.38186627680246 3.10682047349786 0.598749432813556 -5.23879568143225 3.83814657789758 1.30208575710017 -4.72027812503487 4.38015377386876 2.00542208138678 -4.01082278236051 3.49593332507703 0.598749432813556 -5.01195290843165 4.14106123303053 1.30208575710017 -4.38945125409783 4.57033381886847 2.00542208138678 -3.60662066528455 3.84655087536594 0.598749432813556 -4.72922726694138 4.39083709068134 1.30208575710017 -4.01687142672777 4.69763118242366 2.00542208138678 -3.1784347451556 4.15071459908741 0.598749432813556 -4.3970362313932 4.58180459017028 1.30208575710017 -3.61099568100349 4.75915639341477 2.00542208138678 -2.73598424015276 4.40152040749391 0.598749432813556 -4.02292007109503 4.70962903783884 1.30208575710017 -3.18103682552249 4.75351291608239 2.00542208138678 -2.28931215446979 4.5932753614721 0.598749432813556 -3.61537069672242 4.77140899849939 1.30208575710017 -2.73675432160287 4.68082884942489 2.00542208138678 -1.84855731624461 4.72162689325403 0.598749432813556 -3.18363890588937 4.76574215393329 1.30208575710017 -2.28823275723727 4.5427540195313 2.00542208138678 -1.42372424041996 4.78366160358401 0.598749432813556 -2.73752440305299 4.69275713354226 1.30208575710017 -1.84565294112856 4.34242253084946 2.00542208138678 -1.02445604032472 4.7779713917842 0.598749432813556 -2.28715336000475 4.55411059464182 1.30208575710017 -1.41906081265074 4.70468541765963 0.598749432813556 -1.8427485660125 4.35294961867019 1.30208575710017 -1.01813941315398 4.56546716975233 0.598749432813556 -1.41439738488152 4.36347670649091 0.598749432813556 -1.01182278598323 5.40359708372726 1.4068866929318 5.32559751944264 1.40688669275591 5.2475979551581 1.40688669275591 5.16959839087356 1.40688669275591 5.09159882658902 1.40688669275591 5.01359926230447 1.40688669275591 4.93559969801993 1.40688669275591 4.85760013373539 1.40688669275591 4.77960056945085 1.40688669275591 4.7016010051663 1.40688669275591 4.62360144088176 1.40688669275591 4.54560187659722 1.40688669275591 4.46760231231268 1.40688669275591 4.38960274802814 1.40688669275591 4.31160318374359 1.40688669275591 4.23360361945905 1.40688669275591 4.15560405517451 1.40688669275591 4.07760449088997 1.40688669275591 3.99960492660543 1.40688669275591 3.92160536232089 1.40688669275591 3.84360579803634 1.40688669275591 3.7656062337518 1.40688669275591 3.68760666946726 1.40688669275591 3.60960710518272 1.40688669275591 3.53160754089818 1.40688669275591 3.45360797661363 1.40688669275591 3.37560841232909 1.40688669275591 3.29760884804455 1.40688669275591 3.21960928376001 1.40688669275591 3.14160971947546 1.40688669275591 3.14158731229099 -1.40688715560061 3.14556297850309 -1.40685494833289 5.40363801705537 -1.40685494824087 5.32577336055619 -1.40685494833289 5.2479087040543 -1.40685494833289 5.1700440475524 -1.40685494833289 5.0921793910505 -1.40685494833289 5.01431473454861 -1.40685494833289 4.93645007804671 -1.40685494833289 4.85858542154481 -1.40685494833289 4.78072076504292 -1.40685494833289 4.70285610854102 -1.40685494833289 4.62499145203913 -1.40685494833289 4.54712679553723 -1.40685494833289 4.46926213903533 -1.40685494833289 4.39139748253344 -1.40685494833289 4.31353282603154 -1.40685494833289 4.23566816952964 -1.40685494833289 4.15780351302775 -1.40685494833289 4.07993885652585 -1.40685494833289 4.00207420002396 -1.40685494833289 3.92420954352206 -1.40685494833289 3.84634488702016 -1.40685494833289 3.76848023051827 -1.40685494833289 3.69061557401637 -1.40685494833289 3.61275091751447 -1.40685494833289 3.53488626101258 -1.40685494833289 3.45702160451068 -1.40685494833289 3.37915694800878 -1.40685494833289 3.30129229150689 -1.40685494833289 3.22342763500499 -1.40685494833289 3.29239069260861 -0.703443693467505 3.44319407292624 -0.703443693467505 3.29239069260861 -2.31334403320707e-07 3.59399745324386 -0.703443693467505 3.44319407292624 -2.31334403320707e-07 3.74480083356149 -0.703443693467505 3.29239069260861 0.703443230798699 3.59399745324386 -2.31334403320707e-07 3.89560421387911 -0.703443693467505 3.44319407292624 0.703443230798699 3.74480083356149 -2.31334403320707e-07 4.04640759419674 -0.703443693467505 3.59399745324386 0.703443230798699 3.89560421387911 -2.31334403320707e-07 4.19721097451437 -0.703443693467505 3.74480083356149 0.703443230798699 4.04640759419674 -2.31334403320707e-07 4.34801435483199 -0.703443693467505 3.89560421387911 0.703443230798699 4.19721097451437 -2.31334403320707e-07 4.49881773514962 -0.703443693467505 4.04640759419674 0.703443230798699 4.34801435483199 -2.31334403320707e-07 4.64962111546724 -0.703443693467505 4.19721097451437 0.703443230798699 4.49881773514962 -2.31334403320707e-07 4.80042449578487 -0.703443693467505 4.34801435483199 0.703443230798699 4.64962111546724 -2.31334403320707e-07 4.9512278761025 -0.703443693467505 4.49881773514962 0.703443230798699 4.80042449578487 -2.31334403320707e-07 5.10203125642012 -0.703443693467505 4.64962111546724 0.703443230798699 4.9512278761025 -2.31334403320707e-07 5.25283463673775 -0.703443693467505 4.80042449578487 0.703443230798699 5.10203125642012 -2.31334403320707e-07 4.9512278761025 0.703443230798699 5.25283463673775 -2.31334403320707e-07 5.10203125642012 0.703443230798699 5.25283463673775 0.703443230798699 62 31 32 62 60 59 62 61 60 62 32 61 63 62 59 63 58 57 63 59 58 64 30 31 64 31 62 65 63 57 65 56 55 65 57 56 66 62 63 66 64 62 67 54 53 67 55 54 67 65 55 68 30 64 68 27 28 68 28 29 68 29 30 69 66 63 69 63 65 70 52 51 70 53 52 70 67 53 71 25 26 71 26 27 71 64 66 71 27 68 71 68 64 72 65 67 72 67 70 72 69 65 73 50 49 73 51 50 73 70 51 74 23 24 74 24 25 74 25 71 74 71 66 74 66 69 75 72 70 76 73 49 76 49 48 77 69 72 77 21 22 77 22 23 77 74 69 77 23 74 78 70 73 78 75 70 79 47 46 79 48 47 79 76 48 80 75 78 80 19 20 80 20 21 80 77 72 80 72 75 80 21 77 81 73 76 81 78 73 82 79 46 82 45 44 82 46 45 83 17 18 83 18 19 83 80 78 83 19 80 84 81 76 84 76 79 85 82 44 85 43 42 85 44 43 86 83 78 86 17 83 86 15 16 86 16 17 86 78 81 87 79 82 87 84 79 88 41 40 88 42 41 88 85 42 89 14 15 89 81 84 89 15 86 89 86 81 90 87 82 90 82 85 91 39 38 91 40 39 91 88 40 92 12 13 92 13 14 92 14 89 92 84 87 92 89 84 93 90 85 93 88 91 93 85 88 94 91 38 94 37 36 94 38 37 95 12 92 95 92 87 95 10 11 95 11 12 95 87 90 96 93 91 97 94 36 97 34 33 97 35 34 97 36 35 98 8 9 98 9 10 98 95 90 98 90 93 98 10 95 99 96 91 99 91 94 100 6 7 100 7 8 100 8 98 100 98 93 100 93 96 101 94 97 101 97 33 101 99 94 101 33 1 102 4 5 102 5 6 102 96 99 102 100 96 102 6 100 103 1 2 103 2 3 103 101 1 103 3 4 103 99 101 103 102 99 103 4 102 
88 134 1 0 0.00317338909017177
4.112835916205 -0.1045868912972 -0.6364308625515 4.074923409047 2.708726203219 -0.6676416322469 4.0662617097722 -0.1045868912972 -0.575540762900936 4.02449778224118 -0.1045868912972 -0.511255964562151 3.98779046881351 -0.1045868912972 -0.443955637065198 3.95635627938176 -0.1045868912972 -0.374036736365583 3.93038062149392 -0.1045868912972 -0.301911663488196 3.91001670676844 -0.1045868912972 -0.228005832071944 3.89538464720964 -0.1045868912972 -0.152755159162381 3.88657074675391 -0.1045868912972 -0.0766034940523478 3.8836269922252 -0.1045868912972 -3.36010624633072e-10 3.88657074670234 -0.1045868912972 0.0766034933823083 3.8953846471068 -0.1045868912972 0.152755158498276 3.91001670661494 -0.1045868912972 0.228005831417689 3.93038062129066 -0.1045868912972 0.301911662847651 3.95635627912994 -0.1045868912972 0.374036735742526 3.98779046851462 -0.1045868912972 0.443955636463305 4.02449778189698 -0.1045868912972 0.511255963984971 4.06626170938471 -0.1045868912972 0.575540762351873 4.112835908013 -0.1045868912972 0.636430868459 4.074923409053 2.708726203219 0.6676416322535 4.03050797105105 2.708726203419 0.609997489618298 3.99020276419511 2.708726203419 0.549408145580689 3.95420239083369 2.708726203419 0.486166138746252 3.92268066865017 2.708726203419 0.420576815368181 3.895790014531 2.708726207355 0.3529567751919 3.87249870152633 2.70833228128547 0.279450474353278 3.8544655229446 2.70748409928128 0.203294191891636 3.84205311200341 2.70662414932967 0.125074558643027 3.83555916924122 2.70608342840164 0.0455807482028032 3.83513263820798 2.70604616200735 -0.0343867268003105 3.84077832705564 2.70652328987779 -0.113960773884035 3.85235928775983 2.70735385887917 -0.192334243027893 3.86959259984218 2.70822743090215 -0.268725829324919 3.88185825979739 2.7085859449842 -0.31129846938542 3.895789791488 2.708726199094 -0.3529568550249 3.92268066871691 2.708726199094 -0.420576815333625 3.95420239089936 2.708726199094 -0.48616613870999 3.99020276425979 2.708726199094 -0.549408145542689 4.03050797111481 2.708726199094 -0.609997489578511 4.01847260643699 0.297314979376548 -0.514849098811539 3.9498522014528 0.297314979376548 -0.376665486543822 3.90318695184596 0.297314979376548 -0.229608269248376 4.01244743063248 0.69921685005029 -0.518442233061105 3.87957621237108 0.297314979376548 -0.0771418675036027 3.9433481235235 0.69921685005029 -0.379294236722183 3.87957621231914 0.297314979376548 0.0771418668287916 3.89635719692312 0.69921685005029 -0.231210706424869 3.90318695169136 0.297314979376548 0.229608268589462 4.00642225482798 1.10111872072403 -0.52203536731067 3.8725816779879 0.69921685005029 -0.0776802409548575 3.94985220119918 0.297314979376548 0.376665485916329 3.9368440455942 1.10111872072403 -0.381922986900544 3.87258167793559 0.69921685005029 0.0776802402753371 4.01847260609033 0.297314979376548 0.514849098230249 3.88952744200029 1.10111872072403 -0.232813143601362 3.89635719676745 0.69921685005029 0.231210705761357 4.00039707902347 1.50302059139777 -0.525628501560236 3.86558714360471 1.10111872072403 -0.0782186144061125 3.94334812326812 0.69921685005029 0.379294236090311 3.93033996766491 1.50302059139777 -0.384551737078905 3.86558714355205 1.10111872072403 0.0782186137218825 4.01244743028341 0.69921685005029 0.518442232475757 3.88269768707745 1.50302059139777 -0.234415580777856 3.88952744184353 1.10111872072403 0.232813142933252 3.99437190321897 1.90492246207151 -0.529221635809801 3.85859260922152 1.50302059139777 -0.0787569878573673 3.93684404533705 1.10111872072403 0.381922986264292 3.92383588973561 1.90492246207151 -0.387180487257266 3.8585926091685 1.50302059139777 0.0787569871684278 4.00642225447648 1.10111872072403 0.522035366721266 3.87586793215462 1.90492246207151 -0.236018017954349 3.88269768691962 1.50302059139777 0.234415580105147 3.98834672741446 2.30682433274526 -0.532814770059366 3.85159807483834 1.90492246207151 -0.0792953613086222 3.93033996740598 1.50302059139777 0.384551736438274 3.91733181180632 2.30682433274526 -0.389809237435627 3.85159807478495 1.90492246207151 0.0792953606149731 4.00039707866956 1.50302059139777 0.525628500966775 3.86903817723178 2.30682433274526 -0.237620455130843 3.87586793199571 1.90492246207151 0.236018017277042 3.84460354045515 2.30682433274526 -0.0798337347598771 3.92383588947492 1.90492246207151 0.387180486612256 3.8446035404014 2.30682433274526 0.0798337340615185 3.99437190286263 1.90492246207151 0.529221635212283 3.86903817707179 2.30682433274526 0.237620454448936 3.91733181154385 2.30682433274526 0.389809236786238 3.98834672705571 2.30682433274526 0.532814769457792 -0.00012309944676403 -1.40687082075453 -7.64505125546958e-12 1.40687081611663 0.076696026751407 -1.40687082075453 0.153515152949578 -1.40687082075453 0.230334279147749 -1.40687082075453 0.30715340534592 -1.40687082075453 0.383972531544091 -1.40687082075453 0.460791657742262 -1.40687082075453 0.537610783940433 -1.40687082075453 0.614429910138604 -1.40687082075453 0.691249036336776 -1.40687082075453 0.768068162534947 -1.40687082075453 0.844887288733118 -1.40687082075453 0.921706414931289 -1.40687082075453 0.99852554112946 -1.40687082075453 1.07534466732763 -1.40687082075453 1.1521637935258 -1.40687082075453 1.22898291972397 -1.40687082075453 1.30580204592214 -1.40687082075453 1.38262117212025 -1.40687082057865 1.3824980733468 1.40687082044228 1.31299870067853 1.40687082044228 1.24349932801026 1.40687082044228 1.17399995534198 1.40687082044228 1.10450058267371 1.40687082044228 1.03500121000544 1.4068708202419 0.961357380035492 1.40647685136793 0.886609957233873 1.40562848919383 0.810966903247766 1.40476844433221 0.734787658289239 1.40422763472336 0.658407354751606 1.40419035772167 0.58221322674163 1.40466756437861 0.506545060033828 1.40549823673542 0.431750562164394 1.40637197705011 0.389443044229658 1.40673054666661 0.347496863349058 1.40687081611663 0.277997490677717 1.40687081611663 0.208498118006377 1.40687081611663 0.138998745335036 1.40687081611663 0.0694993726636955 1.40687081611663 0.153515152949571 -1.00490772915498 0.307153405345906 -1.00490772915498 0.460791657742242 -1.00490772915498 0.153515152949571 -0.602944637555438 0.614429910138577 -1.00490772915498 0.307153405345906 -0.602944637555438 0.768068162534912 -1.00490772915498 0.460791657742242 -0.602944637555438 0.921706414931247 -1.00490772915498 0.153515152949571 -0.200981545955894 0.614429910138577 -0.602944637555438 1.07534466732758 -1.00490772915498 0.307153405345906 -0.200981545955894 0.768068162534912 -0.602944637555438 1.22898291972392 -1.00490772915498 0.460791657742242 -0.200981545955894 0.921706414931247 -0.602944637555438 0.153515152949571 0.20098154564365 0.614429910138577 -0.200981545955894 1.07534466732758 -0.602944637555438 0.307153405345906 0.20098154564365 0.768068162534912 -0.200981545955894 1.22898291972392 -0.602944637555438 0.460791657742242 0.20098154564365 0.921706414931247 -0.200981545955894 0.153515152949571 0.602944637243195 0.614429910138577 0.20098154564365 1.07534466732758 -0.200981545955894 0.307153405345906 0.602944637243195 0.768068162534912 0.20098154564365 1.22898291972392 -0.200981545955894 0.460791657742242 0.602944637243195 0.921706414931247 0.20098154564365 0.153515152949571 1.00490772884274 0.614429910138577 0.602944637243195 1.07534466732758 0.20098154564365 0.307153405345906 1.00490772884274 0.768068162534912 0.602944637243195 1.22898291972392 0.20098154564365 0.460791657742242 1.00490772884274 0.921706414931247 0.602944637243195 0.614429910138577 1.00490772884274 1.07534466732758 0.602944637243195 0.768068162534912 1.00490772884274 1.22898291972392 0.602944637243195 0.921706414931247 1.00490772884274 1.07534466732758 1.00490772884274 1.22898291972392 1.00490772884274 41 1 3 41 3 4 41 4 5 42 5 6 42 6 7 42 41 5 43 7 8 43 8 9 43 42 7 44 1 41 45 43 9 45 9 10 45 10 11 46 41 42 46 44 41 47 11 12 47 12 13 47 45 11 48 46 42 48 42 43 49 13 14 49 14 15 49 47 13 50 1 44 51 48 43 51 43 45 52 15 16 52 16 17 52 49 15 53 50 44 53 44 46 54 45 47 54 51 45 55 17 18 55 18 19 55 19 20 55 52 17 56 53 46 56 46 48 57 54 47 57 47 49 58 1 50 58 2 1 59 56 48 59 48 51 60 57 49 60 52 55 60 49 52 61 50 53 61 58 50 62 51 54 62 59 51 63 55 20 63 60 55 64 61 53 64 53 56 65 54 57 65 62 54 66 2 58 67 56 59 67 64 56 68 57 60 68 60 63 68 65 57 69 66 58 69 58 61 70 59 62 70 67 59 71 68 63 71 63 20 72 61 64 72 69 61 73 70 62 73 62 65 74 38 39 74 39 40 74 40 2 74 2 66 75 72 64 75 64 67 76 65 68 76 73 65 77 74 66 77 38 74 77 35 36 77 36 37 77 37 38 77 66 69 78 67 70 78 70 73 78 75 67 79 71 20 79 20 21 79 68 71 79 76 68 80 35 77 80 33 34 80 34 35 80 69 72 80 77 69 81 78 73 82 33 80 82 31 32 82 32 33 82 80 72 82 72 75 83 73 76 83 76 79 83 81 73 84 29 30 84 30 31 84 31 82 84 75 78 84 82 75 85 83 79 85 79 21 86 81 83 86 84 78 86 27 28 86 28 29 86 29 84 86 78 81 87 27 86 87 86 83 87 24 25 87 25 26 87 26 27 88 87 83 88 83 85 88 24 87 88 21 22 88 22 23 88 23 24 88 85 21 
103 143 1 0 0.00854206336183285
1.811723223043 2.708726203427 5.502695735714 2.04136609118401 2.708726203427 5.49283739810473 2.26954631892046 2.708726203427 5.46514593048881 2.4948811700978 2.708726203427 5.41978913878716 2.71600515109451 2.708726203427 5.3570418779964 2.93157828549757 2.708726203427 5.27728438661017 3.14029423414788 2.708726203427 5.1809999824339 3.34088821134941 2.708726203427 5.06877213375519 3.53214464927077 2.708726203427 4.94128092361811 3.71290456409435 2.708726203427 4.79929892862737 3.88207257927532 2.708726203427 4.64368653725601 4.03862356335048 2.708726203427 4.47538673602714 4.18160884207314 2.708726203427 4.29541939516446 4.31016194722924 2.708726203427 4.10487508833976 4.42350386729792 2.708726203427 3.90490848396861 4.52094776813836 2.708726203427 3.69673134810212 4.60190315509626 2.708726203427 3.48160520131592 4.66587945130814 2.708726203427 3.2608336740947 4.71248897051977 2.708726203427 3.03575460703727 4.74144926640358 2.708726203427 2.80773194375376 4.75258484413886 2.708726203427 2.5781474655827 4.74582822388267 2.708726203427 2.34839241821421 4.721220349687 2.708726203427 2.11985908096087 4.67891034138429 2.708726203427 1.89393232976481 4.61915459094482 2.708726203427 1.67198124506821 4.54231520878182 2.708726203427 1.45535081540195 4.44885782941953 2.708726203427 1.24535378696747 4.33934878982151 2.708726203427 1.04326270860204 4.21445169747809 2.708726203427 0.850302220333745 4.074923409053 2.708726203219 0.6676416322535 1.799984337345 2.708758399928 5.502718350081 1.800051228823 -0.1045868912972 5.551825570541 2.03395481545064 -0.1045868912972 5.54269475605262 2.26643575837437 -0.1045868912972 5.51536581923498 2.49608037628616 -0.1045868912972 5.47000494320245 2.7214922351392 -0.1045868912972 5.40688796055351 2.94130063965172 -0.1045868912972 5.32639867607445 3.15416896829683 -0.1045868912972 5.2290265328808 3.35880280109504 -0.1045868912972 5.11536363618799 3.5539577907856 -0.1045868912972 4.98610115280952 3.73844722951318 -0.1045868912972 4.84202510827654 3.91114926501816 -0.1045868912972 4.68401160713589 4.07101372244982 -0.1045868912972 4.51302150549147 4.21706849032017 -0.1045868912972 4.33009456818417 4.34842543176621 -0.1045868912972 4.13634314613976 4.46428578517539 -0.1045868912972 3.93294541233186 4.56394502133363 -0.1045868912972 3.72113819749099 4.64679712756048 -0.1045868912972 3.50220946912474 4.71233829278021 -0.1045868912972 3.27749049958294 4.76016997112047 -0.1045868912972 3.04834777079269 4.79000130540916 -0.1045868912972 2.81617466488926 4.80165089583278 -0.1045868912972 2.58238299127095 4.79504790300112 -0.1045868912972 2.34839440160053 4.77023247871082 -0.1045868912972 2.11563174495737 4.72735552178843 -0.1045868912972 1.88551041570828 4.66667776049754 -0.1045868912972 1.65942974670933 4.58856816708979 -0.1045868912972 1.4387645001752 4.49350171414069 -0.1045868912972 1.22485650795901 4.38205648631344 -0.1045868912972 1.01900651207652 4.25491016511396 -0.1045868912972 0.822466255091518 4.112835908013 -0.1045868912972 0.636430868459 4.3424225271469 2.00542207890418 1.02445603407035 4.5427540140461 2.00542207890418 1.42372422694866 4.35294961493888 1.30208575550371 1.01813940688175 4.68082884430419 2.00542207890418 1.8485572950316 4.55411058911943 1.30208575550371 1.41906079912961 4.75351291356687 2.00542207890418 2.2893121254793 4.36347670273086 0.598749432103251 1.01182277969316 4.69275712838516 1.30208575550371 1.84565291983141 4.75915639573958 2.00542207890418 2.73598420385059 4.56546716419276 0.598749432103251 1.41439737131055 4.76574215139177 1.30208575550371 2.28823272812812 4.69763119171824 2.00542207890418 3.17843470250291 4.70468541246612 0.598749432103251 1.84274854463122 4.77140900081821 1.30208575550371 2.73675428514941 4.57033383705869 2.00542207890418 3.60662061771293 4.77797138921667 0.598749432103251 2.28715333077694 4.70962904715662 1.30208575550371 3.18103678268988 4.3801538025847 2.00542207890418 4.01082273172897 4.78366160589684 0.598749432103251 2.73752436644823 4.58180460842121 1.30208575550371 3.61099563322932 4.13140790746621 2.00542207890418 4.38186622533755 4.72162690259501 0.598749432103251 3.18363886287684 4.39083711950256 1.30208575550371 4.01687137587888 3.82974233349857 2.00542207890418 4.71132893334915 4.59327537978372 0.598749432103251 3.61537064874571 4.14106127367845 1.30208575550371 4.38945120241016 3.48200446472089 2.00542207890418 4.99173251589673 4.40152043642042 0.598749432103251 4.02292002002879 3.83814663117596 1.30208575550371 4.72027807503814 3.09608746143363 2.00542207890418 5.21671220622753 4.1507146398907 0.598749432103251 4.39703617948277 3.48896892813228 1.30208575550371 5.00184268927858 2.6807510965667 2.00542207890418 5.38116128195215 3.84655092885334 0.598749432103251 4.72922721672713 3.10145400705967 1.30208575550371 5.22775392459305 2.24542292116027 2.00542207890418 5.48134698045684 3.49593339154368 0.598749432103251 5.01195286266043 2.68439791137322 1.30208575550371 5.39288391383184 3.1068205526857 0.598749432103251 5.23879564295857 2.24726722758281 1.30208575550371 5.49348443860258 2.68804472617975 0.598749432103251 5.40460654571153 2.24911153400534 0.598749432103251 5.50562189674832 6.27921498226702 -1.40685494859667 6.2013503257639 -1.40685494880496 6.12348566926222 -1.40685494880496 6.04562101276055 -1.40685494880496 5.96775635625888 -1.40685494880496 5.88989169975721 -1.40685494880496 5.81202704325553 -1.40685494880496 5.73416238675386 -1.40685494880496 5.65629773025219 -1.40685494880496 5.57843307375052 -1.40685494880496 5.50056841724884 -1.40685494880496 5.42270376074717 -1.40685494880496 5.3448391042455 -1.40685494880496 5.26697444774382 -1.40685494880496 5.18910979124215 -1.40685494880496 5.11124513474048 -1.40685494880496 5.03338047823881 -1.40685494880496 4.95551582173713 -1.40685494880496 4.87765116523546 -1.40685494880496 4.79978650873379 -1.40685494880496 4.72192185223212 -1.40685494880496 4.64405719573044 -1.40685494880496 4.56619253922877 -1.40685494880496 4.4883278827271 -1.40685494880496 4.41046322622542 -1.40685494880496 4.33259856972375 -1.40685494880496 4.25473391322208 -1.40685494880496 4.17686925672041 -1.40685494880496 4.09900460021873 -1.40685494880496 4.02113994371707 -1.40685494859692 6.2831906116663 -1.40688715258739 6.2831682412901 1.40688669239986 6.20516867699799 1.40688669239986 6.12716911270588 1.40688669239986 6.04916954841377 1.40688669239986 5.97116998412166 1.40688669239986 5.89317041982955 1.40688669239986 5.81517085553744 1.40688669239986 5.73717129124532 1.40688669239986 5.65917172695321 1.40688669239986 5.5811721626611 1.40688669239986 5.50317259836899 1.40688669239986 5.42517303407688 1.40688669239986 5.34717346978477 1.40688669239986 5.26917390549266 1.40688669239986 5.19117434120055 1.40688669239986 5.11317477690844 1.40688669239986 5.03517521261632 1.40688669239986 4.95717564832421 1.40688669239986 4.8791760840321 1.40688669239986 4.80117651973999 1.40688669239986 4.72317695544788 1.40688669239986 4.64517739115577 1.40688669239986 4.56717782686366 1.40688669239986 4.48917826257155 1.40688669239986 4.41117869827943 1.40688669239986 4.33317913398732 1.40688669239986 4.25517956969521 1.40688669239986 4.1771800054031 1.40688669239986 4.09918044111099 1.40688669239986 4.02118087681867 1.40688669239987 4.17194332158035 -0.703443691340574 4.32274669944363 -0.703443691340574 4.17194332158035 -2.30093758425075e-07 4.47355007730691 -0.703443691340574 4.32274669944363 -2.30093758425075e-07 4.6243534551702 -0.703443691340574 4.17194332158035 0.703443231153057 4.47355007730691 -2.30093758425075e-07 4.77515683303348 -0.703443691340574 4.32274669944363 0.703443231153057 4.6243534551702 -2.30093758425075e-07 4.92596021089676 -0.703443691340574 4.47355007730691 0.703443231153057 4.77515683303348 -2.30093758425075e-07 5.07676358876004 -0.703443691340574 4.6243534551702 0.703443231153057 4.92596021089676 -2.30093758425075e-07 5.22756696662332 -0.703443691340574 4.77515683303348 0.703443231153057 5.07676358876004 -2.30093758425075e-07 5.3783703444866 -0.703443691340574 4.92596021089676 0.703443231153057 5.22756696662332 -2.30093758425075e-07 5.52917372234989 -0.703443691340574 5.07676358876004 0.703443231153057 5.3783703444866 -2.30093758425075e-07 5.67997710021317 -0.703443691340574 5.22756696662332 0.703443231153057 5.52917372234989 -2.30093758425075e-07 5.83078047807645 -0.703443691340574 5.3783703444866 0.703443231153057 5.67997710021317 -2.30093758425075e-07 5.98158385593973 -0.703443691340574 5.52917372234989 0.703443231153057 5.83078047807645 -2.30093758425075e-07 6.13238723380301 -0.703443691340574 5.67997710021317 0.703443231153057 5.98158385593973 -2.30093758425075e-07 5.83078047807645 0.703443231153057 6.13238723380301 -2.30093758425075e-07 5.98158385593973 0.703443231153057 6.13238723380301 0.703443231153057 62 28 27 62 29 28 62 30 29 63 26 25 63 27 26 63 62 27 64 30 62 64 61 30 65 24 23 65 25 24 65 63 25 66 62 63 66 64 62 67 22 21 67 23 22 67 65 23 68 58 59 68 59 60 68 60 61 68 61 64 69 66 63 69 63 65 70 67 21 70 20 19 70 21 20 71 68 64 71 58 68 71 56 57 71 57 58 71 64 66 72 69 65 72 65 67 73 18 17 73 19 18 73 70 19 74 71 66 74 54 55 74 55 56 74 56 71 74 66 69 75 72 67 75 67 70 76 73 17 76 16 15 76 17 16 77 74 69 77 54 74 77 52 53 77 53 54 77 69 72 78 75 70 78 70 73 79 15 14 79 76 15 80 77 72 80 50 51 80 51 52 80 72 75 80 52 77 81 78 73 81 73 76 82 79 14 82 13 12 82 14 13 83 50 80 83 48 49 83 49 50 83 75 78 83 80 75 84 81 76 84 76 79 85 11 10 85 12 11 85 82 12 86 78 81 86 48 83 86 47 48 86 83 78 87 79 82 87 84 79 88 9 8 88 10 9 88 85 10 89 81 84 89 45 46 89 46 47 89 86 81 89 47 86 90 82 85 90 87 82 91 7 6 91 8 7 91 88 8 92 89 84 92 43 44 92 44 45 92 84 87 92 45 89 92 87 90 93 90 85 93 85 88 94 5 4 94 6 5 94 91 6 95 92 90 95 41 42 95 42 43 95 43 92 96 93 88 96 88 91 97 2 1 97 3 2 97 4 3 97 1 31 97 94 4 98 95 90 98 39 40 98 40 41 98 41 95 98 90 93 99 91 94 99 96 91 100 39 98 100 98 93 100 37 38 100 38 39 100 93 96 101 99 94 101 94 97 101 31 32 101 97 31 102 37 100 102 100 96 102 35 36 102 36 37 102 96 99 103 35 102 103 32 33 103 33 34 103 34 35 103 101 32 103 102 99 103 99 101 
142 140 1 0 4.14036601454677e-07
-4.754578469241 7.084386020623 5.426341582033 -3.280793796801 5.908824419775 5.446861086103 -1.417686829362 2.435778713738 5.507483324401 -1.46221126276388 2.79527209104134 5.50120834415908 -1.53070120013001 3.14191253941999 5.4951577126259 -1.61881875018419 3.46734157036197 5.48947732776124 -1.7236888782071 3.77339889171512 5.48413507734523 -1.84702883928107 4.06955066500158 5.47896572891389 -1.98851305247348 4.35597150238863 5.47396623460047 -2.14791600775068 4.63278234706355 5.46913448333377 -2.32544629980619 4.89987132769766 5.46447242783514 -2.52143020718957 5.15706345798501 5.45998312250194 -2.73630467589708 5.40412439960984 5.4556706577247 -2.97112956652569 5.64048573920013 5.4515449551956 -3.12200902545855 5.77677492680393 5.44916601857682 -1.245256342889 0.4648892357772 5.541885443126 -1.20785390751127 0.554508516188689 5.54032102962785 -1.16407402997475 0.641015666694444 5.53881103016454 -1.11408912875483 0.7241639319894 5.5373596715485 -1.05830748514339 0.803262945803244 5.53597897271046 -0.997129069142478 0.877867706871248 5.53467681825044 -0.9306885639493 0.9478457669383 5.533455374024 -0.927199809561153 0.952313392874529 5.53337729744836 -0.9250185090405 0.9575218376969 5.533286394153 -0.6026607333417 2.160574278434 5.512286757124 -0.589172758041875 2.20445002779956 5.51152076154745 -0.578641384041553 2.23245632466719 5.51103221976996 -0.566288585906481 2.26095134342833 5.51053504174985 -0.553562007920233 2.28685897808678 5.51008283771305 -0.539299892333447 2.31279579527163 5.50963004534618 -0.523502985825575 2.33852370122365 5.50918090169535 -0.506188743364713 2.36383705676123 5.50873903925008 -0.487400836089624 2.38858114561682 5.50830714191934 -0.467185227912985 2.41260570506148 5.50788781065258 -0.445599501634139 2.43576291063407 5.50748360835619 -0.422748844420037 2.45791492783188 5.50709694206835 -0.398750633555417 2.478926480295 5.50673017891384 -0.373722041581134 2.49866642943448 5.50638561344357 -0.347777759335897 2.51705378910692 5.5060646605665 -0.321030827016163 2.53404093081646 5.50576815011967 -0.293593812378579 2.5495811018363 5.50549689661347 -0.265549648046312 2.56364583099293 5.5052513961714 -0.236933468922587 2.57623613294472 5.50503163139928 -0.207776072521105 2.58735569803289 5.50483753830389 -0.178110768578071 2.59700422689092 5.50466912244786 -0.147981482421673 2.6051645613314 5.50452668330742 -0.117434942852911 2.61181509091913 5.50441059797849 -0.0865203924714539 2.61693437862475 5.50432124053714 -0.055318725055853 2.62050317110664 5.50425894703105 -0.0239324700924096 2.62250370772048 5.50422402751291 0.00753541277477539 2.62291842165162 5.50421678865283 0.0389811815437286 2.62174169775889 5.50423732847271 0.0702997970165818 2.61898773748675 5.50428539904325 0.101386097907229 2.61467260735805 5.50436071987525 0.132143297197459 2.60881333536349 5.50446299372674 0.162511103893297 2.60143113968141 5.5045918503452 0.192439166673072 2.59254837968544 5.50474689959371 0.221877851412032 2.58218647771041 5.50492776766203 0.250786906596958 2.57035459347228 5.50513429439989 0.279132671742595 2.55705327253264 5.5053664697473 0.306881314182536 2.54228306295485 5.50562428360631 0.333974689880081 2.52605877438538 5.50590747783217 0.360313212092937 2.50841952767081 5.50621537144383 0.385793250278763 2.48940681583953 5.5065472422017 0.410309658943268 2.46907433599891 5.50690215342594 0.433750482957684 2.4475306419906 5.50727820453844 0.456001854698169 2.42489969424447 5.50767322424895 0.476952549743199 2.40130599436625 5.50808503327087 0.496527313584201 2.37688139728322 5.50851134369677 0.514676856773253 2.35176306595447 5.50894978921072 0.531352627267307 2.32608861394929 5.50939799541806 0.546519955075755 2.30002419710062 5.50985304437257 0.560168501855928 2.27378599844832 5.51031106542278 0.572290389751287 2.24759525992707 5.51076809157693 0.582895505906328 2.22163520493531 5.51122088352329 0.592076100991638 2.19591279227677 5.51166957567895 0.59766334771175 2.17820464026791 5.5119786770713 0.6026609525137 2.160574758156 5.512286713376 0.9250185110947 0.9575218342386 5.533286394213 0.927199812834032 0.952313388876649 5.53337729775571 0.9306885664462 0.9478457641524 5.533455372175 0.991782300504443 0.883897399193202 5.53457160698658 1.04839415635428 0.816124102413327 5.53575450080267 1.08368222599192 0.768775553777608 5.5365809495748 1.12092800293211 0.713555928342044 5.53754482160141 1.15173164695636 0.66287272678886 5.53842951478755 1.18528913314508 0.601040271987736 5.53950880704037 1.21907335407175 0.529479503026533 5.54075790077059 1.24156208723406 0.474622004884654 5.54171544492939 1.26155266913957 0.418907487997108 5.54268795100026 1.27900953611832 0.362477276915744 5.54367294093402 1.29389909839411 0.305476097678487 5.54466787929287 1.30974047970099 0.228917190950864 5.54600419826796 1.32209182153475 0.142615382990423 5.54751068221262 1.32803513288518 0.0701685157937587 5.54877535866853 1.33 -0.002268811550434 5.550039675999 1.326058448989 -0.1045868899732 5.551825722772 1.800051228823 -0.1045868912972 5.551825570541 1.799984337345 2.708758399928 5.502718350081 0.360874616712 3.820404388517 5.483314445363 0.393756376912927 3.71371637262997 5.48517647131124 0.434784731028914 3.60916196733646 5.4870019254774 0.484050916993292 3.50692776679505 5.48878640770257 0.54122184720362 3.40817881834579 5.49050998681165 0.605878203203754 3.31389434175143 5.4921557538128 0.677542444071621 3.22480079547219 5.49371090050703 0.755592103880249 3.14159017309922 5.49516333882807 0.839428170792383 3.06482719712089 5.49650324124942 0.928683549633881 2.99474651323099 5.49772650475971 1.02306765798784 2.93155819966386 5.49882945991308 1.12230754398555 2.87552816891868 5.49980747488237 1.22579940438493 2.82705549996599 5.50065356385446 1.33272842770552 2.78659008417509 5.5013598613043 1.44227690438595 2.75443744098752 5.50192114236599 1.55346766243352 2.73079348390638 5.5023339231881 1.66503656552147 2.71570982227687 5.50259686971692 1.73248123853934 2.71070847404943 5.50268398617223 -2.44059816612 7.779968218772 5.414200149602 -2.01344559420553 7.46248215687616 5.41974188943 -1.61176616382306 7.11353160580614 5.42583284392551 -1.23761319528017 6.73494201727189 5.43244114990395 -0.893375771032884 6.32906215067749 5.43952580889287 -0.580956906427273 5.89817347313888 5.44704699994017 -0.302192186402996 5.44479666199337 5.45496071910749 -0.0586785306898523 4.9715146778192 5.4632218891214 0.148167358944866 4.48106918143165 5.47178265805849 0.26265031594174 4.15362011242197 5.47749821424801 -4.961438079133 9.508823292483 5.38402272281 -5.053645990792 9.577399141422 5.382825414371 -4.946287489236 7.528876902721 5.418582964826 -4.942106584317 7.449100484479 5.419975467387 -4.93886710611129 7.41233966015373 5.42061712996214 -4.93314048606486 7.37685734516484 5.42123647607394 -4.92503145920672 7.34259970072022 5.42183444548197 -4.91464476056589 7.30951288802774 5.42241197794581 -4.90208512517139 7.27754306829529 5.42297001322505 -4.88745728805225 7.24663640273075 5.42350949107925 -4.87083105497126 7.21675700784808 5.42403103785696 -4.85213651462633 7.18794082138552 5.42453402626263 -4.83126882644916 7.16024173638741 5.42501751558966 -4.80812314987142 7.13371364589806 5.42548056513145 -4.7825946443248 7.10841044296182 5.42592223418143 0.480479976873999 7.08546517128782 1.954264649314 5.90972449944067 3.817371616753 2.43614975114485 3.77284718335112 2.79569788937115 3.70435724598499 3.14239114081124 3.61623969593081 3.46786974372094 3.5113695679079 3.77397368618717 3.38802960683392 4.07017057169396 3.24654539364152 4.3566350390069 3.08714243836432 4.63348804973633 2.90961214630881 4.9006177155124 2.71362823892543 5.15784902337387 2.49875377021792 5.40494759930867 2.26392887958931 5.64134494335947 2.11304942065645 5.77765489162863 3.989802103226 0.464960049439473 4.02720453860373 0.55459298318068 4.07098441614025 0.641113311352761 4.12096931736017 0.724274242464628 4.17675096097161 0.803385305632833 4.23792937697252 0.87800142976325 4.3043698821657 0.947990148973887 4.30785863655385 0.952458457093178 4.3100399370745 0.957667695125432 4.6323977127733 2.16090339934916 4.64588568807312 2.2047858346917 4.65641706207345 2.23279639229433 4.66876986020852 2.26129574807897 4.68149643819477 2.28720732892782 4.69575855378155 2.31314809812621 4.71155546028942 2.33887992423108 4.72886970275029 2.36419713598498 4.74765761002538 2.38894499384374 4.76787321820201 2.41297321257134 4.78945894448086 2.43613394549211 4.81230960169496 2.45828933708761 4.83630781255958 2.47930409028917 4.86133640453387 2.49904704643541 4.8872806867791 2.51743720702397 4.91402761909884 2.53442693633038 4.94146463373642 2.54996947453334 4.96950879806869 2.56403634613709 4.99812497719241 2.57662856594904 5.02728237359389 2.58774982486517 5.05694767753693 2.59739982346749 5.08707696369333 2.60556140095529 5.11762350326209 2.61221294360349 5.14853805364355 2.61733301111918 5.17973972105915 2.62090234722828 5.21112597602259 2.62290318858032 5.24259385888977 2.62331796568405 5.27403962765873 2.62214106254278 5.30535824313158 2.61938668276499 5.33644454402223 2.61507089532174 5.36720174331246 2.60921073079787 5.3975695500083 2.60182741060186 5.42749761278807 2.59294329751076 5.45693629752703 2.58257981712056 5.48584535271196 2.57074613054713 5.51419111785759 2.55744278344457 5.54193976029754 2.54267032396899 5.56903313599508 2.52644356401652 5.59537165820794 2.50880163036021 5.62085169639376 2.48978602231369 5.64536810505827 2.46945044515329 5.66880892907268 2.44790346935707 5.69106030081317 2.42526907436936 5.7120109958582 2.40167178086748 5.7315857596992 2.37724346362607 5.74973530288825 2.35212130601153 5.76641107338231 2.32644294207286 5.78157840119075 2.30037455326182 5.79522694797093 2.27413235724473 5.80734883586629 2.24793763149362 5.81795395202133 2.2219736280349 5.82713454710664 2.19624730226653 5.83272179382675 2.17853645273186 5.8377193986287 2.1609038797616 6.1600769572097 0.957667691666612 6.16225825894903 0.952458453090543 6.1657470125612 0.947990146220681 6.22684074661944 0.884032039923596 6.28345260246928 0.816248421001438 6.31874067210692 0.768892660259142 6.35598644904711 0.713664623153633 6.38679009307136 0.662973700872478 6.42034757926008 0.601131827206652 6.45413180018675 0.529560157605715 6.47662053334906 0.474694303076671 6.49661111525456 0.418971299208695 6.51406798223332 0.362532492277144 6.52895754450911 0.305522630526958 6.54479892581599 0.228952062109768 6.55715026764975 0.142637106562597 6.56309357900018 0.0701792017271911 6.565058446115 -0.00226915844110597 6.56111689510398 -0.10460282413906 7.035109674938 -0.104602822806139 7.03504278346 2.70917102147494 5.595933062827 3.82098634582711 5.62881482302793 3.714282082208 5.66984317714391 3.6097117424888 5.71910936310829 3.50746196920224 5.77628029331862 3.40869798009299 5.84093664931875 3.31439914088649 5.91260089018662 3.22529202293371 5.99065054999525 3.14206872539766 6.07448661690738 3.06529405627074 6.16374199574888 2.99520269711648 6.25812610410283 2.93200475821395 6.35736599010055 2.87596619239909 6.46085785049993 2.82748613978004 6.56778687382052 2.7870145604778 6.67733535050095 2.75485701858831 6.78852610854852 2.73120945857767 6.90009501163647 2.7161235052132 6.96753968465434 2.71112139832354 2.7944602799947 7.78115332611198 3.22161285190947 7.46361890218574 3.62329228229194 7.11461519616139 3.99744525083483 6.73596793781341 4.34168267508212 6.33002624434047 4.65410153968773 5.89907193035146 4.932866259712 5.44562605724693 5.17637991542515 4.97227197891461 5.38322580505987 4.48175177373278 5.49770876205674 4.15425282659271 0.273620366982 9.51027175553941 0.181412455323109 9.57885805595803 0.288770956879 7.53002376181242 0.292951861798 7.45023519138467 0.296191340003705 7.41346876735494 0.301917960050139 7.37798104741442 0.310026986908281 7.34371818456983 0.320413685549111 7.31062633182789 0.332973320943607 7.27865164219534 0.34760115806275 7.24774026867889 0.364227391143739 7.21785632232644 0.382921931488666 7.18903574635056 0.403789619665844 7.16133244200502 0.426935296243583 7.13480031054354 0.452463801790198 7.10949325321989 24 21 22 24 22 23 3 16 17 3 17 18 3 18 19 3 19 20 3 20 21 3 21 24 25 3 24 26 3 25 27 3 26 28 3 27 98 90 91 98 91 92 98 92 93 98 93 94 98 94 95 98 95 96 98 96 97 89 90 98 29 3 28 88 89 98 30 3 29 87 88 98 31 3 30 32 4 3 32 3 31 79 80 81 79 81 82 33 4 32 34 4 33 35 4 34 36 4 35 37 4 36 38 5 4 38 4 37 39 5 38 40 5 39 41 5 40 42 5 41 139 140 141 139 141 142 43 5 42 138 142 1 138 139 142 137 138 1 133 134 135 132 135 136 132 133 135 131 136 137 131 137 1 131 132 136 130 131 1 107 60 61 107 61 62 106 57 58 106 58 59 106 59 60 106 60 107 108 107 62 108 62 63 108 63 64 108 64 65 105 57 106 105 54 55 105 55 56 105 56 57 109 108 65 109 65 66 109 66 67 109 67 68 104 54 105 104 51 52 104 52 53 104 53 54 110 109 68 110 68 69 110 69 70 110 70 71 103 49 50 103 50 51 103 51 104 111 110 71 111 71 72 111 72 73 111 73 74 102 49 103 102 46 47 102 47 48 102 48 49 112 74 75 112 111 74 112 75 76 112 76 77 101 46 102 101 44 45 101 45 46 113 77 78 113 112 77 100 6 5 100 43 44 100 44 101 100 5 43 114 113 78 115 114 78 116 78 79 116 115 78 127 7 6 127 6 100 117 116 79 99 87 98 99 79 82 99 82 83 99 83 84 99 84 85 99 85 86 99 117 79 99 86 87 128 129 130 126 7 127 126 8 7 125 8 126 125 9 8 124 10 9 124 9 125 123 11 10 123 10 124 118 1 2 118 128 130 118 130 1 122 12 11 122 11 123 119 118 2 119 2 15 121 13 12 121 12 122 120 14 13 120 15 14 120 119 15 120 13 121 
60 73 1 0 0.00122690854730425
1.195433745981 -0.1045856537434 5.68 1.195432716817 -0.1045868107703 5.682043041445 1.199999641364 -1.370215706226e-11 5.680019802646 1.19885698693366 -0.0523633625282715 5.68103281946857 1.20039999148807 -0.000178008150285087 5.66982163820057 1.20159976968679 -0.000354920288559274 5.65968634937322 1.20359117933383 -0.000529644207296286 5.64967642407807 1.20636194262553 -0.000701102666574351 5.63985357734086 1.20989497674429 -0.00086823855928075 5.63027837077633 1.21416849918074 -0.00103002142858229 5.62100983920261 1.21915616203124 -0.00118545382108662 5.61210512666904 1.2248272144428 -0.00133357743652465 5.60361913414108 1.23114669220388 -0.00147347903603899 5.59560418101494 1.23807563331214 -0.00160429607265148 5.58810968254835 1.24557131819014 -0.00172522200919593 5.58118184519661 1.25358753306791 -0.00183551129092879 5.5748633817321 1.2620748549085 -0.00193448394215995 5.5691932479036 1.27098095612002 -0.00202152975856339 5.56420640225925 1.28025092717524 -0.00209611206932077 5.55993359061365 1.28982761514991 -0.00215777104590267 5.55640115648814 1.2996519760924 -0.00220612653708774 5.55363087869291 1.30966343905232 -0.00224088041274063 5.55163983705227 1.31980027952365 -0.00226181840189855 5.55044030710101 1.33 -0.002268811550434 5.550039675999 1.326058448989 -0.1045868899732 5.551825722772 1.31592459017022 -0.104586890267104 5.55220641808709 1.30594367755115 -0.104586890849256 5.55335939332836 1.29607061460302 -0.104586891270322 5.55530036029232 1.28626921273266 -0.104586891137945 5.55804209284375 1.27660683809847 -0.104586890722179 5.56156321139112 1.26721766637593 -0.104586890720441 5.56582030185501 1.25823623236046 -0.10458689181962 5.57076960317459 1.24975180852607 -0.104586893647769 5.57636856989452 1.24178351074855 -0.104586894191743 5.58257654074792 1.2343444199275 -0.104586891297217 5.58935301654867 1.22745072420394 -0.104586884487713 5.59666335239487 1.22113104068456 -0.104586879998144 5.6044963205217 1.21541709371747 -0.104586885741271 5.61284654744859 1.21034139413945 -0.104586907782473 5.62170221071356 1.20594559571797 -0.104586930711319 5.63097651844601 1.20227725088546 -0.104586925262017 5.64053431141488 1.1993836179721 -0.104586862490014 5.65024074331864 1.19733631102973 -0.104586750072736 5.65975267974598 1.19609038119969 -0.104586644123341 5.6687823433694 1.19564608674163 -0.104586599195692 5.67436280404145 1.21608378512603 -0.0364872784621576 5.61708165703834 1.21450757990772 -0.071841186651419 5.61775635215802 1.26593591286968 -0.0388071801910989 5.56725870957924 1.26427118263963 -0.0756089932495342 5.56793343146139 1.20311571573868 -0.0443920579545705 5.64911968702528 1.20234254756986 -0.0618857154882294 5.64945703566184 1.23756615870741 -0.0376072268174454 5.58872261793599 1.23688789473551 -0.0556012203925839 5.58906008109057 1.23594831736829 -0.0735848656794219 5.58939732828877 1.28770924851056 -0.0208712941192057 5.55738945743386 1.28614085397451 -0.0712076156761993 5.55821710326846 1.28496935269236 -0.0899062493686409 5.55855414134825 1.30879416540701 -0.037348552955829 5.5523163766807 1.30647798523289 -0.0877076871693884 5.55319453900693 1.28714376492367 -0.0381313132844919 5.55775886352046 0.081333895514685 0.0332143839943141 0.0718578455011027 0.0332238922880976 0.0718573836092348 0.00577993057858569 0.0718576152641609 0.0195436303238191 0.118642301632898 0.0057799305859712 0.164088750552842 0.00577993059595863 0.208388305919222 0.005779930608459 0.251715543838619 0.00577993062335768 0.294231840230354 0.0057799306405175 0.336087563430745 0.00577993065978062 0.377424443006545 0.00577993068097132 0.418377534968199 0.00577993070389899 0.459077044796523 0.00577993072836113 0.499650008180687 0.00577993075414654 0.540221889501907 0.00577993078103839 0.580918139769993 0.00577993080881714 0.62186575421527 0.00577993083726338 0.663194869697467 0.00577993086616036 0.70504044360234 0.0057799308952962 0.747544074134925 0.00577993092446588 0.790855961954072 0.00577993095347281 0.835137273723349 0.00577993098213027 0.880562329679073 0.00577993101026213 0.927322392164648 0.00577993103531373 0.928142673845835 0.0299980838726816 0.881805714575143 0.0301853223132404 0.837202880295159 0.0303758055094164 0.793648849742506 0.0305704636914531 0.750550422443367 0.0307701006177851 0.707816559951294 0.0309733784751694 0.665652335365695 0.0311774504298202 0.624240288367835 0.0313792886531767 0.583574245399404 0.0315766273804548 0.543411816711951 0.0317685647603481 0.50352233041219 0.0319543013439014 0.463693486981512 0.0321329866181172 0.423683094666644 0.0323035973657071 0.383217052754448 0.0324650533901718 0.342015059407903 0.0326162177038037 0.300065897071642 0.0327553994655838 0.257566495376766 0.0328805483014542 0.214735825775209 0.032989625163873 0.172714518074387 0.0330791209210428 0.132429489074298 0.0331484778350044 0.107191192943966 0.0331839922900127 0.357285813688102 0.0149279178150897 0.357285813688102 0.0240759050515936 0.642714243766968 0.0149279178150897 0.642714243766968 0.0240759050515936 0.214571714476131 0.0172357740694544 0.214571714476131 0.0218097676877063 0.500000028727535 0.0149279178150897 0.500000028727535 0.0195019114333416 0.500000028727535 0.0240759050515936 0.738925758745159 0.01035392439861 0.739958562031064 0.022651861662253 0.739958562031064 0.027225855280505 0.833640477097856 0.0142158963487834 0.834050617938449 0.0263249727674673 0.738177360432412 0.0145719070819365 4 3 5 1 2 4 45 1 4 44 45 4 46 8 9 46 9 10 46 10 11 46 11 12 47 37 38 47 38 39 47 39 40 47 40 41 48 16 17 48 17 18 49 31 32 49 32 33 50 5 6 50 6 7 50 7 8 50 46 47 50 8 46 50 4 5 51 47 41 51 41 42 51 42 43 51 43 44 51 50 47 51 44 4 51 4 50 52 16 48 52 12 13 52 13 14 52 14 15 52 15 16 52 46 12 53 46 52 53 52 48 53 47 46 53 48 49 54 49 33 54 33 34 54 34 35 54 35 36 54 36 37 54 47 53 54 53 49 54 37 47 55 18 19 55 19 20 55 20 21 55 48 18 56 49 48 57 31 49 57 28 29 57 49 56 57 29 30 57 30 31 58 21 22 58 22 23 58 23 24 58 24 25 58 55 21 59 56 58 59 25 26 59 26 27 59 27 28 59 28 57 59 58 25 59 57 56 60 58 56 60 48 55 60 55 58 60 56 48 

TShapes 30
Ve
1.49613970455361e-05
1.325881435939 -0.1045868912972 5.55
0 0

0101101
*
Ve
3.01748392722706e-05
1.195433745981 -0.1045856537434 5.68
0 0

0101101
*
Ed
 1.49613970455361e-05 1 1 0
1  1 0 0 0.999999612075855
2  1 2 0 0 0.999999612075855
4 C0 2 0 1 0
6  1 1 0
0

0101000
+30 0 -29 0 *
Ve
1e-07
1.8 -0.1045868912972 5.55
0 0

0101101
*
Ed
 1e-07 1 1 0
1  2 0 0 0.474118564061
4 C0 3 0 1 0
6  2 2 0
0

0101000
+27 0 -30 0 *
Ve
1e-07
4.111351065935 -0.1045868912972 0.6375
0 0

0101101
*
Ed
 1e-07 1 1 0
1  3 0 0 2.26204536346823
2  2 4 0 0 2.26204536346823
4 C0 1 0 4 0
6  3 3 0
0

0101000
+25 0 -27 0 *
Ve
1e-07
4.111351065935 -0.1045868912972 -0.6375
0 0

0101101
*
Ed
 1e-07 1 1 0
1  4 0 0 1.38249807334661
2  3 5 0 0 1.38249807334661
4 C0 1 0 5 0
6  4 4 0
0

0101000
+23 0 -25 0 *
Ve
1e-07
1.8 -0.1045868912972 -5.55
0 0

0101101
*
Ed
 1e-07 1 1 0
1  5 0 0 2.26204536346832
2  4 6 0 0 2.26204536346832
4 C0 1 0 6 0
6  5 5 0
0

0101000
+21 0 -23 0 *
Ve
3.38824676441291e-05
1.325881435939 -0.1045868912972 -5.55
0 0

0101101
*
Ed
 1e-07 1 1 0
1  6 0 0 0.474118564061
4 C0 1 0 7 0
6  6 6 0
0

0101000
+21 0 -19 0 *
Ve
0.000991982509042475
1.19543363771 -0.1045868912972 -5.68
0 0

0101101
*
Ed
 3.38824676441291e-05 1 1 0
1  7 0 0.00474746284091493 1
2  5 8 0 0.00474746284091493 1
4 C0 1 0 8 0
6  7 7 0
0

0101000
+17 0 -19 0 *
Ve
0.000496441442455079
1.32605844899 -0.1045868899757 -5.551825722475
0 0

0101101
*
Ed
 0.000496441442455079 1 1 0
1  8 0 0.0048594491654778 1
2  6 9 0 0.0048594491654778 1
4 C0 1 0 9 0
6  8 8 0
0

0101000
+17 0 -15 0 *
Ve
2.79257572013942e-07
1.800051228812 -0.1045868912972 -5.551825570541
0 0

0101101
*
Ed
 1.51498644238928e-07 1 1 0
1  9 0 -4.67609396657042e-17 0.473992779822024
4 C0 10 0 1 0
6  9 9 0
0

0101000
+13 0 -15 0 *
Ve
1.51125874580544e-06
4.112835916205 -0.1045868912972 -0.6364308625515
0 0

0101101
*
Ed
 1e-07 1 1 0
1  10 0 0 2.26198736425172
2  7 11 0 0 2.26198736425172
4 C0 1 0 11 0
6  10 10 0
0

0101000
+11 0 -13 0 *
Ve
1.51125478540167e-06
4.112835908013 -0.1045868912972 0.636430868459
0 0

0101101
*
Ed
 1e-07 1 1 0
1  11 0 0 1.38274427156708
2  8 12 0 0 1.38274427156708
4 C0 1 0 12 0
6  11 11 0
0

0101000
+11 0 -9 0 *
Ve
2.78819838569271e-07
1.800051228823 -0.1045868912972 5.551825570541
0 0

0101101
*
Ed
 1e-07 1 1 0
1  12 0 0 2.26198736447123
2  9 13 0 0 2.26198736447123
4 C0 1 0 13 0
6  12 12 0
0

0101000
+7 0 -9 0 *
Ve
3.01748392722706e-05
1.326058448989 -0.1045868899732 5.551825722772
0 0

0101101
*
Ed
 1.51795241829092e-07 1 1 0
1  13 0 -9.35940256136464e-17 0.473992779834024
4 C0 14 0 1 0
6  13 13 0
0

0101000
+7 0 -5 0 *
Ed
 3.01748392722706e-05 1 1 0
1  14 0 0 1
2  10 15 0 0 1
4 C0 1 0 15 0
6  14 14 0
0

0101000
+5 0 -29 0 *
Wi

0101100
-28 0 -26 0 -24 0 -22 0 -20 0 +18 0 -16 0 +14 0 -12 0 -10 0 
+8 0 -6 0 +4 0 +3 0 *
Fa
0  1e-07 1 0

0111000
+2 0 *

+1 0 