DBRep_DrawableShape

CASCADE Topology V3, (c) Open Cascade
Locations 0
Curve2ds 2
7 0 0  1 2 2  2.905660350224391 0.019270353996660106  6.2823817611374828 0.24148067456746958 
 0 2 1 2
7 0 0  1 2 2  2.905660350224391 0.019270353996660106  6.2823817606203676 0.24148067456746958 
 0 2 0.22222443494764643 2
Curves 2
7 0 0  3 10 8  18.481049177279999 102.63667655570001 -0.79042191115710003  18.47982801006 102.6465401369 -0.79043088316260002  18.484455225750001 102.6639148287 -0.80332996977469995  18.477311756359999 102.699728595 -0.79818886096149999  18.473617550730001 102.7350951876 -0.79951508526149995  18.469205790669999 102.7707031324 -0.79940876535990002  18.46443456267 102.8041085771 -0.79850279609389996  18.463260625389999 102.8345094955 -0.80216759893260003  18.454899478360002 102.8499489435 -0.79292469668419996  18.454000100439998 102.8572345346 -0.79291688078739997 
 0 4 0.14285714285709999 1 0.28571428571430002 1 0.42857142857140001 1 0.57142857142860004 1 0.71428571428569998 1 0.85714285714289995 1 1 4
1 18.481049177279999 102.63667655570001 -0.79042191115710003 -0.12171963381160397 0.9925010224516323 -0.011227251544050366 
Polygon3D 0
PolygonOnTriangulations 2
15 21 22 23 24 25 26 27 28 29 30 31 32 33 34 13 
p 0.05 1 0 0.0271737034121415 0.0594911978340104 0.129198294358229 0.160709236981686 0.195710150479901 0.325615926681348 0.686855066551974 0.765141299913981 0.800816231449863 0.829692941339725 0.856131795648357 0.88257064995699 0.958772724267208 1 
2 1021 1020 
p 0.05 1 0 0.222224434947646 
Surfaces 3
2 18.478199874800001 102.6169071775 -0.79749999999999999 -0.12270633817470503 0.99244302333774059 0 0.76138977826149501 0.094138755996196061 0.64142302747749869 0.6365758086282155 0.078706670922697064 -0.76718739550490533 0.01000000000724
1 18.421336633199999 101.40099491780001 -1.9963576498840001 0.97674587356379594 0.12076553176759949 -0.17715299831779924 0.17581425724298039 0.021737795727379942 0.98418332397323915 0.12270633816635708 -0.99244302333877266 8.817014930247611e-12 
1 39 55.024999999999999 -0.78749999999999998 0 0 1 1 0 -0 -0 1 0 
Triangulations 2
139 137 1 0 0.00534207196260916
18.22839083004 101.1882376896 -3.205215297695 18.2379185802375 101.153238603598 -3.17654386718683 18.2475556716781 101.120281066331 -3.14588016104423 18.257285268854 101.089171567251 -3.1134476881347 18.2670905362576 101.05971659581 -3.07946995732569 18.2802528369637 101.022682547544 -3.03214889335952 18.3021266628391 100.96595137971 -2.95021324171226 18.3296275713753 100.899818374219 -2.84362253768417 18.3906642584572 100.765044437601 -2.59896076589489 18.5481189262336 100.459372408353 -1.93975301432131 18.81121216855 99.99575443706 -0.7913400241898 18.18238247285 101.5603511122 -3.205215284582 18.45400010044 102.8572345346 -0.7929168807874 18.3174369036793 102.357967439017 -1.91094107042675 18.2324979106363 101.989100409592 -2.63761670206174 18.2083639013686 101.851703379374 -2.86346525704095 18.1939517280658 101.747268129406 -3.01390345075955 18.1878994206868 101.685276502454 -3.08956276718834 18.1847653106436 101.637644449709 -3.13935282061419 18.1832095045738 101.600186995845 -3.17348937770158 18.48104917728 102.6366765557 -0.7904219111571 18.4806955242329 102.642196791587 -0.791053713084025 18.4809377622013 102.648589649304 -0.793024005841372 18.4820582957895 102.662624208724 -0.798466401030995 18.4819909131811 102.669479086336 -0.799954916381611 18.481254424505 102.677567565748 -0.800461755518751 18.4764925042731 102.709579869429 -0.798957563149406 18.465666536853 102.797427506684 -0.799077647954223 18.4640913211942 102.814742768854 -0.799879102845566 18.4633391999642 102.822223911169 -0.80012006270741 18.4624915601803 102.828028090278 -0.799928522295613 18.461414246831 102.83311282274 -0.799281728490064 18.459994448977 102.837958881272 -0.798103153345431 18.4554741756889 102.850799823134 -0.793895274370677 18.26666201662 102.0795898511 -2.386567898559 18.31094304312 101.7903912787 -2.339568465244 18.3080101551166 101.79040017649 -2.35573308980308 18.3057192388846 101.791143182863 -2.36785771335449 18.3044844731607 101.791973013963 -2.37409998608754 18.302683261336 101.794025585703 -2.38263185578816 18.2943090146518 101.810671800415 -2.41745611492838 18.2929567820579 101.813539308962 -2.42295696121045 18.2916805514171 101.816493727384 -2.42797951859962 18.2895485567624 101.822040568598 -2.43595313331027 18.2884701525307 101.825159052676 -2.43977311661375 18.287404960233 101.828453077575 -2.44340058845526 18.2854582746936 101.835008190567 -2.44966514718458 18.2825487747627 101.845840901325 -2.45832220628658 18.279793278032 101.856849718067 -2.46601010581604 18.2771949886657 101.868038304822 -2.47270868160878 18.2752224403747 101.877252080525 -2.47730342111515 18.2733779424492 101.886612284585 -2.48109232518208 18.2716546942186 101.896111140291 -2.484118191197 18.2698694804468 101.906813517873 -2.48666526558306 18.2680299598183 101.918869773075 -2.48858882383588 18.2665447423909 101.929568489443 -2.48948434252906 18.2652854299948 101.939607229795 -2.48958422437919 18.2641483126117 101.949785702786 -2.48891511918423 18.2631393927657 101.960110772429 -2.48743925238205 18.262248973838 101.970571350432 -2.48521764589097 18.2614639232796 101.981152419441 -2.48233294432741 18.2607720416019 101.991840029078 -2.47886192045113 18.260259818127 102.001585202622 -2.4750427985282 18.2600395418798 102.007531859265 -2.47220346054881 18.2599201568397 102.012769093966 -2.46929146587008 18.2598806377354 102.017649844249 -2.46618214067262 18.2599670502834 102.025063681594 -2.46065167198984 18.260249824819 102.032628904892 -2.45393534719292 18.2612114897749 102.049921890442 -2.43684447714142 18.261569303306 102.058142779758 -2.42926745065956 18.2622171930482 102.064091470221 -2.42164003023152 18.2631128024482 102.068587495284 -2.41363707428128 18.2645466209426 102.073698974075 -2.4022471075916 18.53079561407 101.8175740018 -1.108864895144 18.62574795248 101.4950381679 -0.8052115909443 18.6221395807209 101.515189079267 -0.811369695565109 18.6182462450211 101.535286765274 -0.819135253263152 18.6140690971216 101.555327323849 -0.828504573892503 18.6096092887636 101.575306852921 -0.839473967307233 18.604867971688 101.595221450419 -0.852039743361418 18.5998462976358 101.615067214271 -0.866198211909129 18.5945454183481 101.634840242407 -0.88194568280444 18.5889664855659 101.654536632755 -0.899278465901424 18.5810973715283 101.680672527896 -0.924848506536675 18.5716596012456 101.709892746199 -0.956964858064106 18.5616061443665 101.738906874116 -0.992616334536683 18.550940888017 101.767701742156 -1.0317904817119 18.5411001178834 101.792731447537 -1.06898548309422 18.637286692 101.4276948242 -0.7874999999999 18.64249744326 101.3595690836 -0.8052115909674 18.6289606846 101.0236195831 -1.108864895146 18.6366329547262 101.079252809924 -1.0286380023745 18.6416896985812 101.129543356267 -0.966474119024934 18.6445002846654 101.170388250274 -0.92313370838398 18.6460449883398 101.207203437015 -0.889519891163465 18.6466115754269 101.237044861151 -0.866053017600446 18.646589354387 101.264680831587 -0.847336042169866 18.6461194426304 101.289548839516 -0.832974367097301 18.645331836102 101.311920253663 -0.822066257753753 18.644198511605 101.334276878183 -0.813074371510036 18.6434034482332 101.346926685947 -0.808834613234559 18.40910811365 100.99643686 -2.339568465244 18.43659720666 100.7051621215 -2.386567898549 18.4332103612229 100.710200334635 -2.40180695652224 18.4306251145023 100.714682791711 -2.41300520193162 18.4292669573955 100.717417802223 -2.41862903759116 18.4273572378112 100.722027270836 -2.42601613126598 18.4190382381094 100.748826204374 -2.45361465469772 18.4177366212019 100.753193196609 -2.45781422688637 18.416526312294 100.757496884133 -2.46155352075259 18.4148559725629 100.763897527087 -2.46639972939038 18.4128855693046 100.772254470626 -2.47156674620805 18.4119378921695 100.77662199373 -2.47381448395259 18.4109999295189 100.781175548849 -2.47588184180867 18.4089632240381 100.791774915947 -2.47988575636711 18.4066355499097 100.804731059998 -2.48388732833797 18.4044958705153 100.8175568655 -2.48694122977616 18.4027563224759 100.828971021575 -2.48875130210688 18.4013581571752 100.839127682656 -2.48953637271089 18.4001141555639 100.849177460579 -2.4895443131122 18.3988968993193 100.860229506763 -2.4887215428452 18.3977273777258 100.872382692591 -2.4868849351663 18.3967925979271 100.883781022788 -2.48426864812133 18.3961117724482 100.89392826018 -2.48110503787178 18.3956420804521 100.902961595247 -2.47753667719132 18.3953023334836 100.912384444766 -2.4729863224594 18.395087689331 100.923875604906 -2.46633623305755 18.3950706892182 100.935229736542 -2.45868983153176 18.3952430192002 100.946452603817 -2.45008902799921 18.3955365540613 100.953568381047 -2.44361976360113 18.3958179848284 100.957729743339 -2.43923126621625 18.3961633399717 100.96148374617 -2.43476801486757 18.3968584189747 100.966932100919 -2.4272214928327 18.3977053930672 100.971710706507 -2.41929405549409 18.4018705535972 100.990577473417 -2.38346763110114 18.4031962805765 100.993284086308 -2.37431303638289 18.4047420694421 100.994855549377 -2.36471894830311 18.406623294156 100.995855443749 -2.35366504986218 18.78699451538 100.2168650734 -0.7875 -1.22828503426996 0.187473753810995 -1.19915277914734 0.223377467874661 -1.16799615704978 0.257268478003594 -1.13504230809242 0.289336766566909 -1.10051837239044 0.319772315933722 -1.05243668881618 0.358141596483509 -0.96918446691448 0.417128105282023 -0.860882207475861 0.486135880977344 -0.612288740166801 0.627380922469232 0.057530675298985 0.950063681042439 1.22395709944866 1.44246131051772 -1.2282850209428 -0.187473133374904 1.2218044788863 -1.44122683353523 0.0866009925021609 -0.962489857553546 -0.651532888199739 -0.606832900472087 -0.881039081243858 -0.473435572308746 -1.0339019004654 -0.371558002099487 -1.11077618124776 -0.310777500902552 -1.16136515859121 -0.263889977635898 -1.19604956418363 -0.226906496142011 1.22422115545724 -1.21901651295021 1.22365716704437 -1.22453842802758 1.2218995932929 -1.23085325093452 1.21704536487113 -1.24464425494351 1.21571755599159 -1.25145559867784 1.21526507386852 -1.25957332546886 1.21660413836403 -1.29192803071163 1.21649220747455 -1.38044022024172 1.21580287919654 -1.39781792032491 1.21559612042683 -1.40533481786436 1.21576177420679 -1.41119914570108 1.21631946171353 -1.41637764613432 1.21733511764224 -1.42136130131097 1.22096084723895 -1.43465987065787 -0.396481264373078 -0.692446363037874 -0.348726509578642 -0.399999694887492 -0.365150913615524 -0.400368409384706 -0.377470390339244 -0.401386910817559 -0.383812981786475 -0.402361984484158 -0.392481966002049 -0.404620065094579 -0.427865881063273 -0.42216805789665 -0.43345513069591 -0.425179824258504 -0.438558404920062 -0.428268517797934 -0.446660162505501 -0.434035050919531 -0.450541536239778 -0.437262295720391 -0.454227304686626 -0.440662133596577 -0.460592540285098 -0.447406580406204 -0.469388725803597 -0.458514442704623 -0.477200176518386 -0.469778182988758 -0.484006404209637 -0.481201044429046 -0.488674985148354 -0.490587236021733 -0.492524780176102 -0.500103036824419 -0.495599274471294 -0.50974156337914 -0.498187282542612 -0.520582120388438 -0.500141754037905 -0.532772987591411 -0.501051664489918 -0.543573099601777 -0.501153151527604 -0.553690503040333 -0.500473293234162 -0.563931589058212 -0.498973707977609 -0.574302433251098 -0.496716398351247 -0.58479322095631 -0.493785337141885 -0.59539065975308 -0.490258530913902 -0.606082401640141 -0.486378032403093 -0.615816784201638 -0.483493063810073 -0.621745531391292 -0.48053427086182 -0.626957837732688 -0.477374976122975 -0.631806553544741 -0.471755628031922 -0.639153761326347 -0.464931366094787 -0.646627116180331 -0.447565831000562 -0.66367141665708 -0.439867035158967 -0.671786274915597 -0.432117035496834 -0.677610511086023 -0.423985465132251 -0.681962662842832 -0.412412451840216 -0.686859575690652 0.901755529814704 -0.399999694854849 1.21028880485638 -0.0682500029747447 1.20403173417563 -0.0886914044605388 1.19614137725661 -0.109114949690207 1.18662148354948 -0.129516624754501 1.17547580250438 -0.149892415744174 1.16270808357147 -0.170238308749977 1.14832207620089 -0.190550289862665 1.1323215298428 -0.210824345172989 1.11471019394735 -0.231056460771702 1.08872922067086 -0.257960437731003 1.05609673163499 -0.288117913758738 1.0198723051476 -0.318146405468088 0.98006859560295 -0.348032365915343 0.942275838438238 -0.374080447264394 1.22828503637417 3.05122342379167e-07 1.21028880483244 0.068250613296665 0.90175552980462 0.400000305173542 0.983271737998483 0.345728933519484 1.0464346486329 0.296438926183141 1.09047157710713 0.256247572813775 1.12462559740885 0.219900142511705 1.14846960390533 0.190353753148419 1.16748737730377 0.162923900433688 1.18207985690455 0.138186158309765 1.19316326899061 0.115887160104759 1.20229966261506 0.0935604179754844 1.20660755746845 0.0809086451983002 -0.348726509585357 0.400000305040425 -0.396481264412221 0.692446973287944 -0.411965227175244 0.687031246305164 -0.423343438060583 0.682265436893416 -0.429057653616624 0.679384440307271 -0.436563464267149 0.674575470644065 -0.464605519805567 0.646958262030543 -0.468872582746108 0.642464554408835 -0.47267197029408 0.638044877177204 -0.477596061690022 0.631487642460906 -0.48284611693043 0.622952071180687 -0.485129977761809 0.618501267355605 -0.487230559844166 0.613867029383534 -0.491298820767709 0.603097844784283 -0.49536470145631 0.589953989643213 -0.498467681728265 0.576962556230669 -0.500306843484658 0.56542120309608 -0.501104530851255 0.555169731921617 -0.501112598861529 0.545043253054103 -0.50027660596549 0.533925361868656 -0.498410482414558 0.521720509670207 -0.495752149376711 0.510293612982555 -0.4925376971778 0.500139516424511 -0.488911989859164 0.491116811874821 -0.484288506996764 0.481723481504134 -0.477531544915005 0.470292821594593 -0.469762259112955 0.459022406844852 -0.461023233239363 0.447905496497662 -0.454450002174934 0.440879511617324 -0.449990977846717 0.436784129982667 -0.445455998193938 0.433100873327712 -0.437788197031992 0.427778982267707 -0.429733358928383 0.423140417580447 -0.393331172953243 0.404927317984439 -0.384029455991518 0.402403834007537 -0.374281182630217 0.401033924539039 -0.363049638494351 0.400272424541484 1.22828503636157 1.22004994255665 69 68 15 69 15 70 67 15 68 71 70 15 66 15 67 65 15 66 72 71 15 64 15 65 63 15 64 73 72 15 62 15 63 61 15 62 60 15 61 59 15 60 58 15 59 57 15 58 56 15 57 55 15 56 54 15 55 53 15 54 52 15 53 51 16 15 51 15 52 2 1 12 2 12 20 50 16 51 49 16 50 48 16 49 3 2 20 3 20 19 47 16 48 46 16 47 45 16 46 44 16 45 14 73 15 14 35 73 43 17 16 43 16 44 4 3 19 4 19 18 5 4 18 6 18 17 6 5 18 7 17 43 7 6 17 33 14 13 33 13 34 32 14 33 31 14 32 30 14 31 29 14 30 28 14 29 27 14 28 26 14 27 25 14 26 24 14 25 131 130 8 129 8 130 132 8 7 132 131 8 128 8 129 133 7 43 133 43 42 133 132 7 127 8 128 134 42 41 134 133 42 126 8 127 125 8 126 21 23 22 21 24 23 21 14 24 124 8 125 135 41 40 135 134 41 123 8 124 9 8 123 136 135 40 136 39 38 136 40 39 122 9 123 137 38 37 137 136 38 121 9 122 138 37 36 138 137 37 120 9 121 102 138 36 119 9 120 118 9 119 117 9 118 116 9 117 115 9 116 114 9 115 113 9 114 112 9 113 111 9 112 110 9 111 109 9 110 108 9 109 107 9 108 106 9 107 105 9 106 104 9 105 74 102 36 10 104 103 10 9 104 90 75 89 101 75 90 101 76 75 100 76 101 100 77 76 91 102 74 91 74 88 99 78 77 99 77 100 98 79 78 98 78 99 92 91 88 92 87 86 92 88 87 97 80 79 97 79 98 96 81 80 96 82 81 96 80 97 93 92 86 93 86 85 95 83 82 95 82 96 94 93 85 94 83 95 94 84 83 94 85 84 11 10 139 21 35 14 103 139 10 
1228 1246 1 0 0.00462845850409999
-5.214270966569e-14 109.05 -0.7875 -1.162757568292e-14 29.2 -0.7875 0.00308266626687048 29.1215409042722 -0.7875 0.0123116594048592 29.0435655349598 -0.7875 0.0276300796023191 28.9665546361441 -0.7875 0.0489434837048411 28.8909830056251 -0.7875 0.0761204674887072 28.8173165676349 -0.7875 0.108993475811625 28.7460095002605 -0.7875 0.147359835645901 28.6775014352841 -0.7875 0.190983005625045 28.6122147477075 -0.7875 0.239594034399961 28.5505519516698 -0.7875 0.292893218813445 28.4928932188135 -0.7875 0.350551951669809 28.4395940344 -0.7875 0.41221474770752 28.3909830056251 -0.7875 0.477501435284045 28.3473598356459 -0.7875 0.546009500260448 28.3089934758116 -0.7875 0.617316567634905 28.2761204674887 -0.7875 0.690983005625049 28.2489434837048 -0.7875 0.766554636144092 28.2276300796023 -0.7875 0.843565534959767 28.2123116594049 -0.7875 0.921540904272154 28.2030826662669 -0.7875 1 28.2 -0.7875 2.4 28.2 -0.7875 2.47845909572784 28.1969173337331 -0.7875 2.55643446504023 28.1876883405951 -0.7875 2.63344536385591 28.1723699203977 -0.7875 2.70901699437495 28.1510565162952 -0.7875 2.78268343236509 28.1238795325113 -0.7875 2.85399049973955 28.0910065241884 -0.7875 2.92249856471595 28.0526401643541 -0.7875 2.98778525229247 28.0090169943749 -0.7875 3.04944804833018 27.9604059656 -0.7875 3.10710678118655 27.9071067811865 -0.7875 3.16040596560003 27.8494480483302 -0.7875 3.20901699437495 27.7877852522925 -0.7875 3.25264016435409 27.7224985647159 -0.7875 3.29100652418837 27.6539904997395 -0.7875 3.32387953251129 27.5826834323651 -0.7875 3.35105651629515 27.5090169943749 -0.7875 3.37236992039768 27.4334453638559 -0.7875 3.38768834059514 27.3564344650402 -0.7875 3.39691733373313 27.2784590957278 -0.7875 3.4 27.2 -0.7875 3.4 1 -0.7875 3.40308266626687 0.921540904272155 -0.7875 3.41231165940486 0.843565534959769 -0.7875 3.42763007960232 0.766554636144095 -0.7875 3.44894348370485 0.690983005625053 -0.7875 3.47612046748871 0.61731656763491 -0.7875 3.50899347581163 0.546009500260453 -0.7875 3.54735983564591 0.477501435284051 -0.7875 3.59098300562505 0.412214747707527 -0.7875 3.63959403439997 0.350551951669816 -0.7875 3.69289321881345 0.292893218813453 -0.7875 3.75055195166982 0.239594034399969 -0.7875 3.81221474770753 0.190983005625053 -0.7875 3.87750143528405 0.147359835645908 -0.7875 3.94600950026045 0.108993475811632 -0.7875 4.01731656763491 0.0761204674887133 -0.7875 4.09098300562505 0.0489434837048465 -0.7875 4.1665546361441 0.0276300796023234 -0.7875 4.24356553495977 0.0123116594048622 -0.7875 4.32154090427216 0.00308266626687204 -0.7875 4.4 0 -0.7875 70 0 -0.7875 70.0784590957279 0.00308266626687204 -0.7875 70.1564344650402 0.0123116594048622 -0.7875 70.2334453638559 0.0276300796023234 -0.7875 70.3090169943749 0.0489434837048465 -0.7875 70.3826834323651 0.0761204674887133 -0.7875 70.4539904997395 0.108993475811632 -0.7875 70.5224985647159 0.147359835645908 -0.7875 70.5877852522925 0.190983005625053 -0.7875 70.6494480483302 0.239594034399969 -0.7875 70.7071067811866 0.292893218813452 -0.7875 70.7604059656 0.350551951669816 -0.7875 70.8090169943749 0.412214747707527 -0.7875 70.8526401643541 0.477501435284051 -0.7875 70.8910065241884 0.546009500260453 -0.7875 70.9238795325113 0.61731656763491 -0.7875 70.9510565162952 0.690983005625053 -0.7875 70.9723699203977 0.766554636144094 -0.7875 70.9876883405951 0.843565534959769 -0.7875 70.9969173337331 0.921540904272155 -0.7875 71 1 -0.7875 71 28.753 -0.7875 70.9969173337331 28.8314590957278 -0.7875 70.9876883405951 28.9094344650402 -0.7875 70.9723699203977 28.9864453638559 -0.7875 70.9510565162952 29.0620169943749 -0.7875 70.9238795325113 29.1356834323651 -0.7875 70.8910065241884 29.2069904997395 -0.7875 70.8526401643541 29.2754985647159 -0.7875 70.8090169943749 29.3407852522925 -0.7875 70.7604059656 29.4024480483302 -0.7875 70.7071067811866 29.4601067811865 -0.7875 70.6494480483302 29.5134059656 -0.7875 70.5877852522925 29.5620169943749 -0.7875 70.5224985647159 29.6056401643541 -0.7875 70.4539904997395 29.6440065241884 -0.7875 70.3826834323651 29.6768795325113 -0.7875 70.3090169943749 29.7040565162952 -0.7875 70.2334453638559 29.7253699203977 -0.7875 70.1564344650402 29.7406883405951 -0.7875 70.0784590957279 29.7499173337331 -0.7875 70 29.753 -0.7875 69 29.753 -0.7875 68.9215409042721 29.7560826662669 -0.7875 68.8435655349598 29.7653116594049 -0.7875 68.7665546361441 29.7806300796023 -0.7875 68.6909830056251 29.8019434837048 -0.7875 68.6173165676349 29.8291204674887 -0.7875 68.5460095002605 29.8619934758116 -0.7875 68.4775014352841 29.9003598356459 -0.7875 68.4122147477075 29.9439830056251 -0.7875 68.3505519516698 29.9925940344 -0.7875 68.2928932188134 30.0458932188135 -0.7875 68.2395940344 30.1035519516698 -0.7875 68.1909830056251 30.1652147477075 -0.7875 68.1473598356459 30.2305014352841 -0.7875 68.1089934758116 30.2990095002605 -0.7875 68.0761204674887 30.3703165676349 -0.7875 68.0489434837048 30.4439830056251 -0.7875 68.0276300796023 30.5195546361441 -0.7875 68.0123116594049 30.5965655349598 -0.7875 68.0030826662669 30.6745409042722 -0.7875 68 30.753 -0.7875 68 60.8 -0.7875 68.0030826662669 60.8784590957279 -0.7875 68.0123116594049 60.9564344650403 -0.7875 68.0276300796023 61.0334453638559 -0.7875 68.0489434837048 61.109016994375 -0.7875 68.0761204674887 61.1826834323651 -0.7875 68.1089934758116 61.2539904997396 -0.7875 68.1473598356459 61.322498564716 -0.7875 68.1909830056251 61.3877852522925 -0.7875 68.2395940344 61.4494480483302 -0.7875 68.2928932188135 61.5071067811866 -0.7875 68.3505519516698 61.5604059656 -0.7875 68.4122147477075 61.609016994375 -0.7875 68.4775014352841 61.6526401643541 -0.7875 68.5460095002605 61.6910065241884 -0.7875 68.6173165676349 61.7238795325113 -0.7875 68.6909830056251 61.7510565162952 -0.7875 68.7665546361441 61.7723699203977 -0.7875 68.8435655349598 61.7876883405951 -0.7875 68.9215409042722 61.7969173337331 -0.7875 69 61.8 -0.7875 77 61.8 -0.7875 77.0784590957278 61.8030826662669 -0.7875 77.1564344650402 61.8123116594048 -0.7875 77.2334453638559 61.8276300796023 -0.7875 77.3090169943749 61.8489434837048 -0.7875 77.3826834323651 61.8761204674887 -0.7875 77.4539904997395 61.9089934758116 -0.7875 77.5224985647159 61.9473598356459 -0.7875 77.5877852522924 61.990983005625 -0.7875 77.6494480483302 62.0395940343999 -0.7875 77.7071067811865 62.0928932188134 -0.7875 77.7604059656 62.1505519516698 -0.7875 77.8090169943749 62.2122147477075 -0.7875 77.8526401643541 62.277501435284 -0.7875 77.8910065241884 62.3460095002604 -0.7875 77.9238795325113 62.4173165676349 -0.7875 77.9510565162952 62.490983005625 -0.7875 77.9723699203977 62.5665546361441 -0.7875 77.9876883405951 62.6435655349598 -0.7875 77.9969173337331 62.7215409042722 -0.7875 78 62.8 -0.7875 78 100.8 -0.7875 77.9969173337331 100.878459095728 -0.7875 77.9876883405951 100.95643446504 -0.7875 77.9723699203977 101.033445363856 -0.7875 77.9510565162952 101.109016994375 -0.7875 77.9238795325113 101.182683432365 -0.7875 77.8910065241884 101.25399049974 -0.7875 77.8526401643541 101.322498564716 -0.7875 77.8090169943749 101.387785252292 -0.7875 77.7604059656 101.44944804833 -0.7875 77.7071067811866 101.507106781187 -0.7875 77.6494480483302 101.5604059656 -0.7875 77.5877852522925 101.609016994375 -0.7875 77.5224985647159 101.652640164354 -0.7875 77.4539904997395 101.691006524188 -0.7875 77.3826834323651 101.723879532511 -0.7875 77.3090169943749 101.751056516295 -0.7875 77.2334453638559 101.772369920398 -0.7875 77.1564344650402 101.787688340595 -0.7875 77.0784590957279 101.796917333733 -0.7875 77 101.8 -0.7875 69 101.8 -0.7875 68.9215409042722 101.803082666267 -0.7875 68.8435655349598 101.812311659405 -0.7875 68.7665546361441 101.827630079602 -0.7875 68.6909830056251 101.848943483705 -0.7875 68.6173165676349 101.876120467489 -0.7875 68.5460095002605 101.908993475812 -0.7875 68.4775014352841 101.947359835646 -0.7875 68.4122147477075 101.990983005625 -0.7875 68.3505519516698 102.0395940344 -0.7875 68.2928932188135 102.092893218813 -0.7875 68.2395940344 102.15055195167 -0.7875 68.1909830056251 102.212214747708 -0.7875 68.1473598356459 102.277501435284 -0.7875 68.1089934758116 102.34600950026 -0.7875 68.0761204674887 102.417316567635 -0.7875 68.0489434837048 102.490983005625 -0.7875 68.0276300796023 102.566554636144 -0.7875 68.0123116594049 102.64356553496 -0.7875 68.0030826662669 102.721540904272 -0.7875 68 102.8 -0.7875 68 109.05 -0.7875 67.9969173337331 109.128459095728 -0.7875 67.9876883405951 109.20643446504 -0.7875 67.9723699203977 109.283445363856 -0.7875 67.9510565162952 109.359016994375 -0.7875 67.9238795325113 109.432683432365 -0.7875 67.8910065241884 109.50399049974 -0.7875 67.8526401643541 109.572498564716 -0.7875 67.8090169943749 109.637785252292 -0.7875 67.7604059656 109.69944804833 -0.7875 67.7071067811866 109.757106781187 -0.7875 67.6494480483302 109.8104059656 -0.7875 67.5877852522925 109.859016994375 -0.7875 67.5224985647159 109.902640164354 -0.7875 67.4539904997395 109.941006524188 -0.7875 67.3826834323651 109.973879532511 -0.7875 67.3090169943749 110.001056516295 -0.7875 67.2334453638559 110.022369920398 -0.7875 67.1564344650402 110.037688340595 -0.7875 67.0784590957279 110.046917333733 -0.7875 67 110.05 -0.7875 1 110.05 -0.7875 0.921540904272103 110.046917333733 -0.7875 0.843565534959714 110.037688340595 -0.7875 0.766554636144036 110.022369920398 -0.7875 0.690983005624991 110.001056516295 -0.7875 0.617316567634845 109.973879532511 -0.7875 0.546009500260384 109.941006524188 -0.7875 0.477501435283979 109.902640164354 -0.7875 0.412214747707451 109.859016994375 -0.7875 0.350551951669737 109.8104059656 -0.7875 0.29289321881337 109.757106781187 -0.7875 0.239594034399884 109.69944804833 -0.7875 0.190983005624964 109.637785252292 -0.7875 0.147359835645817 109.572498564716 -0.7875 0.108993475811539 109.50399049974 -0.7875 0.0761204674886179 109.432683432365 -0.7875 0.0489434837047494 109.359016994375 -0.7875 0.0276300796022252 109.283445363856 -0.7875 0.0123116594047631 109.20643446504 -0.7875 0.00308266626677223 109.128459095728 -0.7875 15.59900000582 58.2375 -0.7875 15.6036240052203 58.3551886435918 -0.7875 15.6174674949273 58.4721516975603 -0.7875 15.6404451252235 58.5876680457839 -0.7875 15.6724152313773 58.7010254915624 -0.7875 15.7131807070531 58.8115251485476 -0.7875 15.7624902195374 58.9184857496093 -0.7875 15.8200397592889 59.0212478470739 -0.7875 15.8854745142576 59.1191778784387 -0.7875 15.95839105742 59.2116720724953 -0.7875 16.0383398340402 59.2981601717798 -0.7875 16.1248279333247 59.3781089484 -0.7875 16.2173221273813 59.4510254915624 -0.7875 16.3152521587461 59.5164602465311 -0.7875 16.4180142562107 59.5740097862826 -0.7875 16.5249748572724 59.6233192987669 -0.7875 16.6354745142576 59.6640847744427 -0.7875 16.7488319600361 59.6960548805965 -0.7875 16.8643483082597 59.7190325108927 -0.7875 16.9813113622282 59.7328760005997 -0.7875 17.09900000582 59.7375 -0.7875 17.2166886494118 59.7328760005997 -0.7875 17.3336517033803 59.7190325108927 -0.7875 17.4491680516039 59.6960548805965 -0.7875 17.5625254973824 59.6640847744427 -0.7875 17.6730251543676 59.6233192987669 -0.7875 17.7799857554293 59.5740097862826 -0.7875 17.8827478528939 59.5164602465311 -0.7875 17.9806778842587 59.4510254915624 -0.7875 18.0731720783153 59.3781089484 -0.7875 18.1596601775998 59.2981601717798 -0.7875 18.23960895422 59.2116720724953 -0.7875 18.3125254973824 59.1191778784387 -0.7875 18.3779602523511 59.0212478470739 -0.7875 18.4355097921026 58.9184857496093 -0.7875 18.4848193045869 58.8115251485476 -0.7875 18.5255847802627 58.7010254915624 -0.7875 18.5575548864165 58.5876680457839 -0.7875 18.5805325167127 58.4721516975603 -0.7875 18.5943760064197 58.3551886435918 -0.7875 18.59900000582 58.2375 -0.7875 18.5943760064197 58.1198113564082 -0.7875 18.5805325167127 58.0028483024397 -0.7875 18.5575548864165 57.8873319542161 -0.7875 18.5255847802627 57.7739745084376 -0.7875 18.4848193045869 57.6634748514524 -0.7875 18.4355097921026 57.5565142503907 -0.7875 18.3779602523511 57.4537521529261 -0.7875 18.3125254973824 57.3558221215613 -0.7875 18.23960895422 57.2633279275047 -0.7875 18.1596601775998 57.1768398282202 -0.7875 18.0731720783153 57.0968910516 -0.7875 17.9806778842587 57.0239745084376 -0.7875 17.8827478528939 56.9585397534689 -0.7875 17.7799857554293 56.9009902137174 -0.7875 17.6730251543676 56.8516807012331 -0.7875 17.5625254973824 56.8109152255573 -0.7875 17.4491680516039 56.7789451194035 -0.7875 17.3336517033803 56.7559674891073 -0.7875 17.2166886494118 56.7421239994003 -0.7875 17.09900000582 56.7375 -0.7875 16.9813113622282 56.7421239994003 -0.7875 16.8643483082597 56.7559674891073 -0.7875 16.7488319600361 56.7789451194035 -0.7875 16.6354745142576 56.8109152255573 -0.7875 16.5249748572724 56.8516807012331 -0.7875 16.4180142562107 56.9009902137174 -0.7875 16.3152521587461 56.9585397534689 -0.7875 16.2173221273813 57.0239745084376 -0.7875 16.1248279333247 57.0968910516 -0.7875 16.0383398340402 57.1768398282202 -0.7875 15.95839105742 57.2633279275047 -0.7875 15.8854745142576 57.3558221215613 -0.7875 15.8200397592889 57.4537521529261 -0.7875 15.7624902195374 57.5565142503907 -0.7875 15.7131807070531 57.6634748514524 -0.7875 15.6724152313773 57.7739745084376 -0.7875 15.6404451252235 57.8873319542161 -0.7875 15.6174674949273 58.0028483024397 -0.7875 15.6036240052203 58.1198113564082 -0.7875 56.57 11.4 -0.7875 56.5690752001199 11.3764622712817 -0.7875 56.5663065021785 11.3530696604879 -0.7875 56.5617109761193 11.3299663908432 -0.7875 56.5553169548886 11.3072949016875 -0.7875 56.5471638597534 11.2851949702905 -0.7875 56.5373019572565 11.2638028500781 -0.7875 56.5257920493062 11.2432504305852 -0.7875 56.5127050983125 11.2236644243123 -0.7875 56.49812178968 11.2051655855009 -0.7875 56.482132034356 11.187867965644 -0.7875 56.4648344144991 11.17187821032 -0.7875 56.4463355756877 11.1572949016875 -0.7875 56.4267495694148 11.1442079506938 -0.7875 56.4061971499219 11.1326980427435 -0.7875 56.3848050297095 11.1228361402466 -0.7875 56.3627050983125 11.1146830451115 -0.7875 56.3400336091568 11.1082890238807 -0.7875 56.3169303395121 11.1036934978215 -0.7875 56.2935377287184 11.1009247998801 -0.7875 56.27 11.1 -0.7875 56.2464622712817 11.1009247998801 -0.7875 56.2230696604879 11.1036934978215 -0.7875 56.1999663908432 11.1082890238807 -0.7875 56.1772949016875 11.1146830451115 -0.7875 56.1551949702905 11.1228361402466 -0.7875 56.1338028500781 11.1326980427435 -0.7875 56.1132504305852 11.1442079506938 -0.7875 56.0936644243123 11.1572949016875 -0.7875 56.075165585501 11.17187821032 -0.7875 56.057867965644 11.187867965644 -0.7875 56.04187821032 11.2051655855009 -0.7875 56.0272949016875 11.2236644243123 -0.7875 56.0142079506938 11.2432504305852 -0.7875 56.0026980427435 11.2638028500781 -0.7875 55.9928361402466 11.2851949702905 -0.7875 55.9846830451115 11.3072949016875 -0.7875 55.9782890238807 11.3299663908432 -0.7875 55.9736934978215 11.3530696604879 -0.7875 55.9709247998801 11.3764622712816 -0.7875 55.97 11.4 -0.7875 55.9709247998801 11.4235377287184 -0.7875 55.9736934978215 11.4469303395121 -0.7875 55.9782890238807 11.4700336091568 -0.7875 55.9846830451115 11.4927050983125 -0.7875 55.9928361402466 11.5148050297095 -0.7875 56.0026980427435 11.5361971499219 -0.7875 56.0142079506938 11.5567495694148 -0.7875 56.0272949016875 11.5763355756877 -0.7875 56.04187821032 11.5948344144991 -0.7875 56.057867965644 11.612132034356 -0.7875 56.075165585501 11.62812178968 -0.7875 56.0936644243123 11.6427050983125 -0.7875 56.1132504305852 11.6557920493062 -0.7875 56.1338028500781 11.6673019572565 -0.7875 56.1551949702905 11.6771638597534 -0.7875 56.1772949016875 11.6853169548885 -0.7875 56.1999663908432 11.6917109761193 -0.7875 56.2230696604879 11.6963065021785 -0.7875 56.2464622712817 11.6990752001199 -0.7875 56.27 11.7 -0.7875 56.2935377287184 11.6990752001199 -0.7875 56.3169303395121 11.6963065021785 -0.7875 56.3400336091568 11.6917109761193 -0.7875 56.3627050983125 11.6853169548885 -0.7875 56.3848050297095 11.6771638597534 -0.7875 56.4061971499219 11.6673019572565 -0.7875 56.4267495694148 11.6557920493062 -0.7875 56.4463355756877 11.6427050983125 -0.7875 56.4648344144991 11.62812178968 -0.7875 56.482132034356 11.612132034356 -0.7875 56.49812178968 11.5948344144991 -0.7875 56.5127050983125 11.5763355756877 -0.7875 56.5257920493062 11.5567495694148 -0.7875 56.5373019572565 11.5361971499219 -0.7875 56.5471638597534 11.5148050297095 -0.7875 56.5553169548886 11.4927050983125 -0.7875 56.5617109761193 11.4700336091568 -0.7875 56.5663065021785 11.4469303395121 -0.7875 56.5690752001199 11.4235377287183 -0.7875 33.57 11.4 -0.7875 33.5690752001199 11.3764622712817 -0.7875 33.5663065021785 11.3530696604879 -0.7875 33.5617109761193 11.3299663908432 -0.7875 33.5553169548886 11.3072949016875 -0.7875 33.5471638597534 11.2851949702905 -0.7875 33.5373019572565 11.2638028500781 -0.7875 33.5257920493062 11.2432504305852 -0.7875 33.5127050983125 11.2236644243123 -0.7875 33.49812178968 11.2051655855009 -0.7875 33.482132034356 11.187867965644 -0.7875 33.4648344144991 11.17187821032 -0.7875 33.4463355756877 11.1572949016875 -0.7875 33.4267495694148 11.1442079506938 -0.7875 33.4061971499219 11.1326980427435 -0.7875 33.3848050297095 11.1228361402466 -0.7875 33.3627050983125 11.1146830451115 -0.7875 33.3400336091568 11.1082890238807 -0.7875 33.3169303395121 11.1036934978215 -0.7875 33.2935377287184 11.1009247998801 -0.7875 33.27 11.1 -0.7875 33.2464622712817 11.1009247998801 -0.7875 33.2230696604879 11.1036934978215 -0.7875 33.1999663908432 11.1082890238807 -0.7875 33.1772949016875 11.1146830451115 -0.7875 33.1551949702905 11.1228361402466 -0.7875 33.1338028500781 11.1326980427435 -0.7875 33.1132504305852 11.1442079506938 -0.7875 33.0936644243123 11.1572949016875 -0.7875 33.075165585501 11.17187821032 -0.7875 33.057867965644 11.187867965644 -0.7875 33.04187821032 11.2051655855009 -0.7875 33.0272949016875 11.2236644243123 -0.7875 33.0142079506938 11.2432504305852 -0.7875 33.0026980427435 11.2638028500781 -0.7875 32.9928361402466 11.2851949702905 -0.7875 32.9846830451115 11.3072949016875 -0.7875 32.9782890238807 11.3299663908432 -0.7875 32.9736934978215 11.3530696604879 -0.7875 32.9709247998801 11.3764622712816 -0.7875 32.97 11.4 -0.7875 32.9709247998801 11.4235377287184 -0.7875 32.9736934978215 11.4469303395121 -0.7875 32.9782890238807 11.4700336091568 -0.7875 32.9846830451115 11.4927050983125 -0.7875 32.9928361402466 11.5148050297095 -0.7875 33.0026980427435 11.5361971499219 -0.7875 33.0142079506938 11.5567495694148 -0.7875 33.0272949016875 11.5763355756877 -0.7875 33.04187821032 11.5948344144991 -0.7875 33.057867965644 11.612132034356 -0.7875 33.075165585501 11.62812178968 -0.7875 33.0936644243123 11.6427050983125 -0.7875 33.1132504305852 11.6557920493062 -0.7875 33.1338028500781 11.6673019572565 -0.7875 33.1551949702905 11.6771638597534 -0.7875 33.1772949016875 11.6853169548885 -0.7875 33.1999663908432 11.6917109761193 -0.7875 33.2230696604879 11.6963065021785 -0.7875 33.2464622712817 11.6990752001199 -0.7875 33.27 11.7 -0.7875 33.2935377287184 11.6990752001199 -0.7875 33.3169303395121 11.6963065021785 -0.7875 33.3400336091568 11.6917109761193 -0.7875 33.3627050983125 11.6853169548885 -0.7875 33.3848050297095 11.6771638597534 -0.7875 33.4061971499219 11.6673019572565 -0.7875 33.4267495694148 11.6557920493062 -0.7875 33.4463355756877 11.6427050983125 -0.7875 33.4648344144991 11.62812178968 -0.7875 33.482132034356 11.612132034356 -0.7875 33.49812178968 11.5948344144991 -0.7875 33.5127050983125 11.5763355756877 -0.7875 33.5257920493062 11.5567495694148 -0.7875 33.5373019572565 11.5361971499219 -0.7875 33.5471638597534 11.5148050297095 -0.7875 33.5553169548886 11.4927050983125 -0.7875 33.5617109761193 11.4700336091568 -0.7875 33.5663065021785 11.4469303395121 -0.7875 33.5690752001199 11.4235377287183 -0.7875 63.45 103.05 -0.7875 63.4449136006597 102.920542492049 -0.7875 63.429685761982 102.791883132684 -0.7875 63.4044103686562 102.664815149638 -0.7875 63.369243251887 102.540121959281 -0.7875 63.3244012286436 102.418572336598 -0.7875 63.2701607649108 102.30091567543 -0.7875 63.2068562711843 102.187877368219 -0.7875 63.1348780407187 102.080154333717 -0.7875 63.05466984324 101.978410720255 -0.7875 62.9667261889578 101.883273811042 -0.7875 62.8715892797448 101.79533015676 -0.7875 62.7698456662826 101.715121959281 -0.7875 62.6621226317813 101.643143728816 -0.7875 62.5490843245703 101.579839235089 -0.7875 62.4314276634024 101.525598771356 -0.7875 62.3098780407187 101.480756748113 -0.7875 62.1851848503622 101.445589631344 -0.7875 62.0581168673164 101.420314238018 -0.7875 61.9294575079509 101.40508639934 -0.7875 61.8 101.4 -0.7875 61.6705424920491 101.40508639934 -0.7875 61.5418831326836 101.420314238018 -0.7875 61.4148151496378 101.445589631344 -0.7875 61.2901219592813 101.480756748113 -0.7875 61.1685723365976 101.525598771356 -0.7875 61.0509156754297 101.579839235089 -0.7875 60.9378773682187 101.643143728816 -0.7875 60.8301543337174 101.715121959281 -0.7875 60.7284107202552 101.79533015676 -0.7875 60.6332738110422 101.883273811042 -0.7875 60.5453301567599 101.978410720255 -0.7875 60.4651219592813 102.080154333717 -0.7875 60.3931437288157 102.187877368219 -0.7875 60.3298392350892 102.30091567543 -0.7875 60.2755987713564 102.418572336598 -0.7875 60.230756748113 102.540121959281 -0.7875 60.1955896313438 102.664815149638 -0.7875 60.170314238018 102.791883132684 -0.7875 60.1550863993403 102.920542492049 -0.7875 60.15 103.05 -0.7875 60.1550863993403 103.179457507951 -0.7875 60.170314238018 103.308116867316 -0.7875 60.1955896313438 103.435184850362 -0.7875 60.230756748113 103.559878040719 -0.7875 60.2755987713564 103.681427663402 -0.7875 60.3298392350892 103.79908432457 -0.7875 60.3931437288157 103.912122631781 -0.7875 60.4651219592813 104.019845666283 -0.7875 60.5453301567599 104.121589279745 -0.7875 60.6332738110422 104.216726188958 -0.7875 60.7284107202552 104.30466984324 -0.7875 60.8301543337174 104.384878040719 -0.7875 60.9378773682187 104.456856271184 -0.7875 61.0509156754297 104.520160764911 -0.7875 61.1685723365976 104.574401228644 -0.7875 61.2901219592813 104.619243251887 -0.7875 61.4148151496378 104.654410368656 -0.7875 61.5418831326836 104.679685761982 -0.7875 61.6705424920491 104.69491360066 -0.7875 61.8 104.7 -0.7875 61.9294575079509 104.69491360066 -0.7875 62.0581168673164 104.679685761982 -0.7875 62.1851848503622 104.654410368656 -0.7875 62.3098780407187 104.619243251887 -0.7875 62.4314276634024 104.574401228644 -0.7875 62.5490843245703 104.520160764911 -0.7875 62.6621226317813 104.456856271184 -0.7875 62.7698456662826 104.384878040719 -0.7875 62.8715892797448 104.30466984324 -0.7875 62.9667261889578 104.216726188958 -0.7875 63.05466984324 104.121589279745 -0.7875 63.1348780407187 104.019845666283 -0.7875 63.2068562711843 103.912122631781 -0.7875 63.2701607649108 103.79908432457 -0.7875 63.3244012286436 103.681427663402 -0.7875 63.369243251887 103.559878040719 -0.7875 63.4044103686562 103.435184850362 -0.7875 63.429685761982 103.308116867316 -0.7875 63.4449136006597 103.179457507951 -0.7875 7.85 38.05 -0.7875 7.84491360065966 37.920542492049 -0.7875 7.82968576198197 37.7918831326836 -0.7875 7.80441036865616 37.6648151496377 -0.7875 7.769243251887 37.5401219592813 -0.7875 7.72440122864361 37.4185723365976 -0.7875 7.6701607649108 37.3009156754297 -0.7875 7.60685627118424 37.1878773682187 -0.7875 7.53487804071865 37.0801543337174 -0.7875 7.45466984324004 36.9784107202552 -0.7875 7.36672618895779 36.8832738110422 -0.7875 7.27158927974479 36.7953301567599 -0.7875 7.16984566628256 36.7151219592813 -0.7875 7.0621226317813 36.6431437288157 -0.7875 6.94908432457023 36.5798392350892 -0.7875 6.83142766340238 36.5255987713564 -0.7875 6.70987804071864 36.480756748113 -0.7875 6.58518485036222 36.4455896313438 -0.7875 6.45811686731636 36.420314238018 -0.7875 6.32945750795092 36.4050863993403 -0.7875 6.19999999999998 36.4 -0.7875 6.07054249204903 36.4050863993403 -0.7875 5.9418831326836 36.420314238018 -0.7875 5.81481514963774 36.4455896313438 -0.7875 5.69012195928132 36.480756748113 -0.7875 5.56857233659758 36.5255987713564 -0.7875 5.45091567542973 36.5798392350892 -0.7875 5.33787736821867 36.6431437288158 -0.7875 5.2301543337174 36.7151219592813 -0.7875 5.12841072025518 36.79533015676 -0.7875 5.03327381104218 36.8832738110422 -0.7875 4.94533015675994 36.9784107202552 -0.7875 4.86512195928132 37.0801543337174 -0.7875 4.79314372881574 37.1878773682187 -0.7875 4.72983923508918 37.3009156754298 -0.7875 4.67559877135637 37.4185723365976 -0.7875 4.63075674811299 37.5401219592814 -0.7875 4.59558963134383 37.6648151496378 -0.7875 4.57031423801802 37.7918831326836 -0.7875 4.55508639934034 37.9205424920491 -0.7875 4.55 38.05 -0.7875 4.55508639934034 38.1794575079509 -0.7875 4.57031423801802 38.3081168673164 -0.7875 4.59558963134383 38.4351848503622 -0.7875 4.630756748113 38.5598780407187 -0.7875 4.67559877135638 38.6814276634024 -0.7875 4.72983923508919 38.7990843245703 -0.7875 4.79314372881575 38.9121226317813 -0.7875 4.86512195928134 39.0198456662826 -0.7875 4.94533015675995 39.1215892797448 -0.7875 5.0332738110422 39.2167261889578 -0.7875 5.1284107202552 39.30466984324 -0.7875 5.23015433371742 39.3848780407187 -0.7875 5.33787736821868 39.4568562711843 -0.7875 5.45091567542975 39.5201607649108 -0.7875 5.5685723365976 39.5744012286436 -0.7875 5.69012195928134 39.619243251887 -0.7875 5.81481514963776 39.6544103686562 -0.7875 5.94188313268362 39.679685761982 -0.7875 6.07054249204906 39.6949136006597 -0.7875 6.2 39.7 -0.7875 6.32945750795094 39.6949136006597 -0.7875 6.45811686731638 39.679685761982 -0.7875 6.58518485036224 39.6544103686562 -0.7875 6.70987804071866 39.619243251887 -0.7875 6.8314276634024 39.5744012286436 -0.7875 6.94908432457025 39.5201607649108 -0.7875 7.06212263178132 39.4568562711843 -0.7875 7.16984566628258 39.3848780407187 -0.7875 7.2715892797448 39.30466984324 -0.7875 7.3667261889578 39.2167261889578 -0.7875 7.45466984324005 39.1215892797448 -0.7875 7.53487804071866 39.0198456662826 -0.7875 7.60685627118425 38.9121226317813 -0.7875 7.67016076491081 38.7990843245703 -0.7875 7.72440122864362 38.6814276634024 -0.7875 7.769243251887 38.5598780407187 -0.7875 7.80441036865617 38.4351848503622 -0.7875 7.82968576198198 38.3081168673164 -0.7875 7.84491360065966 38.1794575079509 -0.7875 7.85 103.05 -0.7875 7.84491360065966 102.920542492049 -0.7875 7.82968576198198 102.791883132684 -0.7875 7.80441036865617 102.664815149638 -0.7875 7.769243251887 102.540121959281 -0.7875 7.72440122864362 102.418572336598 -0.7875 7.67016076491081 102.30091567543 -0.7875 7.60685627118425 102.187877368219 -0.7875 7.53487804071866 102.080154333717 -0.7875 7.45466984324005 101.978410720255 -0.7875 7.3667261889578 101.883273811042 -0.7875 7.2715892797448 101.79533015676 -0.7875 7.16984566628258 101.715121959281 -0.7875 7.06212263178132 101.643143728816 -0.7875 6.94908432457025 101.579839235089 -0.7875 6.8314276634024 101.525598771356 -0.7875 6.70987804071866 101.480756748113 -0.7875 6.58518485036224 101.445589631344 -0.7875 6.45811686731638 101.420314238018 -0.7875 6.32945750795094 101.40508639934 -0.7875 6.2 101.4 -0.7875 6.07054249204906 101.40508639934 -0.7875 5.94188313268362 101.420314238018 -0.7875 5.81481514963776 101.445589631344 -0.7875 5.69012195928134 101.480756748113 -0.7875 5.5685723365976 101.525598771356 -0.7875 5.45091567542975 101.579839235089 -0.7875 5.33787736821868 101.643143728816 -0.7875 5.23015433371742 101.715121959281 -0.7875 5.1284107202552 101.79533015676 -0.7875 5.0332738110422 101.883273811042 -0.7875 4.94533015675995 101.978410720255 -0.7875 4.86512195928134 102.080154333717 -0.7875 4.79314372881575 102.187877368219 -0.7875 4.72983923508919 102.30091567543 -0.7875 4.67559877135638 102.418572336598 -0.7875 4.630756748113 102.540121959281 -0.7875 4.59558963134383 102.664815149638 -0.7875 4.57031423801802 102.791883132684 -0.7875 4.55508639934034 102.920542492049 -0.7875 4.55 103.05 -0.7875 4.55508639934034 103.179457507951 -0.7875 4.57031423801802 103.308116867316 -0.7875 4.59558963134383 103.435184850362 -0.7875 4.630756748113 103.559878040719 -0.7875 4.67559877135638 103.681427663402 -0.7875 4.72983923508919 103.79908432457 -0.7875 4.79314372881575 103.912122631781 -0.7875 4.86512195928134 104.019845666283 -0.7875 4.94533015675995 104.121589279745 -0.7875 5.0332738110422 104.216726188958 -0.7875 5.1284107202552 104.30466984324 -0.7875 5.23015433371742 104.384878040719 -0.7875 5.33787736821868 104.456856271184 -0.7875 5.45091567542975 104.520160764911 -0.7875 5.5685723365976 104.574401228644 -0.7875 5.69012195928134 104.619243251887 -0.7875 5.81481514963776 104.654410368656 -0.7875 5.94188313268362 104.679685761982 -0.7875 6.07054249204906 104.69491360066 -0.7875 6.2 104.7 -0.7875 6.32945750795094 104.69491360066 -0.7875 6.45811686731638 104.679685761982 -0.7875 6.58518485036224 104.654410368656 -0.7875 6.70987804071866 104.619243251887 -0.7875 6.8314276634024 104.574401228644 -0.7875 6.94908432457025 104.520160764911 -0.7875 7.06212263178132 104.456856271184 -0.7875 7.16984566628258 104.384878040719 -0.7875 7.2715892797448 104.30466984324 -0.7875 7.3667261889578 104.216726188958 -0.7875 7.45466984324005 104.121589279745 -0.7875 7.53487804071866 104.019845666283 -0.7875 7.60685627118425 103.912122631781 -0.7875 7.67016076491081 103.79908432457 -0.7875 7.72440122864362 103.681427663402 -0.7875 7.769243251887 103.559878040719 -0.7875 7.80441036865617 103.435184850362 -0.7875 7.82968576198198 103.308116867316 -0.7875 7.84491360065966 103.179457507951 -0.7875 63.45 60.55 -0.7875 63.4449136006597 60.4205424920491 -0.7875 63.429685761982 60.2918831326836 -0.7875 63.4044103686562 60.1648151496378 -0.7875 63.369243251887 60.0401219592813 -0.7875 63.3244012286436 59.9185723365976 -0.7875 63.2701607649108 59.8009156754297 -0.7875 63.2068562711843 59.6878773682187 -0.7875 63.1348780407187 59.5801543337174 -0.7875 63.05466984324 59.4784107202552 -0.7875 62.9667261889578 59.3832738110422 -0.7875 62.8715892797448 59.2953301567599 -0.7875 62.7698456662826 59.2151219592813 -0.7875 62.6621226317813 59.1431437288157 -0.7875 62.5490843245703 59.0798392350892 -0.7875 62.4314276634024 59.0255987713564 -0.7875 62.3098780407187 58.980756748113 -0.7875 62.1851848503622 58.9455896313438 -0.7875 62.0581168673164 58.920314238018 -0.7875 61.9294575079509 58.9050863993403 -0.7875 61.8 58.9 -0.7875 61.6705424920491 58.9050863993403 -0.7875 61.5418831326836 58.920314238018 -0.7875 61.4148151496378 58.9455896313438 -0.7875 61.2901219592813 58.980756748113 -0.7875 61.1685723365976 59.0255987713564 -0.7875 61.0509156754297 59.0798392350892 -0.7875 60.9378773682187 59.1431437288157 -0.7875 60.8301543337174 59.2151219592813 -0.7875 60.7284107202552 59.2953301567599 -0.7875 60.6332738110422 59.3832738110422 -0.7875 60.5453301567599 59.4784107202552 -0.7875 60.4651219592813 59.5801543337174 -0.7875 60.3931437288157 59.6878773682187 -0.7875 60.3298392350892 59.8009156754297 -0.7875 60.2755987713564 59.9185723365976 -0.7875 60.230756748113 60.0401219592813 -0.7875 60.1955896313438 60.1648151496378 -0.7875 60.170314238018 60.2918831326836 -0.7875 60.1550863993403 60.4205424920491 -0.7875 60.15 60.55 -0.7875 60.1550863993403 60.6794575079509 -0.7875 60.170314238018 60.8081168673164 -0.7875 60.1955896313438 60.9351848503622 -0.7875 60.230756748113 61.0598780407186 -0.7875 60.2755987713564 61.1814276634024 -0.7875 60.3298392350892 61.2990843245702 -0.7875 60.3931437288157 61.4121226317813 -0.7875 60.4651219592813 61.5198456662826 -0.7875 60.5453301567599 61.6215892797448 -0.7875 60.6332738110422 61.7167261889578 -0.7875 60.7284107202552 61.80466984324 -0.7875 60.8301543337174 61.8848780407186 -0.7875 60.9378773682187 61.9568562711842 -0.7875 61.0509156754297 62.0201607649108 -0.7875 61.1685723365976 62.0744012286436 -0.7875 61.2901219592813 62.119243251887 -0.7875 61.4148151496377 62.1544103686562 -0.7875 61.5418831326836 62.179685761982 -0.7875 61.670542492049 62.1949136006597 -0.7875 61.8 62.2 -0.7875 61.9294575079509 62.1949136006597 -0.7875 62.0581168673164 62.179685761982 -0.7875 62.1851848503622 62.1544103686562 -0.7875 62.3098780407186 62.119243251887 -0.7875 62.4314276634024 62.0744012286436 -0.7875 62.5490843245702 62.0201607649108 -0.7875 62.6621226317813 61.9568562711843 -0.7875 62.7698456662826 61.8848780407187 -0.7875 62.8715892797448 61.8046698432401 -0.7875 62.9667261889578 61.7167261889578 -0.7875 63.05466984324 61.6215892797448 -0.7875 63.1348780407186 61.5198456662826 -0.7875 63.2068562711842 61.4121226317813 -0.7875 63.2701607649108 61.2990843245703 -0.7875 63.3244012286436 61.1814276634024 -0.7875 63.369243251887 61.0598780407187 -0.7875 63.4044103686562 60.9351848503623 -0.7875 63.429685761982 60.8081168673164 -0.7875 63.4449136006597 60.679457507951 -0.7875 48.23938168378 59.73047554507 -0.7904272225006 48.3516194197156 59.7160747974732 -0.7875 48.4623780026337 59.692820044331 -0.7875 48.571068036564 59.6612808027746 -0.7875 48.6770707975837 59.6216366116499 -0.7875 48.779782859217 59.5741131476686 -0.7875 48.878619527473 59.5189809407313 -0.7875 48.9730181692483 59.456553833921 -0.7875 49.0624414151463 59.3871871969346 -0.7875 49.14638021848 59.31127590312 -0.7875 49.1911409748 59.3373764039 -0.7875 49.2667321143211 59.2567652857578 -0.7875 49.3363875426168 59.1709731296375 -0.7875 49.39975319345 59.08043602654 -0.7875 49.43798670486 59.01827821421 -0.7875000000002 49.47325258393 58.95438900924 -0.7874999995557 49.5208385247022 58.8546508942089 -0.7875 49.5611971384613 58.751775748306 -0.7875 49.59412327891 58.64628649471 -0.7875 49.54936252259 58.62018599393 -0.7875 49.5710110337242 58.5259155573621 -0.7875 49.586538875086 58.4304458795178 -0.7875 49.595881481405 58.3341739264255 -0.7875 49.59900000582 58.2375 -0.7875 49.5952942831799 58.1321271593808 -0.7875 49.5841954250998 58.0272749621231 -0.7875 49.5657582706327 57.9234614791086 -0.7875 49.5400739170862 57.8211996489697 -0.7875 49.5072692699142 57.7209947436787 -0.7875 49.46751317478 57.62333883867 -0.7874825870392 50.05255972237 57.96432322282 -0.7875 50.16191911671 57.77063034455 -0.7913400241895 50.1629262337156 57.7625228967278 -0.790710254759487 50.1632716236414 57.7497229019064 -0.788397585901103 50.163852887055 57.7411417215016 -0.787221874791241 50.1650735208641 57.7333294016031 -0.786988801535207 50.1668636245533 57.7219921804906 -0.78740827742864 50.167102750769 57.7133568696113 -0.787609997113974 50.1661314825236 57.7048572037698 -0.787565550605707 50.16428015159 57.69653266427 -0.7875 50.1153778411911 57.5358960063803 -0.7875 50.0540023890461 57.3795994111091 -0.7875 49.9805334584798 57.2286097158951 -0.7875 49.8954255220463 57.0838609301475 -0.7875 49.7992050501999 56.9462484575404 -0.7875 49.6924672545935 56.8166235571221 -0.7875 49.57587240615 56.6957880774987 -0.7875 49.4501417506827 56.5844894966672 -0.7875 49.3160530473296 56.4834162981798 -0.7875 49.1744357574023 56.3931937122436 -0.7875 49.0261659134081 56.3143798480996 -0.7875 48.872160699988 56.2474622416063 -0.7875 48.7133727802902 56.1928548393844 -0.7875 48.5507844028772 56.1508954381784 -0.7875 48.3854013256194 56.1218435952744 -0.7875 48.2182465941628 56.1058790229012 -0.7875 48.0503542134557 56.1031004765451 -0.7875 47.8827627514816 56.1135251440577 -0.7875 47.7165089147664 56.1370885393324 -0.7875 47.5526211354 56.17364490121 -0.7875 47.5452421877198 56.1758435063798 -0.7875568892451 47.5404341161461 56.1776750149678 -0.78760535045389 47.5320258092331 56.1820107044036 -0.787526376632166 47.5255166285644 56.1867096807366 -0.787190933525183 47.5201472547243 56.1911184775712 -0.786985759195227 47.516047958569 56.1944181748183 -0.787081236037543 47.508636603426 56.1995624888697 -0.788071616307585 47.4961810141298 56.2070918503435 -0.79067393230729 47.48929398217 56.21219843563 -0.7913400240442 47.37458632428 56.40276679441 -0.7875 47.95949049309 56.74399384053 -0.7874825870392 47.8471849773695 56.7587879957725 -0.7875 47.73631478543 56.7820071518861 -0.7875 47.6275129193869 56.813526711161 -0.7875 47.5213998559084 56.853166923453 -0.7875 47.4185807379251 56.9007017280541 -0.7875 47.3196419236132 56.9558600428751 -0.7875 47.2251476425038 57.0183273103753 -0.7875 47.1356367777872 57.0877472914256 -0.7875 47.05161979316 57.16372409687 -0.7875 47.00685903684 57.13762359609 -0.7875 46.9312678973663 57.2182347141742 -0.7875 46.8616124691136 57.3040268702278 -0.7875 46.79824681831 57.39456397325 -0.7875 46.76001330679 57.45672178579 -0.7875000000001 46.7247474277 57.52061099078 -0.7874999995557 46.6771614869322 57.6203491058014 -0.7875 46.6368028731775 57.7232242516947 -0.7875 46.60387673273 57.82871350528 -0.7875 46.64863748905 57.85481400607 -0.7875 46.6269889779166 57.949084442634 -0.7875 46.6114611365544 58.0445541204796 -0.7875 46.6021185302351 58.1408260735732 -0.7875 46.59900000582 58.2375 -0.7875 46.6026948672729 58.342718498172 -0.7875 46.6137612489634 58.4474186393133 -0.7875 46.6321446325621 58.5510846200697 -0.7875 46.6577544526615 58.6532057318596 -0.7875 46.6904645429457 58.7532788768703 -0.7875 46.73050809077 58.85063437096 -0.7904272225006 46.14543892058 58.51067760409 -0.7874957453849 46.03608501635 58.70436259127 -0.7913400362227 46.0350772722315 58.7124710848342 -0.790710269426777 46.034729372562 58.7252754105221 -0.788397588713797 46.034146819195 58.7338588019563 -0.78722187391969 46.0329259294572 58.7416715605251 -0.786988799933287 46.031136286375 58.7530079921369 -0.787408277141198 46.0308973816603 58.7616429233558 -0.787609997458652 46.0318686011033 58.7701426728528 -0.787565550811114 46.0337198602 58.77846733615 -0.7875 46.0826221704607 58.9391039936536 -0.7875 46.1439976226078 59.0954005889225 -0.7875 46.2174665531759 59.2463902841341 -0.7875 46.3025744896109 59.3911390698792 -0.7875 46.3987949614585 59.5287515424837 -0.7875 46.5055327570658 59.6583764428995 -0.7875 46.6221276055099 59.7792119225204 -0.7875 46.7478582609777 59.8905105033494 -0.7875 46.8819469643308 59.9915837018344 -0.7875 47.023564254258 60.0818062877682 -0.7875 47.1718340982518 60.16062015191 -0.7875 47.3258393116713 60.2275377584012 -0.7875 47.4846272313683 60.2821451606212 -0.7875 47.6472156087804 60.3241045618254 -0.7875 47.812598686037 60.3531564047278 -0.7875 47.9797534174923 60.3691209770997 -0.7875 48.1476457981981 60.3718995234545 -0.7875 48.3152372601708 60.3614748559411 -0.7875 48.4814910968844 60.3379114606656 -0.7875 48.64537887625 60.30135509879 -0.7875 48.6527618654323 60.2991377778736 -0.787580250085745 48.657573379767 60.2972903262427 -0.787648611269899 48.6659760762532 60.2929806180653 -0.787537207858693 48.6724614265095 60.2883919977127 -0.787064019331569 48.6796666081357 60.2825339174722 -0.786785541105776 48.6840438205162 60.2790721956026 -0.787150043980166 48.6920516781965 60.2734298948166 -0.789088774718506 48.7000360664263 60.2674121620112 -0.791642619218688 48.70639574699 60.26003198552 -0.7929168807877 48.81813992695 60.06796243342 -0.7904219111581 16.38185956369 99.92053882525 -0.7904272225043 16.2843682822051 99.9779861434346 -0.7875 16.1917252692829 100.042990664565 -0.7875 16.104246994659 100.114795031281 -0.7875 16.0224314358224 100.192990491143 -0.7875 15.9467443347731 100.27713190987 -0.7875 15.8776165467454 100.366740305309 -0.7875 15.8154415875292 100.461305574077 -0.7875 15.7605733933467 100.56028939537 -0.7875 15.71332430604 100.6631282954 -0.7875 15.66190118468 100.6567703053 -0.7875 15.6241762996976 100.760640444274 -0.7875 15.5939481064255 100.866934512998 -0.7875 15.5713702581 100.975112207 -0.7875 15.56071331965 101.0473051758 -0.7874999999997 15.55346609498 101.1199205357 -0.7874999995532 15.5490165461849 101.230339351381 -0.7875 15.5524456961302 101.340794565253 -0.7875 15.56373611414 101.450724724 -0.7875 15.6151592355 101.4570827141 -0.7875 15.6359378999243 101.568331187 -0.7875 15.665044948248 101.677696425319 -0.7875 15.7023146905316 101.784555874713 -0.7875 15.7475349712417 101.888301244861 -0.7875 15.8004483769326 101.988341972131 -0.7875 15.8607537015556 102.084108581326 -0.7875 15.9281076610542 102.175055927382 -0.7875 16.0021268474856 102.260666298568 -0.7875 16.08268223822 102.3401352091 -0.7904272225041 15.41100456397 102.2581362258 -0.7874957453849 15.38678884855 102.4792374464 -0.7913400362217 15.3890566821963 102.48708729654 -0.79071026942456 15.3937807898229 102.498993370509 -0.788397588713534 15.3966265070187 102.507112229438 -0.787221873919731 15.3985819330881 102.514774218531 -0.7869887999334 15.4014026371621 102.525899016612 -0.787408277141227 15.4045845197728 102.533929878074 -0.787609997458634 15.4088254309555 102.541359796063 -0.787565550811101 15.41380625609 102.5482821194 -0.7875 15.5220325252167 102.676666878436 -0.7875 15.6400137813056 102.796149073893 -0.7875 15.7670202020564 102.905989598779 -0.7875 15.9022661365553 103.005508988954 -0.7875 16.0449149649576 103.094091625937 -0.7875 16.1940842737467 103.171189545071 -0.7875 16.3488513142688 103.236325825187 -0.7875 16.508258710778 103.289097538798 -0.7875 16.6713203826812 103.329178244573 -0.7875 16.8370276443484 103.356320006677 -0.7875 17.0043554447564 103.370354928477 -0.7875 17.1722687083673 103.371196191143 -0.7875 17.3397287380176 103.358838590693 -0.7875 17.5056996402104 103.333358570194 -0.7875 17.6691547330647 103.294913746885 -0.7875 17.8290828972822 103.243741937171 -0.7875 17.9844948308447 103.180159685515 -0.7875 18.1344291687529 103.104560306315 -0.7875 18.2779584299481 103.0174114509 -0.7875 18.41419475465 102.9192522147 -0.7875 18.4201073440682 102.914305869842 -0.787580250085745 18.423802074621 102.910712443362 -0.787648611269901 18.4298276898998 102.903441208718 -0.787537207858708 18.4339811173217 102.896668894108 -0.787064019331602 18.4382961085831 102.888446206189 -0.786785541105807 18.4409557596991 102.883540111769 -0.78715004398017 18.4460935263006 102.875199566382 -0.789088774718403 18.4510618309665 102.866523189699 -0.791642619218453 18.45400010044 102.8572345346 -0.7929168807874 18.48104917728 102.6366765557 -0.7904219111571 17.81614351995 102.5544615546 -0.7904272225084 17.9136336080759 102.497012641491 -0.7875 18.0062763013296 102.432008151335 -0.7875 18.0937542729177 102.360203855917 -0.7875 18.1755695495357 102.282008505252 -0.7875 18.2512563930905 102.1978672308 -0.7875 18.3203839519411 102.108259011528 -0.7875 18.3825587135461 102.013693947297 -0.7875 18.4374267445559 101.914710355087 -0.7875 18.4846757056 101.8118717046 -0.7875 18.53609882696 101.8182296947 -0.7875 18.5738237119646 101.714359555628 -0.7875 18.6040519052539 101.608065486804 -0.7875 18.62662975358 101.4998877927 -0.7875 18.637286692 101.4276948242 -0.7874999999999 18.64453391666 101.3550794644 -0.7874999995532 18.6489834654418 101.244660648685 -0.7875 18.645554315499 101.13420543478 -0.7875 18.63426389749 101.024275276 -0.7875 18.58284077614 101.0179172859 -0.7875 18.5620617814409 100.906667352401 -0.7875 18.5329541844788 100.797300711601 -0.7875 18.4956836826981 100.690439942289 -0.7875 18.4504624415662 100.586693358387 -0.7875 18.3975478868032 100.486651546053 -0.7875 18.3372412389645 100.390884001722 -0.7875 18.2698857987173 100.299935890197 -0.7875 18.1958649925727 100.214324941256 -0.7875 18.1153013245 100.1348627571 -0.7904272225021 18.78699451538 100.2168650734 -0.7875 18.81121216855 99.99575443706 -0.7913400241898 18.8089441704411 99.9879057951952 -0.790710254760161 18.8042194620076 99.9760046905588 -0.788397585901142 18.8013734301257 99.967888372011 -0.787221874791174 18.799417941621 99.9602268869194 -0.786988801535119 18.7965973499112 99.9491011817168 -0.787408277428596 18.7934155213373 99.9410698840462 -0.787609997113961 18.7891745982519 99.9336400621844 -0.787565550605705 18.78419375584 99.92671788089 -0.7875 18.6759674864242 99.7983331215645 -0.7875 18.5579862303363 99.6788509261092 -0.7875 18.4309798095866 99.5690104012231 -0.7875 18.2957338750889 99.4694910110484 -0.7875 18.1530850466879 99.3809083740662 -0.7875 18.0039157379002 99.3038104549327 -0.7875 17.8491486973796 99.2386741748165 -0.7875 17.6897413008717 99.185902461205 -0.7875 17.5266796289699 99.1458217554291 -0.7875 17.3609723673041 99.1186799933247 -0.7875 17.1936445668975 99.1046450715233 -0.7875 17.0257313032879 99.103803808857 -0.7875 16.8582712736388 99.1161614093051 -0.7875 16.6923003714471 99.1416414298026 -0.7875 16.5288452785936 99.1800862531104 -0.7875 16.3689171143769 99.2312580628222 -0.7875 16.2135051808149 99.2948403144765 -0.7875 16.0635708429071 99.3704396936739 -0.7875 15.920041581712 99.4575885490863 -0.7875 15.78380525703 99.55574778531 -0.7875 15.7778890097956 99.5606753356485 -0.787556889245112 15.7741911633552 99.5642527519839 -0.787605350453912 15.7681706258172 99.5715500772138 -0.787526376632179 15.7640387662036 99.5784332122184 -0.787190933525139 15.76084024665 99.5846006377352 -0.786985759195154 15.758372216075 99.5892483313523 -0.787081236037501 15.7535865548355 99.5968961806341 -0.788071616307667 15.7451040294635 99.6087232577363 -0.790673932307466 15.74078543503 99.61612988754 -0.7913400240448 15.71041924073 99.83647061212 -0.7874862304948 47.10774770445 100.112290606 -0.7904272225056 47.0254177580409 100.189921288278 -0.7875 46.9494907581019 100.27384628138 -0.7875 46.8801074360055 100.363256954131 -0.7875 46.8176627621342 100.457644328774 -0.7875 46.7625122080336 100.556471097259 -0.7875 46.7149697228603 100.659174679916 -0.7875 46.6753059462003 100.765170427981 -0.7875 46.64374666743 100.873854951766 -0.7875 46.62047154039 100.9846095555 -0.7875 46.56891846361 100.9898097212 -0.7875 46.5551591643047 101.099458498653 -0.7875 46.5492473784229 101.209808956311 -0.7875 46.55121315623 101.3203001706 -0.7875 46.55682579423 101.393059317 -0.7874999999999 46.5658569429 101.4654744473 -0.7874999995575 46.5859967730018 101.574132169456 -0.7875 46.613827328176 101.681078761451 -0.7875 46.64920714331 101.7857706046 -0.7875 46.70076022009 101.7805704389 -0.7875 46.7456845130455 101.884444492995 -0.7875 46.7983124859975 101.984635848275 -0.7875 46.858344556876 102.080574170524 -0.7875 46.9254389961535 102.171713335695 -0.7875 46.9992138721275 102.257534538698 -0.7875 47.0792492250477 102.337549246677 -0.7875 47.1650894577153 102.411301979952 -0.7875 47.2562459289469 102.478372904819 -0.7875 47.35241498287 102.5380052751 -0.7904272225046 46.67927039137 102.6069505245 -0.7874957453849 46.70467298638 102.8279185285 -0.7913400362208 46.7086246176114 102.835070299432 -0.790710269423864 46.715870625421 102.845632835215 -0.788397588713355 46.7204453973005 102.852918810751 -0.787221873919825 46.7240507477143 102.859956652518 -0.786988799933527 46.7292675131994 102.870179316635 -0.787408277141219 46.7341505776978 102.877304959984 -0.787609997458578 46.7399330966442 102.883609837678 -0.787565550811074 46.74632459027 102.8892557201 -0.7875 46.8803194237625 102.990453330176 -0.7875 47.0218529119735 103.080807320302 -0.7875 47.1700495404685 103.159758768164 -0.7875 47.3239925775113 103.226819286823 -0.7875 47.4827297445716 103.281574045616 -0.7875 47.6452791070385 103.323684336263 -0.7875 47.8106351483849 103.352889668089 -0.7875 47.9777749902066 103.369009379395 -0.7875 48.1456647196617 103.37194375502 -0.7875 48.3132657851669 103.361674643164 -0.7875 48.4795414207899 103.338265567681 -0.7875 48.6434630595945 103.301861335119 -0.7875 48.8040166962688 103.252687138965 -0.7875 48.9602091596756 103.191047166611 -0.7875 49.1110742565243 103.117322717684 -0.7875 49.2556787481607 103.031969845352 -0.7875 49.3931281235019 102.935516535221 -0.7875 49.5225721324055 102.828559439263 -0.7875 49.6432100452448 102.711760184974 -0.7875 49.75429560615 102.5858412826 -0.7875 49.7589645234781 102.579707258384 -0.787580250085745 49.7617706954746 102.575384163822 -0.787648611269901 49.7660344231842 102.566958042597 -0.787537207858708 49.7685831531859 102.55943347086 -0.787064019331602 49.7709678947469 102.550458797961 -0.786785541105807 49.7724737384434 102.54508516407 -0.78715004398017 49.7756346547962 102.535813165867 -0.789088774718403 49.7785558756863 102.526251260596 -0.791642619218453 49.77936183846 102.5165423489 -0.7929168807874 49.75684253424 102.2954759436 -0.790421911158 49.09025538924 102.3627090831 -0.7904272224978 49.1725838172986 102.285077109205 -0.7875 49.2485105121611 102.20115221725 -0.7875 49.3178935543582 102.111741681306 -0.7875 49.3803379770525 102.017354475834 -0.7875 49.4354883118854 101.918527905266 -0.7875 49.4830306125001 101.815824545366 -0.7875 49.522694241699 101.709829040739 -0.7875 49.5542534120607 101.601144776705 -0.7875 49.57752847125 101.4903904445 -0.7875 49.62908154802 101.4851902788 -0.7875 49.6428408473361 101.375541501248 -0.7875 49.6487526332127 101.26519104349 -0.7875 49.64678685539 101.1546998291 -0.7875 49.64117421742 101.081940683 -0.7874999999998 49.63214306876 101.0095255528 -0.7874999995575 49.612003238632 100.900867830613 -0.7875 49.5841726834523 100.793921238583 -0.7875 49.54879286831 100.6892293954 -0.7875 49.49723979155 100.6944295611 -0.7875 49.4523149476077 100.59055435442 -0.7875 49.3996862530065 100.490361936199 -0.7875 49.3396533006838 100.394422659572 -0.7875 49.2725578328941 100.303282666339 -0.7875 49.1987817958113 100.217460778007 -0.7875 49.11874516527 100.137445542358 -0.7875 49.0329035560205 100.063692452349 -0.7875 48.9417456281063 99.9966213531867 -0.7875 48.84557096048 99.93699614402 -0.7904272224983 49.5187289992 99.86805094907 -0.7875 49.49332620636 99.64707333404 -0.7913400241898 49.4893746826243 99.6399227777847 -0.790710254758648 49.4821291906292 99.6293652209375 -0.788397585901142 49.4775546750836 99.6220817923694 -0.787221874791174 49.4739493755328 99.6150444559238 -0.786988801535119 49.4687325185245 99.6048208823368 -0.787408277428596 49.4638494100026 99.5976948016052 -0.787609997113961 49.4580669007353 99.5913900202312 -0.787565550605705 49.45167542173 99.58574428015 -0.7875 49.3176805879159 99.4845466698503 -0.7875 49.1761470997011 99.3941926797183 -0.7875 49.0279504712018 99.3152412318505 -0.7875 48.8740074341539 99.2481807131866 -0.7875 48.715270267088 99.1934259543898 -0.7875 48.552720904615 99.1513156637399 -0.7875 48.3873648632623 99.1221103319122 -0.7875 48.2202250214341 99.1059906206048 -0.7875 48.0523352919725 99.1030562449804 -0.7875 47.8847342264607 99.1133253568372 -0.7875 47.7184585908315 99.1367344323226 -0.7875 47.5545369520208 99.1731386648873 -0.7875 47.3939833153408 99.2223128610458 -0.7875 47.237790851929 99.2839528334041 -0.7875 47.0869257550758 99.3576772823372 -0.7875 46.9423212634357 99.4430301546761 -0.7875 46.8048718880917 99.5394834648139 -0.7875 46.6754278791861 99.6464405607798 -0.7875 46.5547899663458 99.7632398150776 -0.7875 46.44370440544 99.88915871746 -0.7875 46.4390277548467 99.8952752256864 -0.7875568892451 46.4362149952309 99.89958339923 -0.787605350453887 46.4319620029267 99.908033836158 -0.787526376632151 46.4294588717606 99.9156616894463 -0.787190933525149 46.4277071916117 99.9223847305422 -0.786985759195171 46.4263309157573 99.9274639131183 -0.787081236037529 46.4233597801875 99.9359823933563 -0.788071616307571 46.4177102579912 99.9493956661944 -0.790673932307076 46.41514109162 99.95757538544 -0.7913400240443 46.43437765405 100.1791653115 -0.7874862304948 -39.0000000000001 54.025 -39 -25.825 -38.9969173337331 -25.9034590957278 -38.9876883405951 -25.9814344650402 -38.9723699203977 -26.0584453638559 -38.9510565162952 -26.1340169943749 -38.9238795325113 -26.2076834323651 -38.8910065241884 -26.2789904997395 -38.8526401643541 -26.3474985647159 -38.809016994375 -26.4127852522925 -38.7604059656 -26.4744480483302 -38.7071067811866 -26.5321067811865 -38.6494480483302 -26.5854059656 -38.5877852522925 -26.6340169943749 -38.522498564716 -26.6776401643541 -38.4539904997396 -26.7160065241884 -38.3826834323651 -26.7488795325113 -38.309016994375 -26.7760565162952 -38.2334453638559 -26.7973699203977 -38.1564344650402 -26.8126883405951 -38.0784590957278 -26.8219173337331 -38 -26.825 -36.6 -26.825 -36.5215409042722 -26.8280826662669 -36.4435655349598 -26.8373116594049 -36.3665546361441 -26.8526300796023 -36.2909830056251 -26.8739434837048 -36.2173165676349 -26.9011204674887 -36.1460095002605 -26.9339934758116 -36.0775014352841 -26.9723598356459 -36.0122147477075 -27.0159830056251 -35.9505519516698 -27.0645940344 -35.8928932188135 -27.1178932188135 -35.8395940344 -27.1755519516698 -35.7909830056251 -27.2372147477075 -35.7473598356459 -27.3025014352841 -35.7089934758116 -27.3710095002605 -35.6761204674887 -27.4423165676349 -35.6489434837048 -27.5159830056251 -35.6276300796023 -27.5915546361441 -35.6123116594049 -27.6685655349598 -35.6030826662669 -27.7465409042722 -35.6 -27.825 -35.6 -54.025 -35.5969173337331 -54.1034590957278 -35.5876883405951 -54.1814344650402 -35.5723699203977 -54.2584453638559 -35.5510565162952 -54.3340169943749 -35.5238795325113 -54.4076834323651 -35.4910065241884 -54.4789904997395 -35.4526401643541 -54.5474985647159 -35.409016994375 -54.6127852522925 -35.3604059656 -54.6744480483302 -35.3071067811865 -54.7321067811865 -35.2494480483302 -54.7854059656 -35.1877852522925 -54.8340169943749 -35.1224985647159 -54.8776401643541 -35.0539904997395 -54.9160065241884 -34.9826834323651 -54.9488795325113 -34.909016994375 -54.9760565162952 -34.8334453638559 -54.9973699203977 -34.7564344650402 -55.0126883405951 -34.6784590957278 -55.0219173337331 -34.6 -55.025 31 -55.025 31.0784590957278 -55.0219173337331 31.1564344650402 -55.0126883405951 31.2334453638559 -54.9973699203977 31.3090169943749 -54.9760565162952 31.3826834323651 -54.9488795325113 31.4539904997395 -54.9160065241884 31.5224985647159 -54.8776401643541 31.5877852522925 -54.8340169943749 31.6494480483302 -54.7854059656 31.7071067811865 -54.7321067811865 31.7604059656 -54.6744480483302 31.8090169943749 -54.6127852522925 31.8526401643541 -54.5474985647159 31.8910065241884 -54.4789904997395 31.9238795325113 -54.4076834323651 31.9510565162952 -54.3340169943749 31.9723699203977 -54.2584453638559 31.9876883405951 -54.1814344650402 31.9969173337331 -54.1034590957278 32 -54.025 32 -26.272 31.9969173337331 -26.1935409042722 31.9876883405951 -26.1155655349598 31.9723699203977 -26.0385546361441 31.9510565162952 -25.9629830056251 31.9238795325113 -25.8893165676349 31.8910065241884 -25.8180095002605 31.8526401643541 -25.749501435284 31.8090169943749 -25.6842147477075 31.7604059656 -25.6225519516698 31.7071067811865 -25.5648932188135 31.6494480483302 -25.5115940344 31.5877852522925 -25.4629830056251 31.5224985647159 -25.4193598356459 31.4539904997395 -25.3809934758116 31.3826834323651 -25.3481204674887 31.3090169943749 -25.3209434837048 31.2334453638559 -25.2996300796023 31.1564344650402 -25.2843116594049 31.0784590957278 -25.2750826662669 31 -25.272 30 -25.272 29.9215409042722 -25.2689173337331 29.8435655349598 -25.2596883405951 29.7665546361441 -25.2443699203977 29.6909830056251 -25.2230565162952 29.6173165676349 -25.1958795325113 29.5460095002605 -25.1630065241884 29.4775014352841 -25.1246401643541 29.4122147477075 -25.0810169943749 29.3505519516698 -25.0324059656 29.2928932188135 -24.9791067811865 29.2395940344 -24.9214480483302 29.1909830056251 -24.8597852522925 29.1473598356459 -24.7944985647159 29.1089934758116 -24.7259904997395 29.0761204674887 -24.6546834323651 29.0489434837048 -24.5810169943749 29.0276300796023 -24.5054453638559 29.0123116594049 -24.4284344650402 29.0030826662669 -24.3504590957278 29 -24.272 29 5.77500000000003 29.0030826662669 5.85345909572787 29.0123116594049 5.93143446504025 29.0276300796023 6.00844536385593 29.0489434837049 6.08401699437497 29.0761204674887 6.15768343236511 29.1089934758116 6.22899049973956 29.1473598356459 6.29749856471597 29.1909830056251 6.36278525229248 29.2395940344 6.42444804833019 29.2928932188135 6.48210678118656 29.3505519516698 6.53540596560004 29.4122147477075 6.58401699437496 29.4775014352841 6.6276401643541 29.5460095002605 6.66600652418837 29.6173165676349 6.69887953251129 29.6909830056251 6.72605651629515 29.7665546361441 6.74736992039767 29.8435655349598 6.76268834059514 29.9215409042722 6.77191733373313 30 6.775 37.9999999999999 6.775 38.0784590957278 6.77808266626687 38.1564344650402 6.78731165940486 38.2334453638559 6.80263007960231 38.3090169943749 6.82394348370483 38.3826834323651 6.8511204674887 38.4539904997395 6.88399347581161 38.5224985647159 6.92235983564589 38.5877852522924 6.96598300562503 38.6494480483302 7.01459403439995 38.7071067811865 7.06789321881343 38.7604059656 7.1255519516698 38.8090169943749 7.18721474770751 38.8526401643541 7.25250143528403 38.8910065241884 7.32100950026044 38.9238795325113 7.39231656763489 38.9510565162952 7.46598300562504 38.9723699203977 7.54155463614408 38.9876883405951 7.61856553495976 38.9969173337331 7.69654090427215 39 7.775 39 45.775 38.9969173337331 45.8534590957278 38.9876883405951 45.9314344650402 38.9723699203977 46.0084453638559 38.9510565162952 46.0840169943749 38.9238795325113 46.1576834323651 38.8910065241884 46.2289904997395 38.8526401643541 46.2974985647159 38.8090169943749 46.3627852522925 38.7604059656 46.4244480483302 38.7071067811865 46.4821067811865 38.6494480483302 46.5354059656 38.5877852522925 46.5840169943749 38.5224985647159 46.6276401643541 38.4539904997395 46.6660065241884 38.3826834323651 46.6988795325113 38.3090169943749 46.7260565162952 38.2334453638559 46.7473699203977 38.1564344650402 46.7626883405951 38.0784590957278 46.7719173337331 38 46.775 30 46.775 29.9215409042722 46.7780826662669 29.8435655349598 46.7873116594049 29.7665546361441 46.8026300796023 29.6909830056251 46.8239434837048 29.6173165676349 46.8511204674887 29.5460095002605 46.8839934758116 29.4775014352841 46.9223598356459 29.4122147477075 46.9659830056251 29.3505519516698 47.0145940344 29.2928932188135 47.0678932188134 29.2395940344 47.1255519516698 29.1909830056251 47.1872147477075 29.1473598356459 47.2525014352841 29.1089934758116 47.3210095002604 29.0761204674887 47.3923165676349 29.0489434837048 47.4659830056251 29.0276300796023 47.5415546361441 29.0123116594049 47.6185655349598 29.0030826662669 47.6965409042722 29 47.775 29 54.025 28.9969173337331 54.1034590957278 28.9876883405951 54.1814344650402 28.9723699203977 54.2584453638559 28.9510565162952 54.3340169943749 28.9238795325113 54.4076834323651 28.8910065241884 54.4789904997395 28.8526401643541 54.5474985647159 28.8090169943749 54.6127852522925 28.7604059656 54.6744480483302 28.7071067811865 54.7321067811865 28.6494480483302 54.7854059656 28.5877852522925 54.8340169943749 28.5224985647159 54.8776401643541 28.4539904997395 54.9160065241884 28.3826834323651 54.9488795325113 28.3090169943749 54.9760565162952 28.2334453638559 54.9973699203977 28.1564344650402 55.0126883405951 28.0784590957278 55.0219173337331 28 55.025 -38 55.025 -38.0784590957279 55.0219173337331 -38.1564344650403 55.0126883405951 -38.233445363856 54.9973699203977 -38.309016994375 54.9760565162952 -38.3826834323652 54.9488795325113 -38.4539904997396 54.9160065241884 -38.522498564716 54.8776401643541 -38.5877852522925 54.834016994375 -38.6494480483303 54.7854059656 -38.7071067811866 54.7321067811866 -38.7604059656001 54.6744480483302 -38.809016994375 54.6127852522925 -38.8526401643542 54.547498564716 -38.8910065241885 54.4789904997396 -38.9238795325114 54.4076834323651 -38.9510565162953 54.334016994375 -38.9723699203978 54.2584453638559 -38.9876883405952 54.1814344650402 -38.9969173337332 54.1034590957278 -23.40099999418 3.2125 -23.3963759947797 3.33018864359177 -23.3825325050727 3.44715169756034 -23.3595548747765 3.56266804578386 -23.3275847686227 3.67602549156242 -23.2868192929469 3.78652514854763 -23.2375097804626 3.89348574960932 -23.1799602407111 3.99624784707392 -23.1145254857424 4.09417787843871 -23.04160894258 4.18667207249528 -22.9616601659598 4.27316017177982 -22.8751720666753 4.35310894840004 -22.7826778726187 4.42602549156242 -22.6847478412539 4.49146024653114 -22.5819857437893 4.54900978628255 -22.4750251427276 4.59831929876693 -22.3645254857424 4.63908477444273 -22.2511680399639 4.67105488059651 -22.1356516917403 4.6940325108927 -22.0186886377718 4.70787600059969 -21.90099999418 4.7125 -21.7833113505882 4.70787600059969 -21.6663482966197 4.6940325108927 -21.5508319483961 4.67105488059651 -21.4374745026176 4.63908477444273 -21.3269748456324 4.59831929876693 -21.2200142445707 4.54900978628255 -21.1172521471061 4.49146024653114 -21.0193221157413 4.42602549156242 -20.9268279216847 4.35310894840004 -20.8403398224002 4.27316017177982 -20.76039104578 4.18667207249528 -20.6874745026176 4.09417787843871 -20.6220397476489 3.99624784707392 -20.5644902078974 3.89348574960932 -20.5151806954131 3.78652514854763 -20.4744152197373 3.67602549156242 -20.4424451135835 3.56266804578386 -20.4194674832873 3.44715169756034 -20.4056239935803 3.33018864359177 -20.40099999418 3.2125 -20.4056239935803 3.09481135640823 -20.4194674832873 2.97784830243965 -20.4424451135835 2.86233195421614 -20.4744152197373 2.74897450843758 -20.5151806954131 2.63847485145237 -20.5644902078974 2.53151425039068 -20.6220397476489 2.42875215292607 -20.6874745026176 2.33082212156129 -20.76039104578 2.23832792750472 -20.8403398224002 2.15183982822018 -20.9268279216847 2.07189105159996 -21.0193221157413 1.99897450843758 -21.1172521471061 1.93353975346886 -21.2200142445707 1.87599021371744 -21.3269748456324 1.82668070123307 -21.4374745026176 1.78591522555727 -21.5508319483961 1.75394511940348 -21.6663482966197 1.73096748910729 -21.7833113505882 1.71712399940031 -21.90099999418 1.7125 -22.0186886377718 1.71712399940031 -22.1356516917403 1.73096748910729 -22.2511680399639 1.75394511940348 -22.3645254857424 1.78591522555727 -22.4750251427276 1.82668070123307 -22.5819857437893 1.87599021371744 -22.6847478412539 1.93353975346886 -22.7826778726187 1.99897450843758 -22.8751720666753 2.07189105159996 -22.9616601659598 2.15183982822018 -23.04160894258 2.23832792750472 -23.1145254857424 2.33082212156129 -23.1799602407111 2.42875215292607 -23.2375097804626 2.53151425039068 -23.2868192929469 2.63847485145237 -23.3275847686227 2.74897450843758 -23.3595548747765 2.86233195421614 -23.3825325050727 2.97784830243965 -23.3963759947797 3.09481135640823 17.57 -43.625 17.5690752001199 -43.6485377287183 17.5663065021785 -43.6719303395121 17.5617109761193 -43.6950336091568 17.5553169548886 -43.7177050983125 17.5471638597534 -43.7398050297095 17.5373019572565 -43.7611971499219 17.5257920493062 -43.7817495694148 17.5127050983125 -43.8013355756877 17.49812178968 -43.819834414499 17.482132034356 -43.837132034356 17.4648344144991 -43.85312178968 17.4463355756877 -43.8677050983125 17.4267495694148 -43.8807920493062 17.4061971499219 -43.8923019572565 17.3848050297095 -43.9021638597534 17.3627050983125 -43.9103169548885 17.3400336091568 -43.9167109761193 17.3169303395121 -43.9213065021785 17.2935377287184 -43.9240752001199 17.27 -43.925 17.2464622712817 -43.9240752001199 17.2230696604879 -43.9213065021785 17.1999663908432 -43.9167109761193 17.1772949016875 -43.9103169548885 17.1551949702905 -43.9021638597534 17.1338028500781 -43.8923019572565 17.1132504305852 -43.8807920493062 17.0936644243123 -43.8677050983125 17.075165585501 -43.85312178968 17.057867965644 -43.837132034356 17.04187821032 -43.8198344144991 17.0272949016875 -43.8013355756877 17.0142079506938 -43.7817495694148 17.0026980427435 -43.7611971499219 16.9928361402466 -43.7398050297095 16.9846830451115 -43.7177050983125 16.9782890238807 -43.6950336091568 16.9736934978215 -43.6719303395121 16.9709247998801 -43.6485377287184 16.97 -43.625 16.9709247998801 -43.6014622712816 16.9736934978215 -43.5780696604879 16.9782890238807 -43.5549663908432 16.9846830451115 -43.5322949016875 16.9928361402466 -43.5101949702905 17.0026980427435 -43.4888028500781 17.0142079506938 -43.4682504305852 17.0272949016875 -43.4486644243123 17.04187821032 -43.4301655855009 17.057867965644 -43.412867965644 17.075165585501 -43.39687821032 17.0936644243123 -43.3822949016875 17.1132504305852 -43.3692079506938 17.1338028500781 -43.3576980427435 17.1551949702905 -43.3478361402466 17.1772949016875 -43.3396830451115 17.1999663908432 -43.3332890238807 17.2230696604879 -43.3286934978215 17.2464622712817 -43.3259247998801 17.27 -43.325 17.2935377287184 -43.3259247998801 17.3169303395121 -43.3286934978215 17.3400336091568 -43.3332890238807 17.3627050983125 -43.3396830451115 17.3848050297095 -43.3478361402466 17.4061971499219 -43.3576980427435 17.4267495694148 -43.3692079506938 17.4463355756877 -43.3822949016875 17.4648344144991 -43.39687821032 17.482132034356 -43.412867965644 17.49812178968 -43.430165585501 17.5127050983125 -43.4486644243123 17.5257920493062 -43.4682504305852 17.5373019572565 -43.4888028500781 17.5471638597534 -43.5101949702905 17.5553169548886 -43.5322949016875 17.5617109761193 -43.5549663908432 17.5663065021785 -43.5780696604879 17.5690752001199 -43.6014622712817 -5.43 -43.625 -5.43092479988006 -43.6485377287183 -5.43369349782146 -43.6719303395121 -5.43828902388069 -43.6950336091568 -5.44468304511145 -43.7177050983125 -5.45283614024661 -43.7398050297095 -5.46269804274348 -43.7611971499219 -5.47420795069377 -43.7817495694148 -5.48729490168751 -43.8013355756877 -5.50187821031999 -43.819834414499 -5.51786796564403 -43.837132034356 -5.53516558550094 -43.85312178968 -5.55366442431225 -43.8677050983125 -5.5732504305852 -43.8807920493062 -5.59380285007813 -43.8923019572565 -5.61519497029047 -43.9021638597534 -5.6372949016875 -43.9103169548885 -5.65996639084322 -43.9167109761193 -5.68306966048792 -43.9213065021785 -5.70646227128164 -43.9240752001199 -5.72999999999999 -43.925 -5.75353772871834 -43.9240752001199 -5.77693033951206 -43.9213065021785 -5.80003360915676 -43.9167109761193 -5.82270509831248 -43.9103169548885 -5.84480502970952 -43.9021638597534 -5.86619714992185 -43.8923019572565 -5.88674956941477 -43.8807920493062 -5.90633557568773 -43.8677050983125 -5.92483441449905 -43.85312178968 -5.94213203435596 -43.837132034356 -5.95812178968 -43.8198344144991 -5.97270509831247 -43.8013355756877 -5.98579204930622 -43.7817495694148 -5.9973019572565 -43.7611971499219 -6.00716385975338 -43.7398050297095 -6.01531695488854 -43.7177050983125 -6.02171097611929 -43.6950336091568 -6.02630650217854 -43.6719303395121 -6.02907520011993 -43.6485377287184 -6.02999999999999 -43.625 -6.02907520011993 -43.6014622712816 -6.02630650217854 -43.5780696604879 -6.02171097611929 -43.5549663908432 -6.01531695488854 -43.5322949016875 -6.00716385975338 -43.5101949702905 -5.9973019572565 -43.4888028500781 -5.98579204930622 -43.4682504305852 -5.97270509831247 -43.4486644243123 -5.95812178968 -43.4301655855009 -5.94213203435596 -43.412867965644 -5.92483441449905 -43.39687821032 -5.90633557568773 -43.3822949016875 -5.88674956941477 -43.3692079506938 -5.86619714992185 -43.3576980427435 -5.84480502970952 -43.3478361402466 -5.82270509831248 -43.3396830451115 -5.80003360915676 -43.3332890238807 -5.77693033951206 -43.3286934978215 -5.75353772871834 -43.3259247998801 -5.72999999999999 -43.325 -5.70646227128164 -43.3259247998801 -5.68306966048792 -43.3286934978215 -5.65996639084322 -43.3332890238807 -5.6372949016875 -43.3396830451115 -5.61519497029047 -43.3478361402466 -5.59380285007813 -43.3576980427435 -5.5732504305852 -43.3692079506938 -5.55366442431225 -43.3822949016875 -5.53516558550094 -43.39687821032 -5.51786796564403 -43.412867965644 -5.50187821031999 -43.430165585501 -5.48729490168751 -43.4486644243123 -5.47420795069377 -43.4682504305852 -5.46269804274348 -43.4888028500781 -5.45283614024661 -43.5101949702905 -5.44468304511145 -43.5322949016875 -5.43828902388069 -43.5549663908432 -5.43369349782146 -43.5780696604879 -5.43092479988006 -43.6014622712817 24.45 48.025 24.4449136006597 47.8955424920491 24.429685761982 47.7668831326836 24.4044103686562 47.6398151496377 24.369243251887 47.5151219592813 24.3244012286436 47.3935723365976 24.2701607649108 47.2759156754297 24.2068562711843 47.1628773682187 24.1348780407187 47.0551543337174 24.05466984324 46.9534107202552 23.9667261889578 46.8582738110422 23.8715892797448 46.7703301567599 23.7698456662826 46.6901219592813 23.6621226317813 46.6181437288157 23.5490843245702 46.5548392350892 23.4314276634024 46.5005987713564 23.3098780407187 46.455756748113 23.1851848503622 46.4205896313438 23.0581168673164 46.395314238018 22.9294575079509 46.3800863993403 22.8 46.375 22.6705424920491 46.3800863993403 22.5418831326836 46.395314238018 22.4148151496378 46.4205896313438 22.2901219592813 46.455756748113 22.1685723365976 46.5005987713564 22.0509156754297 46.5548392350892 21.9378773682187 46.6181437288157 21.8301543337174 46.6901219592813 21.7284107202552 46.7703301567599 21.6332738110422 46.8582738110422 21.5453301567599 46.9534107202552 21.4651219592813 47.0551543337174 21.3931437288157 47.1628773682187 21.3298392350892 47.2759156754297 21.2755987713564 47.3935723365976 21.230756748113 47.5151219592813 21.1955896313438 47.6398151496377 21.170314238018 47.7668831326836 21.1550863993403 47.8955424920491 21.15 48.025 21.1550863993403 48.1544575079509 21.170314238018 48.2831168673164 21.1955896313438 48.4101848503622 21.230756748113 48.5348780407187 21.2755987713564 48.6564276634024 21.3298392350892 48.7740843245703 21.3931437288157 48.8871226317813 21.4651219592813 48.9948456662826 21.5453301567599 49.0965892797448 21.6332738110422 49.1917261889578 21.7284107202552 49.2796698432401 21.8301543337174 49.3598780407187 21.9378773682187 49.4318562711843 22.0509156754297 49.4951607649108 22.1685723365976 49.5494012286436 22.2901219592813 49.594243251887 22.4148151496378 49.6294103686562 22.5418831326836 49.654685761982 22.6705424920491 49.6699136006596 22.8 49.675 22.9294575079509 49.6699136006596 23.0581168673164 49.654685761982 23.1851848503622 49.6294103686562 23.3098780407187 49.594243251887 23.4314276634024 49.5494012286436 23.5490843245702 49.4951607649108 23.6621226317813 49.4318562711843 23.7698456662826 49.3598780407187 23.8715892797448 49.2796698432401 23.9667261889578 49.1917261889578 24.05466984324 49.0965892797448 24.1348780407187 48.9948456662826 24.2068562711843 48.8871226317813 24.2701607649108 48.7740843245703 24.3244012286436 48.6564276634024 24.369243251887 48.5348780407187 24.4044103686562 48.4101848503622 24.429685761982 48.2831168673164 24.4449136006597 48.1544575079509 -31.15 -16.975 -31.1550863993403 -17.104457507951 -31.170314238018 -17.2331168673164 -31.1955896313438 -17.3601848503623 -31.230756748113 -17.4848780407187 -31.2755987713564 -17.6064276634024 -31.3298392350892 -17.7240843245703 -31.3931437288158 -17.8371226317813 -31.4651219592813 -17.9448456662826 -31.54533015676 -18.0465892797448 -31.6332738110422 -18.1417261889578 -31.7284107202552 -18.2296698432401 -31.8301543337174 -18.3098780407187 -31.9378773682187 -18.3818562711843 -32.0509156754298 -18.4451607649108 -32.1685723365976 -18.4994012286436 -32.2901219592814 -18.544243251887 -32.4148151496378 -18.5794103686562 -32.5418831326836 -18.604685761982 -32.6705424920491 -18.6199136006597 -32.8 -18.625 -32.929457507951 -18.6199136006597 -33.0581168673164 -18.604685761982 -33.1851848503623 -18.5794103686562 -33.3098780407187 -18.544243251887 -33.4314276634024 -18.4994012286436 -33.5490843245703 -18.4451607649108 -33.6621226317813 -18.3818562711842 -33.7698456662826 -18.3098780407187 -33.8715892797448 -18.22966984324 -33.9667261889578 -18.1417261889578 -34.0546698432401 -18.0465892797448 -34.1348780407187 -17.9448456662826 -34.2068562711843 -17.8371226317813 -34.2701607649108 -17.7240843245702 -34.3244012286436 -17.6064276634024 -34.369243251887 -17.4848780407186 -34.4044103686562 -17.3601848503622 -34.429685761982 -17.2331168673164 -34.4449136006597 -17.1044575079509 -34.45 -16.975 -34.4449136006597 -16.8455424920491 -34.429685761982 -16.7168831326836 -34.4044103686562 -16.5898151496378 -34.369243251887 -16.4651219592813 -34.3244012286436 -16.3435723365976 -34.2701607649108 -16.2259156754298 -34.2068562711843 -16.1128773682187 -34.1348780407187 -16.0051543337174 -34.05466984324 -15.9034107202552 -33.9667261889578 -15.8082738110422 -33.8715892797448 -15.7203301567599 -33.7698456662826 -15.6401219592813 -33.6621226317813 -15.5681437288157 -33.5490843245703 -15.5048392350892 -33.4314276634024 -15.4505987713564 -33.3098780407187 -15.405756748113 -33.1851848503622 -15.3705896313438 -33.0581168673164 -15.345314238018 -32.9294575079509 -15.3300863993403 -32.8 -15.325 -32.6705424920491 -15.3300863993403 -32.5418831326836 -15.345314238018 -32.4148151496378 -15.3705896313438 -32.2901219592813 -15.405756748113 -32.1685723365976 -15.4505987713564 -32.0509156754297 -15.5048392350892 -31.9378773682187 -15.5681437288157 -31.8301543337174 -15.6401219592813 -31.7284107202552 -15.7203301567599 -31.6332738110422 -15.8082738110422 -31.5453301567599 -15.9034107202552 -31.4651219592813 -16.0051543337174 -31.3931437288157 -16.1128773682187 -31.3298392350892 -16.2259156754298 -31.2755987713564 -16.3435723365976 -31.230756748113 -16.4651219592813 -31.1955896313438 -16.5898151496378 -31.170314238018 -16.7168831326836 -31.1550863993403 -16.8455424920491 -31.15 48.025 -31.1550863993403 47.8955424920491 -31.170314238018 47.7668831326836 -31.1955896313438 47.6398151496377 -31.230756748113 47.5151219592813 -31.2755987713564 47.3935723365976 -31.3298392350892 47.2759156754297 -31.3931437288157 47.1628773682187 -31.4651219592813 47.0551543337174 -31.5453301567599 46.9534107202552 -31.6332738110422 46.8582738110422 -31.7284107202552 46.7703301567599 -31.8301543337174 46.6901219592813 -31.9378773682187 46.6181437288157 -32.0509156754297 46.5548392350892 -32.1685723365976 46.5005987713564 -32.2901219592813 46.455756748113 -32.4148151496378 46.4205896313438 -32.5418831326836 46.395314238018 -32.6705424920491 46.3800863993403 -32.8 46.375 -32.9294575079509 46.3800863993403 -33.0581168673164 46.395314238018 -33.1851848503622 46.4205896313438 -33.3098780407187 46.455756748113 -33.4314276634024 46.5005987713564 -33.5490843245703 46.5548392350892 -33.6621226317813 46.6181437288157 -33.7698456662826 46.6901219592813 -33.8715892797448 46.7703301567599 -33.9667261889578 46.8582738110422 -34.05466984324 46.9534107202552 -34.1348780407187 47.0551543337174 -34.2068562711843 47.1628773682187 -34.2701607649108 47.2759156754297 -34.3244012286436 47.3935723365976 -34.369243251887 47.5151219592813 -34.4044103686562 47.6398151496377 -34.429685761982 47.7668831326836 -34.4449136006597 47.8955424920491 -34.45 48.025 -34.4449136006597 48.1544575079509 -34.429685761982 48.2831168673164 -34.4044103686562 48.4101848503622 -34.369243251887 48.5348780407187 -34.3244012286436 48.6564276634024 -34.2701607649108 48.7740843245703 -34.2068562711843 48.8871226317813 -34.1348780407187 48.9948456662826 -34.05466984324 49.0965892797448 -33.9667261889578 49.1917261889578 -33.8715892797448 49.2796698432401 -33.7698456662826 49.3598780407187 -33.6621226317813 49.4318562711843 -33.5490843245703 49.4951607649108 -33.4314276634024 49.5494012286436 -33.3098780407187 49.594243251887 -33.1851848503622 49.6294103686562 -33.0581168673164 49.654685761982 -32.9294575079509 49.6699136006597 -32.8 49.675 -32.6705424920491 49.6699136006597 -32.5418831326836 49.654685761982 -32.4148151496378 49.6294103686562 -32.2901219592813 49.594243251887 -32.1685723365976 49.5494012286436 -32.0509156754297 49.4951607649108 -31.9378773682187 49.4318562711843 -31.8301543337174 49.3598780407187 -31.7284107202552 49.2796698432401 -31.6332738110422 49.1917261889578 -31.5453301567599 49.0965892797448 -31.4651219592813 48.9948456662826 -31.3931437288157 48.8871226317813 -31.3298392350892 48.7740843245703 -31.2755987713564 48.6564276634024 -31.230756748113 48.5348780407187 -31.1955896313438 48.4101848503622 -31.170314238018 48.2831168673164 -31.1550863993403 48.1544575079509 24.45 5.525 24.4449136006597 5.39554249204905 24.429685761982 5.26688313268362 24.4044103686562 5.13981514963776 24.369243251887 5.01512195928134 24.3244012286436 4.8935723365976 24.2701607649108 4.77591567542975 24.2068562711843 4.66287736821868 24.1348780407187 4.55515433371742 24.05466984324 4.4534107202552 23.9667261889578 4.3582738110422 23.8715892797448 4.27033015675995 23.7698456662826 4.19012195928133 23.6621226317813 4.11814372881575 23.5490843245702 4.05483923508919 23.4314276634024 4.00059877135638 23.3098780407187 3.955756748113 23.1851848503622 3.92058963134384 23.0581168673164 3.89531423801802 22.9294575079509 3.88008639934034 22.8 3.875 22.6705424920491 3.88008639934034 22.5418831326836 3.89531423801802 22.4148151496378 3.92058963134384 22.2901219592813 3.955756748113 22.1685723365976 4.00059877135638 22.0509156754297 4.05483923508919 21.9378773682187 4.11814372881575 21.8301543337174 4.19012195928133 21.7284107202552 4.27033015675995 21.6332738110422 4.3582738110422 21.5453301567599 4.4534107202552 21.4651219592813 4.55515433371742 21.3931437288157 4.66287736821868 21.3298392350892 4.77591567542975 21.2755987713564 4.8935723365976 21.230756748113 5.01512195928134 21.1955896313438 5.13981514963776 21.170314238018 5.26688313268362 21.1550863993403 5.39554249204905 21.15 5.525 21.1550863993403 5.65445750795092 21.170314238018 5.78311686731636 21.1955896313438 5.91018485036222 21.230756748113 6.03487804071864 21.2755987713564 6.15642766340238 21.3298392350892 6.27408432457023 21.3931437288157 6.3871226317813 21.4651219592813 6.49484566628256 21.5453301567599 6.59658927974478 21.6332738110422 6.69172618895779 21.7284107202552 6.77966984324004 21.8301543337174 6.85987804071865 21.9378773682187 6.93185627118424 22.0509156754297 6.99516076491079 22.1685723365976 7.04940122864361 22.2901219592813 7.09424325188699 22.4148151496377 7.12941036865616 22.5418831326836 7.15468576198197 22.670542492049 7.16991360065965 22.8 7.175 22.9294575079509 7.16991360065966 23.0581168673164 7.15468576198198 23.1851848503622 7.12941036865617 23.3098780407186 7.09424325188701 23.4314276634024 7.04940122864362 23.5490843245702 6.99516076491081 23.6621226317813 6.93185627118426 23.7698456662826 6.85987804071868 23.8715892797448 6.77966984324006 23.9667261889578 6.69172618895782 24.05466984324 6.59658927974482 24.1348780407186 6.49484566628259 24.2068562711842 6.38712263178133 24.2701607649108 6.27408432457027 24.3244012286436 6.15642766340242 24.369243251887 6.03487804071868 24.4044103686562 5.91018485036226 24.429685761982 5.7831168673164 24.4449136006597 5.65445750795097 9.23938168378 4.70547554507 9.35161941971562 4.69107479747324 9.46237800263371 4.66782004433102 9.57106803656403 4.63628080277459 9.67707079758372 4.5966366116499 9.77978285921697 4.54911314766864 9.87861952747298 4.4939809407313 9.97301816924828 4.43155383392099 10.0624414151463 4.36218719693463 10.1463802184812 4.28627590311799 10.1911409747969 4.31237640390069 10.2667321143211 4.23176528575777 10.3363875426168 4.1459731296375 10.3997531934588 4.05543602654571 10.43798670486 3.99327821421 10.4732525839268 3.92938900923835 10.5208385247022 3.82965089420891 10.5611971384613 3.72677574830598 10.59412327891 3.62128649471 10.5493625225895 3.59518599392994 10.5710110337242 3.50091555736208 10.586538875086 3.40544587951781 10.595881481405 3.30917392642547 10.59900000582 3.2125 10.5952942831799 3.10712715938077 10.5841954250998 3.00227496212307 10.5657582706327 2.89846147910855 10.5400739170862 2.7961996489697 10.5072692699142 2.69599474367872 10.46751317478 2.59833883867 11.05255972237 2.93932322282 11.16191911671 2.74563034455 11.1629262337156 2.73752289672776 11.1632716236414 2.72472290190645 11.163852887055 2.71614172150157 11.1650735208641 2.7083294016031 11.1668636245533 2.6969921804906 11.167102750769 2.68835686961125 11.1661314825236 2.67985720376985 11.1642801515894 2.67153266426723 11.1153778411911 2.51089600638029 11.0540023890461 2.35459941110911 10.9805334584798 2.20360971589512 10.8954255220463 2.05886093014751 10.7992050501999 1.92124845754044 10.6924672545935 1.79162355712214 10.57587240615 1.67078807749875 10.4501417506827 1.5594894966672 10.3160530473296 1.4584162981798 10.1744357574023 1.36819371224362 10.0261659134081 1.28937984809961 9.872160699988 1.22246224160627 9.71337278029022 1.16785483938438 9.55078440287718 1.12589543817838 9.38540132561938 1.09684359527444 9.21824659416284 1.08087902290119 9.05035421345568 1.07810047654514 8.88276275148155 1.08852514405766 8.71650891476643 1.11208853933241 8.5526211354 1.14864490121 8.54524218771981 1.15084350637981 8.54043411614606 1.15267501496778 8.53202580923313 1.15701070440358 8.52551662856444 1.16170968073659 8.52014725472426 1.16611847757119 8.51604795856903 1.16941817481831 8.50863660342599 1.1745624888697 8.4961810141298 1.18209185034347 8.48929398217 1.18719843563 8.37458632428 1.37776679441 8.95949122326208 1.71900165731957 8.84718497736948 1.73378799577252 8.73631478542995 1.75700715188614 8.6275129193869 1.78852671116105 8.52139985590843 1.82816692345298 8.41858073792513 1.87570172805415 8.31964192361324 1.93086004287515 8.22514764250377 1.99332731037534 8.13563677778717 2.06274729142561 8.05161979316 2.13872409687 8.00685903683884 2.11262359609091 7.93126789736634 2.19323471417425 7.86161246911357 2.2790268702278 7.79824681831788 2.36956397325511 7.76001330679 2.43172178579 7.72474742770195 2.49561099078102 7.67716148693222 2.59534910580142 7.63680287317746 2.69822425169466 7.60387673272648 2.80371350528604 7.64863748905189 2.82981400606496 7.62698897791658 2.92408444263404 7.61146113655437 3.01955412047957 7.6021185302351 3.11582607357321 7.59900000582 3.2125 7.60269486727291 3.317718498172 7.61376124896343 3.42241863931329 7.63214463256205 3.52608462006973 7.65775445266153 3.6282057318596 7.69046454294573 3.72827887687028 7.73050809077 3.82563437096 7.14543892058 3.48567760409 7.03608501635 3.67936259127 7.03507727223153 3.68747108483423 7.03472937256203 3.7002754105221 7.03414681919504 3.70885880195631 7.03292592945715 3.71667156052514 7.03113628637504 3.72800799213687 7.03089738166027 3.73664292335581 7.03186860110331 3.74514267285284 7.03371986006005 3.75346733576884 7.08262217046067 3.91410399365361 7.14399762260777 4.0704005889225 7.21746655317587 4.22139028413409 7.30257448961085 4.36613906987922 7.39879496145846 4.50375154248375 7.50553275706579 4.63337644289951 7.62212760550991 4.75421192252035 7.74785826097765 4.86551050334941 7.88194696433079 4.96658370183437 8.02356425425798 5.0568062877682 8.17183409825179 5.13562015190999 8.32583931167131 5.20253775840123 8.48462723136829 5.25714516062118 8.64721560878037 5.29910456182542 8.81259868603703 5.32815640472778 8.97975341749233 5.34412097709966 9.14764579819813 5.34689952345455 9.31523726017082 5.33647485594108 9.48149109688444 5.31291146066561 9.64537887625 5.27635509879 9.65276186543235 5.27413777787364 9.65757337976703 5.27229032624267 9.66597607625317 5.26798061806528 9.67246142650947 5.26339199771268 9.67966660813573 5.25753391747217 9.68404382051624 5.25407219560264 9.69205167819653 5.2484298948166 9.70003606642626 5.2424121620112 9.70639574698769 5.23503198551866 9.81813992695 5.04296243342 -22.6181404363091 44.8955388252428 -22.7156317177949 44.9529861434346 -22.8082747307171 45.0179906645649 -22.895753005341 45.0897950312811 -22.9775685641776 45.1679904911426 -23.0532556652269 45.2521319098699 -23.1223834532546 45.3417403053086 -23.1845584124708 45.4363055740765 -23.2394266066533 45.53528939537 -23.28667569396 45.6381282954 -23.3380988153247 45.6317703053121 -23.3758237003024 45.7356404442738 -23.4060518935745 45.8419345129983 -23.4286297418894 45.9501122070018 -23.43928668035 46.0223051758 -23.4465339050359 46.0949205356988 -23.4509834538151 46.2053393513808 -23.4475543038698 46.3157945652532 -23.4362638858598 46.4257247239986 -23.3848407644994 46.4320827141146 -23.3640621000757 46.5433311870003 -23.334955051752 46.652696425319 -23.2976853094684 46.7595558747128 -23.2524650287583 46.8633012448607 -23.1995516230674 46.9633419721313 -23.1392462984444 47.0591085813265 -23.0718923389458 47.1500559273818 -22.9978731525144 47.2356662985681 -22.91731776178 47.3151352091 -23.58899543603 47.2331362258 -23.61321115145 47.4542374464 -23.6109433178037 47.4620872965402 -23.6062192101771 47.4739933705088 -23.6033734929813 47.4821122294383 -23.6014180669119 47.4897742185314 -23.5985973628379 47.5008990166122 -23.5954154802272 47.508929878074 -23.5911745690445 47.5163597960629 -23.5861937441974 47.5232821191072 -23.4779674747833 47.6516668784365 -23.3599862186944 47.7711490738926 -23.2329797979436 47.8809895987793 -23.0977338634447 47.9805089889545 -22.9550850350424 48.0690916259369 -22.8059157262533 48.1461895450705 -22.6511486857312 48.2113258251866 -22.491741289222 48.2640975387978 -22.3286796173188 48.3041782445732 -22.1629723556516 48.3313200066768 -21.9956445552436 48.3453549284773 -21.8277312916327 48.3461961911425 -21.6602712619824 48.333838590693 -21.4943003597896 48.308358570194 -21.3308452669353 48.2699137468845 -21.1709171027178 48.2187419371709 -21.0155051691553 48.1551596855146 -20.8655708312471 48.079560306315 -20.7220415700519 47.9924114509004 -20.58580524537 47.8942522147 -20.5798926559318 47.8893058698417 -20.576197925379 47.885712443362 -20.5701723101002 47.8784412087184 -20.5660188826783 47.8716688941076 -20.5617038914169 47.8634462061891 -20.5590442403009 47.858540111769 -20.5539064736994 47.8501995663823 -20.5489381690335 47.8415231896988 -20.5459998995658 47.8322345345993 -20.51895082272 47.6116765557 -21.1836464330682 47.5298472846445 -21.0863663919241 47.472012641491 -20.9937236986704 47.4070081513353 -20.9062457270823 47.335203855917 -20.8244304504643 47.257008505252 -20.7487436069095 47.1728672307999 -20.6796160480589 47.0832590115282 -20.6174412864539 46.988693947297 -20.5625732554441 46.8897103550869 -20.5153242943926 46.7868717045401 -20.463901173044 46.7932296946856 -20.4261762880354 46.6893595556282 -20.3959480947461 46.5830654868041 -20.3733702464263 46.4748877926989 -20.362713308 46.4026948242 -20.3554660833446 46.3300794643997 -20.3510165345582 46.2196606486852 -20.354445684501 46.1092054347799 -20.36573610251 45.999275276 -20.4171592238606 45.9929172858852 -20.4379382185591 45.8816673524013 -20.4670458155212 45.772300711601 -20.5043163173019 45.6654399422894 -20.5495375584338 45.5616933583874 -20.6024521131968 45.4616515460533 -20.6627587610355 45.3658840017217 -20.7301142012827 45.2749358901967 -20.8041350074273 45.1893249412559 -20.8846986755 45.1098627571 -20.21300548462 45.1918650734 -20.18878783145 44.97075443706 -20.1910558295589 44.9629057951952 -20.1957805379924 44.9510046905588 -20.1986265698743 44.942888372011 -20.200582058379 44.9352268869194 -20.2034026500888 44.9241011817168 -20.2065844786627 44.9160698840462 -20.2108254017481 44.9086400621844 -20.2158062441626 44.9017178808928 -20.3240325135758 44.7733331215645 -20.4420137696637 44.6538509261092 -20.5690201904134 44.5440104012231 -20.7042661249111 44.4444910110484 -20.8469149533121 44.3559083740662 -20.9960842620998 44.2788104549327 -21.1508513026204 44.2136741748165 -21.3102586991283 44.160902461205 -21.4733203710301 44.1208217554291 -21.6390276326959 44.0936799933247 -21.8063554331025 44.0796450715233 -21.9742686967121 44.078803808857 -22.1417287263612 44.0911614093051 -22.3076996285529 44.1166414298026 -22.4711547214064 44.1550862531104 -22.6310828856231 44.2062580628222 -22.7864948191851 44.2698403144765 -22.9364291570929 44.3454396936739 -23.079958418288 44.4325885490863 -23.21619474297 44.53074778531 -23.2221109902044 44.5356753356485 -23.2258088366448 44.5392527519839 -23.2318293741828 44.5465500772138 -23.2359612337964 44.5534332122184 -23.23915975335 44.5596006377352 -23.2416277839251 44.5642483313523 -23.2464134451645 44.5718961806341 -23.2548959705365 44.5837232577363 -23.25921456497 44.59112988754 -23.28958075927 44.81147061212 8.10774770444548 45.0872906059545 8.02541775804094 45.1649212882777 7.94949075810194 45.2488462813797 7.88010743600549 45.3382569541306 7.81766276213423 45.4326443287737 7.76251220803364 45.5314710972593 7.71496972286035 45.6341746799157 7.67530594620026 45.7401704279812 7.64374666743003 45.8488549517664 7.62047154039 45.9596095555 7.56891846361199 45.9648097211857 7.5551591643047 46.0744584986531 7.54924737842291 46.1848089563107 7.5512131562345 46.2953001705998 7.55682579423 46.368059317 7.56585694289058 46.4404744473014 7.58599677300179 46.549132169456 7.61382732817599 46.6560787614513 7.64920714330817 46.7607706045819 7.70076022009442 46.7555704389065 7.74568451304552 46.859444492995 7.79831248599753 46.9596358482753 7.85834455687599 47.0555741705245 7.92543899615345 47.146713335695 7.99921387212751 47.2325345386984 8.07924922504775 47.3125492466769 8.1650894577153 47.3863019799518 8.25624592894694 47.453372904819 8.35241498287 47.5130052751 7.67927039137 47.5819505245 7.70467298638 47.8029185285 7.70862461761143 47.8100702994318 7.71587062542098 47.8206328352146 7.72044539730049 47.8279188107507 7.72405074771433 47.8349566525176 7.7292675131994 47.8451793166346 7.73415057769779 47.8523049599838 7.73993309664422 47.8586098376784 7.74632458995235 47.8642557198835 7.88031942376247 47.9654533301764 8.02185291197353 48.0558073203019 8.17004954046845 48.1347587681641 8.32399257751126 48.2018192868232 8.48272974457156 48.2565740456161 8.64527910703853 48.2986843362631 8.8106351483849 48.3278896680888 8.97777499020663 48.3440093793953 9.14566471966168 48.3469437550197 9.31326578516692 48.3366746431641 9.47954142078986 48.3132655676808 9.64346305959449 48.2768613351192 9.80401669626885 48.2276871389648 9.96020915967564 48.1660471666115 10.1110742565243 48.0923227176842 10.2556787481608 48.006969845352 10.3931281235019 47.9105165352215 10.5225721324055 47.8035594392635 10.6432100452449 47.6867601849741 10.75429560617 47.5608412826 10.7589645234781 47.5547072583839 10.7617706954746 47.550384163822 10.7660344231842 47.5419580425969 10.7685831531859 47.5344334708597 10.7709678947469 47.5254587979608 10.7724737384434 47.5200851640697 10.7756346547962 47.5108131658673 10.7785558756863 47.5012512605961 10.7793618384633 47.4915423488997 10.75684253424 47.2704759436 10.0905456867155 47.338038610043 10.1725838172986 47.2600771092054 10.2485105121611 47.1761522172502 10.3178935543582 47.0867416813056 10.3803379770525 46.9923544758336 10.4354883118854 46.8935279052656 10.4830306125001 46.7908245453659 10.522694241699 46.6848290407385 10.5542534120607 46.576144776705 10.5775284712544 46.4653904445435 10.6290815480196 46.4601902788162 10.6428408473361 46.3505415012484 10.6487526332127 46.2401910434898 10.6467868553948 46.1296998290997 10.64117421742 46.056940683 10.6321430687436 45.9845255528024 10.612003238632 45.8758678306126 10.5841726834523 45.7689212385827 10.54879286831 45.6642293954 10.4972397915459 45.6694295610944 10.4523149476076 45.5655543544205 10.3996862530065 45.4653619361993 10.3396533006838 45.3694226595717 10.2725578328941 45.2782826663387 10.1987817958112 45.1924607780072 10.11874516527 45.1124455423579 10.0329035560205 45.0386924523488 9.9417456281063 44.9716213531867 9.84557096048 44.91199614402 10.5187289992 44.84305094907 10.49332620636 44.62207333404 10.4893746826243 44.6149227777847 10.4821291906292 44.6043652209375 10.4775546750836 44.5970817923694 10.4739493755328 44.5900444559238 10.4687325185245 44.5798208823368 10.4638494100026 44.5726948016052 10.4580669007353 44.5663900202312 10.4516754217289 44.5607442801503 10.3176805879159 44.4595466698503 10.1761470997011 44.3691926797183 10.0279504712017 44.2902412318505 9.87400743415388 44.2231807131866 9.71527026708799 44.1684259543898 9.552720904615 44.1263156637399 9.38736486326231 44.0971103319122 9.22022502143408 44.0809906206048 9.05233529197247 44.0780562449805 8.88473422646071 44.0883253568372 8.71845859083145 44.1117344323226 8.5545369520208 44.1481386648873 8.39398331534083 44.1973128610459 8.23779085192896 44.2589528334041 8.08692575507581 44.3326772823372 7.94232126343569 44.4180301546761 7.80487188809166 44.5144834648139 7.67542787918613 44.6214405607798 7.55478996634575 44.7382398150776 7.44370440544 44.86415871746 7.4390277548467 44.8702752256864 7.43621499523088 44.87458339923 7.43196200292667 44.883033836158 7.42945887176057 44.8906616894463 7.4277071916117 44.8973847305422 7.42633091575727 44.9024639131183 7.42335978018748 44.9109823933563 7.41771025799122 44.9243956661944 7.41514109162 44.93257538544 7.43437765405 45.1541653115 51 52 53 59 51 53 59 49 50 59 50 51 59 53 54 59 54 55 59 55 56 59 56 57 59 57 58 61 59 60 46 47 48 46 48 49 64 49 59 64 59 61 64 46 49 64 61 62 64 62 63 44 46 64 44 45 46 10 11 12 8 9 10 8 12 13 8 13 14 8 10 12 6 7 8 6 14 15 6 15 16 6 16 17 6 8 14 4 5 6 21 17 18 21 18 19 21 19 20 21 6 17 21 4 6 2 3 4 2 21 22 2 4 21 23 2 22 24 2 23 602 603 2 604 2 603 601 602 2 605 2 604 600 2 24 600 24 25 600 601 2 606 2 605 599 25 26 599 600 25 607 2 606 598 26 27 598 599 26 608 2 607 597 27 28 597 598 27 609 2 608 596 28 29 596 597 28 610 2 609 595 29 30 595 596 29 611 2 610 594 30 31 594 595 30 594 31 32 612 2 611 593 32 33 593 594 32 613 2 612 592 593 33 592 33 34 614 2 613 591 34 35 591 592 34 615 2 614 590 591 35 590 35 36 616 2 615 589 36 37 589 590 36 617 2 616 588 37 38 588 589 37 618 2 617 587 38 39 587 588 38 586 39 40 586 587 39 585 586 40 585 40 41 584 585 41 584 41 42 444 64 443 442 443 64 583 584 42 583 42 43 441 442 64 445 64 444 446 64 445 440 441 64 447 64 446 439 440 64 448 64 447 438 439 64 449 64 448 437 438 64 450 64 449 436 437 64 451 64 450 435 436 64 452 64 451 434 435 64 453 64 452 433 434 64 432 433 64 454 44 64 454 64 453 455 43 44 455 44 454 582 583 43 456 43 455 457 43 456 458 43 457 459 43 458 460 43 459 461 43 460 462 43 461 463 43 462 464 43 463 464 581 582 464 582 43 465 581 464 580 581 465 580 465 466 467 580 466 579 580 467 579 467 468 578 579 468 578 468 469 577 469 470 577 578 469 576 577 470 576 470 471 575 576 471 575 471 472 574 575 472 574 472 473 362 423 424 362 424 425 362 363 423 364 422 423 364 423 363 365 422 364 365 420 421 365 421 422 361 362 425 360 425 426 360 361 425 366 420 365 359 426 427 359 360 426 367 419 420 367 420 366 368 417 418 368 418 419 368 419 367 358 427 428 358 359 427 369 417 368 370 416 417 370 417 369 371 414 415 371 415 416 371 416 370 372 414 371 373 413 414 373 414 372 374 413 373 374 492 413 375 492 374 375 490 491 375 491 492 376 490 375 377 490 376 377 489 490 378 489 377 378 488 489 379 488 378 379 487 488 380 487 379 380 485 486 380 486 487 381 485 380 382 483 484 382 484 485 382 485 381 383 483 382 384 483 383 384 482 483 385 482 384 385 480 481 385 481 482 386 480 385 387 480 386 387 479 480 65 428 429 65 429 430 65 430 431 65 431 432 65 340 341 65 341 342 65 342 343 65 343 344 65 344 345 65 345 346 65 346 347 65 347 348 65 348 349 65 349 350 65 350 351 65 351 352 65 352 353 65 353 354 65 354 355 65 355 356 65 356 357 65 357 358 65 358 428 65 432 64 68 65 66 68 66 67 70 68 69 72 70 71 73 68 70 73 70 72 74 68 73 75 68 74 75 65 68 76 65 75 78 76 77 79 76 78 81 65 76 81 76 79 81 79 80 83 81 82 83 65 81 85 410 411 85 411 412 85 412 333 85 333 334 85 334 335 85 335 336 85 336 337 85 337 338 85 338 339 85 339 340 85 65 83 85 83 84 85 340 65 323 635 636 324 634 635 324 635 323 322 636 637 322 323 636 325 633 634 325 634 324 321 637 638 321 322 637 326 633 325 326 632 633 320 638 639 320 321 638 327 631 632 327 632 326 319 639 640 319 320 639 328 630 631 328 631 327 318 640 641 318 319 640 329 629 630 329 630 328 317 318 641 317 641 642 330 628 629 330 629 329 316 317 642 316 642 643 331 627 628 331 628 330 315 643 644 315 316 643 332 627 331 332 626 627 314 644 645 314 315 644 253 625 626 253 626 332 313 645 646 313 314 645 254 625 253 254 624 625 312 313 646 312 646 647 311 312 647 311 647 648 255 624 254 255 623 624 310 648 649 310 311 648 256 623 255 256 622 623 309 310 649 309 649 650 308 309 650 308 650 651 307 651 652 307 308 651 306 307 652 306 652 573 305 306 573 117 397 398 118 397 117 118 396 397 116 117 398 116 398 399 119 396 118 119 395 396 115 116 399 115 399 400 120 395 119 120 394 395 114 115 400 114 400 401 113 114 401 113 401 402 121 394 120 121 393 394 112 113 402 112 402 403 122 393 121 122 392 393 111 112 403 111 403 404 123 392 122 123 391 392 124 391 123 124 390 391 125 390 124 125 389 390 126 389 125 126 388 389 127 479 387 127 387 388 127 388 126 86 404 405 86 405 406 86 406 407 86 407 408 86 408 409 86 106 107 86 409 410 86 107 108 86 108 109 86 109 110 86 110 111 86 111 404 86 410 85 104 105 106 88 86 87 102 103 104 91 88 89 91 89 90 101 106 86 101 104 106 101 86 88 101 102 104 101 88 91 93 91 92 98 101 91 98 99 100 98 100 101 95 93 94 96 93 95 96 91 93 96 98 91 96 97 98 881 303 304 881 304 305 881 305 573 881 573 574 881 574 473 881 301 302 881 302 303 880 881 473 877 878 879 877 879 880 876 877 880 875 880 473 875 876 880 875 473 474 875 474 475 874 875 475 874 475 476 873 874 476 873 476 477 872 873 477 872 477 478 882 301 881 882 300 301 871 872 478 871 479 127 871 478 479 870 871 127 894 882 893 869 870 127 895 882 894 896 882 895 896 300 882 897 300 896 897 299 300 891 892 893 890 893 882 890 891 893 898 299 897 889 890 882 888 889 882 868 869 127 887 888 882 886 887 882 867 868 127 885 886 882 903 901 902 904 901 903 913 299 898 913 901 904 913 898 899 913 899 900 913 900 901 866 867 127 914 299 913 914 294 295 914 295 296 914 296 297 914 297 298 914 298 299 905 913 904 915 294 914 918 915 916 918 916 917 919 294 915 919 915 918 919 293 294 920 291 292 920 292 293 920 293 919 921 291 920 921 290 291 922 290 921 922 289 290 906 913 905 865 866 127 907 913 906 923 289 922 923 288 289 908 913 907 864 865 127 909 913 908 924 288 923 924 287 288 910 913 909 863 864 127 925 287 924 925 286 287 862 863 127 926 286 925 926 285 286 861 862 127 927 285 926 927 284 285 928 284 927 928 283 284 929 283 928 929 282 283 930 282 929 930 281 282 683 256 257 684 256 683 684 622 256 682 257 258 682 683 257 685 621 622 685 622 684 681 258 259 681 682 258 686 620 621 686 621 685 680 681 259 680 259 260 679 680 260 679 260 261 678 679 261 678 261 262 677 262 263 677 678 262 676 263 264 676 677 263 675 676 264 675 264 265 674 265 266 674 675 265 673 266 267 673 674 266 846 847 848 845 848 849 845 846 848 843 835 836 843 836 837 843 837 838 843 838 839 843 839 840 834 835 843 831 832 833 831 833 834 831 834 843 830 831 843 829 830 843 823 820 821 823 821 822 952 815 816 952 816 817 952 817 818 952 818 819 952 819 820 952 823 824 952 824 825 952 820 823 949 946 947 949 947 948 950 946 949 1 2 618 1 618 619 1 619 620 1 686 687 1 687 688 1 688 689 1 689 690 1 690 691 1 691 692 1 692 693 1 693 694 1 694 695 1 695 696 1 696 697 1 697 698 1 698 699 1 699 700 1 700 701 1 620 686 702 1 701 703 1 702 250 251 252 250 252 1 704 1 703 247 248 249 246 247 249 246 249 250 245 246 250 243 244 245 243 245 250 241 242 243 239 241 243 239 240 241 238 239 243 237 238 243 235 236 237 233 707 708 233 708 709 233 709 710 233 710 711 233 711 712 233 712 713 233 713 714 233 237 243 233 234 235 233 235 237 233 243 250 233 250 1 233 1 704 233 704 705 233 705 706 233 706 707 715 233 714 716 233 715 717 233 716 718 233 717 719 233 718 1082 667 668 1082 668 669 1081 1082 669 1080 1081 669 1080 669 670 1083 666 667 1083 667 1082 1087 1085 1086 1088 1085 1087 1088 666 1083 1088 1083 1084 1088 1084 1085 1089 666 1088 1089 662 663 1089 663 664 1089 664 665 1089 665 666 1079 670 671 1079 1080 670 1078 671 672 1078 1079 671 1077 267 268 1077 672 673 1077 1078 672 1077 673 267 1090 662 1089 1090 660 661 1090 661 662 1076 1077 268 1076 268 269 1075 1076 269 1075 269 270 1074 1075 270 1074 270 271 1073 1074 271 1073 271 272 1072 1073 272 1072 272 273 956 957 1090 958 1090 957 955 956 1090 959 1090 958 960 1090 959 1071 273 274 1071 1072 273 963 1090 960 961 963 960 962 963 961 964 1090 963 965 1090 964 965 660 1090 1070 1071 274 1070 274 275 966 660 965 966 659 660 967 658 659 967 659 966 1069 1070 275 1069 275 276 968 658 967 969 657 658 969 658 968 1068 1069 276 1068 276 277 1067 1068 277 1067 277 278 973 971 972 1066 1067 278 1066 278 279 974 971 973 1065 279 280 1065 1066 279 982 656 657 982 969 970 982 970 971 982 974 975 982 975 976 982 657 969 982 971 974 1064 930 931 1064 281 930 1064 280 281 1064 1065 280 977 982 976 983 732 653 983 653 654 983 654 655 983 655 656 983 656 982 984 732 983 987 984 985 987 985 986 988 732 984 988 731 732 988 984 987 989 730 731 989 731 988 978 982 977 990 729 730 990 730 989 991 728 729 991 729 990 979 982 978 992 728 991 992 727 728 993 727 992 993 726 727 994 726 993 994 724 725 994 725 726 1054 1055 1056 1053 1054 1056 1053 1056 1057 995 723 724 995 724 994 1051 1046 1047 1051 1047 1048 1045 1046 1051 996 722 723 996 723 995 1044 1045 1051 1043 1044 1051 997 721 722 997 722 996 998 720 721 998 721 997 1040 1043 1051 1040 1041 1042 1040 1042 1043 1039 1040 1051 999 719 720 999 720 998 1038 1039 1051 1037 1038 1051 1000 233 719 1000 719 999 764 853 854 764 854 763 762 854 855 762 763 854 765 853 764 765 851 852 765 852 853 761 855 856 761 762 855 766 851 765 760 856 857 760 761 856 767 850 851 767 851 766 759 857 858 759 760 857 1001 233 1000 768 849 850 768 850 767 758 858 859 758 759 858 769 844 845 769 845 849 769 849 768 757 859 860 757 758 859 1032 1030 1031 770 844 769 756 757 860 756 861 127 756 860 861 1002 233 1001 1029 1030 1032 771 844 770 755 756 127 1003 233 1002 772 844 771 754 755 127 1004 233 1003 773 843 844 773 844 772 753 754 127 774 828 829 774 843 773 774 829 843 752 753 127 1005 233 1004 1006 233 1005 775 827 828 775 828 774 751 752 127 1021 1024 1025 1021 1025 1026 1021 1026 1027 1021 1027 1028 1021 1028 1029 1021 1032 1033 1021 1033 1034 1021 1034 1035 1021 1029 1032 776 825 826 776 826 827 776 827 775 750 751 127 777 952 825 777 825 776 749 750 127 1016 1017 1018 1015 1018 1019 1015 1016 1018 778 951 952 778 952 777 748 749 127 779 951 778 747 748 127 780 950 951 780 951 779 781 950 780 782 950 781 782 945 946 782 946 950 783 945 782 784 944 945 784 945 783 785 944 784 785 943 944 786 942 943 786 943 785 787 941 942 787 942 786 128 747 127 128 812 733 128 733 734 128 734 735 128 735 736 128 736 737 128 737 738 128 738 739 128 739 740 128 740 741 128 741 742 128 742 743 128 743 744 128 744 745 128 745 746 128 746 747 129 812 128 129 811 812 130 810 811 130 811 129 131 809 810 131 810 130 132 808 809 132 809 131 133 808 132 134 808 133 134 807 808 135 807 134 135 806 807 136 806 135 136 805 806 137 805 136 137 804 805 138 804 137 138 803 804 139 803 138 139 802 803 140 802 139 140 801 802 141 801 140 142 801 141 142 800 801 143 800 142 143 799 800 144 799 143 144 798 799 145 798 144 145 797 798 146 797 145 146 796 797 147 796 146 152 150 151 154 152 153 156 152 154 156 154 155 156 150 152 158 156 157 159 156 158 159 150 156 160 150 159 162 150 160 162 160 161 163 150 162 166 163 164 166 164 165 167 150 163 167 163 166 169 148 149 169 149 150 169 167 168 169 150 167 1217 1061 1062 1216 1217 1062 1216 1062 1063 1218 1061 1217 1218 1060 1061 1219 1060 1218 1219 1059 1060 1220 1058 1059 1220 1059 1219 1221 1058 1220 1221 1057 1058 1215 1216 1063 1215 1064 931 1215 1063 1064 1225 1223 1224 1226 1221 1222 1226 1222 1223 1226 1223 1225 1226 1053 1057 1226 1057 1221 1227 1053 1226 1227 1052 1053 1214 1215 931 1214 931 932 1213 1214 932 1213 932 933 1212 1213 933 1212 933 934 1228 1052 1227 1228 1051 1052 1211 934 935 1211 1212 934 1210 935 936 1210 1211 935 1209 936 937 1209 1210 936 1208 937 938 1208 1209 937 1207 938 939 1207 1208 938 1094 1228 1093 1095 1228 1094 1096 1228 1095 1206 939 940 1206 1207 939 1097 1228 1096 1098 1228 1097 1205 940 941 1205 1206 940 1101 1228 1098 1101 1098 1099 1100 1101 1099 1102 1228 1101 1204 941 787 1204 1205 941 1204 787 788 1103 1228 1102 1104 1051 1228 1104 1228 1103 1203 1204 788 1203 788 789 1105 1051 1104 1105 1036 1037 1105 1037 1051 1106 1036 1105 1202 1203 789 1202 789 790 1201 1202 790 1201 790 791 1111 1109 1110 1112 1109 1111 1192 1193 1194 1191 1192 1194 1191 1194 1195 1120 1112 1113 1120 1113 1114 1120 1114 1115 1120 1021 1035 1120 1035 1036 1120 1036 1106 1120 1109 1112 1120 1106 1107 1120 1107 1108 1120 1108 1109 1189 1185 1186 1184 1185 1189 1116 1120 1115 1121 1019 1020 1121 1020 1021 1121 1021 1120 1122 1015 1019 1122 1019 1121 1183 1184 1189 1117 1120 1116 1125 1122 1123 1125 1123 1124 1126 1014 1015 1126 1122 1125 1126 1015 1122 1127 1013 1014 1127 1014 1126 1128 1012 1013 1128 1013 1127 1129 1011 1012 1129 1012 1128 1182 1183 1189 1130 1010 1011 1130 1011 1129 1181 1182 1189 1131 1010 1130 1131 1009 1010 1178 1181 1189 1178 1179 1180 1178 1180 1181 1132 1009 1131 1132 1008 1009 1177 1178 1189 1176 1177 1189 1133 1008 1132 1133 1007 1008 1134 1006 1007 1134 1007 1133 1168 1169 1170 1167 1168 1170 1159 1167 1170 1159 1162 1163 1159 1163 1164 1159 1164 1165 1159 1165 1166 1159 1166 1167 1159 1170 1171 1159 1171 1172 1154 1155 1156 1153 1154 1156 1153 1156 1157 524 1190 523 522 523 1190 522 1190 1191 525 1190 524 521 1191 1195 521 522 1191 521 1195 1196 526 1190 525 526 1189 1190 520 521 1196 527 1175 1176 527 1176 1189 527 1189 526 519 520 1196 519 1196 1197 528 1174 1175 528 1175 527 518 519 1197 518 1197 1198 529 1174 528 529 1172 1173 529 1173 1174 517 1198 1199 517 518 1198 530 1159 1172 530 1172 529 516 517 1199 516 1199 1200 531 1158 1159 531 1159 530 515 1201 791 515 516 1200 515 791 792 515 1200 1201 532 1158 531 514 515 792 533 1157 1158 533 1158 532 513 514 792 513 792 793 534 1157 533 512 513 793 512 793 794 511 512 794 511 794 795 535 1157 534 535 1152 1153 535 1153 1157 510 511 795 510 796 147 510 795 796 536 1152 535 537 1152 536 537 1151 1152 538 1151 537 538 1150 1151 539 1148 1149 539 1149 1150 539 1150 538 540 1148 539 540 1147 1148 541 1146 1147 541 1147 540 542 1146 541 543 1146 542 543 1145 1146 544 1144 1145 544 1145 543 545 1143 1144 545 1144 544 546 1142 1143 546 1143 545 547 1141 1142 547 1142 546 201 502 503 202 502 201 202 501 502 200 201 503 200 503 504 203 501 202 203 500 501 199 200 504 199 504 505 198 199 505 204 500 203 204 499 500 205 499 204 205 498 499 197 505 506 197 198 505 206 498 205 196 506 507 196 197 506 195 507 508 195 196 507 207 498 206 207 497 498 208 497 207 208 496 497 194 508 509 194 195 508 209 496 208 209 495 496 193 509 510 193 194 509 210 495 209 210 494 495 192 510 147 192 193 510 211 566 567 211 567 568 211 568 569 211 569 570 211 570 571 211 571 572 211 572 493 211 494 210 211 493 494 191 192 147 191 147 148 232 1136 1137 232 1137 1138 232 1138 1139 232 1139 1140 232 1140 1141 232 547 548 232 548 549 232 549 550 232 550 551 232 551 552 232 552 553 232 553 554 232 554 555 232 555 556 232 556 557 232 557 558 232 558 559 232 559 560 232 560 561 232 561 562 232 1141 547 212 566 211 212 562 563 212 563 564 212 564 565 212 565 566 212 232 562 230 231 232 230 232 212 215 213 214 216 213 215 227 228 229 218 216 217 218 213 216 225 230 212 225 227 229 225 212 213 225 226 227 225 229 230 220 218 219 222 213 218 222 225 213 222 218 220 222 220 221 222 223 224 222 224 225 170 148 169 170 191 148 170 190 191 186 187 188 186 188 189 186 189 190 174 170 171 174 171 172 174 172 173 175 190 170 175 170 174 176 190 175 176 186 190 182 183 184 182 184 185 182 185 186 181 186 176 181 182 186 179 176 177 179 177 178 180 181 176 180 176 179 232 233 1136 1136 233 1135 1135 233 1134 1134 233 1006 842 843 841 841 843 840 882 883 884 882 884 885 912 913 911 911 913 910 952 813 814 952 814 815 981 982 980 980 982 979 1021 1022 1023 1021 1023 1024 1050 1051 1049 1049 1051 1048 1090 953 954 1090 954 955 1119 1120 1118 1118 1120 1117 1159 1160 1161 1159 1161 1162 1188 1189 1187 1187 1189 1186 1228 1091 1092 1228 1092 1093 

TShapes 6
Ve
0.020374464868197
18.48104917728 102.6366765557 -0.7904219111571
0 0

0101101
*
Ve
0.020374464868197
18.45400010044 102.8572345346 -0.7929168807874
0 0

0101101
*
Ed
 0.020374464868197 1 1 0
1  1 0 0 1
2  1 1 0 0 1
4 C0 2 0 1 0
6  1 1 0
0

0101000
+6 0 -5 0 *
Ed
 0.0188149279437193 1 1 0
1  2 0 0 0.222224434947646
2  2 1 0 0 0.222224434947646
4 C0 3 0 1 0
6  2 2 0
0

0101000
+6 0 -5 0 *
Wi

0101100
+4 0 -3 0 *
Fa
0  1e-07 1 0

0111000
+2 0 *

+1 0 