DBRep_DrawableShape

CASCADE Topology V3, (c) Open Cascade
Locations 0
Curve2ds 2
7 0 0  1 2 2  2.9056603491941395 0.019270353931815976  6.2823817594636928 0.24148067446772004 
 0 2 1 2
7 0 0  1 2 2  2.9056603491941395 0.019270353931815976  6.2823817592245703 0.24148067446772359 
 0 2 0.22222443491273056 2
Curves 2
7 0 0  3 10 8  48.818139926950003 60.06796243342 -0.79042191115810001  48.813132198170003 60.076547174890003 -0.79043088292660002  48.810541263319998 60.094339408160003 -0.80332996922840005  48.789867588230003 60.124443558830002 -0.7981888607141  48.772540252950002 60.155495740470002 -0.79951508528290005  48.754458242120002 60.186487213600003 -0.79940876535250005  48.736913511129998 60.215312541039999 -0.79850279575939997  48.723858946050001 60.242792988049999 -0.80216759825640005  48.71009217332 60.253690048510002 -0.79292469639200003  48.706395746989998 60.260031985520001 -0.79291688078779998 
 0 4 0.14285714285709999 1 0.28571428571430002 1 0.42857142857140001 1 0.57142857142860004 1 0.71428571428569998 1 0.85714285714289995 1 1 4
1 48.818139926950003 60.06796243342 -0.79042191115810001 -0.50284380296072073 0.86430437847253572 -0.011227251542730464 
Polygon3D 0
PolygonOnTriangulations 2
15 21 22 23 24 25 26 27 28 29 30 31 32 33 34 13 
p 0.05 1 0 0.027173688580296 0.0594911978498126 0.129199107833398 0.160709715437852 0.195710292726623 0.325616455036227 0.686862387702083 0.765146790776562 0.800820197027313 0.829696198060672 0.856134796724477 0.882573395388281 0.958773299293653 1 
2 712 711 
p 0.05 1 0 0.222224434912731 
Surfaces 3
2 48.82330855547 60.048669115519999 -0.79749999999999999 -0.50372788013119463 0.86386238648209068 0 0.66274433414880374 0.38645368027799654 0.64142302776970128 0.5541012275137025 0.32310266204576399 -0.76718739526060331 0.01000000000273
1 49.250014953339999 58.908670123630003 -1.996357649885 0.85019895498444042 0.49576057944422353 -0.17715299831640843 0.15303581189813859 0.089236904300692477 0.98418332397348951 0.5037278801297812 -0.86386238648291491 1.5687545278148708e-13 
1 39 55.024999999999999 -0.78749999999999998 0 0 1 1 0 -0 -0 1 0 
Triangulations 2
139 137 1 0 0.00534207210936222
49.15647911248 58.63711024515 -3.205215297693 49.1790233299723 58.6086941849572 -3.17654386589913 49.2008638413271 58.5821976754168 -3.14588015849995 49.2220613999164 58.5574362204817 -3.1134476843463 49.2426767591121 58.5342253241051 -3.07946995228899 49.2693632670331 58.5053705601928 -3.03214888662313 49.3118160123184 58.4618429352493 -2.9502132372148 49.3631444271532 58.411890283885 -2.84362254497473 49.4723361005185 58.3120570871595 -2.59896079003539 49.7374700255451 58.0931247348051 -1.93975301442993 50.16191911693 57.77063034418 -0.7913400241895 48.9676079139 58.96101275909 -3.205215284581 48.70639574699 60.26003198552 -0.7929168807878 48.7775456039958 59.7473382784749 -1.9109410704227 48.8447784076135 59.3748369119736 -2.63761670205297 48.8767191732571 59.23904228096 -2.86346525703359 48.9046114150203 59.1373739229054 -3.01390345075434 48.9234681993173 59.0780105173163 -3.08956276718481 48.9393507084909 59.0329951755305 -3.13935282061181 48.9526759312928 58.9979534886581 -3.17348937769996 48.81813992695 60.06796243342 -0.7904219111581 48.8156404256218 60.072896868062 -0.791053712311605 48.8133448902592 60.0788681050663 -0.793024005593335 48.8088463995914 60.0922092351775 -0.798466452764448 48.8060842379786 60.0984832007141 -0.799954930309599 48.8022211310196 60.105627474828 -0.800461755275888 48.7852338231303 60.1331758277608 -0.798957561460752 48.7406769135776 60.2096583259521 -0.799077678473547 48.7324084509746 60.2249527273239 -0.799879164129936 48.7287703166672 60.2315323758254 -0.800120064802549 48.7257048994418 60.2365331676991 -0.799928472987084 48.7227117427121 60.2407822744885 -0.799281623423077 48.7194978322651 60.2446770805238 -0.798103008649641 48.7102851989966 60.2546985255476 -0.793895249471991 48.84053458264 59.47146773058 -2.386567898568 48.99515631051 59.22309554039 -2.339568465244 48.9924570567455 59.2219483960041 -2.35573308975115 48.9900586880638 59.2217288891157 -2.36785771327641 48.9885968726444 59.222005225353 -2.37409998600294 48.9861327494481 59.2231823029422 -2.38263185571126 48.9718783300196 59.235183802882 -2.41745611495371 48.9695058640274 59.2372867871787 -2.4229569611305 48.9671690193107 59.2394995929078 -2.42797951843287 48.9630243967687 59.2437581081808 -2.43595313314605 48.9608047544095 59.24619964179 -2.4397731164568 48.9585281067206 59.2488077272751 -2.44340058830445 48.9541566318417 59.2540659872468 -2.44966514703555 48.9472151605183 59.2628767073103 -2.45832220615829 48.9403458687971 59.2719099591929 -2.46601010570272 48.9335502584331 59.2811703728507 -2.47270868151271 48.9281077119599 59.2888621410132 -2.47730342103484 48.9227251812796 59.2967389396184 -2.48109232511767 48.9173994789934 59.3047909418221 -2.48411819114723 48.9115427302695 59.3139247454463 -2.486665265548 48.9051027464415 59.3242815660955 -2.48858882381572 48.8995231800631 59.3335301789769 -2.48948434252 48.8944112307578 59.3422611668051 -2.48958422439112 48.8893565529055 59.3511687241964 -2.48891511922878 48.8843619598227 59.3602615246893 -2.4874392524685 48.8794229068118 59.3695255568472 -2.48521764602488 48.8745332387925 59.3789418443769 -2.48233294451271 48.8696872379995 59.3884927592396 -2.47886192069338 48.8653776133697 59.3972482097935 -2.47504279886228 48.8628326416379 59.4026272771076 -2.47220346096541 48.860659858862 59.4073940260715 -2.46929146631756 48.8587009107296 59.4118645750091 -2.46618214114722 48.8558598787808 59.4187130047511 -2.46065167249742 48.8531396980045 59.4257779309916 -2.4539353477116 48.8472115573397 59.4420515078839 -2.43684447744495 48.8443020684291 59.4497486455006 -2.42926745088943 48.8425542657537 59.4554715700733 -2.4216400304901 48.8416063870332 59.4599568664723 -2.41363707453129 48.8409107609808 59.4652198652139 -2.4022471077711 49.18652484467 59.33468468647 -1.108864895144 49.40085305389 59.07563116026 -0.8052115909447 49.3895985941576 59.0927313565182 -0.811369695564434 49.3781031778262 59.109670378014 -0.819135253261482 49.3663694006157 59.1264450918727 -0.828504573889928 49.3543998582459 59.1430523652196 -0.839473967303859 49.3421971464367 59.1594890651802 -0.852039743357358 49.3297638609079 59.1757520588798 -0.866198211904511 49.3171025973796 59.1918382134436 -0.881945682799401 49.3042159515714 59.2077443959972 -0.899278465896114 49.2866876489325 59.2286672680965 -0.924848506531256 49.2665025480028 59.2518071549963 -0.956964858058942 49.2458327250275 59.2745150838292 -0.992616334532209 49.2246869405611 59.2967804811431 -1.03179048170859 49.2057821505489 59.3159099302403 -1.06898548309236 49.43798670486 59.01827821421 -0.7875000000002 49.46961221996 58.95771341212 -0.8052115909635 49.58950714878 58.64359477728 -1.108864895145 49.5746440447137 58.6977520279066 -1.02863800237714 49.5594814810663 58.7459682738611 -0.966474119028461 49.5459752029474 58.7846177914732 -0.923133708387005 49.5328927771949 58.8190647684107 -0.889519891165391 49.5216584240464 58.8467165481783 -0.866053017601202 49.5107516429152 58.8721092534439 -0.847336042169432 49.5005237245092 58.894781446108 -0.832974367095795 49.490987256403 58.9150337613047 -0.822066257751341 49.4811388493495 58.9351362975304 -0.813074371506831 49.4754250608581 58.946450111356 -0.808834613230975 49.39813861462 58.5320056312 -2.339568465244 49.53814396715 58.27511046804 -2.386567898571 49.5330463137033 58.2784071698998 -2.40180695653403 49.5289043688823 58.2815088170916 -2.41300520193811 49.5265786509576 58.283487682779 -2.41862903759621 49.5230075810262 58.2869721754953 -2.42601613127812 49.5048045843027 58.3083272570425 -2.45361465477787 49.5018879650555 58.3118284225356 -2.45781422695539 49.4990802080622 58.315307369865 -2.46155352081107 49.4950235837938 58.3205325076261 -2.46639972944676 49.489920532109 58.3274375679178 -2.47156674625018 49.4873290256386 58.3310786452608 -2.47381448398991 49.4846731664853 58.3348945396932 -2.47588184184211 49.4786258383424 58.3438345941952 -2.47988575639473 49.4713826867005 58.3548262496665 -2.48388732836074 49.4643636723796 58.365772159992 -2.4869412297929 49.4582685134165 58.3755781797575 -2.4887513021175 49.4529824868387 58.3843628569622 -2.48953637271593 49.4478802624111 58.3931100211986 -2.48954431311218 49.4424078075061 58.4027889506256 -2.4887215428401 49.4365454669184 58.4134987904544 -2.48688493515601 49.4311962406312 58.423607278107 -2.4842686481036 49.426573265402 58.4326658679557 -2.48110503784575 49.4225831406298 58.4407837899407 -2.47753667715643 49.4185590166884 58.4493109200312 -2.47298632241764 49.4138351317786 58.4597884075642 -2.46633623300818 49.4093468886057 58.4702178019653 -2.45868983147547 49.4050843748433 58.4806011262837 -2.45008902793356 49.4025511301317 58.4872571851335 -2.44361976352963 49.4011705626356 58.4911929408054 -2.43923126614317 49.4000092178663 58.4947794552273 -2.43476801479333 49.3985018811474 58.5000610875662 -2.42722149275788 49.3973979854852 58.5047869579336 -2.4192940554209 49.3937943775141 58.5237689880082 -2.38346763106174 49.3939467240877 58.526778987326 -2.37431303634264 49.3947484974272 58.5288323063183 -2.36471894826867 49.3960837371292 58.5304924057383 -2.35366504984053 50.05255972237 57.96432322282 -0.7875 -1.22828503426586 0.187473753863992 -1.19915277783638 0.223377470323158 -1.16799615446162 0.25726848277395 -1.13504230423981 0.289336773579045 -1.10051836726918 0.31977232510112 -1.05243668196762 0.35814160837888 -0.969184462340479 0.41712811772877 -0.860882214878693 0.486135887942712 -0.612288764689545 0.627380921668405 0.0575306751978038 0.950063696055811 1.22395709946277 1.44246131099507 -1.2282850209409 -0.187473133294313 1.22180447887318 -1.44122683342662 0.0866009924977001 -0.96248985748298 -0.651532888197243 -0.606832900407625 -0.881039081242057 -0.473435572221289 -1.03390190046496 -0.37155800198701 -1.11077618124789 -0.310777500785062 -1.16136515859114 -0.263889977524558 -1.19604956418292 -0.22690649604234 1.22422115544093 -1.21901651289345 1.22365716773928 -1.2245382538819 1.22189959353521 -1.23085290609271 1.21704531876714 -1.24464382175679 1.21571754360625 -1.25145504241172 1.21526507412174 -1.25957266677659 1.21660413987012 -1.29192763327704 1.21649218125191 -1.38044254428282 1.21580282657843 -1.39781985749065 1.21559611877985 -1.4053363980297 1.21576181682161 -1.41120053015274 1.21631955234127 -1.41637891017853 1.21733524238551 -1.42136242291142 1.22096086871802 -1.43466023255253 -0.396481264392711 -0.692446362934234 -0.348726509583303 -0.399999694778737 -0.365150913566692 -0.400368409268608 -0.377470390263337 -0.401386910695976 -0.383812981703674 -0.402361984359787 -0.392481965926704 -0.404620064969076 -0.427865881091631 -0.422168057829676 -0.433455130617441 -0.425179824127861 -0.438558404753558 -0.428268517601195 -0.446660162341896 -0.434035050694806 -0.450541536083749 -0.437262295485377 -0.454227304537018 -0.440662133350792 -0.46059254013762 -0.447406580132512 -0.469388725677489 -0.458514442427888 -0.477200176407449 -0.46977818271368 -0.484006404116044 -0.481201044158721 -0.48867498507063 -0.490587235757342 -0.492524780114488 -0.500103036567586 -0.495599274424571 -0.509741563130017 -0.498187282510859 -0.520582120145652 -0.500141754021241 -0.532772987349806 -0.501051664484439 -0.543573099289059 -0.501153151543404 -0.553690502657472 -0.500473293283165 -0.563931588602604 -0.498973708069421 -0.574302432721866 -0.496716398491589 -0.584793220353331 -0.493785337334767 -0.595390659076379 -0.490258531164896 -0.606082400889377 -0.486378032747507 -0.61581678337849 -0.483493064238381 -0.621745530521036 -0.480534271321537 -0.626957836918393 -0.477374976610274 -0.63180655278257 -0.471755628552786 -0.639153760644089 -0.464931366626997 -0.646627115582477 -0.447565831314287 -0.66367141628345 -0.43986703539779 -0.671786274635341 -0.432117035764899 -0.677610510850991 -0.423985465391787 -0.681962662640796 -0.412412452028465 -0.686859575530519 0.901755529810425 -0.399999694780849 1.21028880485633 -0.0682500029198048 1.2040317341767 -0.0886914044117648 1.19614137725869 -0.109114949645616 1.18662148355244 -0.129516624712324 1.17547580250809 -0.149892415702858 1.16270808357577 -0.170238308708185 1.14832207620562 -0.190550289819272 1.13232152984778 -0.210824345127087 1.11471019395238 -0.231056460722596 1.08872922067563 -0.257960437676918 1.05609673163898 -0.288117913698666 1.01987230515026 -0.318146405402323 0.980068595603671 -0.348032365844901 0.942275838436725 -0.374080447191261 1.22828503637185 3.05211375026406e-07 1.21028880483666 0.0682506133610347 0.901755529809936 0.400000305225433 0.983271737999515 0.345728933550356 1.04643464863247 0.296438926209377 1.09047157710672 0.25624757284333 1.12462559740911 0.219900142547772 1.14846960390641 0.190353753191108 1.1674873773057 0.162923900482815 1.18207985690726 0.138186158364384 1.19316326899395 0.11588716016367 1.20229966261891 0.0935604180377118 1.20660755747252 0.0809086452618419 -0.348726509582806 0.400000305227543 -0.396481264392038 0.692446973378025 -0.411965227181055 0.687031246487161 -0.423343438060404 0.682265437057645 -0.429057653614746 0.679384440462442 -0.43656346427235 0.674575470782562 -0.464605519881301 0.646958262122108 -0.468872582810678 0.642464554513234 -0.472671970348053 0.63804487729265 -0.477596061741933 0.631487642573393 -0.482846116967845 0.622952071303652 -0.485129977794297 0.618501267480085 -0.48723055987263 0.61386702950789 -0.491298820790061 0.603097844904688 -0.495364701473507 0.589953989755768 -0.498467681739228 0.576962556335274 -0.500306843489458 0.565421203195213 -0.501104530850605 0.555169732018388 -0.501112598856074 0.545043253151246 -0.500276605955293 0.533925361969493 -0.498410482399515 0.521720509779279 -0.495752149354414 0.510293613093983 -0.492537697147242 0.500139516536997 -0.488911989819685 0.491116811984815 -0.484288506950299 0.481723481612634 -0.477531544860775 0.47029282169646 -0.469762259051736 0.459022406940566 -0.461023233168848 0.4479054965937 -0.454450002098707 0.440879511722738 -0.449990977769054 0.436784130097096 -0.445455998115253 0.433100873450775 -0.437788196952981 0.427778982403868 -0.429733358851289 0.42314041772827 -0.393331172909834 0.40492731812369 -0.384029455946892 0.402403834146275 -0.37428118259137 0.40103392468598 -0.363049638468564 0.400272424703783 1.22828503637347 1.22004994261439 69 68 15 69 15 70 67 15 68 71 70 15 66 15 67 65 15 66 72 71 15 64 15 65 63 15 64 73 72 15 62 15 63 61 15 62 60 15 61 59 15 60 58 15 59 57 15 58 56 15 57 55 15 56 54 15 55 53 15 54 52 15 53 51 16 15 51 15 52 2 1 12 2 12 20 50 16 51 49 16 50 48 16 49 3 2 20 3 20 19 47 16 48 46 16 47 45 16 46 44 16 45 14 73 15 14 35 73 43 17 16 43 16 44 4 3 19 4 19 18 5 4 18 6 18 17 6 5 18 7 17 43 7 6 17 33 14 13 33 13 34 32 14 33 31 14 32 30 14 31 29 14 30 28 14 29 27 14 28 26 14 27 25 14 26 24 14 25 131 130 8 129 8 130 132 8 7 132 131 8 128 8 129 133 7 43 133 43 42 133 132 7 127 8 128 134 42 41 134 133 42 126 8 127 125 8 126 21 23 22 21 24 23 21 14 24 124 8 125 135 41 40 135 134 41 123 8 124 9 8 123 136 135 40 136 39 38 136 40 39 122 9 123 137 38 37 137 136 38 121 9 122 138 37 36 138 137 37 120 9 121 102 138 36 119 9 120 118 9 119 117 9 118 116 9 117 115 9 116 114 9 115 113 9 114 112 9 113 111 9 112 110 9 111 109 9 110 108 9 109 107 9 108 106 9 107 105 9 106 104 9 105 10 104 103 10 9 104 90 75 89 101 75 90 101 76 75 100 76 101 100 77 76 91 102 36 91 36 74 91 74 88 99 78 77 99 77 100 98 79 78 98 78 99 92 91 88 92 87 86 92 88 87 97 80 79 97 79 98 96 81 80 96 82 81 96 80 97 93 92 86 93 86 85 95 83 82 95 82 96 94 93 85 94 83 95 94 84 83 94 85 84 11 10 139 21 35 14 103 139 10 
1346 1408 1 0 0.00318650000712772
-5.214270966569e-14 109.05 -0.7875 -1.162757568292e-14 29.2 -0.7875 0.00308266626687048 29.1215409042722 -0.7875 0.0123116594048592 29.0435655349598 -0.7875 0.0276300796023191 28.9665546361441 -0.7875 0.0489434837048411 28.8909830056251 -0.7875 0.0761204674887072 28.8173165676349 -0.7875 0.108993475811625 28.7460095002605 -0.7875 0.147359835645901 28.6775014352841 -0.7875 0.190983005625045 28.6122147477075 -0.7875 0.239594034399961 28.5505519516698 -0.7875 0.292893218813445 28.4928932188135 -0.7875 0.350551951669809 28.4395940344 -0.7875 0.41221474770752 28.3909830056251 -0.7875 0.477501435284045 28.3473598356459 -0.7875 0.546009500260448 28.3089934758116 -0.7875 0.617316567634905 28.2761204674887 -0.7875 0.690983005625049 28.2489434837048 -0.7875 0.766554636144092 28.2276300796023 -0.7875 0.843565534959767 28.2123116594049 -0.7875 0.921540904272154 28.2030826662669 -0.7875 1 28.2 -0.7875 2.4 28.2 -0.7875 2.47845909572784 28.1969173337331 -0.7875 2.55643446504023 28.1876883405951 -0.7875 2.63344536385591 28.1723699203977 -0.7875 2.70901699437495 28.1510565162952 -0.7875 2.78268343236509 28.1238795325113 -0.7875 2.85399049973955 28.0910065241884 -0.7875 2.92249856471595 28.0526401643541 -0.7875 2.98778525229247 28.0090169943749 -0.7875 3.04944804833018 27.9604059656 -0.7875 3.10710678118655 27.9071067811865 -0.7875 3.16040596560003 27.8494480483302 -0.7875 3.20901699437495 27.7877852522925 -0.7875 3.25264016435409 27.7224985647159 -0.7875 3.29100652418837 27.6539904997395 -0.7875 3.32387953251129 27.5826834323651 -0.7875 3.35105651629515 27.5090169943749 -0.7875 3.37236992039768 27.4334453638559 -0.7875 3.38768834059514 27.3564344650402 -0.7875 3.39691733373313 27.2784590957278 -0.7875 3.4 27.2 -0.7875 3.4 1 -0.7875 3.40308266626687 0.921540904272155 -0.7875 3.41231165940486 0.843565534959769 -0.7875 3.42763007960232 0.766554636144095 -0.7875 3.44894348370485 0.690983005625053 -0.7875 3.47612046748871 0.61731656763491 -0.7875 3.50899347581163 0.546009500260453 -0.7875 3.54735983564591 0.477501435284051 -0.7875 3.59098300562505 0.412214747707527 -0.7875 3.63959403439997 0.350551951669816 -0.7875 3.69289321881345 0.292893218813453 -0.7875 3.75055195166982 0.239594034399969 -0.7875 3.81221474770753 0.190983005625053 -0.7875 3.87750143528405 0.147359835645908 -0.7875 3.94600950026045 0.108993475811632 -0.7875 4.01731656763491 0.0761204674887133 -0.7875 4.09098300562505 0.0489434837048465 -0.7875 4.1665546361441 0.0276300796023234 -0.7875 4.24356553495977 0.0123116594048622 -0.7875 4.32154090427216 0.00308266626687204 -0.7875 4.4 0 -0.7875 70 0 -0.7875 70.0784590957279 0.00308266626687204 -0.7875 70.1564344650402 0.0123116594048622 -0.7875 70.2334453638559 0.0276300796023234 -0.7875 70.3090169943749 0.0489434837048465 -0.7875 70.3826834323651 0.0761204674887133 -0.7875 70.4539904997395 0.108993475811632 -0.7875 70.5224985647159 0.147359835645908 -0.7875 70.5877852522925 0.190983005625053 -0.7875 70.6494480483302 0.239594034399969 -0.7875 70.7071067811866 0.292893218813452 -0.7875 70.7604059656 0.350551951669816 -0.7875 70.8090169943749 0.412214747707527 -0.7875 70.8526401643541 0.477501435284051 -0.7875 70.8910065241884 0.546009500260453 -0.7875 70.9238795325113 0.61731656763491 -0.7875 70.9510565162952 0.690983005625053 -0.7875 70.9723699203977 0.766554636144094 -0.7875 70.9876883405951 0.843565534959769 -0.7875 70.9969173337331 0.921540904272155 -0.7875 71 1 -0.7875 71 28.753 -0.7875 70.9969173337331 28.8314590957278 -0.7875 70.9876883405951 28.9094344650402 -0.7875 70.9723699203977 28.9864453638559 -0.7875 70.9510565162952 29.0620169943749 -0.7875 70.9238795325113 29.1356834323651 -0.7875 70.8910065241884 29.2069904997395 -0.7875 70.8526401643541 29.2754985647159 -0.7875 70.8090169943749 29.3407852522925 -0.7875 70.7604059656 29.4024480483302 -0.7875 70.7071067811866 29.4601067811865 -0.7875 70.6494480483302 29.5134059656 -0.7875 70.5877852522925 29.5620169943749 -0.7875 70.5224985647159 29.6056401643541 -0.7875 70.4539904997395 29.6440065241884 -0.7875 70.3826834323651 29.6768795325113 -0.7875 70.3090169943749 29.7040565162952 -0.7875 70.2334453638559 29.7253699203977 -0.7875 70.1564344650402 29.7406883405951 -0.7875 70.0784590957279 29.7499173337331 -0.7875 70 29.753 -0.7875 69 29.753 -0.7875 68.9215409042721 29.7560826662669 -0.7875 68.8435655349598 29.7653116594049 -0.7875 68.7665546361441 29.7806300796023 -0.7875 68.6909830056251 29.8019434837048 -0.7875 68.6173165676349 29.8291204674887 -0.7875 68.5460095002605 29.8619934758116 -0.7875 68.4775014352841 29.9003598356459 -0.7875 68.4122147477075 29.9439830056251 -0.7875 68.3505519516698 29.9925940344 -0.7875 68.2928932188134 30.0458932188135 -0.7875 68.2395940344 30.1035519516698 -0.7875 68.1909830056251 30.1652147477075 -0.7875 68.1473598356459 30.2305014352841 -0.7875 68.1089934758116 30.2990095002605 -0.7875 68.0761204674887 30.3703165676349 -0.7875 68.0489434837048 30.4439830056251 -0.7875 68.0276300796023 30.5195546361441 -0.7875 68.0123116594049 30.5965655349598 -0.7875 68.0030826662669 30.6745409042722 -0.7875 68 30.753 -0.7875 68 60.8 -0.7875 68.0030826662669 60.8784590957279 -0.7875 68.0123116594049 60.9564344650403 -0.7875 68.0276300796023 61.0334453638559 -0.7875 68.0489434837048 61.109016994375 -0.7875 68.0761204674887 61.1826834323651 -0.7875 68.1089934758116 61.2539904997396 -0.7875 68.1473598356459 61.322498564716 -0.7875 68.1909830056251 61.3877852522925 -0.7875 68.2395940344 61.4494480483302 -0.7875 68.2928932188135 61.5071067811866 -0.7875 68.3505519516698 61.5604059656 -0.7875 68.4122147477075 61.609016994375 -0.7875 68.4775014352841 61.6526401643541 -0.7875 68.5460095002605 61.6910065241884 -0.7875 68.6173165676349 61.7238795325113 -0.7875 68.6909830056251 61.7510565162952 -0.7875 68.7665546361441 61.7723699203977 -0.7875 68.8435655349598 61.7876883405951 -0.7875 68.9215409042722 61.7969173337331 -0.7875 69 61.8 -0.7875 77 61.8 -0.7875 77.0784590957278 61.8030826662669 -0.7875 77.1564344650402 61.8123116594048 -0.7875 77.2334453638559 61.8276300796023 -0.7875 77.3090169943749 61.8489434837048 -0.7875 77.3826834323651 61.8761204674887 -0.7875 77.4539904997395 61.9089934758116 -0.7875 77.5224985647159 61.9473598356459 -0.7875 77.5877852522924 61.990983005625 -0.7875 77.6494480483302 62.0395940343999 -0.7875 77.7071067811865 62.0928932188134 -0.7875 77.7604059656 62.1505519516698 -0.7875 77.8090169943749 62.2122147477075 -0.7875 77.8526401643541 62.277501435284 -0.7875 77.8910065241884 62.3460095002604 -0.7875 77.9238795325113 62.4173165676349 -0.7875 77.9510565162952 62.490983005625 -0.7875 77.9723699203977 62.5665546361441 -0.7875 77.9876883405951 62.6435655349598 -0.7875 77.9969173337331 62.7215409042722 -0.7875 78 62.8 -0.7875 78 100.8 -0.7875 77.9969173337331 100.878459095728 -0.7875 77.9876883405951 100.95643446504 -0.7875 77.9723699203977 101.033445363856 -0.7875 77.9510565162952 101.109016994375 -0.7875 77.9238795325113 101.182683432365 -0.7875 77.8910065241884 101.25399049974 -0.7875 77.8526401643541 101.322498564716 -0.7875 77.8090169943749 101.387785252292 -0.7875 77.7604059656 101.44944804833 -0.7875 77.7071067811866 101.507106781187 -0.7875 77.6494480483302 101.5604059656 -0.7875 77.5877852522925 101.609016994375 -0.7875 77.5224985647159 101.652640164354 -0.7875 77.4539904997395 101.691006524188 -0.7875 77.3826834323651 101.723879532511 -0.7875 77.3090169943749 101.751056516295 -0.7875 77.2334453638559 101.772369920398 -0.7875 77.1564344650402 101.787688340595 -0.7875 77.0784590957279 101.796917333733 -0.7875 77 101.8 -0.7875 69 101.8 -0.7875 68.9215409042722 101.803082666267 -0.7875 68.8435655349598 101.812311659405 -0.7875 68.7665546361441 101.827630079602 -0.7875 68.6909830056251 101.848943483705 -0.7875 68.6173165676349 101.876120467489 -0.7875 68.5460095002605 101.908993475812 -0.7875 68.4775014352841 101.947359835646 -0.7875 68.4122147477075 101.990983005625 -0.7875 68.3505519516698 102.0395940344 -0.7875 68.2928932188135 102.092893218813 -0.7875 68.2395940344 102.15055195167 -0.7875 68.1909830056251 102.212214747708 -0.7875 68.1473598356459 102.277501435284 -0.7875 68.1089934758116 102.34600950026 -0.7875 68.0761204674887 102.417316567635 -0.7875 68.0489434837048 102.490983005625 -0.7875 68.0276300796023 102.566554636144 -0.7875 68.0123116594049 102.64356553496 -0.7875 68.0030826662669 102.721540904272 -0.7875 68 102.8 -0.7875 68 109.05 -0.7875 67.9969173337331 109.128459095728 -0.7875 67.9876883405951 109.20643446504 -0.7875 67.9723699203977 109.283445363856 -0.7875 67.9510565162952 109.359016994375 -0.7875 67.9238795325113 109.432683432365 -0.7875 67.8910065241884 109.50399049974 -0.7875 67.8526401643541 109.572498564716 -0.7875 67.8090169943749 109.637785252292 -0.7875 67.7604059656 109.69944804833 -0.7875 67.7071067811866 109.757106781187 -0.7875 67.6494480483302 109.8104059656 -0.7875 67.5877852522925 109.859016994375 -0.7875 67.5224985647159 109.902640164354 -0.7875 67.4539904997395 109.941006524188 -0.7875 67.3826834323651 109.973879532511 -0.7875 67.3090169943749 110.001056516295 -0.7875 67.2334453638559 110.022369920398 -0.7875 67.1564344650402 110.037688340595 -0.7875 67.0784590957279 110.046917333733 -0.7875 67 110.05 -0.7875 1 110.05 -0.7875 0.921540904272103 110.046917333733 -0.7875 0.843565534959714 110.037688340595 -0.7875 0.766554636144036 110.022369920398 -0.7875 0.690983005624991 110.001056516295 -0.7875 0.617316567634845 109.973879532511 -0.7875 0.546009500260384 109.941006524188 -0.7875 0.477501435283979 109.902640164354 -0.7875 0.412214747707451 109.859016994375 -0.7875 0.350551951669737 109.8104059656 -0.7875 0.29289321881337 109.757106781187 -0.7875 0.239594034399884 109.69944804833 -0.7875 0.190983005624964 109.637785252292 -0.7875 0.147359835645817 109.572498564716 -0.7875 0.108993475811539 109.50399049974 -0.7875 0.0761204674886179 109.432683432365 -0.7875 0.0489434837047494 109.359016994375 -0.7875 0.0276300796022252 109.283445363856 -0.7875 0.0123116594047631 109.20643446504 -0.7875 0.00308266626677223 109.128459095728 -0.7875 63.45 103.05 -0.7875 63.4449136006597 102.920542492049 -0.7875 63.429685761982 102.791883132684 -0.7875 63.4044103686562 102.664815149638 -0.7875 63.369243251887 102.540121959281 -0.7875 63.3244012286436 102.418572336598 -0.7875 63.2701607649108 102.30091567543 -0.7875 63.2068562711843 102.187877368219 -0.7875 63.1348780407187 102.080154333717 -0.7875 63.05466984324 101.978410720255 -0.7875 62.9667261889578 101.883273811042 -0.7875 62.8715892797448 101.79533015676 -0.7875 62.7698456662826 101.715121959281 -0.7875 62.6621226317813 101.643143728816 -0.7875 62.5490843245703 101.579839235089 -0.7875 62.4314276634024 101.525598771356 -0.7875 62.3098780407187 101.480756748113 -0.7875 62.1851848503622 101.445589631344 -0.7875 62.0581168673164 101.420314238018 -0.7875 61.9294575079509 101.40508639934 -0.7875 61.8 101.4 -0.7875 61.6705424920491 101.40508639934 -0.7875 61.5418831326836 101.420314238018 -0.7875 61.4148151496378 101.445589631344 -0.7875 61.2901219592813 101.480756748113 -0.7875 61.1685723365976 101.525598771356 -0.7875 61.0509156754297 101.579839235089 -0.7875 60.9378773682187 101.643143728816 -0.7875 60.8301543337174 101.715121959281 -0.7875 60.7284107202552 101.79533015676 -0.7875 60.6332738110422 101.883273811042 -0.7875 60.5453301567599 101.978410720255 -0.7875 60.4651219592813 102.080154333717 -0.7875 60.3931437288157 102.187877368219 -0.7875 60.3298392350892 102.30091567543 -0.7875 60.2755987713564 102.418572336598 -0.7875 60.230756748113 102.540121959281 -0.7875 60.1955896313438 102.664815149638 -0.7875 60.170314238018 102.791883132684 -0.7875 60.1550863993403 102.920542492049 -0.7875 60.15 103.05 -0.7875 60.1550863993403 103.179457507951 -0.7875 60.170314238018 103.308116867316 -0.7875 60.1955896313438 103.435184850362 -0.7875 60.230756748113 103.559878040719 -0.7875 60.2755987713564 103.681427663402 -0.7875 60.3298392350892 103.79908432457 -0.7875 60.3931437288157 103.912122631781 -0.7875 60.4651219592813 104.019845666283 -0.7875 60.5453301567599 104.121589279745 -0.7875 60.6332738110422 104.216726188958 -0.7875 60.7284107202552 104.30466984324 -0.7875 60.8301543337174 104.384878040719 -0.7875 60.9378773682187 104.456856271184 -0.7875 61.0509156754297 104.520160764911 -0.7875 61.1685723365976 104.574401228644 -0.7875 61.2901219592813 104.619243251887 -0.7875 61.4148151496378 104.654410368656 -0.7875 61.5418831326836 104.679685761982 -0.7875 61.6705424920491 104.69491360066 -0.7875 61.8 104.7 -0.7875 61.9294575079509 104.69491360066 -0.7875 62.0581168673164 104.679685761982 -0.7875 62.1851848503622 104.654410368656 -0.7875 62.3098780407187 104.619243251887 -0.7875 62.4314276634024 104.574401228644 -0.7875 62.5490843245703 104.520160764911 -0.7875 62.6621226317813 104.456856271184 -0.7875 62.7698456662826 104.384878040719 -0.7875 62.8715892797448 104.30466984324 -0.7875 62.9667261889578 104.216726188958 -0.7875 63.05466984324 104.121589279745 -0.7875 63.1348780407187 104.019845666283 -0.7875 63.2068562711843 103.912122631781 -0.7875 63.2701607649108 103.79908432457 -0.7875 63.3244012286436 103.681427663402 -0.7875 63.369243251887 103.559878040719 -0.7875 63.4044103686562 103.435184850362 -0.7875 63.429685761982 103.308116867316 -0.7875 63.4449136006597 103.179457507951 -0.7875 7.85 38.05 -0.7875 7.84491360065966 37.920542492049 -0.7875 7.82968576198197 37.7918831326836 -0.7875 7.80441036865616 37.6648151496377 -0.7875 7.769243251887 37.5401219592813 -0.7875 7.72440122864361 37.4185723365976 -0.7875 7.6701607649108 37.3009156754297 -0.7875 7.60685627118424 37.1878773682187 -0.7875 7.53487804071865 37.0801543337174 -0.7875 7.45466984324004 36.9784107202552 -0.7875 7.36672618895779 36.8832738110422 -0.7875 7.27158927974479 36.7953301567599 -0.7875 7.16984566628256 36.7151219592813 -0.7875 7.0621226317813 36.6431437288157 -0.7875 6.94908432457023 36.5798392350892 -0.7875 6.83142766340238 36.5255987713564 -0.7875 6.70987804071864 36.480756748113 -0.7875 6.58518485036222 36.4455896313438 -0.7875 6.45811686731636 36.420314238018 -0.7875 6.32945750795092 36.4050863993403 -0.7875 6.19999999999998 36.4 -0.7875 6.07054249204903 36.4050863993403 -0.7875 5.9418831326836 36.420314238018 -0.7875 5.81481514963774 36.4455896313438 -0.7875 5.69012195928132 36.480756748113 -0.7875 5.56857233659758 36.5255987713564 -0.7875 5.45091567542973 36.5798392350892 -0.7875 5.33787736821867 36.6431437288158 -0.7875 5.2301543337174 36.7151219592813 -0.7875 5.12841072025518 36.79533015676 -0.7875 5.03327381104218 36.8832738110422 -0.7875 4.94533015675994 36.9784107202552 -0.7875 4.86512195928132 37.0801543337174 -0.7875 4.79314372881574 37.1878773682187 -0.7875 4.72983923508918 37.3009156754298 -0.7875 4.67559877135637 37.4185723365976 -0.7875 4.63075674811299 37.5401219592814 -0.7875 4.59558963134383 37.6648151496378 -0.7875 4.57031423801802 37.7918831326836 -0.7875 4.55508639934034 37.9205424920491 -0.7875 4.55 38.05 -0.7875 4.55508639934034 38.1794575079509 -0.7875 4.57031423801802 38.3081168673164 -0.7875 4.59558963134383 38.4351848503622 -0.7875 4.630756748113 38.5598780407187 -0.7875 4.67559877135638 38.6814276634024 -0.7875 4.72983923508919 38.7990843245703 -0.7875 4.79314372881575 38.9121226317813 -0.7875 4.86512195928134 39.0198456662826 -0.7875 4.94533015675995 39.1215892797448 -0.7875 5.0332738110422 39.2167261889578 -0.7875 5.1284107202552 39.30466984324 -0.7875 5.23015433371742 39.3848780407187 -0.7875 5.33787736821868 39.4568562711843 -0.7875 5.45091567542975 39.5201607649108 -0.7875 5.5685723365976 39.5744012286436 -0.7875 5.69012195928134 39.619243251887 -0.7875 5.81481514963776 39.6544103686562 -0.7875 5.94188313268362 39.679685761982 -0.7875 6.07054249204906 39.6949136006597 -0.7875 6.2 39.7 -0.7875 6.32945750795094 39.6949136006597 -0.7875 6.45811686731638 39.679685761982 -0.7875 6.58518485036224 39.6544103686562 -0.7875 6.70987804071866 39.619243251887 -0.7875 6.8314276634024 39.5744012286436 -0.7875 6.94908432457025 39.5201607649108 -0.7875 7.06212263178132 39.4568562711843 -0.7875 7.16984566628258 39.3848780407187 -0.7875 7.2715892797448 39.30466984324 -0.7875 7.3667261889578 39.2167261889578 -0.7875 7.45466984324005 39.1215892797448 -0.7875 7.53487804071866 39.0198456662826 -0.7875 7.60685627118425 38.9121226317813 -0.7875 7.67016076491081 38.7990843245703 -0.7875 7.72440122864362 38.6814276634024 -0.7875 7.769243251887 38.5598780407187 -0.7875 7.80441036865617 38.4351848503622 -0.7875 7.82968576198198 38.3081168673164 -0.7875 7.84491360065966 38.1794575079509 -0.7875 7.85 103.05 -0.7875 7.84491360065966 102.920542492049 -0.7875 7.82968576198198 102.791883132684 -0.7875 7.80441036865617 102.664815149638 -0.7875 7.769243251887 102.540121959281 -0.7875 7.72440122864362 102.418572336598 -0.7875 7.67016076491081 102.30091567543 -0.7875 7.60685627118425 102.187877368219 -0.7875 7.53487804071866 102.080154333717 -0.7875 7.45466984324005 101.978410720255 -0.7875 7.3667261889578 101.883273811042 -0.7875 7.2715892797448 101.79533015676 -0.7875 7.16984566628258 101.715121959281 -0.7875 7.06212263178132 101.643143728816 -0.7875 6.94908432457025 101.579839235089 -0.7875 6.8314276634024 101.525598771356 -0.7875 6.70987804071866 101.480756748113 -0.7875 6.58518485036224 101.445589631344 -0.7875 6.45811686731638 101.420314238018 -0.7875 6.32945750795094 101.40508639934 -0.7875 6.2 101.4 -0.7875 6.07054249204906 101.40508639934 -0.7875 5.94188313268362 101.420314238018 -0.7875 5.81481514963776 101.445589631344 -0.7875 5.69012195928134 101.480756748113 -0.7875 5.5685723365976 101.525598771356 -0.7875 5.45091567542975 101.579839235089 -0.7875 5.33787736821868 101.643143728816 -0.7875 5.23015433371742 101.715121959281 -0.7875 5.1284107202552 101.79533015676 -0.7875 5.0332738110422 101.883273811042 -0.7875 4.94533015675995 101.978410720255 -0.7875 4.86512195928134 102.080154333717 -0.7875 4.79314372881575 102.187877368219 -0.7875 4.72983923508919 102.30091567543 -0.7875 4.67559877135638 102.418572336598 -0.7875 4.630756748113 102.540121959281 -0.7875 4.59558963134383 102.664815149638 -0.7875 4.57031423801802 102.791883132684 -0.7875 4.55508639934034 102.920542492049 -0.7875 4.55 103.05 -0.7875 4.55508639934034 103.179457507951 -0.7875 4.57031423801802 103.308116867316 -0.7875 4.59558963134383 103.435184850362 -0.7875 4.630756748113 103.559878040719 -0.7875 4.67559877135638 103.681427663402 -0.7875 4.72983923508919 103.79908432457 -0.7875 4.79314372881575 103.912122631781 -0.7875 4.86512195928134 104.019845666283 -0.7875 4.94533015675995 104.121589279745 -0.7875 5.0332738110422 104.216726188958 -0.7875 5.1284107202552 104.30466984324 -0.7875 5.23015433371742 104.384878040719 -0.7875 5.33787736821868 104.456856271184 -0.7875 5.45091567542975 104.520160764911 -0.7875 5.5685723365976 104.574401228644 -0.7875 5.69012195928134 104.619243251887 -0.7875 5.81481514963776 104.654410368656 -0.7875 5.94188313268362 104.679685761982 -0.7875 6.07054249204906 104.69491360066 -0.7875 6.2 104.7 -0.7875 6.32945750795094 104.69491360066 -0.7875 6.45811686731638 104.679685761982 -0.7875 6.58518485036224 104.654410368656 -0.7875 6.70987804071866 104.619243251887 -0.7875 6.8314276634024 104.574401228644 -0.7875 6.94908432457025 104.520160764911 -0.7875 7.06212263178132 104.456856271184 -0.7875 7.16984566628258 104.384878040719 -0.7875 7.2715892797448 104.30466984324 -0.7875 7.3667261889578 104.216726188958 -0.7875 7.45466984324005 104.121589279745 -0.7875 7.53487804071866 104.019845666283 -0.7875 7.60685627118425 103.912122631781 -0.7875 7.67016076491081 103.79908432457 -0.7875 7.72440122864362 103.681427663402 -0.7875 7.769243251887 103.559878040719 -0.7875 7.80441036865617 103.435184850362 -0.7875 7.82968576198198 103.308116867316 -0.7875 7.84491360065966 103.179457507951 -0.7875 63.45 60.55 -0.7875 63.4449136006597 60.4205424920491 -0.7875 63.429685761982 60.2918831326836 -0.7875 63.4044103686562 60.1648151496378 -0.7875 63.369243251887 60.0401219592813 -0.7875 63.3244012286436 59.9185723365976 -0.7875 63.2701607649108 59.8009156754297 -0.7875 63.2068562711843 59.6878773682187 -0.7875 63.1348780407187 59.5801543337174 -0.7875 63.05466984324 59.4784107202552 -0.7875 62.9667261889578 59.3832738110422 -0.7875 62.8715892797448 59.2953301567599 -0.7875 62.7698456662826 59.2151219592813 -0.7875 62.6621226317813 59.1431437288157 -0.7875 62.5490843245703 59.0798392350892 -0.7875 62.4314276634024 59.0255987713564 -0.7875 62.3098780407187 58.980756748113 -0.7875 62.1851848503622 58.9455896313438 -0.7875 62.0581168673164 58.920314238018 -0.7875 61.9294575079509 58.9050863993403 -0.7875 61.8 58.9 -0.7875 61.6705424920491 58.9050863993403 -0.7875 61.5418831326836 58.920314238018 -0.7875 61.4148151496378 58.9455896313438 -0.7875 61.2901219592813 58.980756748113 -0.7875 61.1685723365976 59.0255987713564 -0.7875 61.0509156754297 59.0798392350892 -0.7875 60.9378773682187 59.1431437288157 -0.7875 60.8301543337174 59.2151219592813 -0.7875 60.7284107202552 59.2953301567599 -0.7875 60.6332738110422 59.3832738110422 -0.7875 60.5453301567599 59.4784107202552 -0.7875 60.4651219592813 59.5801543337174 -0.7875 60.3931437288157 59.6878773682187 -0.7875 60.3298392350892 59.8009156754297 -0.7875 60.2755987713564 59.9185723365976 -0.7875 60.230756748113 60.0401219592813 -0.7875 60.1955896313438 60.1648151496378 -0.7875 60.170314238018 60.2918831326836 -0.7875 60.1550863993403 60.4205424920491 -0.7875 60.15 60.55 -0.7875 60.1550863993403 60.6794575079509 -0.7875 60.170314238018 60.8081168673164 -0.7875 60.1955896313438 60.9351848503622 -0.7875 60.230756748113 61.0598780407186 -0.7875 60.2755987713564 61.1814276634024 -0.7875 60.3298392350892 61.2990843245702 -0.7875 60.3931437288157 61.4121226317813 -0.7875 60.4651219592813 61.5198456662826 -0.7875 60.5453301567599 61.6215892797448 -0.7875 60.6332738110422 61.7167261889578 -0.7875 60.7284107202552 61.80466984324 -0.7875 60.8301543337174 61.8848780407186 -0.7875 60.9378773682187 61.9568562711842 -0.7875 61.0509156754297 62.0201607649108 -0.7875 61.1685723365976 62.0744012286436 -0.7875 61.2901219592813 62.119243251887 -0.7875 61.4148151496377 62.1544103686562 -0.7875 61.5418831326836 62.179685761982 -0.7875 61.670542492049 62.1949136006597 -0.7875 61.8 62.2 -0.7875 61.9294575079509 62.1949136006597 -0.7875 62.0581168673164 62.179685761982 -0.7875 62.1851848503622 62.1544103686562 -0.7875 62.3098780407186 62.119243251887 -0.7875 62.4314276634024 62.0744012286436 -0.7875 62.5490843245702 62.0201607649108 -0.7875 62.6621226317813 61.9568562711843 -0.7875 62.7698456662826 61.8848780407187 -0.7875 62.8715892797448 61.8046698432401 -0.7875 62.9667261889578 61.7167261889578 -0.7875 63.05466984324 61.6215892797448 -0.7875 63.1348780407186 61.5198456662826 -0.7875 63.2068562711842 61.4121226317813 -0.7875 63.2701607649108 61.2990843245703 -0.7875 63.3244012286436 61.1814276634024 -0.7875 63.369243251887 61.0598780407187 -0.7875 63.4044103686562 60.9351848503623 -0.7875 63.429685761982 60.8081168673164 -0.7875 63.4449136006597 60.679457507951 -0.7875 48.23938168249 59.73047554432 -0.7904272225006 48.3516194186515 59.716074797655 -0.7875 48.4623780017172 59.6928200445599 -0.7875 48.5710680357955 59.6612808030294 -0.7875 48.6770707969611 59.6216366119099 -0.7875 48.779782858736 59.5741131479136 -0.7875 48.8786195271271 59.5189809409417 -0.7875 48.9730181690289 59.4565538340782 -0.7875 49.0624414150428 59.3871871970213 -0.7875 49.14638021848 59.31127590312 -0.7875 49.1911409748 59.3373764039 -0.7875 49.2667321143211 59.2567652857578 -0.7875 49.3363875426168 59.1709731296375 -0.7875 49.39975319345 59.08043602654 -0.7875 49.43798670486 59.01827821421 -0.7875000000002 49.47325258393 58.95438900924 -0.7874999995557 49.5208385247022 58.8546508942089 -0.7875 49.5611971384613 58.751775748306 -0.7875 49.59412327891 58.64628649471 -0.7875 49.54936252259 58.62018599393 -0.7875 49.5710110337242 58.5259155573621 -0.7875 49.586538875086 58.4304458795178 -0.7875 49.595881481405 58.3341739264255 -0.7875 49.59900000582 58.2375 -0.7875 49.5952942831798 58.1321271593801 -0.7875 49.5841954250996 58.0272749621217 -0.7875 49.5657582706323 57.9234614791065 -0.7875 49.5400739170854 57.8211996489671 -0.7875 49.5072692699131 57.7209947436755 -0.7875 49.46751317477 57.62333883867 -0.7874825870392 50.05255972237 57.96432322282 -0.7875 50.16191911693 57.77063034418 -0.7913400241895 50.1629262202188 57.7625229482424 -0.790710256186443 50.1632715991362 57.7497229843493 -0.788397585901103 50.1638528634546 57.7411418090566 -0.787221874791241 50.1650735044687 57.733329477236 -0.786988801535207 50.1668636218828 57.7219922253175 -0.78740827742864 50.1671027538728 57.7133568946413 -0.787609997113974 50.1661314857971 57.7048572153225 -0.787565550605707 50.16428015159 57.69653266427 -0.7875 50.1153778411911 57.5358960063803 -0.7875 50.0540023890461 57.3795994111091 -0.7875 49.9805334584798 57.2286097158951 -0.7875 49.8954255220463 57.0838609301475 -0.7875 49.7992050501999 56.9462484575404 -0.7875 49.6924672545935 56.8166235571221 -0.7875 49.57587240615 56.6957880774987 -0.7875 49.4501417506827 56.5844894966672 -0.7875 49.3160530473296 56.4834162981798 -0.7875 49.1744357574023 56.3931937122436 -0.7875 49.0261659134081 56.3143798480996 -0.7875 48.872160699988 56.2474622416063 -0.7875 48.7133727802902 56.1928548393844 -0.7875 48.5507844028772 56.1508954381784 -0.7875 48.3854013256194 56.1218435952744 -0.7875 48.2182465941628 56.1058790229012 -0.7875 48.0503542134557 56.1031004765451 -0.7875 47.8827627514816 56.1135251440577 -0.7875 47.7165089147664 56.1370885393324 -0.7875 47.5526211354 56.17364490121 -0.7875 47.5452422546242 56.1758434680482 -0.7875568892451 47.5404342140021 56.1776749588309 -0.78760535045389 47.5320259271845 56.1820106363491 -0.787526376632166 47.5255167224999 56.1867096257689 -0.787190933525183 47.5201473136307 56.1911184414853 -0.786985759216678 47.5160479885064 56.1944181551098 -0.78708123591791 47.5086365976346 56.1995624898326 -0.788071616307585 47.4961810005084 56.2070918569067 -0.79067393264128 47.48929398238 56.21219843527 -0.7913400240442 47.37458632428 56.40276679441 -0.7875 47.9594904931 56.74399384054 -0.7874825870392 47.8471849773774 56.7587879957712 -0.7875 47.7363147854368 56.7820071518844 -0.7875 47.6275129193926 56.8135267111591 -0.7875 47.5213998559131 56.853166923451 -0.7875 47.4185807379287 56.9007017280523 -0.7875 47.3196419236158 56.9558600428736 -0.7875 47.2251476425054 57.0183273103742 -0.7875 47.1356367777879 57.087747291425 -0.7875 47.05161979316 57.16372409687 -0.7875 47.00685903684 57.13762359609 -0.7875 46.9312678973664 57.2182347141742 -0.7875 46.8616124691136 57.3040268702278 -0.7875 46.79824681831 57.39456397325 -0.7875 46.76001330679 57.45672178579 -0.7875000000001 46.7247474277 57.52061099078 -0.7874999995557 46.6771614869322 57.6203491058014 -0.7875 46.6368028731775 57.7232242516947 -0.7875 46.60387673273 57.82871350528 -0.7875 46.64863748905 57.85481400607 -0.7875 46.6269889779166 57.949084442634 -0.7875 46.6114611365544 58.0445541204796 -0.7875 46.6021185302351 58.1408260735732 -0.7875 46.59900000582 58.2375 -0.7875 46.602694867288 58.3427184983866 -0.7875 46.6137612490236 58.4474186397393 -0.7875 46.632144632697 58.5510846207008 -0.7875 46.6577544529 58.6532057326863 -0.7875 46.6904645433155 58.7532788778802 -0.7875 46.73050809214 58.85063437176 -0.7904272225006 46.14543892058 58.51067760409 -0.7874957453849 46.03608501615 58.70436259161 -0.7913400362227 46.0350772857404 58.7124710333048 -0.790710270852635 46.034729397067 58.725275328075 -0.788397588713797 46.0341468427912 58.7338587144037 -0.78722187391969 46.0329259458478 58.7416714848965 -0.786988799933287 46.0311362890415 58.753007947314 -0.787408277141198 46.0308973785511 58.7616428983312 -0.787609997458652 46.0318685978239 58.7701426613061 -0.787565550811114 46.0337198602 58.77846733615 -0.7875 46.0826221704607 58.9391039936537 -0.7875 46.1439976226078 59.0954005889226 -0.7875 46.2174665531759 59.2463902841341 -0.7875 46.3025744896109 59.3911390698793 -0.7875 46.3987949614585 59.5287515424838 -0.7875 46.5055327570658 59.6583764428995 -0.7875 46.6221276055099 59.7792119225204 -0.7875 46.7478582609777 59.8905105033494 -0.7875 46.8819469643308 59.9915837018344 -0.7875 47.023564254258 60.0818062877682 -0.7875 47.1718340982518 60.16062015191 -0.7875 47.3258393116713 60.2275377584012 -0.7875 47.4846272313683 60.2821451606212 -0.7875 47.6472156087804 60.3241045618254 -0.7875 47.812598686037 60.3531564047278 -0.7875 47.9797534174923 60.3691209770997 -0.7875 48.1476457981981 60.3718995234545 -0.7875 48.3152372601708 60.3614748559411 -0.7875 48.4814910968844 60.3379114606656 -0.7875 48.64537887625 60.30135509879 -0.7875 48.6527617985256 60.2991378161997 -0.787580250085744 48.6575732819112 60.2972903823694 -0.787648611269896 48.6659759582998 60.292980686118 -0.787537207858678 48.6724613325533 60.2883920527124 -0.787064019331535 48.6796665648356 60.2825339442802 -0.786785541105728 48.6840438051638 60.2790722066963 -0.787150043980125 48.6920516894531 60.2734298905761 -0.789088774718511 48.7000360795732 60.2674121558699 -0.791642619218756 48.70639574699 60.26003198552 -0.7929168807878 48.81813992695 60.06796243342 -0.7904219111581 15.89375308145 57.34528066175 -0.7904272225012 15.8262043064468 57.4437802083498 -0.7875 15.7670822227694 57.5475760772421 -0.7875 15.7164068675713 57.6557472913104 -0.7875 15.6744996127656 57.7676078526005 -0.7875 15.6416262249086 57.8824483661324 -0.7875 15.6179951797675 57.9995405387273 -0.7875 15.6037563402125 58.1181417976819 -0.7875 15.59900000582 58.2375 -0.7875 15.5991466807822 58.2584762573669 -0.7875 15.5995866769842 58.279448412478 -0.7875 15.60031990838 58.30041236388 -0.7875 15.55100495528 58.31631195032 -0.7875 15.5605546704915 58.4264072529455 -0.7875 15.5779244731766 58.5355423191477 -0.7875 15.60302607071 58.64316240334 -0.7875 15.62377769764 58.71312500086 -0.7875000000002 15.64779959399 58.78203408037 -0.7874999995559 15.6902861787936 58.8840488021392 -0.7875 15.7399333766854 58.9827770609484 -0.7875 15.7964888267 59.0777170126 -0.7875 15.84580377979 59.06181742616 -0.7875 15.911519648708 59.1539553461425 -0.7875 15.9839951686614 59.2408764064961 -0.7875 16.062817777694 59.3220858150077 -0.7875 16.1475387834735 59.3971212926515 -0.7875 16.2376759174457 59.4655557050827 -0.7875 16.3327160801158 59.5269994940702 -0.7875 16.4321182618323 59.5811028950311 -0.7875 16.535316622447 59.6275579280408 -0.7875 16.64185516851 59.66568946202 -0.7904272225006 15.9981555349 59.87431653462 -0.7874957453848 16.06934895312 60.08503826584 -0.7913400362221 16.0747129649809 60.0912018462789 -0.790710270853873 16.0840135905794 60.1000091929192 -0.788397588713617 16.0900150558703 60.1061733071875 -0.787221873919681 16.0950166253846 60.1122981969437 -0.786988799933318 16.1022618939167 60.1211990022741 -0.787408277141183 16.1085311712517 60.12714169686 -0.78760999745862 16.1155077011726 60.1320931883251 -0.7875655508111 16.12294140695 60.13627259045 -0.7875 16.2751843742725 60.2071079670994 -0.7875 16.4325233953803 60.2657595165757 -0.7875 16.5939851840999 60.3118644252364 -0.7875 16.7585709515426 60.3451374920387 -0.7875 16.9252625841531 60.3653728926221 -0.7875 17.0930289416734 60.3724454525201 -0.7875 17.2608322356886 60.3663114214789 -0.7875 17.4276344492976 60.3470087440927 -0.7875 17.5924037581977 60.3146568250816 -0.7875 17.7541209134619 60.2694557906642 -0.7875 17.9117855465257 60.211685250594 -0.7875 18.0644223573823 60.1417025685171 -0.7875 18.2110871477052 60.0599406513511 -0.7875 18.3508726615791 59.9669052713595 -0.7875 18.4829141977072 59.8631719374882 -0.7875 18.6063949583806 59.7493823353153 -0.7875 18.7205511021187 59.6262403576392 -0.7875 18.8246764687283 59.4945077502576 -0.7875 18.91812694755 59.3549993998726 -0.7875 19.00032446187 59.20857829327 -0.7875 19.0036026312532 59.2016013678298 -0.787580250085767 19.0054394238893 59.1967858121082 -0.78764861126994 19.0078405808955 59.1876527459609 -0.787537207858703 19.0087540474011 59.1797609011451 -0.787064019331448 19.0092029695621 59.1704855965461 -0.78678554110557 19.0095479952322 59.1649156039742 -0.787150043980051 19.0106934388272 59.1551867859062 -0.789088774718897 19.0115436957632 59.1452248242598 -0.791642619219752 19.01029492094 59.13556289663 -0.7929168807891 18.94189998915 58.92414007878 -0.7904219111591 18.30424987356 59.12971838928 -0.790427222501 18.3717968695186 59.0312179245545 -0.7875 18.4309186563548 58.9274222480524 -0.7875 18.4815937536302 58.819251260004 -0.7875 18.5235007927575 58.7073909533227 -0.7875 18.5563740099456 58.5925507176432 -0.7875 18.5800049316062 58.4754588405521 -0.7875 18.5942436964403 58.356857888974 -0.7875 18.59900000582 58.2375 -0.7875 18.5988533308578 58.2165237426332 -0.7875 18.5984133346558 58.195551587522 -0.7875 18.59768010326 58.17458763612 -0.7875 18.64699505635 58.15868804968 -0.7875 18.6374453411251 58.0485927469542 -0.7875 18.6200755384126 57.9394576806505 -0.7875 18.59497394084 57.83183759636 -0.7875 18.574222314 57.76187499914 -0.7875 18.55020041767 57.69296591967 -0.7874999995559 18.5077138328561 57.5909511978889 -0.7875 18.4580666349591 57.4922229390661 -0.7875 18.40151118494 57.3972829874 -0.7875 18.35219623185 57.41318257384 -0.7875 18.2864794481845 57.3210434685913 -0.7875 18.2140028399625 57.2341213676512 -0.7875 18.1351789862452 57.1529110822413 -0.7875 18.0504565983139 57.077874908602 -0.7875 17.960317965342 57.0094399963337 -0.7875 17.8652762089239 56.9479959168127 -0.7875 17.7658723620883 56.8938924455239 -0.7875 17.6626722894229 56.8474375709351 -0.7875 17.55612907134 56.80931562295 -0.7904272225007 18.19984417862 56.60068503644 -0.7875 18.1286485507 56.38995394956 -0.7913400241897 18.1232848987318 56.3837915341624 -0.790710256185271 18.1139858219726 56.3749889474255 -0.788397585901145 18.1079851416208 56.3688272696595 -0.787221874791216 18.1029837278405 56.3627028633078 -0.786988801535165 18.0957381790273 56.3538011879668 -0.787408277428618 18.0894687669038 56.3478580750043 -0.787609997113968 18.0824922666751 56.3429066757212 -0.787565550605706 18.07505860508 56.33872740971 -0.7875 17.9228156373875 56.267892032909 -0.7875 17.7654766162803 56.209240483431 -0.7875 17.6040148275612 56.1631355747687 -0.7875 17.4394290601189 56.1298625079648 -0.7875 17.2727374275086 56.1096271073797 -0.7875 17.1049710699884 56.1025545474799 -0.7875 16.9371677759732 56.1086885785194 -0.7875 16.7703655623641 56.1279912559039 -0.7875 16.6055962534636 56.1603431749134 -0.7875 16.443879098199 56.2055442093291 -0.7875 16.2862144651346 56.2633147493976 -0.7875 16.1335776542774 56.3332974314729 -0.7875 15.9869128639536 56.4150593486374 -0.7875 15.8471273500789 56.5080947286275 -0.7875 15.7150858139497 56.6118280624975 -0.7875 15.5916050532752 56.7256176646691 -0.7875 15.4774489095358 56.8487596423439 -0.7875 15.3733235429248 56.9804922497244 -0.7875 15.2798730641017 57.1200006001084 -0.7875 15.19767554978 57.26642170671 -0.7875 15.1943861445611 57.2733831283252 -0.7875568892451 15.1925397806624 57.2781854770682 -0.78760535045389 15.190154221273 57.2873400657047 -0.787526376632166 15.1893070059873 57.2953233277829 -0.787190933525181 15.1890046994378 57.3022642800489 -0.786985759216659 15.1887245862705 57.3075191932798 -0.787081235917867 15.1876066203065 57.3164714581613 -0.78807161630751 15.1848967380101 57.3307714513901 -0.790673932641077 15.18410074138 57.33930811061 -0.791340024044 15.24939580923 57.55193147473 -0.7874862304948 18.51920093813 100.7561346727 -0.7904272225006 18.479269905625 100.650256435802 -0.7875 18.4310658698272 100.547862026896 -0.7875 18.375278978622 100.44939341864 -0.7875 18.3122268018391 100.355411148794 -0.7875 18.2422682673309 100.266450216404 -0.7875 18.1658016177563 100.183017036283 -0.7875 18.0832621435637 100.105586556223 -0.7875 17.995119705077 100.034599553328 -0.7875 17.90187605779 99.97046012487 -0.7875 17.91693429134 99.92088179238 -0.7875 17.8210456022796 99.8659497250562 -0.7875 17.7214866757482 99.8179893991848 -0.7875 17.61876358076 99.77724460239 -0.7875 17.54945652366 99.75439888222 -0.7875 17.47915020051 99.73484041465 -0.7874999995559 17.3711188648788 99.7115736169549 -0.7875 17.2617043257741 99.6960632337987 -0.7875 17.15146274667 99.6883881058 -0.7875 17.13640451313 99.73796643824 -0.7875 17.0231383750462 99.7394195572412 -0.7875 16.9103048616709 99.7494159490894 -0.7875 16.7985474414453 99.7678986062334 -0.7875 16.6885034460552 99.7947621255331 -0.7875 16.5808004358447 99.8298533093573 -0.7875 16.4760526209569 99.8729720392413 -0.7875 16.3748573586081 99.9238724171254 -0.7875 16.2777917464713 99.9822641676651 -0.7875 16.18540456591 100.0478080877 -0.7874825870381 16.38206492303 99.39983158464 -0.7875 16.16835290437 99.33815840169 -0.7913400241898 16.1602320812403 99.339050790271 -0.790710256187332 16.1476983467726 99.3416706876905 -0.788397585901142 16.1392148912393 99.3430868161411 -0.787221874791174 16.1313318434756 99.3437032988242 -0.786988801535119 16.1198876446604 99.3445797204891 -0.787408277428596 16.1114305074015 99.3463412395686 -0.787609997113961 16.1033848767188 99.3492491145922 -0.787565550605705 16.09571287732 99.35297282415 -0.7875 15.9507114852945 99.4376496694541 -0.7875 15.8128133083659 99.5334602357842 -0.7875 15.6828713729262 99.6398118471256 -0.7875 15.5616894887335 99.7560466214586 -0.7875 15.4500172766138 99.8814455403575 -0.7875 15.3485455313709 100.015232896778 -0.7875 15.2579019485883 100.156581093516 -0.7875 15.1786472417575 100.304615762651 -0.7875 15.1112716737525 100.458421174314 -0.7875 15.056192024105 100.617045901313 -0.7875 15.0137490108419 100.779508704581 -0.7875 14.9842051828325 100.94480460304 -0.7875 14.9677432956833 101.111911090323 -0.7875 14.9644651812278 101.279794459918 -0.7875 14.9743911176031 101.447416199581 -0.7875 14.9974597038113 101.613739415492 -0.7875 15.0335282395407 101.777735246388 -0.7875 15.0823736078976 101.938389228009 -0.7875 15.1436936555889 102.094707568494 -0.7875 15.21710906199 102.2457232959 -0.7875 15.2209522313537 102.252394999283 -0.787556889245121 15.22384455378 102.256650123734 -0.787605350453926 15.2300047911038 102.263829877445 -0.787526376632147 15.2360799581297 102.269077981189 -0.787190933524995 15.2416095779232 102.273284109139 -0.786985759216462 15.2457667702923 102.276510613145 -0.787081235917814 15.2524835897475 102.282533671374 -0.788071616307856 15.2626858492886 102.292913804732 -0.790673932644341 15.26924483772 102.2984353835 -0.7913400240461 15.48115188737 102.3660338202 -0.7875 15.6780814122 101.7181391997 -0.7874825870389 15.7184108265474 101.823992555857 -0.7875 15.7666060011873 101.926503785489 -0.7875 15.8223995683806 102.025085756048 -0.7875 15.8854733479014 102.119176273085 -0.7875 15.9554676418413 102.208238756068 -0.7875 16.0319832858991 102.291765298399 -0.7875 16.1145839257396 102.369279563908 -0.7875 16.2027985054405 102.440339503308 -0.7875 16.29612395385 102.5045398751 -0.7875 16.28106572031 102.5541182076 -0.7875 16.3769544094584 102.609050274971 -0.7875 16.4765133360892 102.657010600878 -0.7875 16.57923643118 102.6977553977 -0.7875 16.64854348284 102.7206011163 -0.7875000000006 16.7188498113 102.7401595854 -0.7874999995563 16.8268811468791 102.763426383095 -0.7875 16.936295685935 102.778936766237 -0.7875 17.04653726499 102.7866118942 -0.7875 17.06159549853 102.7370335618 -0.7875 17.1747585544543 102.735585659203 -0.7875 17.2874903599327 102.725610004807 -0.7875 17.3991491967497 102.707163384311 -0.7875 17.5090994544877 102.680350803861 -0.7875 17.6167152487007 102.645324892268 -0.7875 17.7213839837193 102.602285032177 -0.7875 17.8225098398102 102.551476225097 -0.7875 17.9195171648402 102.493187696744 -0.7875 18.01159129379 102.4274090379 -0.7904272224994 17.81593620924 103.0751695561 -0.7874957453848 18.02963928223 103.1368392197 -0.7913400362246 18.0377612676689 103.135947199766 -0.790710270857375 18.0502997955613 103.133328744093 -0.788397588714238 18.0587857002625 103.131913360122 -0.787221873919555 18.0666692339463 103.131297025143 -0.786988799933047 18.0781125582331 103.130420337638 -0.787408277141178 18.0865692749407 103.128658690715 -0.787609997458726 18.0946149982823 103.125750843853 -0.787565550811153 18.10228713475 103.1220271756 -0.7875 18.2472885263971 103.037350330513 -0.7875 18.3851867033259 102.941539764177 -0.7875 18.5151286387651 102.835188152829 -0.7875 18.6363105229566 102.718953378489 -0.7875 18.7479827350744 102.593554459584 -0.7875 18.8494544803146 102.459767103156 -0.7875 18.9400980630938 102.318418906412 -0.7875 19.0193527699205 102.170384237271 -0.7875 19.0867283379206 102.016578825602 -0.7875 19.1418079875624 101.857954098597 -0.7875 19.1842510008191 101.695491295323 -0.7875 19.2137948288215 101.53019539686 -0.7875 19.2302567159629 101.363088909572 -0.7875 19.2335348304101 101.195205539974 -0.7875 19.2236088940258 101.027583800307 -0.7875 19.2005403078082 100.861260584394 -0.7875 19.1644717720691 100.697264753497 -0.7875 19.1156264037019 100.536610771874 -0.7875 19.0543063560001 100.38029243139 -0.7875 18.98089094956 100.229276704 -0.7875 18.9770286371118 100.222605390551 -0.787580250085866 18.9741200075365 100.218350598181 -0.787648611270121 18.9679863448235 100.211170303308 -0.787537207858727 18.9620240540667 100.205919900951 -0.787064019330855 18.9546603634547 100.200262263005 -0.786785541104624 18.9502813467913 100.196802772742 -0.78715004397959 18.9429422563266 100.190314345178 -0.789088774720982 18.9352433205739 100.18393547344 -0.791642619225183 18.92659397923 100.1794520394 -0.7929168807962 18.71391068107 100.1150836524 -0.7904219111663 47.38436463031 102.5558222129 -0.7904272224996 46.71308725883 102.6411619876 -0.7875 46.74387104703 102.861454445 -0.7913400241892 46.7479957417589 102.868506467374 -0.790710256184523 46.7554965156885 102.878884171941 -0.788397585901009 46.7602472738658 102.886053881432 -0.787221874791225 46.76402310863 102.89300122371 -0.786988801535201 46.7694877244674 102.903094576728 -0.787408277428602 46.7745431581875 102.91009948286 -0.787609997113936 46.7804776984089 102.916261393509 -0.787565550605692 46.78700495816 102.9217496055 -0.7875 46.9234276556195 103.019649653739 -0.7875 47.0671223436256 103.106525475787 -0.7875 47.2172001390629 103.18183966525 -0.7875 47.3727326734567 103.245126334959 -0.7875 47.5327578357811 103.295993998958 -0.7875 47.6962857239963 103.334127994207 -0.7875 47.8623047684978 103.359292427055 -0.7875 48.0297879896006 103.37133163246 -0.7875 48.1976993503474 103.370171136924 -0.7875 48.3650001653459 103.355818119171 -0.7875 48.5306555259875 103.32836136575 -0.7875 48.6936407023046 103.287970721801 -0.7875 48.8529474818623 103.23489604041 -0.7875 49.0075904064755 103.169465637043 -0.7875 49.1566128681687 103.092084258607 -0.7875 49.2990930266719 103.003230579726 -0.7875 49.4341495118463 102.903454241699 -0.7875 49.5609468757645 102.793372452464 -0.7875 49.6787007607206 102.673666168604 -0.7875 49.78668275119 102.545075883 -0.7875 49.7912088299494 102.538847224333 -0.7875568892451 49.7939156843888 102.534471775543 -0.787605350453887 49.7979613390179 102.525920163702 -0.787526376632151 49.8002777314358 102.518233514686 -0.787190933525149 49.8018649654013 102.511469721682 -0.786985759216633 49.8031169889746 102.506358458297 -0.787081235917859 49.8058795333512 102.49777002171 -0.788071616307609 49.8112002951681 102.484222964367 -0.790673932641132 49.81356922797 102.4759830421 -0.7913400240444 49.78893490536 102.2549280919 -0.7874862304948 49.11739582231 102.3382030716 -0.7904272225071 49.1978082636101 102.25858785744 -0.7875 49.271666172035 102.172836336627 -0.7875 49.3388485798263 102.081760335166 -0.7875 49.3989730454855 101.985878310845 -0.7875 49.4516973054425 101.885736080139 -0.7875 49.4967212224196 101.781903711107 -0.7875 49.5337884939883 101.67497227823 -0.7875 49.5626881115922 101.565550497669 -0.7875 49.58325556173 101.4542612621 -0.7875 49.63466650243 101.4478055186 -0.7875 49.6457479199205 101.337853824982 -0.7875 49.6489670469982 101.227392021756 -0.7875 49.64430752048 101.1169815985 -0.7875 49.63692231646 101.0443809527 -0.7875000000003 49.6261280071 100.9722075807 -0.7874999995539 49.6033445422937 100.864073279552 -0.7875 49.5729143653337 100.757837138417 -0.7875 49.53499215541 100.6540391647 -0.7875 49.48358121472 100.6604949082 -0.7875 49.436137378194 100.557747363079 -0.7875 49.3810819759369 100.458869264734 -0.7875 49.3187284071665 100.364423470165 -0.7875 49.2494316154342 100.274947605789 -0.7875 49.1735860681272 100.190951007026 -0.7875 49.0916235109891 100.112911818937 -0.7875 49.0040105104359 100.041274274422 -0.7875 48.9112457976577 99.9764461654466 -0.7875 48.81365187161 99.91917571631 -0.7904272225042 49.48491333777 99.83383652413 -0.7874957453849 49.45412998172 99.61355367006 -0.791340036223 49.4500051499396 99.6065004360843 -0.790710270855419 49.4425037389438 99.5961177666715 -0.788397588713835 49.4377526624118 99.5889455172318 -0.787221873919624 49.4339767644854 99.581997671021 -0.786988799933199 49.4285122623216 99.5719052249396 -0.787408277141154 49.4234568832619 99.5649007549369 -0.787609997458639 49.4175223310008 99.5587387481885 -0.787565550811112 49.41099505321 99.55325039429 -0.7875 49.2745723561071 99.4553503463182 -0.7875 49.1308776681034 99.3684745242619 -0.7875 48.9807998726679 99.2931603347911 -0.7875 48.8252673382752 99.2298736650746 -0.7875 48.6652421759512 99.1790060010671 -0.7875 48.5017142877358 99.1408720058106 -0.7875 48.3356952432333 99.1157075729555 -0.7875 48.1682120221291 99.1036683675426 -0.7875 48.0003006613802 99.1048288630723 -0.7875 47.8329998463792 99.1191818808179 -0.7875 47.6673444857345 99.146638634233 -0.7875 47.5043593094139 99.1870292781765 -0.7875 47.3450525298523 99.2401039595615 -0.7875 47.1904096052349 99.3055343629241 -0.7875 47.0413871435372 99.3829157413556 -0.7875 46.8989069850291 99.4717694202324 -0.7875 46.7638504998497 99.571545758256 -0.7875 46.6370531359264 99.681627547488 -0.7875 46.519299250965 99.8013338313454 -0.7875 46.41131726048 99.92992411694 -0.7875 46.4067993398385 99.9361700978228 -0.787580250085767 46.404099434919 99.9405603025509 -0.78764861126994 46.4000424551426 99.9490878676929 -0.787537207858703 46.3976779589155 99.9566723777776 -0.787064019331448 46.3955127511621 99.9657025871842 -0.786785541105578 46.3941383788881 99.9711113727072 -0.787150043980069 46.3912044887316 99.9804577212258 -0.789088774718946 46.3885173036383 99.9900880199305 -0.791642619219835 46.38794833949 99.99981368517 -0.7929168807892 46.4158516616 100.22026522 -0.79042191116 47.08060112578 100.1367973132 -0.7904272225009 47.0001902287947 100.216413777434 -0.7875 46.9263326219122 100.302165190042 -0.7875 46.8591504897082 100.393241048376 -0.7875 46.7990262702284 100.489122898017 -0.7875 46.7463022239554 100.589264926174 -0.7875 46.7012784854718 100.693097068748 -0.7875 46.6642113549273 100.800028255461 -0.7875 46.6353118390361 100.909449774551 -0.7875 46.61474444991 101.0207387379 -0.7875 46.5633335092 101.0271944814 -0.7875 46.5522520917159 101.13714617492 -0.7875 46.5490329646305 101.247607978044 -0.7875 46.55369249112 101.3580184012 -0.7875 46.56107769519 101.4306190473 -0.7875000000005 46.57187200455 101.5027924193 -0.7874999995539 46.5946554693497 101.610926720449 -0.7875 46.6250856463101 101.717162861585 -0.7875 46.66300785624 101.8209608353 -0.7875 46.71441879693 101.8145050918 -0.7875 46.7618633139192 101.917253975474 -0.7875 46.8169195946157 102.016133302143 -0.7875 46.879274226481 102.110580192889 -0.7875 46.9485722504996 102.2000570008 -0.7875 47.0244191818093 102.284054371578 -0.7875 47.1063832553389 102.362094143086 -0.7875 47.1939978836681 102.433732067327 -0.7875 47.2867643131154 102.498560339356 -0.7875 33.395 10.92 -0.7875 33.395 11.12728219713 -0.7875 33.145 10.92 -0.7875 33.145 11.12728219713 -0.7875 33.145 11.67271780287 -0.7875 33.1239484968715 11.6620476262703 -0.7875 33.1038009202127 11.649755612305 -0.7875 33.0846819652676 11.6359178373987 -0.7875 33.066709961044 11.6206199448401 -0.7875 33.0499961379639 11.6039566147228 -0.7875 33.0346439394481 11.586030977962 -0.7875 33.0207483816951 11.5669539780071 -0.7875 33.0083954656168 11.5468436842024 -0.7875 32.9976616445709 11.525824561045 -0.7875 32.988613351184 11.5040266978623 -0.7875 32.9813065861938 11.4815850036766 -0.7875 32.9757865718548 11.4586383722408 -0.7875 32.9720874720544 11.4353288224122 -0.7875 32.9702321808685 11.4118006191836 -0.7875 32.9702321808685 11.3881993808147 -0.7875 32.9720874720546 11.3646711775861 -0.7875 32.9757865718552 11.3413616277575 -0.7875 32.9813065861942 11.3184149963218 -0.7875 32.9886133511847 11.2959733021361 -0.7875 32.9976616445716 11.2741754389534 -0.7875 33.0083954656176 11.2531563157961 -0.7875 33.0207483816961 11.2330460219915 -0.7875 33.0346439394492 11.2139690220366 -0.7875 33.0499961379651 11.1960433852759 -0.7875 33.0667099610452 11.1793800551587 -0.7875 33.0846819652689 11.1640821626002 -0.7875 33.1038009202141 11.1502443876941 -0.7875 33.123948496873 11.1379523737288 -0.7875 33.145 11.88 -0.7875 33.395 11.88 -0.7875 33.395 11.67271780287 -0.7875 33.4160515031285 11.1379523737297 -0.7875 33.4361990797874 11.150244387695 -0.7875 33.4553180347324 11.1640821626013 -0.7875 33.473290038956 11.1793800551599 -0.7875 33.4900038620361 11.1960433852772 -0.7875 33.5053560605519 11.213969022038 -0.7875 33.5192516183049 11.2330460219929 -0.7875 33.5316045343832 11.2531563157976 -0.7875 33.5423383554291 11.274175438955 -0.7875 33.551386648816 11.2959733021377 -0.7875 33.5586934138062 11.3184149963234 -0.7875 33.5642134281452 11.3413616277592 -0.7875 33.5679125279457 11.3646711775878 -0.7875 33.5697678191315 11.3881993808164 -0.7875 33.5697678191315 11.4118006191853 -0.7875 33.5679125279455 11.4353288224139 -0.7875 33.5642134281449 11.4586383722425 -0.7875 33.5586934138058 11.4815850036782 -0.7875 33.5513866488154 11.5040266978639 -0.7875 33.5423383554284 11.5258245610466 -0.7875 33.5316045343824 11.5468436842039 -0.7875 33.519251618304 11.5669539780085 -0.7875 33.5053560605508 11.5860309779634 -0.7875 33.4900038620349 11.6039566147241 -0.7875 33.4732900389548 11.6206199448413 -0.7875 33.4553180347311 11.6359178373998 -0.7875 33.4361990797859 11.6497556123059 -0.7875 33.416051503127 11.6620476262712 -0.7875 33.395 19.92 -0.7875 33.395 20.88 -0.7875 33.145 19.92 -0.7875 33.145 20.88 -0.7875 33.395 28.92 -0.7875 33.395 29.88 -0.7875 33.145 28.92 -0.7875 33.145 29.88 -0.7875 33.395 37.92 -0.7875 33.395 38.88 -0.7875 33.145 37.92 -0.7875 33.145 38.88 -0.7875 33.395 48.62 -0.7875 33.395 49.58 -0.7875 33.145 48.62 -0.7875 33.145 49.58 -0.7875 14.145 6.42 -0.7875 14.145 7.38 -0.7875 14.395 7.38 -0.7875 14.395 6.42 -0.7875 14.145 15.42 -0.7875 14.145 16.38 -0.7875 14.395 16.38 -0.7875 14.395 15.42 -0.7875 14.145 24.42 -0.7875 14.145 25.38 -0.7875 14.395 25.38 -0.7875 14.395 24.42 -0.7875 14.145 33.42 -0.7875 14.145 34.38 -0.7875 14.395 34.38 -0.7875 14.395 33.42 -0.7875 14.145 44.12 -0.7875 14.145 45.08 -0.7875 14.395 45.08 -0.7875 14.395 44.12 -0.7875 26.45 52.2 -0.7875 25.49 52.2 -0.7875 26.45 51.95 -0.7875 25.49 51.95 -0.7875 19.25 52.2 -0.7875 18.29 52.2 -0.7875 19.25 51.95 -0.7875 18.29 51.95 -0.7875 56.395 10.92 -0.7875 56.395 11.12728219713 -0.7875 56.145 10.92 -0.7875 56.145 11.12728219713 -0.7875 56.145 11.67271780287 -0.7875 56.1239484968715 11.6620476262703 -0.7875 56.1038009202127 11.649755612305 -0.7875 56.0846819652676 11.6359178373987 -0.7875 56.066709961044 11.6206199448401 -0.7875 56.0499961379639 11.6039566147228 -0.7875 56.0346439394481 11.586030977962 -0.7875 56.0207483816951 11.5669539780071 -0.7875 56.0083954656168 11.5468436842024 -0.7875 55.9976616445709 11.525824561045 -0.7875 55.988613351184 11.5040266978623 -0.7875 55.9813065861938 11.4815850036766 -0.7875 55.9757865718548 11.4586383722408 -0.7875 55.9720874720544 11.4353288224122 -0.7875 55.9702321808685 11.4118006191836 -0.7875 55.9702321808685 11.3881993808147 -0.7875 55.9720874720546 11.3646711775861 -0.7875 55.9757865718552 11.3413616277575 -0.7875 55.9813065861942 11.3184149963218 -0.7875 55.9886133511847 11.2959733021361 -0.7875 55.9976616445716 11.2741754389534 -0.7875 56.0083954656176 11.2531563157961 -0.7875 56.0207483816961 11.2330460219915 -0.7875 56.0346439394492 11.2139690220366 -0.7875 56.0499961379651 11.1960433852759 -0.7875 56.0667099610452 11.1793800551587 -0.7875 56.0846819652689 11.1640821626002 -0.7875 56.1038009202141 11.1502443876941 -0.7875 56.123948496873 11.1379523737288 -0.7875 56.145 11.88 -0.7875 56.395 11.88 -0.7875 56.395 11.67271780287 -0.7875 56.4160515031285 11.1379523737297 -0.7875 56.4361990797874 11.150244387695 -0.7875 56.4553180347324 11.1640821626013 -0.7875 56.473290038956 11.1793800551599 -0.7875 56.4900038620361 11.1960433852772 -0.7875 56.5053560605519 11.213969022038 -0.7875 56.5192516183049 11.2330460219929 -0.7875 56.5316045343832 11.2531563157976 -0.7875 56.5423383554291 11.274175438955 -0.7875 56.551386648816 11.2959733021377 -0.7875 56.5586934138062 11.3184149963234 -0.7875 56.5642134281452 11.3413616277592 -0.7875 56.5679125279457 11.3646711775878 -0.7875 56.5697678191315 11.3881993808164 -0.7875 56.5697678191315 11.4118006191853 -0.7875 56.5679125279455 11.4353288224139 -0.7875 56.5642134281449 11.4586383722425 -0.7875 56.5586934138058 11.4815850036782 -0.7875 56.5513866488154 11.5040266978639 -0.7875 56.5423383554284 11.5258245610466 -0.7875 56.5316045343824 11.5468436842039 -0.7875 56.519251618304 11.5669539780085 -0.7875 56.5053560605508 11.5860309779634 -0.7875 56.4900038620349 11.6039566147241 -0.7875 56.4732900389548 11.6206199448413 -0.7875 56.4553180347311 11.6359178373998 -0.7875 56.4361990797859 11.6497556123059 -0.7875 56.416051503127 11.6620476262712 -0.7875 56.395 19.92 -0.7875 56.395 20.88 -0.7875 56.145 19.92 -0.7875 56.145 20.88 -0.7875 56.395 28.92 -0.7875 56.395 29.88 -0.7875 56.145 28.92 -0.7875 56.145 29.88 -0.7875 56.395 37.92 -0.7875 56.395 38.88 -0.7875 56.145 37.92 -0.7875 56.145 38.88 -0.7875 56.395 48.62 -0.7875 56.395 49.58 -0.7875 56.145 48.62 -0.7875 56.145 49.58 -0.7875 37.145 6.42 -0.7875 37.145 7.38 -0.7875 37.395 7.38 -0.7875 37.395 6.42 -0.7875 37.145 15.42 -0.7875 37.145 16.38 -0.7875 37.395 16.38 -0.7875 37.395 15.42 -0.7875 37.145 24.42 -0.7875 37.145 25.38 -0.7875 37.395 25.38 -0.7875 37.395 24.42 -0.7875 37.145 33.42 -0.7875 37.145 34.38 -0.7875 37.395 34.38 -0.7875 37.395 33.42 -0.7875 37.145 44.12 -0.7875 37.145 45.08 -0.7875 37.395 45.08 -0.7875 37.395 44.12 -0.7875 49.45 52.2 -0.7875 48.49 52.2 -0.7875 49.45 51.95 -0.7875 48.49 51.95 -0.7875 42.25 52.2 -0.7875 41.29 52.2 -0.7875 42.25 51.95 -0.7875 41.29 51.95 -0.7875 -39.0000000000001 54.025 -39 -25.825 -38.9969173337331 -25.9034590957278 -38.9876883405951 -25.9814344650402 -38.9723699203977 -26.0584453638559 -38.9510565162952 -26.1340169943749 -38.9238795325113 -26.2076834323651 -38.8910065241884 -26.2789904997395 -38.8526401643541 -26.3474985647159 -38.809016994375 -26.4127852522925 -38.7604059656 -26.4744480483302 -38.7071067811866 -26.5321067811865 -38.6494480483302 -26.5854059656 -38.5877852522925 -26.6340169943749 -38.522498564716 -26.6776401643541 -38.4539904997396 -26.7160065241884 -38.3826834323651 -26.7488795325113 -38.309016994375 -26.7760565162952 -38.2334453638559 -26.7973699203977 -38.1564344650402 -26.8126883405951 -38.0784590957278 -26.8219173337331 -38 -26.825 -36.6 -26.825 -36.5215409042722 -26.8280826662669 -36.4435655349598 -26.8373116594049 -36.3665546361441 -26.8526300796023 -36.2909830056251 -26.8739434837048 -36.2173165676349 -26.9011204674887 -36.1460095002605 -26.9339934758116 -36.0775014352841 -26.9723598356459 -36.0122147477075 -27.0159830056251 -35.9505519516698 -27.0645940344 -35.8928932188135 -27.1178932188135 -35.8395940344 -27.1755519516698 -35.7909830056251 -27.2372147477075 -35.7473598356459 -27.3025014352841 -35.7089934758116 -27.3710095002605 -35.6761204674887 -27.4423165676349 -35.6489434837048 -27.5159830056251 -35.6276300796023 -27.5915546361441 -35.6123116594049 -27.6685655349598 -35.6030826662669 -27.7465409042722 -35.6 -27.825 -35.6 -54.025 -35.5969173337331 -54.1034590957278 -35.5876883405951 -54.1814344650402 -35.5723699203977 -54.2584453638559 -35.5510565162952 -54.3340169943749 -35.5238795325113 -54.4076834323651 -35.4910065241884 -54.4789904997395 -35.4526401643541 -54.5474985647159 -35.409016994375 -54.6127852522925 -35.3604059656 -54.6744480483302 -35.3071067811865 -54.7321067811865 -35.2494480483302 -54.7854059656 -35.1877852522925 -54.8340169943749 -35.1224985647159 -54.8776401643541 -35.0539904997395 -54.9160065241884 -34.9826834323651 -54.9488795325113 -34.909016994375 -54.9760565162952 -34.8334453638559 -54.9973699203977 -34.7564344650402 -55.0126883405951 -34.6784590957278 -55.0219173337331 -34.6 -55.025 31 -55.025 31.0784590957278 -55.0219173337331 31.1564344650402 -55.0126883405951 31.2334453638559 -54.9973699203977 31.3090169943749 -54.9760565162952 31.3826834323651 -54.9488795325113 31.4539904997395 -54.9160065241884 31.5224985647159 -54.8776401643541 31.5877852522925 -54.8340169943749 31.6494480483302 -54.7854059656 31.7071067811865 -54.7321067811865 31.7604059656 -54.6744480483302 31.8090169943749 -54.6127852522925 31.8526401643541 -54.5474985647159 31.8910065241884 -54.4789904997395 31.9238795325113 -54.4076834323651 31.9510565162952 -54.3340169943749 31.9723699203977 -54.2584453638559 31.9876883405951 -54.1814344650402 31.9969173337331 -54.1034590957278 32 -54.025 32 -26.272 31.9969173337331 -26.1935409042722 31.9876883405951 -26.1155655349598 31.9723699203977 -26.0385546361441 31.9510565162952 -25.9629830056251 31.9238795325113 -25.8893165676349 31.8910065241884 -25.8180095002605 31.8526401643541 -25.749501435284 31.8090169943749 -25.6842147477075 31.7604059656 -25.6225519516698 31.7071067811865 -25.5648932188135 31.6494480483302 -25.5115940344 31.5877852522925 -25.4629830056251 31.5224985647159 -25.4193598356459 31.4539904997395 -25.3809934758116 31.3826834323651 -25.3481204674887 31.3090169943749 -25.3209434837048 31.2334453638559 -25.2996300796023 31.1564344650402 -25.2843116594049 31.0784590957278 -25.2750826662669 31 -25.272 30 -25.272 29.9215409042722 -25.2689173337331 29.8435655349598 -25.2596883405951 29.7665546361441 -25.2443699203977 29.6909830056251 -25.2230565162952 29.6173165676349 -25.1958795325113 29.5460095002605 -25.1630065241884 29.4775014352841 -25.1246401643541 29.4122147477075 -25.0810169943749 29.3505519516698 -25.0324059656 29.2928932188135 -24.9791067811865 29.2395940344 -24.9214480483302 29.1909830056251 -24.8597852522925 29.1473598356459 -24.7944985647159 29.1089934758116 -24.7259904997395 29.0761204674887 -24.6546834323651 29.0489434837048 -24.5810169943749 29.0276300796023 -24.5054453638559 29.0123116594049 -24.4284344650402 29.0030826662669 -24.3504590957278 29 -24.272 29 5.77500000000003 29.0030826662669 5.85345909572787 29.0123116594049 5.93143446504025 29.0276300796023 6.00844536385593 29.0489434837049 6.08401699437497 29.0761204674887 6.15768343236511 29.1089934758116 6.22899049973956 29.1473598356459 6.29749856471597 29.1909830056251 6.36278525229248 29.2395940344 6.42444804833019 29.2928932188135 6.48210678118656 29.3505519516698 6.53540596560004 29.4122147477075 6.58401699437496 29.4775014352841 6.6276401643541 29.5460095002605 6.66600652418837 29.6173165676349 6.69887953251129 29.6909830056251 6.72605651629515 29.7665546361441 6.74736992039767 29.8435655349598 6.76268834059514 29.9215409042722 6.77191733373313 30 6.775 37.9999999999999 6.775 38.0784590957278 6.77808266626687 38.1564344650402 6.78731165940486 38.2334453638559 6.80263007960231 38.3090169943749 6.82394348370483 38.3826834323651 6.8511204674887 38.4539904997395 6.88399347581161 38.5224985647159 6.92235983564589 38.5877852522924 6.96598300562503 38.6494480483302 7.01459403439995 38.7071067811865 7.06789321881343 38.7604059656 7.1255519516698 38.8090169943749 7.18721474770751 38.8526401643541 7.25250143528403 38.8910065241884 7.32100950026044 38.9238795325113 7.39231656763489 38.9510565162952 7.46598300562504 38.9723699203977 7.54155463614408 38.9876883405951 7.61856553495976 38.9969173337331 7.69654090427215 39 7.775 39 45.775 38.9969173337331 45.8534590957278 38.9876883405951 45.9314344650402 38.9723699203977 46.0084453638559 38.9510565162952 46.0840169943749 38.9238795325113 46.1576834323651 38.8910065241884 46.2289904997395 38.8526401643541 46.2974985647159 38.8090169943749 46.3627852522925 38.7604059656 46.4244480483302 38.7071067811865 46.4821067811865 38.6494480483302 46.5354059656 38.5877852522925 46.5840169943749 38.5224985647159 46.6276401643541 38.4539904997395 46.6660065241884 38.3826834323651 46.6988795325113 38.3090169943749 46.7260565162952 38.2334453638559 46.7473699203977 38.1564344650402 46.7626883405951 38.0784590957278 46.7719173337331 38 46.775 30 46.775 29.9215409042722 46.7780826662669 29.8435655349598 46.7873116594049 29.7665546361441 46.8026300796023 29.6909830056251 46.8239434837048 29.6173165676349 46.8511204674887 29.5460095002605 46.8839934758116 29.4775014352841 46.9223598356459 29.4122147477075 46.9659830056251 29.3505519516698 47.0145940344 29.2928932188135 47.0678932188134 29.2395940344 47.1255519516698 29.1909830056251 47.1872147477075 29.1473598356459 47.2525014352841 29.1089934758116 47.3210095002604 29.0761204674887 47.3923165676349 29.0489434837048 47.4659830056251 29.0276300796023 47.5415546361441 29.0123116594049 47.6185655349598 29.0030826662669 47.6965409042722 29 47.775 29 54.025 28.9969173337331 54.1034590957278 28.9876883405951 54.1814344650402 28.9723699203977 54.2584453638559 28.9510565162952 54.3340169943749 28.9238795325113 54.4076834323651 28.8910065241884 54.4789904997395 28.8526401643541 54.5474985647159 28.8090169943749 54.6127852522925 28.7604059656 54.6744480483302 28.7071067811865 54.7321067811865 28.6494480483302 54.7854059656 28.5877852522925 54.8340169943749 28.5224985647159 54.8776401643541 28.4539904997395 54.9160065241884 28.3826834323651 54.9488795325113 28.3090169943749 54.9760565162952 28.2334453638559 54.9973699203977 28.1564344650402 55.0126883405951 28.0784590957278 55.0219173337331 28 55.025 -38 55.025 -38.0784590957279 55.0219173337331 -38.1564344650403 55.0126883405951 -38.233445363856 54.9973699203977 -38.309016994375 54.9760565162952 -38.3826834323652 54.9488795325113 -38.4539904997396 54.9160065241884 -38.522498564716 54.8776401643541 -38.5877852522925 54.834016994375 -38.6494480483303 54.7854059656 -38.7071067811866 54.7321067811866 -38.7604059656001 54.6744480483302 -38.809016994375 54.6127852522925 -38.8526401643542 54.547498564716 -38.8910065241885 54.4789904997396 -38.9238795325114 54.4076834323651 -38.9510565162953 54.334016994375 -38.9723699203978 54.2584453638559 -38.9876883405952 54.1814344650402 -38.9969173337332 54.1034590957278 24.45 48.025 24.4449136006597 47.8955424920491 24.429685761982 47.7668831326836 24.4044103686562 47.6398151496377 24.369243251887 47.5151219592813 24.3244012286436 47.3935723365976 24.2701607649108 47.2759156754297 24.2068562711843 47.1628773682187 24.1348780407187 47.0551543337174 24.05466984324 46.9534107202552 23.9667261889578 46.8582738110422 23.8715892797448 46.7703301567599 23.7698456662826 46.6901219592813 23.6621226317813 46.6181437288157 23.5490843245702 46.5548392350892 23.4314276634024 46.5005987713564 23.3098780407187 46.455756748113 23.1851848503622 46.4205896313438 23.0581168673164 46.395314238018 22.9294575079509 46.3800863993403 22.8 46.375 22.6705424920491 46.3800863993403 22.5418831326836 46.395314238018 22.4148151496378 46.4205896313438 22.2901219592813 46.455756748113 22.1685723365976 46.5005987713564 22.0509156754297 46.5548392350892 21.9378773682187 46.6181437288157 21.8301543337174 46.6901219592813 21.7284107202552 46.7703301567599 21.6332738110422 46.8582738110422 21.5453301567599 46.9534107202552 21.4651219592813 47.0551543337174 21.3931437288157 47.1628773682187 21.3298392350892 47.2759156754297 21.2755987713564 47.3935723365976 21.230756748113 47.5151219592813 21.1955896313438 47.6398151496377 21.170314238018 47.7668831326836 21.1550863993403 47.8955424920491 21.15 48.025 21.1550863993403 48.1544575079509 21.170314238018 48.2831168673164 21.1955896313438 48.4101848503622 21.230756748113 48.5348780407187 21.2755987713564 48.6564276634024 21.3298392350892 48.7740843245703 21.3931437288157 48.8871226317813 21.4651219592813 48.9948456662826 21.5453301567599 49.0965892797448 21.6332738110422 49.1917261889578 21.7284107202552 49.2796698432401 21.8301543337174 49.3598780407187 21.9378773682187 49.4318562711843 22.0509156754297 49.4951607649108 22.1685723365976 49.5494012286436 22.2901219592813 49.594243251887 22.4148151496378 49.6294103686562 22.5418831326836 49.654685761982 22.6705424920491 49.6699136006596 22.8 49.675 22.9294575079509 49.6699136006596 23.0581168673164 49.654685761982 23.1851848503622 49.6294103686562 23.3098780407187 49.594243251887 23.4314276634024 49.5494012286436 23.5490843245702 49.4951607649108 23.6621226317813 49.4318562711843 23.7698456662826 49.3598780407187 23.8715892797448 49.2796698432401 23.9667261889578 49.1917261889578 24.05466984324 49.0965892797448 24.1348780407187 48.9948456662826 24.2068562711843 48.8871226317813 24.2701607649108 48.7740843245703 24.3244012286436 48.6564276634024 24.369243251887 48.5348780407187 24.4044103686562 48.4101848503622 24.429685761982 48.2831168673164 24.4449136006597 48.1544575079509 -31.15 -16.975 -31.1550863993403 -17.104457507951 -31.170314238018 -17.2331168673164 -31.1955896313438 -17.3601848503623 -31.230756748113 -17.4848780407187 -31.2755987713564 -17.6064276634024 -31.3298392350892 -17.7240843245703 -31.3931437288158 -17.8371226317813 -31.4651219592813 -17.9448456662826 -31.54533015676 -18.0465892797448 -31.6332738110422 -18.1417261889578 -31.7284107202552 -18.2296698432401 -31.8301543337174 -18.3098780407187 -31.9378773682187 -18.3818562711843 -32.0509156754298 -18.4451607649108 -32.1685723365976 -18.4994012286436 -32.2901219592814 -18.544243251887 -32.4148151496378 -18.5794103686562 -32.5418831326836 -18.604685761982 -32.6705424920491 -18.6199136006597 -32.8 -18.625 -32.929457507951 -18.6199136006597 -33.0581168673164 -18.604685761982 -33.1851848503623 -18.5794103686562 -33.3098780407187 -18.544243251887 -33.4314276634024 -18.4994012286436 -33.5490843245703 -18.4451607649108 -33.6621226317813 -18.3818562711842 -33.7698456662826 -18.3098780407187 -33.8715892797448 -18.22966984324 -33.9667261889578 -18.1417261889578 -34.0546698432401 -18.0465892797448 -34.1348780407187 -17.9448456662826 -34.2068562711843 -17.8371226317813 -34.2701607649108 -17.7240843245702 -34.3244012286436 -17.6064276634024 -34.369243251887 -17.4848780407186 -34.4044103686562 -17.3601848503622 -34.429685761982 -17.2331168673164 -34.4449136006597 -17.1044575079509 -34.45 -16.975 -34.4449136006597 -16.8455424920491 -34.429685761982 -16.7168831326836 -34.4044103686562 -16.5898151496378 -34.369243251887 -16.4651219592813 -34.3244012286436 -16.3435723365976 -34.2701607649108 -16.2259156754298 -34.2068562711843 -16.1128773682187 -34.1348780407187 -16.0051543337174 -34.05466984324 -15.9034107202552 -33.9667261889578 -15.8082738110422 -33.8715892797448 -15.7203301567599 -33.7698456662826 -15.6401219592813 -33.6621226317813 -15.5681437288157 -33.5490843245703 -15.5048392350892 -33.4314276634024 -15.4505987713564 -33.3098780407187 -15.405756748113 -33.1851848503622 -15.3705896313438 -33.0581168673164 -15.345314238018 -32.9294575079509 -15.3300863993403 -32.8 -15.325 -32.6705424920491 -15.3300863993403 -32.5418831326836 -15.345314238018 -32.4148151496378 -15.3705896313438 -32.2901219592813 -15.405756748113 -32.1685723365976 -15.4505987713564 -32.0509156754297 -15.5048392350892 -31.9378773682187 -15.5681437288157 -31.8301543337174 -15.6401219592813 -31.7284107202552 -15.7203301567599 -31.6332738110422 -15.8082738110422 -31.5453301567599 -15.9034107202552 -31.4651219592813 -16.0051543337174 -31.3931437288157 -16.1128773682187 -31.3298392350892 -16.2259156754298 -31.2755987713564 -16.3435723365976 -31.230756748113 -16.4651219592813 -31.1955896313438 -16.5898151496378 -31.170314238018 -16.7168831326836 -31.1550863993403 -16.8455424920491 -31.15 48.025 -31.1550863993403 47.8955424920491 -31.170314238018 47.7668831326836 -31.1955896313438 47.6398151496377 -31.230756748113 47.5151219592813 -31.2755987713564 47.3935723365976 -31.3298392350892 47.2759156754297 -31.3931437288157 47.1628773682187 -31.4651219592813 47.0551543337174 -31.5453301567599 46.9534107202552 -31.6332738110422 46.8582738110422 -31.7284107202552 46.7703301567599 -31.8301543337174 46.6901219592813 -31.9378773682187 46.6181437288157 -32.0509156754297 46.5548392350892 -32.1685723365976 46.5005987713564 -32.2901219592813 46.455756748113 -32.4148151496378 46.4205896313438 -32.5418831326836 46.395314238018 -32.6705424920491 46.3800863993403 -32.8 46.375 -32.9294575079509 46.3800863993403 -33.0581168673164 46.395314238018 -33.1851848503622 46.4205896313438 -33.3098780407187 46.455756748113 -33.4314276634024 46.5005987713564 -33.5490843245703 46.5548392350892 -33.6621226317813 46.6181437288157 -33.7698456662826 46.6901219592813 -33.8715892797448 46.7703301567599 -33.9667261889578 46.8582738110422 -34.05466984324 46.9534107202552 -34.1348780407187 47.0551543337174 -34.2068562711843 47.1628773682187 -34.2701607649108 47.2759156754297 -34.3244012286436 47.3935723365976 -34.369243251887 47.5151219592813 -34.4044103686562 47.6398151496377 -34.429685761982 47.7668831326836 -34.4449136006597 47.8955424920491 -34.45 48.025 -34.4449136006597 48.1544575079509 -34.429685761982 48.2831168673164 -34.4044103686562 48.4101848503622 -34.369243251887 48.5348780407187 -34.3244012286436 48.6564276634024 -34.2701607649108 48.7740843245703 -34.2068562711843 48.8871226317813 -34.1348780407187 48.9948456662826 -34.05466984324 49.0965892797448 -33.9667261889578 49.1917261889578 -33.8715892797448 49.2796698432401 -33.7698456662826 49.3598780407187 -33.6621226317813 49.4318562711843 -33.5490843245703 49.4951607649108 -33.4314276634024 49.5494012286436 -33.3098780407187 49.594243251887 -33.1851848503622 49.6294103686562 -33.0581168673164 49.654685761982 -32.9294575079509 49.6699136006597 -32.8 49.675 -32.6705424920491 49.6699136006597 -32.5418831326836 49.654685761982 -32.4148151496378 49.6294103686562 -32.2901219592813 49.594243251887 -32.1685723365976 49.5494012286436 -32.0509156754297 49.4951607649108 -31.9378773682187 49.4318562711843 -31.8301543337174 49.3598780407187 -31.7284107202552 49.2796698432401 -31.6332738110422 49.1917261889578 -31.5453301567599 49.0965892797448 -31.4651219592813 48.9948456662826 -31.3931437288157 48.8871226317813 -31.3298392350892 48.7740843245703 -31.2755987713564 48.6564276634024 -31.230756748113 48.5348780407187 -31.1955896313438 48.4101848503622 -31.170314238018 48.2831168673164 -31.1550863993403 48.1544575079509 24.45 5.525 24.4449136006597 5.39554249204905 24.429685761982 5.26688313268362 24.4044103686562 5.13981514963776 24.369243251887 5.01512195928134 24.3244012286436 4.8935723365976 24.2701607649108 4.77591567542975 24.2068562711843 4.66287736821868 24.1348780407187 4.55515433371742 24.05466984324 4.4534107202552 23.9667261889578 4.3582738110422 23.8715892797448 4.27033015675995 23.7698456662826 4.19012195928133 23.6621226317813 4.11814372881575 23.5490843245702 4.05483923508919 23.4314276634024 4.00059877135638 23.3098780407187 3.955756748113 23.1851848503622 3.92058963134384 23.0581168673164 3.89531423801802 22.9294575079509 3.88008639934034 22.8 3.875 22.6705424920491 3.88008639934034 22.5418831326836 3.89531423801802 22.4148151496378 3.92058963134384 22.2901219592813 3.955756748113 22.1685723365976 4.00059877135638 22.0509156754297 4.05483923508919 21.9378773682187 4.11814372881575 21.8301543337174 4.19012195928133 21.7284107202552 4.27033015675995 21.6332738110422 4.3582738110422 21.5453301567599 4.4534107202552 21.4651219592813 4.55515433371742 21.3931437288157 4.66287736821868 21.3298392350892 4.77591567542975 21.2755987713564 4.8935723365976 21.230756748113 5.01512195928134 21.1955896313438 5.13981514963776 21.170314238018 5.26688313268362 21.1550863993403 5.39554249204905 21.15 5.525 21.1550863993403 5.65445750795092 21.170314238018 5.78311686731636 21.1955896313438 5.91018485036222 21.230756748113 6.03487804071864 21.2755987713564 6.15642766340238 21.3298392350892 6.27408432457023 21.3931437288157 6.3871226317813 21.4651219592813 6.49484566628256 21.5453301567599 6.59658927974478 21.6332738110422 6.69172618895779 21.7284107202552 6.77966984324004 21.8301543337174 6.85987804071865 21.9378773682187 6.93185627118424 22.0509156754297 6.99516076491079 22.1685723365976 7.04940122864361 22.2901219592813 7.09424325188699 22.4148151496377 7.12941036865616 22.5418831326836 7.15468576198197 22.670542492049 7.16991360065965 22.8 7.175 22.9294575079509 7.16991360065966 23.0581168673164 7.15468576198198 23.1851848503622 7.12941036865617 23.3098780407186 7.09424325188701 23.4314276634024 7.04940122864362 23.5490843245702 6.99516076491081 23.6621226317813 6.93185627118426 23.7698456662826 6.85987804071868 23.8715892797448 6.77966984324006 23.9667261889578 6.69172618895782 24.05466984324 6.59658927974482 24.1348780407186 6.49484566628259 24.2068562711842 6.38712263178133 24.2701607649108 6.27408432457027 24.3244012286436 6.15642766340242 24.369243251887 6.03487804071868 24.4044103686562 5.91018485036226 24.429685761982 5.7831168673164 24.4449136006597 5.65445750795097 9.23938168249 4.70547554432 9.3516194186515 4.69107479765505 9.46237800171725 4.66782004455985 9.57106803579551 4.6362808030294 9.67707079696113 4.59663661190992 9.77978285873599 4.54911314791362 9.87861952712712 4.49398094094171 9.97301816902895 4.43155383407824 10.0624414150428 4.36218719702131 10.1463802184812 4.28627590311799 10.1911409747969 4.31237640390069 10.2667321143211 4.23176528575777 10.3363875426168 4.1459731296375 10.3997531934588 4.05543602654571 10.43798670486 3.99327821421 10.4732525839268 3.92938900923835 10.5208385247022 3.82965089420891 10.5611971384613 3.72677574830598 10.59412327891 3.62128649471 10.5493625225895 3.59518599392994 10.5710110337242 3.50091555736208 10.586538875086 3.40544587951781 10.595881481405 3.30917392642547 10.59900000582 3.2125 10.5952942831798 3.1071271593801 10.5841954250996 3.00227496212172 10.5657582706323 2.89846147910655 10.5400739170854 2.79619964896708 10.5072692699131 2.69599474367552 10.46751317477 2.59833883867 11.05255972237 2.93932322282 11.16191911693 2.74563034418 11.1629262202188 2.73752294824244 11.1632715991362 2.72472298434929 11.1638528634546 2.71614180905662 11.1650735044687 2.70832947723604 11.1668636218828 2.69699222531749 11.1671027538728 2.68835689464126 11.1661314857971 2.67985721532248 11.1642801515894 2.67153266426723 11.1153778411911 2.51089600638029 11.0540023890461 2.35459941110911 10.9805334584798 2.20360971589512 10.8954255220463 2.05886093014751 10.7992050501999 1.92124845754044 10.6924672545935 1.79162355712214 10.57587240615 1.67078807749875 10.4501417506827 1.5594894966672 10.3160530473296 1.4584162981798 10.1744357574023 1.36819371224362 10.0261659134081 1.28937984809961 9.872160699988 1.22246224160627 9.71337278029022 1.16785483938438 9.55078440287718 1.12589543817838 9.38540132561938 1.09684359527444 9.21824659416284 1.08087902290119 9.05035421345568 1.07810047654514 8.88276275148155 1.08852514405766 8.71650891476643 1.11208853933241 8.5526211354 1.14864490121 8.5452422546242 1.15084346804824 8.54043421400215 1.15267495883087 8.53202592718454 1.15701063634906 8.52551672249987 1.16170962576888 8.52014731363066 1.16611844148534 8.51604798850637 1.1694181551098 8.50863659763458 1.1745624898326 8.49618100050836 1.18209185690673 8.48929398238 1.18719843527 8.37458632428 1.37776679441 8.95949122327107 1.71900165731872 8.84718497737739 1.73378799577117 8.73631478543677 1.75700715188443 8.62751291939261 1.78852671115915 8.52139985591306 1.82816692345104 8.41858073792871 1.87570172805233 8.31964192361581 1.93086004287358 8.22514764250541 1.99332731037416 8.13563677778793 2.06274729142496 8.05161979316 2.13872409687 8.00685903683892 2.11262359609083 7.93126789736639 2.19323471417419 7.8616124691136 2.27902687022777 7.79824681831788 2.36956397325511 7.76001330679 2.43172178579 7.72474742770194 2.49561099078102 7.67716148693222 2.59534910580142 7.63680287317745 2.69822425169466 7.60387673272648 2.80371350528604 7.64863748905189 2.82981400606496 7.62698897791658 2.92408444263404 7.61146113655437 3.01955412047957 7.6021185302351 3.11582607357321 7.59900000582 3.2125 7.602694867288 3.31771849838657 7.61376124902364 3.42241863973926 7.63214463269696 3.52608462070077 7.65775445289998 3.6282057326863 7.69046454331554 3.7282788778802 7.73050809214 3.82563437176 7.14543892058 3.48567760409 7.03608501615 3.67936259161 7.03507728574042 3.68747103330481 7.03472939706702 3.70027532807499 7.03414684279123 3.70885871440372 7.03292594584777 3.71667148489653 7.03113628904149 3.72800794731402 7.0308973785511 3.73664289833116 7.03186859782394 3.7451426613061 7.03371986006006 3.7534673357689 7.08262217046068 3.91410399365366 7.14399762260778 4.07040058892255 7.2174665531759 4.22139028413413 7.30257448961088 4.36613906987925 7.39879496145848 4.50375154248378 7.50553275706581 4.63337644289954 7.62212760550994 4.75421192252038 7.74785826097767 4.86551050334943 7.88194696433082 4.96658370183439 8.02356425425801 5.05680628776822 8.17183409825181 5.13562015191 8.32583931167133 5.20253775840124 8.48462723136831 5.25714516062119 8.64721560878039 5.29910456182542 8.81259868603705 5.32815640472779 8.97975341749234 5.34412097709966 9.14764579819814 5.34689952345455 9.31523726017083 5.33647485594108 9.48149109688445 5.31291146066561 9.64537887625 5.27635509879 9.65276179852562 5.27413781619969 9.65757328191119 5.27229038236944 9.66597595829978 5.26798068611797 9.67246133255331 5.26339205271241 9.67966656483561 5.25753394428025 9.68404380516381 5.25407220669629 9.69205168945311 5.24842989057609 9.70003607957321 5.24241215586991 9.70639574698769 5.23503198551866 9.81813992695 5.04296243342 -23.1062469185507 2.32028066174786 -23.1737956935532 2.41878020834982 -23.2329177772306 2.52257607724213 -23.2835931324287 2.63074729131045 -23.3255003872344 2.74260785260046 -23.3583737750914 2.85744836613239 -23.3820048202325 2.97454053872735 -23.3962436597875 3.09314179768187 -23.40099999418 3.2125 -23.4008533192178 3.23347625736685 -23.4004133230158 3.25444841247803 -23.39968009162 3.27541236388 -23.4489950447198 3.29131195032252 -23.4394453295085 3.40140725294555 -23.4220755268234 3.51054231914772 -23.3969739292867 3.61816240333911 -23.37622230236 3.68812500086 -23.352200406017 3.75703408037263 -23.3097138212064 3.85904880213926 -23.2600666233146 3.95777706094837 -23.2035111733001 4.05271701259973 -23.1541962202061 4.03681742616173 -23.088480351292 4.12895534614248 -23.0160048313386 4.21587640649609 -22.937182222306 4.29708581500771 -22.8524612165265 4.37212129265155 -22.7623240825543 4.44055570508268 -22.6672839198842 4.50199949407023 -22.5678817381677 4.55610289503107 -22.464683377553 4.60255792804085 -22.35814483149 4.64068946202 -23.0018444651 4.84931653462 -22.93065104688 5.06003826584 -22.9252870350191 5.06620184627888 -22.9159864094206 5.07500919291916 -22.9099849441297 5.08117330718748 -22.9049833746154 5.08729819694367 -22.8977381060833 5.09619900227409 -22.8914688287483 5.10214169686002 -22.8844922988274 5.10709318832514 -22.8770585934246 5.11127259030252 -22.7248156257275 5.18210796709936 -22.5674766046197 5.24075951657576 -22.4060148159001 5.2868644252364 -22.2414290484574 5.3201374920387 -22.0747374158469 5.34037289262209 -21.9069710583266 5.34744545252012 -21.7391677643114 5.34131142147893 -21.5723655507024 5.3220087440927 -21.4075962418023 5.28965682508156 -21.2458790865381 5.2444557906642 -21.0882144534743 5.18668525059405 -20.9355776426177 5.11670256851714 -20.7889128522948 5.03494065135106 -20.6491273384209 4.94190527135952 -20.5170858022928 4.83817193748818 -20.3936050416194 4.72438233531526 -20.2794488978813 4.60124035763918 -20.1753235312717 4.46950775025758 -20.08187305245 4.32999939987257 -19.99967553813 4.18357829328 -19.9963973687468 4.17660136782982 -19.9945605761107 4.17178581210816 -19.9921594191045 4.16265274596088 -19.9912459525989 4.15476090114509 -19.9907970304379 4.14548559654614 -19.9904520047678 4.13991560397421 -19.9893065611728 4.13018678590623 -19.9884563042368 4.12022482425983 -19.9897050790573 4.11056289662914 -20.05810001085 3.89914007878 -20.6953966715327 4.10498004371073 -20.6282031304814 4.00621792455452 -20.5690813436452 3.9024222480524 -20.5184062463698 3.794251260004 -20.4764992072425 3.68239095332275 -20.4436259900544 3.56755071764317 -20.4199950683938 3.45045884055211 -20.4057563035597 3.33185788897397 -20.40099999418 3.2125 -20.4011466691422 3.19152374263315 -20.4015866653442 3.17055158752198 -20.4023198967415 3.14958763611526 -20.3530049436511 3.13368804968103 -20.3625546588749 3.02359274695419 -20.3799244615874 2.91445768065054 -20.4050260591562 2.80683759635897 -20.425777686 2.73687499914 -20.4497995823302 2.66796591967007 -20.4922861671439 2.56595119788895 -20.5419333650409 2.46722293906608 -20.59848881506 2.3722829874 -20.6478037681522 2.38818257384081 -20.7135205518155 2.29604346859134 -20.7859971600375 2.20912136765121 -20.8648210137548 2.12791108224129 -20.9495434016861 2.05287490860196 -21.039682034658 1.98443999633369 -21.1347237910761 1.92299591681272 -21.2341276379117 1.86889244552393 -21.3373277105771 1.82243757093507 -21.44387092866 1.78431562295 -20.80015582138 1.57568503644 -20.8713514493 1.36495394956 -20.8767151012682 1.35879153416239 -20.8860141780274 1.34998894742548 -20.8920148583792 1.34382726965953 -20.8970162721595 1.3377028633078 -20.9042618209727 1.3288011879668 -20.9105312330962 1.32285807500433 -20.9175077333249 1.31790667572115 -20.9249413949163 1.31372740970735 -21.0771843626125 1.24289203290898 -21.2345233837197 1.184240483431 -21.3959851724388 1.13813557476873 -21.5605709398811 1.10486250796477 -21.7272625724914 1.08462710737968 -21.8950289300116 1.07755454747994 -22.0628322240268 1.08368857851941 -22.2296344376359 1.10299125590393 -22.3944037465364 1.13534317491337 -22.556120901801 1.18054420932906 -22.7137855348654 1.23831474939758 -22.8664223457226 1.30829743147289 -23.0130871360464 1.39005934863743 -23.1528726499211 1.48309472862751 -23.2849141860503 1.58682806249745 -23.4083949467248 1.70061766466907 -23.5225510904642 1.82375964234392 -23.6266764570752 1.95549224972441 -23.7201269358983 2.09500060010841 -23.80232445022 2.24142170671 -23.8056138554389 2.24838312832525 -23.8074602193376 2.25318547706824 -23.809845778727 2.26234006570468 -23.8106929940127 2.27032332778288 -23.8109953005622 2.27726428004893 -23.8112754137295 2.28251919327978 -23.8123933796935 2.29147145816133 -23.8151032619899 2.30577145139006 -23.81589925862 2.31430811061 -23.75060419077 2.52693147473 -20.48079906187 45.7311346727 -20.520730094375 45.6252564358018 -20.5689341301728 45.5228620268962 -20.624721021378 45.4243934186397 -20.6877731981609 45.3304111487944 -20.7577317326691 45.241450216404 -20.8341983822437 45.1580170362826 -20.9167378564363 45.0805865562225 -21.004880294923 45.0095995533281 -21.098123942213 44.9454601248691 -21.0830657086617 44.8958817923791 -21.1789543977204 44.8409497250562 -21.2785133242518 44.7929893991848 -21.3812364192464 44.7522446024081 -21.45054347634 44.72939888222 -21.520849799493 44.709840414662 -21.6288811351212 44.6865736169549 -21.7382956742259 44.6710632337987 -21.84853725333 44.6633881058 -21.8635954868729 44.7129664382438 -21.9768616249538 44.7144195572412 -22.0896951383291 44.7244159490894 -22.2014525585547 44.7428986062334 -22.3114965539448 44.7697621255331 -22.4191995641553 44.8048533093573 -22.5239473790431 44.8479720392413 -22.6251426413919 44.8988724171254 -22.7222082535287 44.9572641676651 -22.81459543409 45.0228080877 -22.61793507697 44.37483158464 -22.83164709563 44.31315840169 -22.8397679187597 44.314050790271 -22.8523016532274 44.3166706876905 -22.8607851087607 44.318086816141 -22.8686681565244 44.3187032988242 -22.8801123553396 44.3195797204891 -22.8885694925985 44.3213412395686 -22.8966151232812 44.3242491145922 -22.9042871226788 44.3279728241478 -23.0492885147055 44.4126496694541 -23.1871866916341 44.5084602357842 -23.3171286270738 44.6148118471256 -23.4383105112665 44.7310466214586 -23.5499827233862 44.8564455403575 -23.6514544686291 44.9902328967783 -23.7420980514117 45.1315810935162 -23.8213527582425 45.2796157626511 -23.8887283262475 45.4334211743138 -23.943807975895 45.5920459013126 -23.9862509891581 45.7545087045811 -24.0157948171676 45.9198046030398 -24.0322567043167 46.0869110903232 -24.0355348187722 46.2547944599176 -24.0256088823969 46.422416199581 -24.0025402961887 46.5887394154923 -23.9664717604593 46.7527352463877 -23.9176263921024 46.913389228009 -23.8563063444111 47.0697075684936 -23.78289093801 47.2207232959 -23.7790477686463 47.2273949992827 -23.77615544622 47.2316501237336 -23.7699952088962 47.2388298774452 -23.7639200418703 47.2440779811889 -23.7583904220768 47.2482841091388 -23.7542332297077 47.2515106131455 -23.7475164102525 47.257533671374 -23.7373141507114 47.2679138047319 -23.73075516228 47.2734353835 -23.51884811263 47.3410338202 -23.3219111075173 46.6931366694234 -23.2815891734526 46.7989925558569 -23.2333939988127 46.9015037854894 -23.1776004316194 47.0000857560479 -23.1145266520986 47.0941762730849 -23.0445323581587 47.1832387560685 -22.9680167141009 47.2667652983994 -22.8854160742604 47.3442795639077 -22.7972014945595 47.4153395033077 -22.70387604615 47.4795398751 -22.7189342796932 47.5291182075982 -22.6230455905416 47.5840502749705 -22.5234866639108 47.6320106008778 -22.4207635688056 47.6727553976595 -22.35145651716 47.6956011163 -22.2811501887022 47.7151595854086 -22.1731188531209 47.7384263830946 -22.063704314065 47.7539367662367 -21.9534627349969 47.761611894204 -21.938404501466 47.7120335617567 -21.8252414455457 47.7105856592027 -21.7125096400673 47.7006100048069 -21.6008508032503 47.6821633843109 -21.4909005455123 47.655350803861 -21.3832847512993 47.6203248922679 -21.2786160162807 47.577285032177 -21.1774901601898 47.5264762250967 -21.0804828351598 47.4681876967437 -20.98840870621 47.4024090379 -21.18406379076 48.0501695561 -20.97036071777 48.1118392197 -20.9622387323311 48.1109471997664 -20.9497002044387 48.1083287440932 -20.9412142997375 48.1069133601223 -20.9333307660537 48.1062970251428 -20.9218874417669 48.1054203376376 -20.9134307250593 48.1036586907148 -20.9053850017177 48.1007508438526 -20.8977128656304 48.0970271758251 -20.7527114736029 48.0123503305129 -20.6148132966741 47.9165397641767 -20.4848713612349 47.8101881528289 -20.3636894770434 47.6939533784895 -20.2520172649257 47.5685544595839 -20.1505455196854 47.4347671031565 -20.0599019369062 47.2934189064121 -19.9806472300795 47.1453842372708 -19.9132716620794 46.991578825602 -19.8581920124376 46.8329540985974 -19.8157489991809 46.6704912953234 -19.7862051711786 46.5051953968597 -19.7697432840371 46.3380889095719 -19.7664651695899 46.1702055399737 -19.7763911059742 46.0025838003072 -19.7994596921918 45.8362605843935 -19.835528227931 45.6722647534966 -19.8843735962981 45.5116107718745 -19.9456936439999 45.3552924313901 -20.01910905035 45.2042767041 -20.0229713628882 45.1976053905509 -20.0258799924635 45.1933505981814 -20.0320136551765 45.186170303308 -20.0379759459333 45.1809199009513 -20.0453396365453 45.1752622630046 -20.0497186532087 45.1718027727422 -20.0570577436734 45.165314345178 -20.0647566794261 45.15893547344 -20.0734060207588 45.1544520393631 -20.28608931893 45.0900836524 8.38415446293563 47.5312099187533 7.71308725883 47.6161619876 7.74387104703 47.836454445 7.74799574175889 47.843506467374 7.75549651568855 47.8538841719409 7.76024727386577 47.8610538814321 7.76402310862999 47.8680012237101 7.76948772446738 47.8780945767283 7.77454315818751 47.8850994828595 7.78047769840894 47.8912613935093 7.78700495815975 47.8967496055492 7.92342765561951 47.9946496537389 8.06712234362561 48.0815254757872 8.21720013906288 48.15683966525 8.37273267345665 48.2201263349586 8.5327578357811 48.2709939989583 8.69628572399628 48.3091279942071 8.86230476849783 48.3342924270547 9.02978798960057 48.3463316324603 9.19769935034742 48.3451711369237 9.36500016534589 48.3308181191714 9.53065552598753 48.3033613657501 9.69364070230458 48.2629707218007 9.85294748186234 48.2098960404103 10.0075904064755 48.1444656370428 10.1566128681687 48.0670842586068 10.2990930266719 47.9782305797261 10.4341495118463 47.8784542416991 10.5609468757645 47.7683724524642 10.6787007607206 47.6486661686045 10.78668275119 47.520075883 10.7912088299494 47.5138472243333 10.7939156843888 47.5094717755432 10.7979613390179 47.5009201637024 10.8002777314358 47.4932335146862 10.8018649654013 47.4864697216816 10.8031169889746 47.4813584582971 10.8058795333512 47.4727700217103 10.811200295168 47.4592229643675 10.81356922797 47.4509830421 10.78893490536 47.2299280919 10.117695296898 47.3135267498728 10.1978082636101 47.2335878574404 10.271666172035 47.1478363366269 10.3388485798263 47.056760335166 10.3989730454855 46.9608783108448 10.4516973054425 46.860736080139 10.4967212224196 46.7569037111071 10.5337884939883 46.6499722782299 10.5626881115922 46.5405504976691 10.5832555617293 46.4292612620948 10.6346665024248 46.4228055186351 10.6457479199205 46.3128538249816 10.6489670469982 46.2023920217561 10.644307520493 46.091981598499 10.63692231646 46.0193809527 10.6261280070782 45.9472075807038 10.6033445422937 45.8390732795522 10.5729143653337 45.732837138417 10.53499215541 45.6290391647 10.4835812147151 45.6354949081901 10.436137378194 45.5327473630793 10.3810819759369 45.4338692647337 10.3187284071665 45.3394234701649 10.2494316154342 45.2499476057894 10.1735860681272 45.1659510070259 10.0916235109891 45.0879118189373 10.0040105104359 45.0162742744219 9.91124579765773 44.9514461654466 9.81365187161 44.89417571631 10.48491333777 44.80883652413 10.45412998172 44.58855367006 10.4500051499396 44.5815004360843 10.4425037389438 44.5711177666715 10.4377526624117 44.5639455172318 10.4339767644854 44.556997671021 10.4285122623216 44.5469052249396 10.4234568832619 44.5399007549369 10.4175223310008 44.5337387481885 10.4109950535636 44.5282503945158 10.2745723561071 44.4303503463182 10.1308776681034 44.3434745242619 9.98079987266793 44.2681603347911 9.82526733827525 44.2048736650746 9.66524217595119 44.1540060010671 9.50171428773577 44.1158720058106 9.33569524323335 44.0907075729555 9.16821202212913 44.0786683675426 9.00030066138024 44.0798288630722 8.8329998463792 44.0941818808179 8.6673444857345 44.1216386342329 8.50435930941394 44.1620292781765 8.3450525298523 44.2151039595615 8.19040960523488 44.2805343629241 8.04138714353715 44.3579157413556 7.89890698502907 44.4467694202324 7.76385049984968 44.546545758256 7.63705313592635 44.656627547488 7.51929925096503 44.7763338313453 7.41131726046 44.90492411697 7.40679933983849 44.9111700978228 7.40409943491905 44.9155603025509 7.4000424551426 44.9240878676928 7.39767795891554 44.9316723777776 7.39551275116207 44.9407025871842 7.39413837888814 44.9461113727072 7.39120448873165 44.9554577212258 7.38851730363831 44.9650880199305 7.38794833949112 44.9748136851699 7.4158516616 45.19526522 8.08030287179731 45.1114749552649 8.0001902287947 45.1914137774342 7.92633262191215 45.2771651900422 7.85915048970821 45.3682410483759 7.79902627022845 45.4641228980172 7.74630222395541 45.5642649261737 7.70127848547177 45.6680970687483 7.66421135492732 45.7750282554615 7.63531183903613 45.8844497745514 7.61474444991 45.9957387379 7.56333350920479 46.0021944813673 7.55225209171584 46.1121461749197 7.54903296463052 46.2226079780437 7.55369249113127 46.3330184011991 7.56107769519 46.4056190473 7.57187200456508 46.4777924192974 7.59465546934975 46.5859267204494 7.62508564631007 46.692162861585 7.66300785623417 46.7959608352536 7.71441879692539 46.7895050918111 7.76186331391915 46.8922539754738 7.8169195946157 46.9911333021431 7.87927422648098 47.0855801928894 7.94857225049963 47.1750570007997 8.02441918180926 47.2590543715777 8.10638325533889 47.3370941430864 8.19399788366809 47.4087320673266 8.28676431311536 47.473560339356 -5.605 -44.105 -5.60499999999999 -43.8977178028659 -5.855 -44.105 -5.85499999999844 -43.8977178028666 -5.855 -43.35228219713 -5.87605150312848 -43.3629523737297 -5.89619907978734 -43.375244387695 -5.91531803473245 -43.3890821626012 -5.93329003895604 -43.4043800551599 -5.9500038620361 -43.4210433852772 -5.96535606055187 -43.438969022038 -5.97925161830491 -43.4580460219929 -5.99160453438323 -43.4781563157976 -6.0023383554291 -43.499175438955 -6.01138664881594 -43.5209733021377 -6.01869341380623 -43.5434149963234 -6.02421342814519 -43.5663616277592 -6.02791252794565 -43.5896711775878 -6.02976781913154 -43.6131993808164 -6.02976781913148 -43.6368006191853 -6.02791252794545 -43.6603288224139 -6.02421342814485 -43.6836383722425 -6.01869341380576 -43.7065850036782 -6.01138664881535 -43.7290266978639 -6.00233835542837 -43.7508245610466 -5.99160453438239 -43.7718436842039 -5.97925161830395 -43.7919539780085 -5.9653560605508 -43.8110309779634 -5.95000386203493 -43.8289566147241 -5.93329003895477 -43.8456199448413 -5.91531803473109 -43.8609178373998 -5.89619907978591 -43.8747556123059 -5.87605150312697 -43.8870476262712 -5.855 -43.145 -5.605 -43.145 -5.60500000000155 -43.3522821971334 -5.58394849687151 -43.8870476262703 -5.56380092021265 -43.874755612305 -5.54468196526754 -43.8609178373988 -5.52670996104396 -43.8456199448401 -5.5099961379639 -43.8289566147228 -5.49464393944812 -43.811030977962 -5.48074838169509 -43.7919539780071 -5.46839546561677 -43.7718436842024 -5.4576616445709 -43.750824561045 -5.44861335118405 -43.7290266978623 -5.44130658619376 -43.7065850036766 -5.43578657185481 -43.6836383722408 -5.43208747205435 -43.6603288224122 -5.43023218086845 -43.6368006191836 -5.43023218086852 -43.6131993808147 -5.43208747205455 -43.5896711775861 -5.43578657185515 -43.5663616277575 -5.44130658619423 -43.5434149963218 -5.44861335118465 -43.5209733021361 -5.45766164457162 -43.4991754389534 -5.4683954656176 -43.4781563157961 -5.48074838169605 -43.4580460219915 -5.49464393944919 -43.4389690220366 -5.50999613796506 -43.4210433852759 -5.52670996104522 -43.4043800551587 -5.5446819652689 -43.3890821626002 -5.56380092021409 -43.3752443876941 -5.58394849687302 -43.3629523737288 -5.605 -35.105 -5.605 -34.145 -5.855 -35.105 -5.855 -34.145 -5.605 -26.105 -5.605 -25.145 -5.855 -26.105 -5.855 -25.145 -5.605 -17.105 -5.605 -16.145 -5.855 -17.105 -5.855 -16.145 -5.605 -6.405 -5.605 -5.445 -5.855 -6.405 -5.855 -5.445 -24.855 -48.605 -24.855 -47.645 -24.605 -47.645 -24.605 -48.605 -24.855 -39.605 -24.855 -38.645 -24.605 -38.645 -24.605 -39.605 -24.855 -30.605 -24.855 -29.645 -24.605 -29.645 -24.605 -30.605 -24.855 -21.605 -24.855 -20.645 -24.605 -20.645 -24.605 -21.605 -24.855 -10.905 -24.855 -9.945 -24.605 -9.945 -24.605 -10.905 -12.55 -2.825 -13.51 -2.825 -12.55 -3.075 -13.51 -3.075 -19.75 -2.825 -20.71 -2.825 -19.75 -3.075 -20.71 -3.075 17.395 -44.105 17.395 -43.8977178028659 17.145 -44.105 17.1450000000016 -43.8977178028666 17.145 -43.35228219713 17.1239484968715 -43.3629523737297 17.1038009202127 -43.375244387695 17.0846819652675 -43.3890821626012 17.066709961044 -43.4043800551599 17.0499961379639 -43.4210433852772 17.0346439394481 -43.438969022038 17.0207483816951 -43.4580460219929 17.0083954656168 -43.4781563157976 16.9976616445709 -43.499175438955 16.9886133511841 -43.5209733021377 16.9813065861938 -43.5434149963234 16.9757865718548 -43.5663616277592 16.9720874720544 -43.5896711775878 16.9702321808685 -43.6131993808164 16.9702321808685 -43.6368006191853 16.9720874720546 -43.6603288224139 16.9757865718552 -43.6836383722425 16.9813065861942 -43.7065850036782 16.9886133511847 -43.7290266978639 16.9976616445716 -43.7508245610466 17.0083954656176 -43.7718436842039 17.0207483816961 -43.7919539780085 17.0346439394492 -43.8110309779634 17.0499961379651 -43.8289566147241 17.0667099610452 -43.8456199448413 17.0846819652689 -43.8609178373998 17.1038009202141 -43.8747556123059 17.123948496873 -43.8870476262712 17.145 -43.145 17.395 -43.145 17.3949999999984 -43.3522821971334 17.4160515031285 -43.8870476262703 17.4361990797873 -43.874755612305 17.4553180347325 -43.8609178373988 17.4732900389561 -43.8456199448401 17.4900038620361 -43.8289566147228 17.5053560605519 -43.811030977962 17.5192516183049 -43.7919539780071 17.5316045343832 -43.7718436842024 17.5423383554291 -43.750824561045 17.5513866488159 -43.7290266978623 17.5586934138062 -43.7065850036766 17.5642134281452 -43.6836383722408 17.5679125279457 -43.6603288224122 17.5697678191315 -43.6368006191836 17.5697678191315 -43.6131993808147 17.5679125279455 -43.5896711775861 17.5642134281449 -43.5663616277575 17.5586934138058 -43.5434149963218 17.5513866488154 -43.5209733021361 17.5423383554284 -43.4991754389534 17.5316045343824 -43.4781563157961 17.519251618304 -43.4580460219915 17.5053560605508 -43.4389690220366 17.4900038620349 -43.4210433852759 17.4732900389548 -43.4043800551587 17.4553180347311 -43.3890821626002 17.4361990797859 -43.3752443876941 17.416051503127 -43.3629523737288 17.395 -35.105 17.395 -34.145 17.145 -35.105 17.145 -34.145 17.395 -26.105 17.395 -25.145 17.145 -26.105 17.145 -25.145 17.395 -17.105 17.395 -16.145 17.145 -17.105 17.145 -16.145 17.395 -6.405 17.395 -5.445 17.145 -6.405 17.145 -5.445 -1.855 -48.605 -1.855 -47.645 -1.605 -47.645 -1.605 -48.605 -1.855 -39.605 -1.855 -38.645 -1.605 -38.645 -1.605 -39.605 -1.855 -30.605 -1.855 -29.645 -1.605 -29.645 -1.605 -30.605 -1.855 -21.605 -1.855 -20.645 -1.605 -20.645 -1.605 -21.605 -1.855 -10.905 -1.855 -9.945 -1.605 -9.945 -1.605 -10.905 10.45 -2.825 9.49 -2.825 10.45 -3.075 9.49 -3.075 3.25 -2.825 2.29 -2.825 3.25 -3.075 2.29 -3.075 51 52 53 59 54 55 59 55 56 59 56 57 59 57 58 49 50 51 61 59 60 62 54 59 62 51 53 62 59 61 62 53 54 46 47 48 46 48 49 46 49 51 46 51 62 44 45 46 44 46 62 64 62 63 64 44 62 1211 44 64 1214 1211 64 1212 44 1211 10 11 12 6 7 8 6 8 9 6 9 10 6 12 13 6 13 14 6 14 15 6 15 16 6 16 17 6 10 12 4 5 6 21 4 6 21 6 17 21 17 18 21 18 19 21 19 20 2 3 4 2 4 21 2 21 22 1215 44 1212 1218 1212 1213 1218 1215 1212 43 1215 1216 43 44 1215 23 2 22 24 2 23 1219 43 1216 1222 1216 1217 1222 1219 1216 1220 39 40 1220 40 41 1220 41 42 1220 42 43 1220 43 1219 362 363 2 364 2 363 365 2 364 361 362 2 360 24 25 360 2 24 360 361 2 366 2 365 359 25 26 359 360 25 367 2 366 358 26 27 358 359 26 368 2 367 357 27 28 357 358 27 369 2 368 356 28 29 356 357 28 370 2 369 355 29 30 355 356 29 371 2 370 354 30 31 354 31 32 354 355 30 372 2 371 353 32 33 353 354 32 373 2 372 352 33 34 352 353 33 374 2 373 351 34 35 351 352 34 375 2 374 350 351 35 350 35 36 376 2 375 349 350 36 349 36 37 377 2 376 378 2 377 1319 1214 64 1133 1213 1214 1133 1214 1319 1160 1159 1133 1158 1133 1159 1161 1160 1133 1157 1133 1158 1162 1161 1133 1156 1133 1157 1163 1162 1133 1155 1213 1133 1155 1133 1156 1134 1163 1133 1154 1213 1155 1153 1213 1154 1152 1213 1153 1151 1213 1152 1150 1213 1151 1149 1218 1213 1149 1213 1150 1148 1218 1149 1147 1218 1148 1146 1218 1147 1145 1218 1146 1144 1218 1145 1320 1131 1133 1320 1133 1319 1167 1132 1131 1168 1167 1131 1169 1168 1131 1170 1169 1131 1171 1170 1131 1172 1171 1131 1173 1172 1131 1174 1173 1131 1175 1174 1131 1175 1131 1320 1176 1175 1320 1177 1176 1320 1178 1177 1320 1179 1178 1320 1180 1320 1321 1180 1179 1320 1164 1218 1144 1164 1136 1135 1164 1137 1136 1164 1138 1137 1164 1139 1138 1164 1140 1139 1164 1141 1140 1164 1142 1141 1164 1143 1142 1164 1144 1143 1165 1187 1186 1165 1188 1187 1165 1189 1188 1165 1190 1189 1165 1191 1190 1165 1192 1191 1165 1193 1192 1165 1194 1193 1165 1166 1194 1223 349 37 1223 37 38 1223 38 39 1223 343 344 1223 344 345 1223 345 346 1223 346 347 1223 347 348 1223 348 349 1223 39 1220 1226 1220 1221 1226 1223 1220 1224 411 412 1224 412 333 1224 333 334 1224 334 335 1224 335 336 1224 336 337 1224 337 338 1224 338 339 1224 339 340 1224 340 341 1224 341 342 1224 342 343 1224 343 1223 1323 1164 1165 1323 1182 1181 1323 1183 1182 1323 1184 1183 1323 1185 1184 1323 1186 1185 1323 1165 1186 1326 1181 1180 1326 1180 1321 1326 1323 1181 1197 1217 1218 1197 1164 1323 1197 1218 1164 1324 1195 1197 1324 1197 1323 1325 1195 1324 1198 1221 1222 1198 1222 1217 1198 1217 1197 1196 1195 1325 1227 404 405 1227 405 406 1227 406 407 1227 407 408 1227 408 409 1227 409 410 1227 410 411 1227 1224 1225 1227 411 1224 1227 398 399 1227 399 400 1227 400 401 1227 401 402 1227 402 403 1227 403 404 1230 1227 1225 1228 398 1227 1228 391 392 1228 392 393 1228 393 394 1228 394 395 1228 395 396 1228 396 397 1228 397 398 1327 1198 1196 1330 1196 1325 1330 1327 1196 1201 1198 1327 1201 1221 1198 1328 1199 1201 1328 1201 1327 1329 1199 1328 1202 1221 1201 1202 1226 1221 1241 1321 1322 1268 1267 1241 1266 1241 1267 1269 1268 1241 1265 1241 1266 1270 1269 1241 1264 1241 1265 1271 1270 1241 1263 1321 1241 1263 1241 1264 1242 1271 1241 1262 1321 1263 1261 1321 1262 1260 1321 1261 1259 1321 1260 1258 1321 1259 1257 1321 1258 1257 1326 1321 1256 1326 1257 1255 1326 1256 1254 1326 1255 1253 1326 1254 1252 1326 1253 1275 1240 1239 1276 1275 1239 1277 1276 1239 1278 1277 1239 1279 1278 1239 1280 1279 1239 1281 1280 1239 1282 1281 1239 1283 1282 1239 1272 1244 1243 1272 1245 1244 1272 1246 1245 1272 1247 1246 1272 1248 1247 1272 1249 1248 1272 1250 1249 1272 1251 1250 1272 1252 1251 1272 1326 1252 1273 1295 1294 1273 1296 1295 1273 1297 1296 1273 1298 1297 1273 1299 1298 1273 1300 1299 1273 1301 1300 1273 1302 1301 1273 1274 1302 65 1241 1322 65 1322 1319 65 1239 1241 65 1319 64 1238 1228 1229 68 65 66 68 66 67 70 68 69 1331 1202 1200 72 70 71 73 68 70 73 70 72 1334 1331 1200 1334 1199 1329 1334 1200 1199 74 68 73 75 68 74 75 65 68 1205 1225 1226 1205 1226 1202 76 65 75 1237 1229 1230 1237 1238 1229 78 76 77 79 76 78 1332 1205 1202 1332 1202 1331 1332 1203 1205 81 76 79 81 79 80 81 65 76 1333 1203 1332 83 65 81 83 81 82 85 1283 1239 85 65 83 85 1284 1283 85 1285 1284 85 1286 1285 85 1287 1286 85 1288 1287 85 1289 1288 85 1290 1289 85 1291 1290 85 1292 1291 85 83 84 85 1239 65 1206 1225 1205 1206 1230 1225 1204 1203 1333 841 1228 840 839 1228 1238 839 840 1228 842 1228 841 838 839 1238 843 1228 842 837 1238 1236 837 838 1238 844 1228 843 836 837 1236 845 1228 844 845 391 1228 845 390 391 846 390 845 846 389 390 847 389 846 847 387 388 847 388 389 851 849 850 852 849 851 852 847 848 852 848 849 852 387 847 853 387 852 853 382 383 853 383 384 853 384 385 853 385 386 853 386 387 835 836 1236 834 835 1236 833 834 1236 832 833 1236 831 832 1236 830 831 1236 716 854 715 829 830 1236 717 854 716 718 854 717 828 829 1236 719 854 718 720 854 719 827 828 1236 725 720 721 725 721 722 725 854 720 723 725 722 724 725 723 826 827 1236 726 854 725 727 854 726 825 1236 1235 825 826 1236 728 854 727 729 854 728 824 825 1235 823 824 1235 822 823 1235 821 822 1235 818 819 820 817 818 820 817 820 821 817 821 1235 816 817 1235 815 816 1235 811 812 815 810 811 815 735 733 734 809 810 815 736 733 735 808 809 815 807 808 815 804 807 815 804 805 806 804 806 807 744 729 730 744 730 731 744 731 732 744 732 733 744 736 737 744 737 738 744 738 739 744 739 740 744 733 736 803 804 815 741 744 740 1305 1326 1272 1305 1330 1325 1305 1325 1326 802 803 815 749 746 747 749 747 748 750 746 749 1303 1305 1272 1303 1272 1273 1303 1294 1293 1303 1273 1294 796 794 795 793 794 796 792 793 796 791 792 796 1306 1329 1330 1306 1330 1305 1234 1237 1230 1234 1230 1206 1232 1235 1237 1232 815 1235 1232 1237 1234 1232 802 815 1232 798 799 1232 799 800 1232 800 801 1232 801 802 783 791 796 783 798 1232 783 786 787 783 787 788 783 788 789 783 789 790 783 790 791 783 796 797 783 797 798 782 783 1232 781 782 1232 778 779 780 777 780 781 777 778 780 1233 1234 1206 1231 781 1232 1231 773 774 1231 774 775 1231 775 776 1231 776 777 1231 777 781 1335 1206 1204 1338 1335 1204 1338 1204 1333 1209 1233 1206 1209 1206 1335 1336 1209 1335 1336 1207 1209 1337 1207 1336 1210 1233 1209 1210 1231 1233 1208 1207 1337 1208 1231 1210 1309 1329 1306 1307 1309 1306 1307 1306 1304 1310 1329 1309 1310 1334 1329 1346 1208 1337 1344 1231 1208 1344 1208 1346 1313 1333 1334 1313 1334 1310 1313 1310 1308 1345 1337 1338 1345 1346 1337 1311 1313 1308 1314 1333 1313 1314 1338 1333 117 1307 1304 116 117 1304 118 1307 117 119 1307 118 115 116 1304 120 1307 119 114 115 1304 121 1307 120 113 114 1304 112 113 1304 122 1307 121 123 1307 122 111 112 1304 124 1307 123 124 1308 1307 125 1308 124 126 1308 125 127 1311 1308 127 1308 126 127 1312 1311 86 106 107 86 1292 85 86 107 108 86 108 109 86 109 110 86 110 111 86 1303 1293 86 1293 1292 86 111 1304 86 1304 1303 104 105 106 102 103 104 91 88 89 91 89 90 100 101 102 100 102 104 92 88 91 92 86 87 92 87 88 99 100 104 93 104 106 93 86 92 93 106 86 97 98 99 95 93 94 96 99 104 96 104 93 96 93 95 96 97 99 1342 1343 1345 1342 1345 1338 1342 1338 1314 1340 1343 1342 1341 1342 1314 641 1343 1340 640 641 1340 637 638 639 637 639 640 636 637 640 635 640 1340 635 636 640 634 635 1340 633 634 1340 632 633 1340 642 1343 641 631 632 1340 630 631 1340 654 642 653 629 630 1340 655 1343 642 655 642 654 656 1343 655 657 1343 656 651 652 653 650 653 642 650 651 653 658 1343 657 649 650 642 659 1343 658 648 649 642 628 629 1340 647 648 642 646 647 642 627 628 1340 645 646 642 663 661 662 664 661 663 673 1343 659 673 661 664 673 659 660 673 660 661 626 1340 1339 626 627 1340 674 1344 1343 674 1343 673 665 673 664 675 1344 674 1317 1314 1312 1317 1341 1314 678 675 676 678 676 677 679 675 678 679 1344 675 680 1344 679 681 1344 680 682 1231 1344 682 1344 681 666 673 665 625 626 1339 667 673 666 1315 1317 1312 1315 1312 127 683 1231 682 668 673 667 624 625 1339 669 673 668 684 1231 683 670 673 669 623 624 1339 685 773 1231 685 772 773 685 1231 684 622 623 1339 686 771 772 686 772 685 1318 1339 1341 1318 1341 1317 621 622 1339 687 770 771 687 771 686 620 621 1339 688 770 687 688 769 770 619 620 1339 689 768 769 689 769 688 618 619 1339 690 768 689 690 767 768 617 618 1339 691 767 690 443 854 729 443 853 854 443 729 744 442 744 745 442 443 744 444 382 853 444 853 443 441 442 745 445 382 444 445 381 382 616 617 1339 616 1339 1318 446 381 445 446 380 381 440 441 745 439 440 745 438 439 745 438 745 746 437 746 750 437 438 746 615 616 1318 436 437 750 436 750 751 435 436 751 435 751 752 614 615 1318 434 435 752 433 752 753 433 434 752 613 614 1318 606 607 608 605 606 608 605 608 609 603 595 596 603 596 597 603 597 598 603 598 599 603 599 600 594 595 603 591 592 593 591 593 594 591 594 603 590 591 603 589 590 603 583 580 581 583 581 582 712 575 576 712 576 577 712 577 578 712 578 579 712 580 583 712 579 580 712 583 584 712 584 585 709 707 708 709 706 707 710 706 709 1 380 446 1 2 378 1 446 447 1 447 448 1 448 449 1 449 450 1 450 451 1 451 452 1 452 453 1 453 454 1 454 455 1 455 456 1 456 457 1 457 458 1 458 459 1 459 460 1 460 461 1 378 379 1 379 380 462 1 461 463 1 462 250 251 252 250 252 1 464 1 463 247 248 249 246 247 249 246 249 250 245 246 250 243 245 250 243 244 245 241 242 243 239 240 241 239 241 243 238 239 243 237 238 243 235 236 237 233 250 1 233 1 464 233 237 243 233 234 235 233 243 250 233 464 465 233 465 466 233 466 467 233 467 468 233 468 469 233 469 470 233 470 471 233 471 472 233 472 473 233 473 474 233 235 237 475 233 474 476 233 475 477 233 476 478 233 477 479 233 478 897 427 428 896 897 428 896 428 429 898 426 427 898 427 897 895 429 430 895 896 429 899 425 426 899 426 898 894 430 431 894 431 432 894 895 430 900 424 425 900 425 899 893 894 432 892 433 753 892 432 433 892 753 754 892 893 432 891 892 754 891 754 755 891 755 756 890 756 757 890 891 756 901 424 900 901 423 424 887 888 889 886 887 889 886 889 890 886 890 757 885 757 758 885 758 759 885 759 760 885 760 761 885 761 762 885 886 757 902 422 423 902 423 901 903 421 422 903 422 902 884 885 762 904 420 421 904 421 903 905 419 420 905 420 904 906 418 419 906 419 905 907 417 418 907 418 906 880 881 884 879 880 884 908 415 416 908 416 417 908 417 907 878 879 884 877 878 884 909 414 415 909 415 908 876 877 884 910 413 414 910 414 909 873 876 884 873 875 876 874 875 873 872 873 884 911 413 910 911 492 413 871 872 884 870 871 884 870 884 762 912 492 911 912 491 492 869 870 762 869 762 763 868 869 763 913 491 912 913 490 491 914 490 913 915 490 914 915 489 490 916 489 915 916 487 488 916 488 489 920 918 919 921 916 917 921 917 918 921 487 916 921 918 920 922 487 921 922 483 484 922 484 485 922 485 486 922 486 487 923 483 922 923 482 483 927 923 926 928 923 927 863 864 865 929 923 928 862 863 865 930 923 929 931 923 930 992 868 763 992 858 859 992 859 860 992 860 861 992 861 862 992 865 866 992 866 867 992 867 868 992 862 865 934 931 932 934 932 933 934 923 931 857 858 992 935 923 934 991 763 764 991 764 765 991 765 766 991 992 763 990 991 766 990 766 767 936 923 935 987 988 989 986 987 989 986 989 990 937 923 936 937 482 923 937 481 482 938 481 937 939 481 938 944 942 943 945 942 944 524 1318 1316 524 613 1318 524 1316 523 522 523 1316 525 611 612 525 612 613 525 613 524 521 522 1316 526 611 525 520 521 1316 527 610 611 527 611 526 519 520 1316 528 609 610 528 610 527 518 519 1316 529 609 528 529 605 609 529 604 605 517 518 1316 530 604 529 516 517 1316 531 604 530 515 516 1316 532 604 531 514 515 1316 533 604 532 533 603 604 513 514 1316 534 589 603 534 588 589 534 603 533 512 513 1316 953 939 940 953 940 941 953 941 942 953 945 946 953 946 947 953 947 948 953 948 949 953 949 950 953 942 945 953 480 481 953 481 939 535 587 588 535 588 534 511 512 1316 536 587 535 536 585 586 536 586 587 510 511 1316 954 233 479 954 480 953 954 479 480 955 233 954 958 955 956 958 956 957 959 955 958 959 233 955 960 233 959 537 585 536 537 712 585 509 510 1316 538 711 712 538 712 537 508 509 1316 539 711 538 507 1316 1315 507 508 1316 540 710 711 540 711 539 506 507 1315 541 710 540 542 706 710 542 710 541 542 705 706 543 705 542 544 705 543 544 704 705 545 704 544 545 703 704 546 703 545 546 702 703 547 702 546 547 701 702 128 505 506 128 506 1315 128 1315 127 128 572 493 128 493 494 128 494 495 128 495 496 128 496 497 128 497 498 128 498 499 128 499 500 128 500 501 128 501 502 128 502 503 128 503 504 128 504 505 129 571 572 129 572 128 130 570 571 130 571 129 131 569 570 131 570 130 132 568 569 132 569 131 133 568 132 134 567 568 134 568 133 135 567 134 135 566 567 136 565 566 136 566 135 137 564 565 137 565 136 138 563 564 138 564 137 139 563 138 139 562 563 140 561 562 140 562 139 141 561 140 142 560 561 142 561 141 143 560 142 143 559 560 144 558 559 144 559 143 145 558 144 145 557 558 146 557 145 146 556 557 147 556 146 152 150 151 154 152 153 156 150 152 156 152 154 156 154 155 158 156 157 159 150 156 159 156 158 160 150 159 162 150 160 162 160 161 163 150 162 166 163 164 166 164 165 167 150 163 167 163 166 169 150 167 169 148 149 169 149 150 169 167 168 1090 985 986 1090 986 990 1091 985 1090 1089 1090 990 1092 985 1091 1092 984 985 1093 984 1092 1093 983 984 1094 983 1093 1094 982 983 1095 982 1094 1095 980 981 1095 981 982 1096 980 1095 1088 1089 990 1088 990 767 1088 691 692 1088 767 691 1099 1096 1097 1099 1097 1098 1100 977 978 1100 978 979 1100 980 1096 1100 979 980 1100 1096 1099 1101 977 1100 1101 975 976 1101 976 977 1087 692 693 1087 1088 692 1086 1087 693 1086 693 694 1085 694 695 1085 1086 694 1102 975 1101 1084 1085 695 1084 695 696 1083 1084 696 1083 696 697 1082 1083 697 1082 697 698 1081 1082 698 1081 698 699 1106 1102 1105 1080 1081 699 1080 699 700 1107 1102 1106 1108 1102 1107 1109 1102 1108 1079 1080 700 1079 700 701 1110 1102 1109 1113 1102 1110 1113 1110 1111 1112 1113 1111 1078 701 547 1078 1079 701 1078 547 548 1114 1102 1113 1115 1102 1114 1077 1078 548 1077 548 549 1116 1102 1115 1116 975 1102 1117 975 1116 1117 974 975 1076 1077 549 1076 549 550 1118 974 1117 1075 1076 550 1075 550 551 1074 1075 551 1123 1121 1122 1124 1121 1123 1066 1067 1068 1065 1068 1069 1065 1066 1068 1063 1059 1060 994 1118 1119 994 1119 1120 994 1120 1121 994 1124 1125 994 1125 1126 994 1126 1127 994 974 1118 994 1121 1124 994 973 974 1058 1059 1063 1128 994 1127 1057 1058 1063 995 969 970 995 970 971 995 971 972 995 972 973 995 973 994 996 969 995 996 968 969 1129 994 1128 999 996 997 999 997 998 1000 968 996 1000 996 999 1000 967 968 1056 1057 1063 1001 967 1000 1001 966 967 1002 966 1001 1002 965 966 1003 965 1002 1003 964 965 1055 1056 1063 1004 964 1003 1004 963 964 1005 963 1004 1005 962 963 1052 1055 1063 1052 1053 1054 1052 1054 1055 1051 1052 1063 1006 962 1005 1006 961 962 1050 1051 1063 1007 961 1006 1007 960 961 1008 960 1007 1042 1043 1044 1041 1042 1044 1033 1036 1037 1033 1037 1038 1033 1038 1039 1033 1039 1040 1033 1040 1041 1033 1044 1045 1033 1045 1046 1033 1041 1044 1028 1029 1030 1028 1030 1031 1027 1028 1031 1026 1027 1031 284 1064 283 282 283 1064 285 1064 284 281 282 1064 281 1064 1065 281 1065 1069 286 1063 1064 286 1064 285 280 281 1069 280 1069 1070 287 1049 1050 287 1050 1063 287 1063 286 279 280 1070 279 1070 1071 288 1049 287 288 1047 1048 288 1048 1049 278 279 1071 278 1071 1072 289 1047 288 289 1046 1047 289 1033 1046 277 278 1072 277 1072 1073 290 1033 289 276 277 1073 276 1073 1074 291 1032 1033 291 1033 290 275 551 552 275 276 1074 275 1074 551 292 1032 291 274 275 552 293 1032 292 273 552 553 273 274 552 294 1032 293 272 553 554 272 273 553 295 1026 1031 295 1031 1032 295 1032 294 271 272 554 271 554 555 296 1025 1026 296 1026 295 270 555 556 270 271 555 270 556 147 297 1024 1025 297 1025 296 298 1024 297 298 1023 1024 299 1022 1023 299 1023 298 300 1021 1022 300 1022 299 301 1020 1021 301 1021 300 302 1019 1020 302 1020 301 303 1018 1019 303 1019 302 304 1018 303 304 1017 1018 305 1016 1017 305 1017 304 306 1015 1016 306 1016 305 307 1015 306 201 262 263 202 261 262 202 262 201 200 263 264 200 201 263 203 260 261 203 261 202 199 264 265 199 200 264 198 199 265 204 260 203 204 259 260 205 259 204 205 258 259 197 265 266 197 198 265 206 258 205 196 197 266 196 266 267 195 196 267 195 267 268 207 258 206 207 257 258 208 257 207 208 256 257 194 195 268 194 268 269 209 256 208 209 255 256 193 194 269 193 269 270 210 255 209 210 254 255 192 193 270 192 270 147 211 326 327 211 327 328 211 328 329 211 329 330 211 330 331 211 331 332 211 332 253 211 254 210 211 253 254 191 192 147 191 147 148 232 1010 1011 232 1011 1012 232 1012 1013 232 1013 1014 232 1014 1015 232 307 308 232 308 309 232 309 310 232 310 311 232 311 312 232 312 313 232 313 314 232 314 315 232 315 316 232 316 317 232 317 318 232 318 319 232 319 320 232 320 321 232 321 322 232 1015 307 232 1009 1010 212 232 322 212 322 323 212 323 324 212 324 325 212 325 326 212 326 211 230 231 232 230 232 212 215 213 214 216 213 215 227 228 229 218 216 217 218 213 216 225 212 213 225 226 227 225 229 230 225 230 212 225 227 229 220 218 219 222 220 221 222 223 224 222 224 225 222 213 218 222 225 213 222 218 220 170 148 169 170 191 148 170 190 191 186 187 188 186 188 189 186 189 190 174 170 171 174 171 172 174 172 173 175 170 174 175 190 170 176 186 190 176 190 175 182 183 184 182 184 185 182 185 186 181 186 176 181 182 186 179 176 177 179 177 178 180 176 179 180 181 176 232 233 1009 1009 233 1008 1008 233 960 602 603 601 601 603 600 642 643 644 642 644 645 672 673 671 671 673 670 712 573 574 712 574 575 743 744 742 742 744 741 783 784 785 783 785 786 814 815 813 813 815 812 854 713 714 854 714 715 883 884 882 882 884 881 923 924 925 923 925 926 952 953 951 951 953 950 992 855 856 992 856 857 993 994 1130 1130 994 1129 1033 1034 1035 1033 1035 1036 1062 1063 1061 1061 1063 1060 1102 1103 1104 1102 1104 1105 

TShapes 6
Ve
0.0203745414299651
48.81813992695 60.06796243342 -0.7904219111581
0 0

0101101
*
Ve
0.0203745414299651
48.70639574699 60.26003198552 -0.7929168807878
0 0

0101101
*
Ed
 0.0203745414299651 1 1 0
1  1 0 0 1
2  1 1 0 0 1
4 C0 2 0 1 0
6  1 1 0
0

0101000
+6 0 -5 0 *
Ed
 0.0188149279287386 1 1 0
1  2 0 0 0.222224434912731
2  2 1 0 0 0.222224434912731
4 C0 3 0 1 0
6  2 2 0
0

0101000
+6 0 -5 0 *
Wi

0101100
+4 0 -3 0 *
Fa
0  1e-07 1 0

0111000
+2 0 *

+1 0 