DBRep_DrawableShape

CASCADE Topology V3, (c) Open Cascade
Locations 0
Curve2ds 7
1 0 0.089800000000000324 1 0 
1 6.2831853071795862 3.1415926535897931 1 -1.1167280881552526e-14 
7 0 0  1 2 2  6.2831853071795862 -2.5261129449042414  9.4247779607779467 3.7570723622755899 
 0 2 1 2
1 10.995574287568559 0 0 1 
1 4.7123889803889734 0 0 1 
1 4.7123889803889734 0 1 0 
1 4.7123889803889734 6.2831853071795862 1 0 
Curves 4
2 17.099000005819999 101.2375 6.2024999999999997 0 0 -1 -0.99244302334158663 -0.12270633814359835 -0 -0.12270633814359835 0.99244302334158663 0 1.3999999999920001
7 0 0  3 13 11  15.706432167779999 101.06532195450001 6.2073284271259999  15.68899517897 101.21860211649999 6.2073284271259999  15.688634520600001 101.51159666300001 6.2149002036779999  15.84896750962 101.9372777303 6.211856646437  16.12015526615 102.2835703491 6.2126732105749998  16.487148249859999 102.53354256759999 6.2124505112639996  16.917614021409999 102.65938769109999 6.2125247443680003  17.36515099555 102.64571022120001 6.2124505112639996  17.78393068546 102.4960676953 6.2126732105749998  18.136772508819998 102.2259778002 6.211856646437  18.399778482039999 101.84827952800001 6.2149002036779999  18.471314264099998 101.5630229648 6.2073284271259999  18.49156784386 101.4096780455 6.2073284271259999 
 0 4 0.10000000000000001 1 0.20000000000000001 1 0.29999999999999999 1 0.40000000000000002 1 0.5 1 0.59999999999999998 1 0.69999999999999996 1 0.80000000000000004 1 0.90000000000000002 1 1 4
7 0 0  8 9 2  17.273243005995507 99.828230906865443 6.2024999999999997  17.273243005995496 99.828230906865699 6.1946460183660363  17.272373226529329 99.835265641793953 6.1869520920635255  17.270680181397616 99.848958910249777 6.185553093578207  17.269064542766351 99.862026118604646 6.2024999999998052  17.270680181397719 99.848958910250275 6.2194469064221067  17.272373226529236 99.83526564179337 6.2180479079363202  17.273243005995532 99.828230906866011 6.2103539816340021  17.273243005995507 99.828230906865443 6.2024999999999997 
 0 9 6.2831853071795862 9
7 0 0  11 12 2  17.273243005995511 99.828230906865443 6.2024999999999997  16.468270382372385 99.728703537898582 6.2024999999997359  15.600794561316894 100.13484885497598 6.2025000000010122  15.023578628815851 101.09134782288973 6.2024999999979267  15.125845411067763 102.35968802919004 6.2025000000028463  16.073491949726169 103.41313710944399 6.2024999999971211  17.563732192064318 103.59739143836622 6.2025000000022592  18.739417650654673 102.80647258671004 6.2024999999985626  19.14751933142891 101.60123468848285 6.2025000000007529  18.820648570873331 100.53295381976881 6.2024999999996933  18.078215629618171 99.927758275830882 6.2025000000000805  17.273243005995507 99.828230906865457 6.2024999999999997 
 0 12 6.2831853071795862 12
Polygon3D 0
PolygonOnTriangulations 2
131 43 44 45 46 47 48 49 50 51 52 53 54 55 56 57 58 59 60 61 62 63 64 65 66 67 68 69 70 71 72 73 74 75 76 77 78 79 80 81 82 83 84 85 86 87 88 89 90 91 92 93 94 95 96 97 98 99 100 101 102 103 104 105 106 107 108 109 110 111 112 113 114 115 116 117 118 119 120 121 122 123 124 125 126 127 128 129 130 131 132 133 134 135 136 137 138 139 140 141 142 143 144 145 146 147 148 149 150 151 152 153 154 155 156 157 158 159 160 161 162 163 164 165 166 167 168 169 170 171 172 1 
p 0.000205761316872428 1 0 0.0241660973352697 0.0483321946705395 0.0724982920058092 0.0966643893410789 0.120830486676349 0.144996584011618 0.169162681346888 0.193328778682158 0.217494876017428 0.241660973352697 0.265827070687967 0.289993168023237 0.314159265358507 0.338325362693776 0.362491460029046 0.386657557364316 0.410823654699586 0.434989752034855 0.459155849370125 0.483321946705395 0.507488044040665 0.531654141375934 0.555820238711204 0.579986336046474 0.604152433381744 0.628318530717013 0.652484628052283 0.676650725387553 0.700816822722823 0.724982920058092 0.749149017393362 0.773315114728632 0.797481212063902 0.821647309399171 0.845813406734441 0.869979504069711 0.894145601404981 0.91831169874025 0.94247779607552 0.96664389341079 0.99080999074606 1.01497608808133 1.0391421854166 1.06330828275187 1.08747438008714 1.11164047742241 1.13580657475768 1.15997267209295 1.18413876942822 1.20830486676349 1.23247096409876 1.25663706143403 1.2808031587693 1.30496925610457 1.32913535343984 1.35330145077511 1.37746754811038 1.40163364544565 1.42579974278092 1.44996584011619 1.47413193745145 1.49829803478672 1.52246413212199 1.54663022945726 1.57079632679253 1.5949624241278 1.61912852146307 1.64329461879834 1.66746071613361 1.69162681346888 1.71579291080415 1.73995900813942 1.76412510547469 1.78829120280996 1.81245730014523 1.8366233974805 1.86078949481577 1.88495559215104 1.90912168948631 1.93328778682158 1.95745388415685 1.98161998149212 2.00578607882739 2.02995217616266 2.05411827349793 2.0782843708332 2.10245046816847 2.12661656550374 2.15078266283901 2.17494876017428 2.19911485750955 2.22328095484482 2.24744705218009 2.27161314951536 2.29577924685063 2.3199453441859 2.34411144152117 2.36827753885644 2.39244363619171 2.41660973352697 2.44077583086224 2.46494192819751 2.48910802553278 2.51327412286805 2.53744022020332 2.56160631753859 2.58577241487386 2.60993851220913 2.6341046095444 2.65827070687967 2.68243680421494 2.70660290155021 2.73076899888548 2.75493509622075 2.77910119355602 2.80326729089129 2.82743338822656 2.85159948556183 2.8757655828971 2.89993168023237 2.92409777756764 2.94826387490291 2.97242997223818 2.99659606957345 3.02076216690872 3.04492826424399 3.06909436157926 3.09326045891453 3.1174265562498 3.14159265358507 
277 357 358 359 360 361 362 363 364 365 366 367 368 369 370 371 372 373 374 375 376 377 378 379 380 381 382 383 384 385 386 387 388 389 390 391 392 393 394 395 396 397 398 399 400 401 402 403 404 405 406 407 408 409 410 411 412 413 414 415 416 417 418 419 420 421 422 423 424 425 426 427 428 429 430 431 432 433 434 435 436 437 438 439 440 441 442 443 444 445 446 447 448 449 450 451 452 453 454 455 456 457 458 459 460 461 462 463 464 465 466 467 468 469 470 471 472 473 474 475 476 477 478 479 480 481 482 483 484 485 486 487 488 489 490 491 492 493 494 495 496 497 498 499 500 501 502 503 504 505 506 507 508 509 510 511 512 513 514 515 516 517 518 519 520 521 522 523 524 525 526 527 528 529 530 531 532 533 534 535 536 537 538 539 540 541 542 543 544 545 546 547 548 549 550 551 552 553 554 555 556 557 558 559 560 561 562 563 564 565 566 567 568 569 570 571 572 573 574 575 576 577 578 579 580 581 582 583 584 585 586 587 588 589 590 591 592 593 594 595 596 597 598 599 600 601 602 603 604 605 606 607 608 609 610 611 612 613 614 615 616 617 618 619 620 621 622 623 624 625 626 627 628 629 630 631 632 81 
p 0.000205761316872428 1 0 0.00406489079554918 0.00812978159109837 0.0121946723866476 0.0162595631821967 0.0201332853905549 0.024007007598913 0.027797035121038 0.031587062643163 0.0352998774775461 0.0390126923119292 0.0426543215757806 0.0462959508396321 0.0498719865158214 0.0534480221920106 0.0569636507698558 0.060479279347701 0.0639393153349988 0.0673993513222966 0.0708082711717044 0.0742171910211122 0.0775791655796513 0.0809411401381904 0.0842600646711154 0.0875789892040404 0.0908585106020616 0.0941380320000827 0.0973815731008726 0.100625114201663 0.104199098023191 0.107773081844719 0.111381676362242 0.114990270879765 0.118632649021431 0.122275027163096 0.125950144172579 0.129625261182061 0.133331846111872 0.137038431041682 0.140774980104826 0.14451152916797 0.14827630141468 0.15204107366139 0.155832089459889 0.159623105258388 0.163438148048453 0.167253190838518 0.171089812589159 0.174926434339801 0.178781965073822 0.182637495807844 0.186509057454644 0.190380619101445 0.194265143805881 0.198149668510317 0.202043921363971 0.205938174217626 0.209834516051523 0.213730857885421 0.217627462755637 0.221524067625853 0.225420833646459 0.229317599667065 0.232824741422014 0.236331883176962 0.239838992220295 0.243346101263628 0.246853101719213 0.250360102174798 0.253866918148213 0.257373734121628 0.260880289930275 0.264386845738922 0.267893066142495 0.271399286546068 0.274905096976048 0.278410907406027 0.281916234192905 0.285421560979782 0.288926331576699 0.292431102173617 0.295935245375155 0.299439388576694 0.303332106526561 0.307224824476428 0.311120172911903 0.315015521347377 0.318912651062729 0.322809780778081 0.326317744927503 0.329825709076924 0.333333262093592 0.336840815110259 0.340347103999281 0.343853392888303 0.347357571737531 0.350861750586758 0.354362984339361 0.357864218091964 0.361361686212674 0.364859154333385 0.36835205433617 0.371844954338955 0.37533250514629 0.378820055953625 0.382301501060438 0.385782946167251 0.389257556585876 0.392732167004501 0.396199243970541 0.399666320936581 0.403509518072968 0.407352715209356 0.411202222971736 0.415051730734116 0.418906995412726 0.422762260091335 0.426621902986632 0.430481545881928 0.434344162824106 0.438206779766284 0.442070949452774 0.445935119139265 0.449412982433176 0.452890845727087 0.456367708160616 0.459844570594145 0.463319395261371 0.466794219928598 0.470265980487525 0.473737741046453 0.477205426667071 0.48067311228769 0.484135732441041 0.487598352594393 0.491054941636304 0.494511530678214 0.497961152185366 0.501410773692518 0.505238539597354 0.50906630550219 0.512902803533485 0.516739301564779 0.520583423826901 0.524427546089024 0.528278140824861 0.532128735560697 0.535984612978892 0.539840490397086 0.543700428944328 0.547560367491571 0.551423120507853 0.555285873524135 0.559150176210248 0.563014478896361 0.566492597853736 0.569970716811111 0.573448073178986 0.576925429546861 0.580401092929433 0.583876756312004 0.587349802993838 0.590822849675671 0.594292366935445 0.597761884195218 0.601611984559619 0.60546208492402 0.609315765422296 0.613169445920572 0.617029960403955 0.620890474887339 0.624756924761348 0.628623374635358 0.632494829976142 0.636366285316926 0.64024178931987 0.644117293322813 0.647995867035147 0.65187444074748 0.65575508804079 0.6596357353341 0.663517448067828 0.667399160801555 0.670892747792365 0.674386334783174 0.677879180744778 0.681372026706383 0.684863393317842 0.6883547599293 0.69184391457587 0.69533306922244 0.698819288129541 0.702305507036642 0.705789286196074 0.709273065355505 0.712756461089117 0.716239856822729 0.719722641686425 0.723205426550121 0.726687374974438 0.730169323398755 0.73365021243525 0.737131101471744 0.740610711523729 0.744090321575713 0.747568437108846 0.75104655264198 0.754522962870393 0.757999373098807 0.761473872642734 0.764948372186661 0.768420761697802 0.771893151208942 0.775363237960152 0.778833324711361 0.782300923147588 0.785768521583815 0.789233453831611 0.792698386079406 0.796160482412718 0.79962257874603 0.803081678006422 0.806540777266814 0.809996412021607 0.8134520467764 0.816901748740111 0.820351450703822 0.823792772594155 0.827234094484488 0.830664675951737 0.834095257418986 0.83751284182884 0.840930426238693 0.844332875366972 0.847735324495251 0.851120630970156 0.854505937445062 0.857872234853134 0.861238532261206 0.864584102909581 0.867929673557955 0.871252953953948 0.874576234349941 0.87787581851681 0.881175402683679 0.884450043477058 0.887724684270437 0.890973292892898 0.89422190151536 0.897443545447152 0.900665189378945 0.904220620760388 0.907776052141831 0.911370093188006 0.914964134234181 0.918601001012944 0.922237867791707 0.925922053361373 0.929606238931038 0.933342544542185 0.937078850153332 0.940872420630648 0.944665991107965 0.948522354460986 0.952378717814006 0.95630382872354 0.960228939633073 0.96422922573491 0.968229511836746 0.972311920457708 0.976394329078671 0.980566369913057 0.984738410747444 0.988553808060583 0.992369205373722 0.996184602686861 1 
Surfaces 3
5 17.099000005819999 101.2375 6.2024999999999997 0 0 -1 -0.99244302333995504 -0.12270633815679444 -0 -0.12270633815679444 0.99244302333995504 0 1.409999999991 0.01
2 17.099000005819999 101.2375 6.2923 0 0 -1 -0.99244302334158663 -0.12270633814359835 -0 -0.12270633814359835 0.99244302334158663 0 1.3999999999920001
1 17.099000005819999 101.2375 6.2125000000000004 0 0 1 -0.99244302333870549 -0.12270633816690067 0 0.12270633816690067 -0.99244302333870549 0 
Triangulations 2
172 170 1 0 0.00187729881897724
18.49156784386 101.4096780455 6.207328427126 18.48842023849 101.4092888734 1.7125 15.70957977315 101.0657111266 1.7125 15.7003844923684 101.175253349406 1.7125 15.6998121413144 101.285179343513 1.7125 15.7078662487222 101.394811378611 1.7125 15.7244971583415 101.503473536749 1.7125 15.749602335084 101.610495879588 1.7125 15.7830269971869 101.715218578796 1.7125 15.8245650704934 101.816995984107 1.7125 15.8739604589689 101.915200603975 1.7125 15.9309086236176 102.009226974261 1.7125 15.9950584600675 102.098495391125 1.7125 16.0660144632447 102.182455485093 1.7125 16.1433391657945 102.260589614266 1.7125 16.2265558352124 102.332416055755 1.7125 16.3151514130594 102.397491975664 1.7125 16.4085796781367 102.455416159306 1.7125 16.5062646141224 102.505831484828 1.7125 16.6076039609023 102.548427124983 1.7125 16.7119729277049 102.582940463485 1.7125 16.8187280451437 102.609158714125 1.7125 16.9272111324199 102.62692023267 1.7125 17.0367533552263 102.636115513452 1.7125 17.1466793493326 102.636687864506 1.7125 17.2563113844312 102.628633757098 1.7125 17.3649735425694 102.612002847479 1.7125 17.4719958854083 102.586897670736 1.7125 17.5767185846158 102.553473008633 1.7125 17.6784959899275 102.511934935327 1.7125 17.7767006097952 102.462539546851 1.7125 17.8707269800811 102.405591382202 1.7125 17.9599953969454 102.341441545753 1.7125 18.0439554909134 102.270485542575 1.7125 18.1220896200862 102.193160840026 1.7125 18.1939160615752 102.109944170608 1.7125 18.258991981484 102.021348592761 1.7125 18.3169161651263 101.927920327683 1.7125 18.3673314906483 101.830235391698 1.7125 18.4099271308033 101.728896044918 1.7125 18.4444404693052 101.624527078115 1.7125 18.4706587199454 101.517771960676 1.7125 15.70643216778 101.0653219545 6.207328427126 15.7058344017231 101.09933488306 6.2025 15.7029025997772 101.133039324058 6.2025 15.7007860794018 101.166804767149 6.2025 15.6994860765852 101.200611494265 6.2025 15.6990033504924 101.23443976323 6.2025 15.6993381830218 101.268269819287 6.2025 15.7004903786408 101.302081906635 6.2025 15.7024592644994 101.335856279969 6.2025 15.7052436908239 101.369573216006 6.2025 15.7088420315876 101.403213025003 6.2025 15.7132521854608 101.43675606226 6.2025 15.718471577038 101.470182739588 6.2025 15.7244971583413 101.503473536749 6.2025 15.7313254106011 101.536609012854 6.2025 15.7389523463102 101.569569817718 6.2025 15.7473735115529 101.60233670316 6.2025 15.7565839886061 101.634890534242 6.2025 15.7665783988103 101.667212300442 6.2025 15.7773509057115 101.69928312676 6.2025 15.788895218469 101.731084284735 6.2025 15.8012045955292 101.762597203388 6.2025 15.8142718485627 101.793803480061 6.2025 15.8280893466615 101.824684891167 6.2025 15.8426490207959 101.855223402832 6.2025 15.8579423685263 101.885401181426 6.2025 15.8739604589682 101.915200603974 6.2025 15.8906939380079 101.944604268454 6.2025 15.9081330337648 101.973595003954 6.2025 15.9262675622981 102.0021558807 6.2025 15.9450869335538 102.030270219944 6.2025 15.9645801575491 102.057921603705 6.2025 15.9847358507901 102.085093884353 6.2025 16.0055422429195 102.111771194041 6.2025 16.0269871835902 102.137937953972 6.2025 16.0490581495608 102.163578883494 6.2025 16.0717422520087 102.188679009026 6.2025 16.0950262440569 102.213223672803 6.2025 16.1188965285096 102.237198541432 6.2025 16.143339165793 102.260589614265 6.2025 16.1683398820952 102.283383231573 6.2025 16.1938840777019 102.305566082527 6.2025 16.2199568355222 102.327125212966 6.2025 16.2465429297997 102.348048032964 6.2025 16.2736268350042 102.368322324185 6.2025 16.3011927348975 102.387936247013 6.2025 16.3292245317706 102.406878347469 6.2025 16.3577058558432 102.425137563901 6.2025 16.3866200748244 102.442703233439 6.2025 16.4159503036243 102.459565098228 6.2025 16.4456794142154 102.475713311414 6.2025 16.4757900456342 102.491138442894 6.2025 16.50626461412 102.505831484827 6.2025 16.5370853233828 102.519783856889 6.2025 16.5682341749964 102.532987411289 6.2025 16.5996929789087 102.545434437521 6.2025 16.631443364064 102.557117666875 6.2025 16.6634667891315 102.568030276671 6.2025 16.6957445533328 102.578165894254 6.2025 16.7282578073625 102.587518600709 6.2025 16.7609875643958 102.596082934318 6.2025 16.7939147111764 102.603853893751 6.2025 16.8270200191778 102.610826940988 6.2025 16.8602841558322 102.616998003965 6.2025 16.8936876958208 102.622363478954 6.2025 16.9272111324167 102.62692023267 6.2025 16.960834888877 102.630665604097 6.2025 16.9945393298748 102.633597406043 6.2025 17.0283047729658 102.635713926418 6.2025 17.0621115000819 102.637013929235 6.2025 17.0959397690465 102.637496655328 6.2025 17.1297698251033 102.637161822798 6.2025 17.1635819124521 102.636009627179 6.2025 17.1973562857861 102.634040741321 6.2025 17.2310732218223 102.631256314996 6.2025 17.2647130308196 102.627657974233 6.2025 17.2982560680769 102.62324782036 6.2025 17.3316827454049 102.618028428783 6.2025 17.3649735425655 102.612002847479 6.2025 17.3981090186705 102.60517459522 6.2025 17.431069823535 102.597547659511 6.2025 17.4638367089772 102.589126494268 6.2025 17.4963905400587 102.579916017215 6.2025 17.5287123062589 102.569921607011 6.2025 17.5607831325765 102.55914910011 6.2025 17.592584290552 102.547604787352 6.2025 17.6240972092048 102.535295410292 6.2025 17.6553034858778 102.522228157259 6.2025 17.6861848969841 102.50841065916 6.2025 17.7167234086493 102.493850985026 6.2025 17.7469011872426 102.478557637295 6.2025 17.7767006097911 102.462539546853 6.2025 17.8061042742712 102.445806067814 6.2025 17.8350950097709 102.428366972057 6.2025 17.863655886517 102.410232443524 6.2025 17.8917702257617 102.391413072268 6.2025 17.9194216095228 102.371919848273 6.2025 17.9465938901706 102.351764155032 6.2025 17.9732711998586 102.330957762903 6.2025 17.999437959789 102.309512822232 6.2025 18.025078889311 102.287441856261 6.2025 18.0501790148438 102.264757753814 6.2025 18.074723678621 102.241473761765 6.2025 18.0986985472499 102.217603477313 6.2025 18.1220896200825 102.193160840029 6.2025 18.1448832373911 102.168160123727 6.2025 18.1670660883448 102.142615928121 6.2025 18.1886252187835 102.1165431703 6.2025 18.2095480387822 102.089957076023 6.2025 18.229822330003 102.062873170818 6.2025 18.2494362528309 102.035307270925 6.2025 18.2683783532873 102.007275474052 6.2025 18.2866375697189 101.97879414998 6.2025 18.3042032392575 101.949879930998 6.2025 18.3210651040468 101.920549702199 6.2025 18.3372133172325 101.890820591608 6.2025 18.352638448713 101.860709960189 6.2025 18.3673314906457 101.830235391703 6.2025 18.381283862708 101.79941468244 6.2025 18.3944874171075 101.768265830827 6.2025 18.4069344433403 101.736807026914 6.2025 18.4186176726935 101.705056641759 6.2025 18.4295302824901 101.673033216692 6.2025 18.4396659000734 101.64075545249 6.2025 18.4490186065282 101.608242198461 6.2025 18.4575829401372 101.575512441427 6.2025 18.4653538995708 101.542585294647 6.2025 18.4723269468074 101.509479986645 6.2025 18.478498009784 101.476215849991 6.2025 18.4838634847734 101.442812310003 6.2025 3.14159265358507 0.0898000000000003 3.14159265358979 4.5798 0 4.5798 0.0785398163397448 4.5798 0.15707963267949 4.5798 0.235619449019234 4.5798 0.314159265358979 4.5798 0.392699081698724 4.5798 0.471238898038469 4.5798 0.549778714378214 4.5798 0.628318530717959 4.5798 0.706858347057703 4.5798 0.785398163397448 4.5798 0.863937979737193 4.5798 0.942477796076938 4.5798 1.02101761241668 4.5798 1.09955742875643 4.5798 1.17809724509617 4.5798 1.25663706143592 4.5798 1.33517687777566 4.5798 1.41371669411541 4.5798 1.49225651045515 4.5798 1.5707963267949 4.5798 1.64933614313464 4.5798 1.72787595947439 4.5798 1.80641577581413 4.5798 1.88495559215388 4.5798 1.96349540849362 4.5798 2.04203522483337 4.5798 2.12057504117311 4.5798 2.19911485751286 4.5798 2.2776546738526 4.5798 2.35619449019234 4.5798 2.43473430653209 4.5798 2.51327412287183 4.5798 2.59181393921158 4.5798 2.67035375555132 4.5798 2.74889357189107 4.5798 2.82743338823081 4.5798 2.90597320457056 4.5798 2.9845130209103 4.5798 3.06305283725005 4.5798 0 0.0898000000000003 0.0241660973352697 0.0898000000000003 0.0483321946705395 0.0898000000000003 0.0724982920058092 0.0898000000000003 0.0966643893410789 0.0898000000000003 0.120830486676349 0.0898000000000003 0.144996584011618 0.0898000000000003 0.169162681346888 0.0898000000000003 0.193328778682158 0.0898000000000003 0.217494876017428 0.0898000000000003 0.241660973352697 0.0898000000000003 0.265827070687967 0.0898000000000003 0.289993168023237 0.0898000000000003 0.314159265358507 0.0898000000000003 0.338325362693776 0.0898000000000003 0.362491460029046 0.0898000000000003 0.386657557364316 0.0898000000000003 0.410823654699586 0.0898000000000003 0.434989752034855 0.0898000000000003 0.459155849370125 0.0898000000000003 0.483321946705395 0.0898000000000003 0.507488044040665 0.0898000000000003 0.531654141375934 0.0898000000000003 0.555820238711204 0.0898000000000003 0.579986336046474 0.0898000000000003 0.604152433381744 0.0898000000000003 0.628318530717013 0.0898000000000003 0.652484628052283 0.0898000000000003 0.676650725387553 0.0898000000000003 0.700816822722823 0.0898000000000003 0.724982920058093 0.0898000000000003 0.749149017393362 0.0898000000000003 0.773315114728632 0.0898000000000003 0.797481212063902 0.0898000000000003 0.821647309399171 0.0898000000000003 0.845813406734441 0.0898000000000003 0.869979504069711 0.0898000000000003 0.894145601404981 0.0898000000000003 0.91831169874025 0.0898000000000003 0.94247779607552 0.0898000000000003 0.96664389341079 0.0898000000000003 0.99080999074606 0.0898000000000003 1.01497608808133 0.0898000000000003 1.0391421854166 0.0898000000000003 1.06330828275187 0.0898000000000003 1.08747438008714 0.0898000000000003 1.11164047742241 0.0898000000000003 1.13580657475768 0.0898000000000003 1.15997267209295 0.0898000000000003 1.18413876942822 0.0898000000000003 1.20830486676349 0.0898000000000003 1.23247096409876 0.0898000000000003 1.25663706143403 0.0898000000000003 1.2808031587693 0.0898000000000003 1.30496925610457 0.0898000000000003 1.32913535343984 0.0898000000000003 1.35330145077511 0.0898000000000003 1.37746754811038 0.0898000000000003 1.40163364544565 0.0898000000000003 1.42579974278092 0.0898000000000003 1.44996584011619 0.0898000000000003 1.47413193745145 0.0898000000000003 1.49829803478672 0.0898000000000003 1.52246413212199 0.0898000000000003 1.54663022945726 0.0898000000000003 1.57079632679253 0.0898000000000003 1.5949624241278 0.0898000000000003 1.61912852146307 0.0898000000000003 1.64329461879834 0.0898000000000003 1.66746071613361 0.0898000000000003 1.69162681346888 0.0898000000000003 1.71579291080415 0.0898000000000003 1.73995900813942 0.0898000000000003 1.76412510547469 0.0898000000000003 1.78829120280996 0.0898000000000003 1.81245730014523 0.0898000000000003 1.8366233974805 0.0898000000000003 1.86078949481577 0.0898000000000003 1.88495559215104 0.0898000000000003 1.90912168948631 0.0898000000000003 1.93328778682158 0.0898000000000003 1.95745388415685 0.0898000000000003 1.98161998149212 0.0898000000000003 2.00578607882739 0.0898000000000003 2.02995217616266 0.0898000000000003 2.05411827349793 0.0898000000000003 2.0782843708332 0.0898000000000003 2.10245046816847 0.0898000000000003 2.12661656550374 0.0898000000000003 2.15078266283901 0.0898000000000003 2.17494876017428 0.0898000000000003 2.19911485750955 0.0898000000000003 2.22328095484482 0.0898000000000003 2.24744705218009 0.0898000000000003 2.27161314951536 0.0898000000000003 2.29577924685063 0.0898000000000003 2.3199453441859 0.0898000000000003 2.34411144152117 0.0898000000000003 2.36827753885644 0.0898000000000003 2.39244363619171 0.0898000000000003 2.41660973352698 0.0898000000000003 2.44077583086224 0.0898000000000003 2.46494192819751 0.0898000000000003 2.48910802553278 0.0898000000000003 2.51327412286805 0.0898000000000003 2.53744022020332 0.0898000000000003 2.56160631753859 0.0898000000000003 2.58577241487386 0.0898000000000003 2.60993851220913 0.0898000000000003 2.6341046095444 0.0898000000000003 2.65827070687967 0.0898000000000003 2.68243680421494 0.0898000000000003 2.70660290155021 0.0898000000000003 2.73076899888548 0.0898000000000003 2.75493509622075 0.0898000000000003 2.77910119355602 0.0898000000000003 2.80326729089129 0.0898000000000003 2.82743338822656 0.0898000000000003 2.85159948556183 0.0898000000000003 2.8757655828971 0.0898000000000003 2.89993168023237 0.0898000000000003 2.92409777756764 0.0898000000000003 2.94826387490291 0.0898000000000003 2.97242997223818 0.0898000000000003 2.99659606957345 0.0898000000000003 3.02076216690872 0.0898000000000003 3.04492826424399 0.0898000000000003 3.06909436157926 0.0898000000000003 3.09326045891453 0.0898000000000003 3.1174265562498 0.0898000000000003 3 43 44 3 44 45 4 45 46 4 46 47 4 47 48 4 3 45 5 48 49 5 49 50 5 50 51 5 4 48 6 51 52 6 52 53 6 53 54 6 5 51 7 6 54 7 54 55 7 55 56 7 56 57 7 57 58 8 58 59 8 59 60 8 60 61 8 7 58 9 8 61 9 61 62 9 62 63 9 63 64 10 9 64 10 64 65 10 65 66 10 66 67 11 10 67 11 67 68 11 68 69 11 69 70 11 70 71 12 11 71 12 71 72 12 72 73 12 73 74 13 12 74 13 74 75 13 75 76 13 76 77 14 13 77 14 77 78 14 78 79 14 79 80 15 14 80 15 80 81 15 81 82 15 82 83 15 83 84 16 15 84 16 84 85 16 85 86 16 86 87 17 87 88 17 88 89 17 89 90 17 16 87 18 17 90 18 90 91 18 91 92 18 92 93 19 18 93 19 93 94 19 94 95 19 95 96 19 96 97 20 19 97 20 97 98 20 98 99 20 99 100 21 101 102 21 102 103 21 20 100 21 100 101 22 103 104 22 104 105 22 105 106 22 21 103 23 106 107 23 107 108 23 108 109 23 109 110 23 22 106 24 110 111 24 111 112 24 112 113 24 23 110 25 113 114 25 114 115 25 115 116 25 24 113 26 116 117 26 117 118 26 118 119 26 25 116 27 119 120 27 120 121 27 121 122 27 122 123 27 26 119 28 123 124 28 124 125 28 125 126 28 27 123 29 126 127 29 127 128 29 128 129 29 28 126 30 129 130 30 130 131 30 131 132 30 29 129 31 30 132 31 132 133 31 133 134 31 134 135 31 135 136 32 31 136 32 136 137 32 137 138 32 138 139 33 32 139 33 139 140 33 140 141 33 141 142 34 33 142 34 142 143 34 143 144 34 144 145 35 34 145 35 145 146 35 146 147 35 147 148 35 148 149 36 35 149 36 149 150 36 150 151 36 151 152 37 152 153 37 153 154 37 154 155 37 36 152 38 155 156 38 156 157 38 157 158 38 37 155 39 158 159 39 159 160 39 160 161 39 161 162 39 38 158 40 162 163 40 163 164 40 164 165 40 39 162 41 165 166 41 166 167 41 167 168 41 40 165 42 41 168 42 168 169 42 169 170 42 170 171 2 42 171 2 171 172 2 172 1 
775 777 1 0 0.00344231856348376
20.17557337817 101.6178896483 6.2125 20.136244301385 101.858102198711 6.2125 20.0781896035333 102.094488530183 6.2125 20.0017672111307 102.325591242388 6.2125 19.9074482936393 102.549985510256 6.2125 19.7958143585498 102.766287868508 6.2125 19.667553666194 102.973164741178 6.2125 19.5234569863912 103.16934066355 6.2125 19.3644127230895 103.35360614583 6.2125 19.1914014370597 103.524825130045 6.2125 19.0054898004123 103.681941994219 6.2125 18.807824020209 103.82398806064 6.2125 18.5996227717154 103.950087568073 6.2125 18.3821696848624 104.059463071122 6.2125 18.1568054302409 104.151440233439 6.2125 17.9249194534219 104.225451985233 6.2125 17.6879414085623 104.281042019444 6.2125 17.447332344112 104.317867605025 6.2125 17.2045756949638 104.335701699995 6.2125 16.9611681365846 104.334434351227 6.2125 16.718610357513 104.314073372349 6.2125 16.4783978071155 104.274744295566 6.2125 16.2420114756443 104.216689597715 6.2125 16.0109087634391 104.140267205313 6.2125 15.7865144955703 104.045948287822 6.2125 15.5702121373179 103.934314352733 6.2125 15.3633352646483 103.806053660378 6.2125 15.167159342275 103.661956980576 6.2125 14.9828938599948 103.502912717274 6.2125 14.8116748757801 103.329901431245 6.2125 14.654558011605 103.143989794598 6.2125 14.5125119451836 102.946324014395 6.2125 14.3864124377505 102.738122765902 6.2125 14.2770369347014 102.520669679049 6.2125 14.1850597723836 102.295305424428 6.2125 14.1110480205884 102.063419447609 6.2125 14.055457986377 101.826441402749 6.2125 14.0186324007958 101.585832338299 6.2125 14.0007983058256 101.343075689151 6.2125 14.0020656545925 101.099668130772 6.2125 14.02242663347 100.8571103517 6.2125 14.061755710255 100.616897801289 6.2125 14.1198104081067 100.380511469817 6.2125 14.1962328005093 100.149408757612 6.2125 14.2905517180007 99.9250144897439 6.2125 14.4021856530902 99.7087121314917 6.2125 14.530446345446 99.5018352588224 6.2125 14.6745430252488 99.3056593364495 6.2125 14.8335872885505 99.1213938541696 6.2125 15.0065985745803 98.9501748699554 6.2125 15.1925102112277 98.7930580057806 6.2125 15.390175991431 98.6510119393597 6.2125 15.5983772399246 98.524912431927 6.2125 15.8158303267776 98.4155369288785 6.2125 16.0411945813991 98.3235597665612 6.2125 16.2730805582181 98.2495480147665 6.2125 16.5100586030777 98.1939579805556 6.2125 16.750667667528 98.157132394975 6.2125 16.9934243166762 98.1392983000054 6.2125 17.2368318750554 98.1405656487728 6.2125 17.479389654127 98.1609266276507 6.2125 17.7196022045245 98.2002557044336 6.2125 17.9559885359957 98.2583104022847 6.2125 18.1870912482009 98.3347327946868 6.2125 18.4114855160697 98.4290517121777 6.2125 18.6277878743221 98.5406856472667 6.2125 18.8346647469917 98.6689463396221 6.2125 19.030840669365 98.8130430194244 6.2125 19.2151061516452 98.9720872827257 6.2125 19.3863251358598 99.1450985687551 6.2125 19.543442000035 99.3310102054022 6.2125 19.6854880664564 99.5286759856051 6.2125 19.8115875738895 99.7368772340984 6.2125 19.9209630769386 99.9543303209511 6.2125 20.0129402392564 100.179694575572 6.2125 20.0869519910516 100.411580552391 6.2125 20.142542025263 100.648558597251 6.2125 20.1793676108442 100.889167661701 6.2125 20.1972017058144 101.131924310849 6.2125 20.1959343570475 101.375331869228 6.2125 18.49156784386 101.4096780455 6.207328427126 18.4936080444259 101.391019353722 6.20734677828621 18.4954733115569 101.372426101667 6.20740016979751 18.4971597943814 101.353896483482 6.20748610870585 18.4986636420279 101.335428693315 6.20760210205722 18.4999232842463 101.317885309353 6.20773832437632 18.5010102358249 101.300394871858 6.20789741924243 18.5019033664646 101.283332069657 6.20807314030732 18.502624876489 101.266316990948 6.20826667028331 18.5031622697497 101.249693418857 6.20847157990694 18.5035290340142 101.233112864773 6.20868974136563 18.5037201808119 101.216890669155 6.20891475959478 18.5037415869818 101.200707235528 6.20914890637411 18.5035947471964 101.184851765416 6.2093859851893 18.5032789345875 101.169031191872 6.20962844081912 18.5028011998406 101.15351068809 6.20987039690888 18.5021551273463 101.138021555254 6.21011429641274 18.5013524856074 101.122806847952 6.21035467026492 18.5003819998179 101.107620281961 6.21059382689205 18.4992593972092 101.092684508586 6.21082676383013 18.4979692966039 101.077773905037 6.21105555651337 18.4965306941685 101.063092253906 6.21127570588495 18.4949247874997 101.048433026486 6.21148898380891 18.4931732120786 101.033982507193 6.21169141313721 18.4912543703312 101.019551862384 6.21188441439337 18.489191959465 101.005311102209 6.21206453585736 18.4869621614739 100.991087839322 6.21223281769771 18.4845902026505 100.977036903756 6.21238632478627 18.4820505791819 100.963001242292 6.21252570570026 18.4790570375529 100.94755338536 6.21266208768649 18.4758606886563 100.932126686765 6.21278105394904 18.472429947551 100.916575108846 6.21288435130808 18.4687971305177 100.901051234606 6.21297160200563 18.4649277715555 100.885413254673 6.21304426975728 18.4608573470395 100.869809808017 6.21310234568954 18.456549008809 100.854104334219 6.2131470515424 18.4520409178771 100.838440498563 6.21317870692006 18.4472944231778 100.822688023392 6.21319833552624 18.4423498131205 100.806984553059 6.21320654119658 18.4371672916068 100.791207125305 6.21320419516019 18.4317886366213 100.775486312708 6.21319213846521 18.4261736396658 100.759707483393 6.21317113566799 18.4203648531934 100.743993099948 6.21314221651061 18.4143224574463 100.728237839773 6.21310608336158 18.4080889926218 100.712555048182 6.21306390610509 18.401625888499 100.696849634549 6.21301636639197 18.3949748229443 100.681224870638 6.21296472729631 18.3880993841676 100.665596743083 6.21290968641732 18.3810394852805 100.650057566198 6.2128525564243 18.3737618156611 100.634535150019 6.21279408091014 18.3663035826425 100.619110061932 6.21273558372732 18.3586355365761 100.603722560982 6.21267787612213 18.3507912157498 100.588440794462 6.21262226172038 18.3427463894034 100.573217955361 6.21256963107167 18.3345299599216 100.558109234864 6.21252124489649 18.3261236010737 100.543081017049 6.21247804033881 18.3175495582558 100.528173666915 6.21244051341676 18.3088040237843 100.513380337377 6.2124083834145 18.2998924423068 100.498710059234 6.21238138215723 18.2908150857248 100.484162856263 6.21235921849609 18.2815734404452 100.469740724766 6.21234160455549 18.2721680045348 100.455444077892 6.21232824999899 18.2626000473103 100.441274516574 6.2123188657429 18.2538505345459 100.428631209705 6.21231357485568 18.2449707461254 100.416092387175 6.2123110538287 18.2359614158903 100.403658894871 6.21231109130071 18.226823110813 100.391331345743 6.21231347589188 18.2175567689773 100.379110846908 6.21231799608764 18.2081627585632 100.366997745357 6.21232444060248 18.1986422328724 100.354993400063 6.21233259764185 18.1889953501209 100.343097901206 6.21234225620523 18.1792234889934 100.331312849288 6.21235320414697 18.1693265873645 100.3196380878 6.21236523088683 18.1593062585888 100.308075447535 6.21237812391298 18.1491622106839 100.296624536343 6.21239167314444 18.1388963000228 100.285287403232 6.212405665744 18.1285079961749 100.274063432309 6.21241989215266 18.1179994058857 100.262954877953 6.21243413930377 18.1073697526654 100.25196091322 6.21244819812698 18.0966213999436 100.241083984315 6.21246185547609 18.0857533185909 100.230323066647 6.21247490268108 18.0747681339481 100.21968078409 6.21248712671814 18.0636645587387 100.209155928447 6.21249831917576 18.0511917899818 100.197602604574 6.21250932539985 18.0385754781852 100.186196641782 6.21251882445239 18.0258088614659 100.174932123905 6.2125268999573 18.0129023279927 100.163818452045 6.21253362397342 17.9998517925055 100.152852292534 6.21253907769313 17.98666503879 100.14204040793 6.21254333682543 17.9746801969215 100.132441489149 6.21254621441916 17.9625879301608 100.122970105956 6.21254824585682 17.9503910700419 100.113628546088 6.21254948871804 17.9380896008679 100.10441689195 6.21255000095047 17.9256894069785 100.095339592375 6.21254984038741 17.913187467404 100.086394502643 6.21254906494041 17.9005927896794 100.077588083804 6.21254773316628 17.8878992719785 100.068916109429 6.21254590227235 17.8751190962553 100.060386893102 6.21254363183274 17.8622430232334 100.051994283295 6.2125409778602 17.8492864409701 100.043748277208 6.21253800106462 17.8362369355588 100.035640964488 6.21253475595252 17.8231131131491 100.027683849443 6.21253130431623 17.809899367641 100.019867437193 6.21252769902125 17.7966175156336 100.012204556762 6.21252400272342 17.7832487608727 100.004684309378 6.21252026668463 17.7698181034062 99.9973206622439 6.21251655404839 17.7563035782417 99.9901014979351 6.21251291467526 17.7427333229922 99.9830417328827 6.2125094116747 17.72908224429 99.9761282191253 6.21250609386345 17.715381553211 99.9693766326764 6.21250302366226 17.7016030867017 99.9627729843079 6.21250024934493 17.6862407297103 99.9556271456208 6.2124975744285 17.6707870277358 99.9486654426582 6.21249531498733 17.6552190221221 99.9418777745411 6.21249344298724 17.6395646608035 99.9352766024577 6.21249193706541 17.623802993191 99.9288533536001 6.21249077031398 17.6079600251407 99.9226189220399 6.21248991973105 17.5920202904995 99.9165674334509 6.21248935931446 17.5760044034893 99.9107069606324 6.21248906459622 17.5599026067296 99.9050340950741 6.21248901001136 17.5437298863395 99.899554313561 6.21248917021802 17.527482374301 99.8942664175923 6.21248951972313 17.5111692351769 99.8891735371907 6.21249003280467 17.4964330423011 99.8847572794415 6.21249061321565 17.4816478088356 99.8805003615563 6.21249128657799 17.4668197617734 99.8764045871111 6.21249203393126 17.45194660345 99.8724693551745 6.21249283673653 17.4370390387551 99.8686974774309 6.2124936757744 17.4220903104952 99.8650872463248 6.21249453281364 17.4071155986236 99.8616422765153 6.21249538841757 17.3921036808648 99.858359957423 6.21249622469878 17.377074180285 99.8552444982275 6.21249702211184 17.3620114331219 99.8522925928435 6.21249776308089 17.3469394449869 99.8495088353597 6.21249842812447 17.3318381629546 99.8468894334609 6.21249899987952 17.3167358868366 99.8444391575231 6.21249945916163 17.3016082548339 99.8421539378851 6.21249978865844 17.2864877459959 99.8400385156727 6.21249996977119 17.2713457965508 99.8380887413954 6.21249998543395 17.2545212034392 99.8361194567776 6.21249980695888 17.2376751154762 99.8343543247039 6.21249944514034 17.2207716097492 99.8327898172139 6.21249892360923 17.2038516808144 99.831429993461 6.21249826814177 17.1868842521888 99.8302725600142 6.21249750227849 17.1699055364863 99.8293202208688 6.21249665249813 17.1528895289289 99.8285716881044 6.21249574253716 17.1358674248344 99.8280285349906 6.2124947991919 17.118818481874 99.8276902355843 6.21249384659261 17.1017686765833 99.8275574721251 6.21249291155034 17.0847026825673 99.8276302252697 6.21249201869133 17.0676410927965 99.8279085385722 6.21249119462889 17.0505741107611 99.8283926349786 6.21249046448641 17.0335168201761 99.8290821814879 6.21248985456379 17.0164650270793 99.8299773731937 6.21248939037839 16.9994282212152 99.8310777693886 6.21248909790248 16.9841090104063 99.8322434946439 6.2124890027276 16.9688060116265 99.8335751431086 6.21248908621901 16.9535245022785 99.8350722186227 6.21248936703266 16.9382630522865 99.8367348453866 6.21248986389481 16.9230310024779 99.8385619435985 6.21249059511731 16.9078228418212 99.8405541330867 6.21249157958885 16.8926519145553 99.8427095784502 6.21249283495742 16.8775086816314 99.8450295684236 6.21249438052525 16.8624104061652 99.8475113458647 6.2124962329034 16.8473435987355 99.8501570363459 6.21249841211391 16.830663213589 99.8532846224107 6.21250123427203 16.8140263284165 99.8566133600462 6.21250446132399 16.7974196753307 99.8601457604957 6.21250802378084 16.7808608730907 99.86387793383 6.21251184234889 16.7643228190301 99.8678161393029 6.21251584776158 16.7478370602965 99.8719530427757 6.21251995657345 16.7313805165796 99.8762945677109 6.2125240982447 16.7149807239857 99.8808336095903 6.21252818928432 16.6986187159497 99.8855755292604 6.21253215747296 16.6823179181635 99.8905136779177 6.21253591993079 16.66606354133 99.8956526255098 6.21253940258679 16.6498748290098 99.9009864071542 6.21254252360745 16.633741203846 99.9065185746107 6.21254520714449 16.61767768427 99.9122440747957 6.21254737260959 16.6016779100498 99.9181652174776 6.21254894270591 16.5857526609263 99.9242780864318 6.21254983804253 16.5698997692199 99.9305835316107 6.21254998046034 16.5541257922108 99.9370789933921 6.21254929146527 16.5399982986222 99.9430867023457 6.21254789589578 16.5259380744756 99.9492469319091 6.21254570658445 16.5119496654565 99.9555576654915 6.21254266729524 16.498031666406 99.9620195323489 6.21253872071117 16.484191510521 99.9686290389019 6.21253381218545 16.4704248703453 99.975388229637 6.21252788337615 16.4567419784349 99.9822920203883 6.21252088220841 16.443135668801 99.9893439869879 6.21251274849653 16.4296188699384 99.9965373508855 6.21250343384214 16.4161816494556 100.003877331321 6.21249288800604 16.4028345526925 100.011358051282 6.21248122658404 16.3895691619958 100.018984052705 6.2124686480825 16.3763879341121 100.02675392954 6.21245536114947 16.3632904146467 100.03466797045 6.21244157153285 16.3502798882312 100.04272420716 6.21242748880218 16.3373550602165 100.050923472512 6.21241331755396 16.3245200129468 100.059263203668 6.21239926810909 16.3117726408695 100.067744810647 6.21238554389412 16.2991177906732 100.076365106471 6.21237235564855 16.2865525785003 100.085126108627 6.2123599057757 16.2740825790486 100.094023979378 6.21234840494288 16.2617041657763 100.103061371069 6.21233805483858 16.2494236023386 100.112233771714 6.21232906541569 16.2372365579071 100.12154449282 6.21232163811235 16.2251499435916 100.130988327947 6.21231598138157 16.2131587651887 100.140569268836 6.21231229702446 16.2012705375918 100.15028139778 6.21231079107518 16.1894796463677 100.160129404466 6.21231166645123 16.1777941646482 100.170106646608 6.21231512572658 16.1662079028583 100.180218526087 6.21232137381829 16.1547294452521 100.190457666287 6.21233060868892 16.1433520738411 100.200830191998 6.21234303825626 16.1320848356245 100.211327986123 6.21235885462397 16.1209205322611 100.2219579035 6.21237826981692 16.1098686241697 100.23271108402 6.21240146875062 16.0989214817375 100.2435951161 6.21242866875463 16.088088928841 100.254600397686 6.21246004616049 16.0773629543855 100.265735250729 6.21249582487668 16.0667539001252 100.276989118396 6.21253605823437 16.0562547668595 100.288369625704 6.21258023680367 16.0458786258411 100.299862812276 6.21262755618026 16.0356176240703 100.311477643925 6.21267730520689 16.0254917912 100.323191504622 6.21272864103119 16.0154861152431 100.335021874338 6.21278089751545 16.0056271566657 100.346937243494 6.21283319801705 15.9958931471857 100.358963870208 6.21288492443383 15.9863165514882 100.371061372034 6.21293517803025 15.9768694530962 100.383264794058 6.21298338423961 15.9675895490464 100.395524999095 6.21302863987334 15.9584434313163 100.407885730347 6.21307040295628 15.9494733253182 100.420289306128 6.21310778866734 15.9406410236462 100.43278798607 6.213140270902 15.9319925571383 100.445315839235 6.21316701032968 15.9234856335801 100.457933373817 6.2131874750224 15.9151693600027 100.470566781373 6.21320090161165 15.906998083632 100.483284472743 6.21320672658032 15.8990232640692 100.496005200704 6.21320429535179 15.8911966098836 100.508804863973 6.21319298394163 15.8835712260481 100.521595272116 6.21317228076419 15.8760968910298 100.534459338005 6.21314147035556 15.8688276739276 100.547302470006 6.2131002187335 15.8617121085419 100.560214072695 6.21304768677216 15.854804580923 100.573093731387 6.21298375222315 15.848053034126 100.586036781387 6.21290741986515 15.8415115646993 100.598937589282 6.21281881201768 15.8351281404067 100.611896831537 6.21271674553091 15.8289560077579 100.624804277141 6.21260161811094 15.8229437244003 100.637765338442 6.2124720309299 15.8164951266524 100.652130082028 6.21231218471441 15.8102400128289 100.666559019912 6.21213611407007 15.8041107489196 100.681210537408 6.21194334334276 15.7981734113 100.695928954357 6.21173742163842 15.7923577252568 100.710891521986 6.21151742026637 15.7867325779029 100.7259239427 6.21128750253501 15.7812254314633 100.741223865729 6.21104631099584 15.7759075919026 100.756596873803 6.21079863165989 15.7707046510009 100.772262730725 6.21054272686505 15.7656899246704 100.788005217173 6.21028399430983 15.7607875448067 100.804068139651 6.21002039396823 15.7560724077527 100.820211587962 6.2097579006119 15.7514676179365 100.836705580155 6.20949428535726 15.7470491972462 100.853284391656 6.20923603664997 15.7427396819682 100.870246691354 6.20898089392125 15.7386157330791 100.887298553441 6.20873576051181 15.7345998113536 100.904770034723 6.20849855508077 15.7307686908619 100.922336331816 6.20827645333285 15.7270452907095 100.940361943611 6.20806783038473 15.7235059224519 100.958488205304 6.20787993746434 15.7200745480796 100.977117430361 6.20771196515325 15.7168263789212 100.995853801258 6.20757097591795 15.7140123925211 101.013083178768 6.20746795309704 15.7113443470804 101.030403807562 6.20739181301338 15.7088187647748 101.047816471514 6.20734461718402 15.70643216778 101.0653219545 6.207328427126 15.7043919672141 101.083980646278 6.20734677828621 15.7025267000831 101.102573898333 6.20740016979751 15.7008402172586 101.121103516518 6.20748610870585 15.6993363696121 101.139571306685 6.20760210205722 15.6980767273937 101.157114690647 6.20773832437632 15.6969897758151 101.174605128142 6.20789741924243 15.6960966451754 101.191667930343 6.20807314030732 15.695375135151 101.208683009052 6.20826667028331 15.6948377418903 101.225306581143 6.20847157990694 15.6944709776258 101.241887135227 6.20868974136563 15.6942798308281 101.258109330845 6.20891475959478 15.6942584246582 101.274292764472 6.20914890637411 15.6944052644436 101.290148234584 6.2093859851893 15.6947210770525 101.305968808128 6.20962844081912 15.6951988117995 101.32148931191 6.20987039690888 15.6958448842937 101.336978444746 6.21011429641274 15.6966475260326 101.352193152048 6.21035467026493 15.6976180118221 101.367379718039 6.21059382689205 15.6987406144308 101.382315491414 6.21082676383013 15.7000307150361 101.397226094963 6.21105555651337 15.7014693174715 101.411907746094 6.21127570588495 15.7030752241403 101.426566973514 6.21148898380891 15.7048267995614 101.441017492807 6.21169141313721 15.7067456413088 101.455448137616 6.21188441439337 15.708808052175 101.469688897791 6.21206453585736 15.7110378501661 101.483912160678 6.21223281769771 15.7134098089895 101.497963096244 6.21238632478627 15.7159494324581 101.511998757708 6.21252570570026 15.7189429740871 101.52744661464 6.21266208768649 15.7221393229837 101.542873313235 6.21278105394904 15.725570064089 101.558424891154 6.21288435130808 15.7292028811223 101.573948765394 6.21297160200563 15.7330722400845 101.589586745327 6.21304426975728 15.7371426646005 101.605190191983 6.21310234568954 15.741451002831 101.620895665781 6.2131470515424 15.7459590937629 101.636559501437 6.21317870692006 15.7507055884622 101.652311976608 6.21319833552624 15.7556501985195 101.668015446941 6.21320654119658 15.7608327200332 101.683792874695 6.21320419516019 15.7662113750187 101.699513687292 6.21319213846521 15.7718263719742 101.715292516607 6.21317113566799 15.7776351584466 101.731006900052 6.21314221651061 15.7836775541937 101.746762160227 6.21310608336158 15.7899110190182 101.762444951818 6.21306390610509 15.796374123141 101.778150365451 6.21301636639197 15.8030251886957 101.793775129362 6.21296472729631 15.8099006274724 101.809403256917 6.21290968641732 15.8169605263595 101.824942433802 6.2128525564243 15.8242381959789 101.840464849981 6.21279408091014 15.8316964289975 101.855889938068 6.21273558372732 15.8393644750639 101.871277439018 6.21267787612213 15.8472087958902 101.886559205538 6.21262226172038 15.8552536222366 101.901782044639 6.21256963107167 15.8634700517184 101.916890765136 6.21252124489649 15.8718764105663 101.931918982951 6.21247804033881 15.8804504533842 101.946826333085 6.21244051341676 15.8891959878557 101.961619662623 6.2124083834145 15.8981075693332 101.976289940766 6.21238138215723 15.9071849259152 101.990837143736 6.21235921849609 15.9164265711947 102.005259275234 6.21234160455549 15.9258320071051 102.019555922108 6.21232824999899 15.9353999643295 102.033725483426 6.2123188657429 15.9441494770939 102.046368790295 6.21231357485568 15.9530292655144 102.058907612825 6.2123110538287 15.9620385957494 102.071341105129 6.21231109130071 15.9711769008266 102.083668654256 6.21231347589188 15.9804432426622 102.095889153091 6.21231799608764 15.9898372530762 102.108002254642 6.21232444060248 15.9993577787669 102.120006599936 6.21233259764184 16.0090046615183 102.131902098793 6.21234225620522 16.0187765226456 102.143687150711 6.21235320414697 16.0286734242744 102.155361912199 6.21236523088683 16.0386937530499 102.166924552463 6.21237812391298 16.0488378009546 102.178375463655 6.21239167314444 16.0591037116155 102.189712596766 6.212405665744 16.0694920154632 102.200936567688 6.21241989215265 16.0800006057522 102.212045122044 6.21243413930376 16.0906302589722 102.223039086776 6.21244819812698 16.1013786116938 102.233916015681 6.21246185547609 16.1122466930462 102.244676933348 6.21247490268108 16.1232318776887 102.255319215905 6.21248712671814 16.1343354528978 102.265844071548 6.21249831917575 16.1468082216543 102.277397395421 6.21250932539985 16.1594245334506 102.288803358212 6.21251882445239 16.1721911501695 102.300067876089 6.2125268999573 16.1850976836423 102.311181547948 6.21253362397342 16.1981482191293 102.322147707459 6.21253907769312 16.2113349728446 102.332959592062 6.21254333682543 16.2233198147129 102.342558510844 6.21254621441916 16.2354120814735 102.352029894036 6.21254824585682 16.2476089415923 102.361371453904 6.21254948871804 16.2599104107662 102.370583108041 6.21255000095047 16.2723106046556 102.379660407617 6.21254984038741 16.2848125442301 102.388605497349 6.21254906494041 16.2974072219547 102.397411916187 6.21254773316628 16.3101007396557 102.406083890562 6.21254590227235 16.3228809153791 102.414613106889 6.21254363183274 16.3357569884011 102.423005716696 6.2125409778602 16.3487135706647 102.431251722783 6.21253800106462 16.3617630760763 102.439359035503 6.21253475595252 16.3748868984863 102.447316150548 6.21253130431623 16.3881006439948 102.455132562799 6.21252769902125 16.4013824960027 102.46279544323 6.21252400272343 16.4147512507641 102.470315690614 6.21252026668463 16.4281819082311 102.477679337748 6.2125165540484 16.4416964333962 102.484898502057 6.21251291467526 16.4552666886464 102.49195826711 6.2125094116747 16.4689177673493 102.498871780868 6.21250609386345 16.4826184584291 102.505623367317 6.21250302366226 16.4963969249391 102.512227015686 6.21250024934493 16.5117592819316 102.519372854373 6.2124975744285 16.527212983907 102.526334557336 6.21249531498733 16.5427809895217 102.533122225454 6.21249344298724 16.5584353508412 102.539723397538 6.21249193706541 16.5741970184546 102.546146646396 6.21249077031398 16.5900399865058 102.552381077956 6.21248991973105 16.6059797211477 102.558432566546 6.21248935931446 16.6219956081587 102.564293039365 6.21248906459622 16.638097404919 102.569965904923 6.21248901001136 16.6542701253097 102.575445686437 6.21248917021802 16.6705176373487 102.580733582406 6.21248951972313 16.6868307764734 102.585826462807 6.21249003280467 16.7015669693495 102.590242720557 6.21249061321565 16.7163522028154 102.594499638442 6.21249128657799 16.7311802498778 102.598595412888 6.21249203393126 16.7460534082015 102.602530644824 6.21249283673653 16.7609609728965 102.606302522568 6.2124936757744 16.7759097011566 102.609912753674 6.21249453281364 16.7908844130281 102.613357723484 6.21249538841757 16.805896330787 102.616640042576 6.21249622469878 16.8209258313667 102.619755501772 6.21249702211184 16.8359885785296 102.622707407156 6.21249776308089 16.8510605666645 102.62549116464 6.21249842812447 16.8661618486966 102.628110566539 6.21249899987952 16.8812641248142 102.630560842476 6.21249945916163 16.8963917568166 102.632846062114 6.21249978865844 16.9115122656541 102.634961484327 6.21249996977119 16.9266542150988 102.636911258604 6.21249998543395 16.9434788082098 102.638880543222 6.21249980695888 16.9603248961723 102.640645675296 6.21249944514034 16.9772284018986 102.642210182786 6.21249892360923 16.9941483308328 102.643570006539 6.21249826814177 17.0111157594577 102.644727439985 6.21249750227849 17.0280944751595 102.645679779131 6.21249665249813 17.0451104827161 102.646428311895 6.21249574253716 17.0621325868099 102.646971465009 6.2124947991919 17.0791815297695 102.647309764415 6.21249384659261 17.0962313350593 102.647442527874 6.21249291155034 17.1132973290745 102.64736977473 6.21249201869133 17.1303589188444 102.647091461427 6.21249119462889 17.1474259008789 102.646607365021 6.21249046448641 17.1644831914629 102.645917818511 6.21248985456379 17.1815349845588 102.645022626806 6.21248939037839 17.1985717904219 102.643922230611 6.21248909790248 17.21389100123 102.642756505355 6.2124890027276 17.2291940000089 102.641424856891 6.21248908621901 17.2444755093559 102.639927781377 6.21248936703266 17.259736959347 102.638265154613 6.21248986389481 17.2749690091546 102.636438056401 6.21249059511731 17.2901771698104 102.634445866913 6.21249157958885 17.3053480970753 102.632290421549 6.21249283495741 17.3204913299982 102.629970431576 6.21249438052525 17.3355896054634 102.627488654134 6.2124962329034 17.3506564128921 102.624842963653 6.21249841211391 17.3673367980375 102.621715377588 6.21250123427203 17.3839736832089 102.618386639953 6.21250446132398 17.4005803362937 102.614854239503 6.21250802378083 17.4171391385328 102.611122066169 6.21251184234888 17.4336771925927 102.607183860696 6.21251584776158 17.4501629513256 102.603046957223 6.21251995657345 17.4666194950421 102.598705432288 6.2125240982447 17.4830192876356 102.594166390408 6.21252818928432 17.4993812956715 102.589424470738 6.21253215747296 17.5156820934576 102.58448632208 6.21253591993078 17.5319364702913 102.579347374488 6.21253940258678 17.5481251826117 102.574013592843 6.21254252360745 17.5642588077759 102.568481425386 6.21254520714448 17.5803223273523 102.562755925201 6.21254737260959 17.5963221015732 102.556834782519 6.21254894270591 17.6122473506974 102.550721913564 6.21254983804253 17.6281002424047 102.544416468384 6.21254998046034 17.6438742194147 102.537921006602 6.21254929146527 17.6580017130044 102.531913297648 6.21254789589579 17.672061937152 102.525753068084 6.21254570658445 17.6860503461723 102.519442334501 6.21254266729525 17.6999683452241 102.512980467643 6.21253872071117 17.7138085011104 102.506370961089 6.21253381218546 17.7275751412874 102.499611770354 6.21252788337616 17.7412580331994 102.492707979601 6.21252088220841 17.7548643428348 102.485656013001 6.21251274849653 17.7683811416991 102.478462649103 6.21250343384214 17.7818183621835 102.471122668666 6.21249288800604 17.7951654589482 102.463641948704 6.21248122658404 17.8084308496465 102.456015947281 6.2124686480825 17.8216120775316 102.448246070444 6.21245536114946 17.8347095969985 102.440332029534 6.21244157153285 17.8477201234151 102.432275792824 6.21242748880217 17.860644951431 102.424076527471 6.21241331755395 17.8734799987017 102.415736796315 6.21239926810908 17.8862273707799 102.407255189335 6.21238554389411 17.8988822209769 102.398634893511 6.21237235564854 17.9114474331506 102.389873891354 6.21235990577569 17.9239174326029 102.380976020603 6.21234840494287 17.9362958458757 102.371938628912 6.21233805483857 17.9485764093139 102.362766228267 6.21232906541569 17.9607634537457 102.353455507161 6.21232163811234 17.9728500680614 102.344011672034 6.21231598138157 17.9848412464645 102.334430731145 6.21231229702446 17.9967294740615 102.324718602201 6.21231079107518 18.0085203652856 102.314870595515 6.21231166645124 18.020205847005 102.304893353373 6.21231512572659 18.0317921087948 102.294781473894 6.2123213738183 18.0432705664008 102.284542333695 6.21233060868893 18.0546479378116 102.274169807985 6.21234303825627 18.0659151760278 102.26367201386 6.21235885462399 18.0770794793909 102.253042096483 6.21237826981694 18.0881313874818 102.242288915965 6.21240146875065 18.0990785299136 102.231404883885 6.21242866875466 18.1099110828095 102.2203996023 6.21246004616053 18.1206370572645 102.209264749257 6.21249582487672 18.1312461115241 102.198010881591 6.2125360582344 18.1417452447892 102.186630374283 6.21258023680371 18.1521213858071 102.175137187713 6.2126275561803 18.1623823875773 102.163522356064 6.21267730520693 18.1725082204471 102.151808495368 6.21272864103122 18.1825138964035 102.139978125653 6.21278089751548 18.1923728549804 102.128062756497 6.21283319801708 18.20210686446 102.116036129783 6.21288492443386 18.2116834601571 102.103938627958 6.21293517803028 18.2211305585487 102.091735205934 6.21298338423963 18.2304104625982 102.079475000898 6.21302863987336 18.239556580328 102.067114269647 6.21307040295629 18.2485266863257 102.054710693866 6.21310778866736 18.2573589879975 102.042212013924 6.21314027090201 18.2660074545052 102.02968416076 6.21316701032969 18.274514378063 102.017066626178 6.21318747502241 18.2828306516403 102.004433218622 6.21320090161166 18.2910019280107 101.991715527252 6.21320672658032 18.2989767475735 101.978994799292 6.21320429535179 18.3068034017588 101.966195136023 6.21319298394163 18.3144287855942 101.95340472788 6.21317228076418 18.3219031206124 101.940540661991 6.21314147035555 18.3291723377144 101.92769752999 6.21310021873349 18.3362879031 101.914785927301 6.21304768677214 18.3431954307189 101.90190626861 6.21298375222313 18.3499469775157 101.88896321861 6.21290741986513 18.3564884469424 101.876062410715 6.21281881201766 18.3628718712349 101.863103168459 6.21271674553088 18.3690440038836 101.850195722856 6.2126016181109 18.3750562872413 101.837234661555 6.21247203092987 18.381504884989 101.822869917968 6.21231218471437 18.3877599988125 101.808440980084 6.21213611407003 18.3938892627218 101.793789462589 6.21194334334272 18.3998266003414 101.77907104564 6.21173742163837 18.4056422863845 101.76410847801 6.21151742026632 18.4112674337384 101.749076057296 6.21128750253495 18.416774580178 101.733776134268 6.21104631099578 18.4220924197386 101.718403126194 6.21079863165983 18.4272953606403 101.702737269272 6.21054272686499 18.4323100869707 101.686994782824 6.21028399430977 18.4372124668344 101.670931860345 6.21002039396817 18.4419276038884 101.654788412034 6.20975790061184 18.4465323937045 101.638294419841 6.2094942853572 18.4509508143948 101.62171560834 6.20923603664991 18.4552603296728 101.604753308642 6.2089808939212 18.4593842785618 101.587701446555 6.20873576051176 18.4634002002873 101.570229965273 6.20849855508071 18.467231320779 101.552663668179 6.20827645333279 18.4709547209313 101.534638056385 6.20806783038468 18.4744940891889 101.516511794691 6.2078799374643 18.4779254635612 101.497882569635 6.20771196515321 18.4811736327196 101.479146198738 6.20757097591792 18.4839876191194 101.461916821229 6.20746795309702 18.4866556645599 101.444596192436 6.20739181301338 18.4891812468654 101.427183528485 6.20734461718402 19.2363736474 100.4644572636 6.2125 19.1775689081054 100.311369887949 6.2125 19.1116446670237 100.170265632325 6.2125 19.0617076682409 100.077455097924 6.2125 19.0062963538067 99.9849762825383 6.2125 18.9488543514313 99.898419243726 6.2125 18.869922051223 99.7918181885687 6.2125 18.7791930405336 99.6835550474224 6.2125 18.6878371561533 99.5871786203754 6.2125 18.5968913473082 99.5018640907275 6.2125 18.5071823644266 99.4266892819981 6.2125 18.4192551133707 99.3607219523088 6.2125 18.3335118934061 99.3030484901402 6.2125 18.2501572539072 99.252800381165 6.2125 18.1692438783168 99.2090960939174 6.2125 18.0648788382604 99.1594451583153 6.2125 17.951465045876 99.1133161034911 6.2125 17.841810619771 99.0757895366371 6.2125 17.7367142789911 99.0459170606635 6.2125 17.6366290019178 99.0227235504646 6.2125 17.5418226427986 99.0052961840259 6.2125 17.4238474308015 98.9896131598396 6.2125 17.3025667948315 98.9803154777801 6.2125 17.1929229324799 98.9778535878421 6.2125 17.0941040993504 98.9805364974266 6.2125 17.005088587652 98.9870404461844 6.2125 16.8996594623165 98.9999737808488 6.2125 16.7958545335826 99.0185876684443 6.2125 16.7037156811552 99.0404128453457 6.2125 16.6193715611113 99.0652497342694 6.2125 16.5423350850931 99.0925666678309 6.2125 16.4732036831947 99.1215452393097 6.2125 16.4122581468586 99.1514814002759 6.2125 16.3596535211419 99.1818310486961 6.2125 16.3233001052257 99.2065008385757 6.2125 16.2997925163584 99.2251617877702 6.2125 16.284556445845 99.2392820108835 6.2125 16.2754341446206 99.2491770476555 6.2125 16.2693204763578 99.2569347504869 6.2125 16.2659422849555 99.2619233539683 6.2125 16.2631635993022 99.2666693104403 6.2125 16.2595319808991 99.2751438512451 6.2125 16.2583328449555 99.2816774618957 6.2125 16.2587976813668 99.2870088208586 6.2125 16.2606060301882 99.291967055655 6.2125 16.2637410209795 99.2966254346667 6.2125 16.2680909554726 99.3006498981182 6.2125 16.2734974558972 99.3038343974487 6.2125 16.2806246403285 99.3065474769942 6.2125 16.2893910742495 99.3087836096267 6.2125 16.2994784315014 99.3105734051154 6.2125 16.3161255799518 99.3122558086853 6.2125 16.3531915184187 99.3129312510427 6.2125 16.4462347899504 99.3080255743169 6.2125 16.6735981991786 99.294049578583 6.2125 16.8583637322704 99.2928614674585 6.2125 17.0413300930012 99.3040935328118 6.2125 17.2118485450829 99.3269273641829 6.2125 17.3736964389201 99.3606005524099 6.2125 17.5260510166188 99.4039821999441 6.2125 17.6780724842759 99.4598454632917 6.2125 17.8113750668343 99.5205909054056 6.2125 17.9417097821789 99.5923426466796 6.2125 18.0512835225919 99.6639238890311 6.2125 18.1555254800181 99.7433179072518 6.2125 18.2617287936661 99.8374011672986 6.21249999999984 18.3577895932079 99.9360875601143 6.21249999999952 18.4433897767235 100.037375016959 6.21250000000006 18.5265838951581 100.150933675925 6.21250000000023 18.6054402193717 100.276806062118 6.21249999999811 18.6785351618709 100.416345235199 6.21250000000248 18.7248460938066 100.521691360272 6.21250000001115 18.76656564028 100.6345289051 6.212500000016 18.8085875578183 100.778486527292 6.21250000000913 18.8281056930084 100.865527570399 6.21250000000238 18.8427938149909 100.949322548672 6.21249999999852 18.8545821064628 101.044852791316 6.2124999999984 18.8601969941943 101.122089447889 6.21249999999975 18.8623022740007 101.221584673724 6.21250000000042 18.8581689881333 101.328629646046 6.21249999999982 18.848142767892 101.430751977237 6.21249999999953 18.8331418959982 101.527932845318 6.21249999999977 18.8140159271398 101.620020236781 6.21249999999996 18.7915206078286 101.706972712794 6.2125 18.7574748540605 101.814976327687 6.2125 18.7152086538602 101.925968420485 6.2125 18.6701397687214 102.026688927007 6.2125 18.6232184165134 102.118366150417 6.2125 18.5752865559702 102.201767592186 6.2125 18.511064554054 102.30113607856 6.2125 18.4398439829619 102.39843984292 6.2125 18.370821310093 102.482465057082 6.2125 18.3044479909343 102.555403043615 6.2125 18.2205286153934 102.638353804036 6.2125 18.1333639115378 102.715228044342 6.2125 18.0544461928931 102.778037691853 6.2125 17.7098143188739 103.012466675493 6.2125 17.6836144090922 103.033101126244 6.2125 17.6738154494394 103.042028567559 6.2125 17.6649317212717 103.051280982601 6.2125 17.659069077854 103.058471673922 6.2125 17.6538315580261 103.066964319921 6.2125 17.6512425535571 103.074005574324 6.2125 17.6504025707873 103.08043403156 6.2125 17.6510702207343 103.086221590813 6.2125 17.6530843012753 103.09121605593 6.2125 17.6563121118908 103.095518978792 6.2125 17.6611933119463 103.099796472455 6.2125 17.6679565454865 103.103974402345 6.2125 17.6766925764944 103.107852896832 6.2125 17.6853138660847 103.110635569746 6.2125 17.6981075634555 103.113609321041 6.2125 17.7160959784255 103.116352104543 6.2125 17.740390947039 103.118214943507 6.2125 17.7801115040813 103.118243228795 6.2125 17.8340771999682 103.114149903747 6.2125 17.8889562371207 103.10632812625 6.2125 17.9473933315393 103.094649009807 6.2125 18.0114605014145 103.078304119746 6.2125 18.0829424322351 103.055975687626 6.2125 18.1631430122798 103.025927735618 6.2125 18.2529378571062 102.985963014344 6.2125 18.3525450299526 102.933458392429 6.2125 18.4616499796722 102.865320944863 6.2125 18.5665775460692 102.788436568135 6.2125 18.6648848092065 102.705183720126 6.2125 18.766470067558 102.60610304533 6.2125 18.8704963993564 102.48828786983 6.2125 18.9646709754806 102.363825953442 6.2125 19.0479443582573 102.235351279448 6.2125 19.1278821077295 102.089392138254 6.2125 19.1955960474641 101.939818987819 6.2125 19.2509527440838 101.788282829318 6.2125 19.293853140786 101.637043826974 6.2125 19.3245454539897 101.488318642376 6.2125 19.345276174591 101.327729829302 6.2125 19.3531215112079 101.17313251449 6.2125 19.352081477808 101.081630270362 6.2125 19.3465592518863 100.986673584017 6.2125 19.3334712156815 100.868501801336 6.2125 19.3167446893676 100.76691956883 6.2125 19.2939854105256 100.661483684984 6.2125 19.2679509705388 100.563952496086 6.2125 -3.099999999998 3.1143532197575e-12 -3.09044373457097 -0.243223196752705 -3.06183385584355 -0.484946841620628 -3.01434675323183 -0.723680627948779 -2.94827520051447 -0.957952682557411 -2.86402655078501 -1.1863186403265 -2.76212022498454 -1.40737054918702 -2.6431845094989 -1.61974555061363 -2.50795268256421 -1.82213428210068 -2.35725849336267 -2.01328894981748 -2.19203102168159 -2.19203102167218 -2.0132889498276 -2.35725849335402 -1.82213428211145 -2.50795268255639 -1.61974555062497 -2.64318450949195 -1.40737054919888 -2.7621202249785 -1.18631864033879 -2.86402655077992 -0.957952682570065 -2.94827520051036 -0.723680627961717 -3.01434675322872 -0.484946841633769 -3.06183385584147 -0.243223196765969 -3.09044373456993 -1.01911590277837e-11 -3.099999999998 0.24322319674565 -3.09044373457153 0.484946841613639 -3.06183385584466 0.723680627941898 -3.01434675323348 0.957952682550681 -2.94827520051666 1.18631864031996 -2.86402655078772 1.40737054918072 -2.76212022498775 1.6197455506076 -2.6431845095026 1.82213428209496 -2.50795268256837 2.0132889498121 -2.35725849336726 2.19203102166718 -2.19203102168659 2.35725849334943 -2.01328894983298 2.50795268255223 -1.82213428211717 2.64318450948825 -1.61974555063101 2.76212022497528 -1.40737054920518 2.86402655077721 -1.18631864034533 2.94827520050818 -0.957952682576795 3.01434675322707 -0.723680627968598 3.06183385584036 -0.484946841640758 3.09044373456938 -0.243223196773024 3.099999999998 -1.72671210663111e-11 3.09044373457097 0.243223196752705 3.06183385584355 0.484946841620628 3.01434675323183 0.723680627948779 2.94827520051447 0.957952682557411 2.86402655078501 1.1863186403265 2.76212022498454 1.40737054918702 2.6431845094989 1.61974555061363 2.50795268256421 1.82213428210068 2.35725849336267 2.01328894981748 2.19203102168159 2.19203102167218 2.0132889498276 2.35725849335403 1.82213428211145 2.50795268255639 1.61974555062497 2.64318450949195 1.40737054919888 2.7621202249785 1.18631864033879 2.86402655077992 0.957952682570065 2.94827520051036 0.723680627961717 3.01434675322872 0.484946841633769 3.06183385584147 0.243223196765969 3.09044373456993 1.01907593474948e-11 3.099999999998 -0.24322319674565 3.09044373457153 -0.484946841613639 3.06183385584466 -0.723680627941898 3.01434675323348 -0.957952682550681 2.94827520051666 -1.18631864031996 2.86402655078772 -1.40737054918072 2.76212022498775 -1.6197455506076 2.6431845095026 -1.82213428209496 2.50795268256837 -2.0132889498121 2.35725849336726 -2.19203102166718 2.19203102168659 -2.35725849334943 2.01328894983298 -2.50795268255223 1.82213428211717 -2.64318450948825 1.61974555063101 -2.76212022497528 1.40737054920518 -2.86402655077721 1.18631864034533 -2.94827520050818 0.957952682576795 -3.01434675322707 0.723680627968598 -3.06183385584036 0.484946841640758 -3.09044373456938 0.243223196773023 -1.4031715728647 2.63126853639051e-11 -1.4029068159395 0.0187680340462192 -1.402476477416 0.0374496574288785 -1.40187651393408 0.056046189853399 -1.40110288213363 0.0745589509988886 -1.40020032086012 0.0921243261018105 -1.39913287083301 0.109615964617217 -1.39792553812846 0.126659416410116 -1.39655373771633 0.143634446419909 -1.39504725225015 0.160198336123764 -1.39337670580931 0.176698595647035 -1.39157584189381 0.192821655434788 -1.38961127641848 0.208885417904302 -1.38751997962045 0.224603050426894 -1.38526526895287 0.240265316056778 -1.38288668025063 0.255609910672495 -1.38034487533952 0.270902715302915 -1.37768135812608 0.285903956189183 -1.37485471837297 0.300856672897427 -1.37190788518753 0.315541826526158 -1.36879790828092 0.330181447471466 -1.3655686456821 0.3445756240703 -1.36217609469541 0.358927017123854 -1.35866458558185 0.373053404774158 -1.35498951289481 0.387139543492794 -1.35119525608566 0.401019615690461 -1.3472370241203 0.414861783365022 -1.34315885128333 0.428515481957089 -1.33891615506785 0.442133448359576 -1.3340496856065 0.457097239665115 -1.3289845377493 0.472015146790622 -1.32367144549538 0.487028228119801 -1.31816120381346 0.501989019129141 -1.31240220625263 0.517034028343952 -1.30644790003774 0.532020093230757 -1.30024495863974 0.547078220721808 -1.29384888333087 0.562070513806769 -1.28720532923594 0.577121522906539 -1.28037117014043 0.592099587486722 -1.27329182243539 0.607121857350416 -1.26602477047331 0.622063873076095 -1.25851604355285 0.637034466431397 -1.25082289949532 0.651917321729469 -1.24289289570884 0.666812079515597 -1.23478215910412 0.681611470973907 -1.22644074271211 0.69640513532222 -1.21792268154037 0.71109569535758 -1.20918152998939 0.725762061602076 -1.20026822709969 0.74031751494988 -1.19114085581088 0.754829612402741 -1.18184622841008 0.769222960996533 -1.17234798569374 0.783553261106808 -1.16268777460654 0.797756995789619 -1.15283580398242 0.81187764506868 -1.14282753009988 0.825863981343173 -1.13264064033238 0.839747117755311 -1.12230216500918 0.853489723994864 -1.11180748504068 0.867098128176543 -1.10116311206554 0.880564035840011 -1.09036931884835 0.893887456750425 -1.07942782552187 0.907066592085653 -1.06833917708513 0.920101092933885 -1.05710482970733 0.93298952621276 -1.04687002291844 0.944463667234752 -1.03651874585414 0.955818127855002 -1.02605183060614 0.967052158625336 -1.01546991507506 0.978165220798661 -1.00477406610575 0.989156330734195 -0.99396469167379 1.0000251892416 -0.983043103120388 1.01077058913316 -0.972009468531285 1.02139246032582 -0.960865352564321 1.0318893835857 -0.949610674358792 1.04226150661571 -0.938247259727391 1.05250721042618 -0.926774770774672 1.06262684837735 -0.915195301271504 1.07261861473286 -0.903508249221761 1.08248305564424 -0.891715982076753 1.09221819228036 -0.879817627743481 1.10182475005584 -0.867815831955876 1.11130059125928 -0.855709447637957 1.12064660645761 -0.843501402256831 1.12986051375229 -0.831190270010419 1.13894335425249 -0.81739409160978 1.14887888214601 -0.803473537059539 1.15865054892116 -0.789421169624972 1.16826339631112 -0.775248452546513 1.17770936895108 -0.760950922373996 1.18699127403017 -0.746537133880146 1.19610335521341 -0.733465013007886 1.2041591191307 -0.720301928475845 1.21207512952749 -0.707050971140061 1.21984946340357 -0.693712135533873 1.22748203704902 -0.680291807428865 1.23496915729907 -0.666786725514403 1.24231258197135 -0.653206622067456 1.24950700412405 -0.639544922763269 1.2565558695159 -0.625814737626775 1.26345242219006 -0.612006142371151 1.27020163347024 -0.598135635486181 1.27679546991681 -0.584189926226524 1.28324025883967 -0.570188891786905 1.28952686596175 -0.556115878920341 1.29566279944224 -0.541994113561092 1.3016380042407 -0.527803604149326 1.30746099034794 -0.513570875672483 1.31312096377578 -0.499272642242273 1.31862725513333 -0.484938659177084 1.32396851337638 -0.470542409401005 1.3291547079921 -0.45611679167472 1.33417411122708 -0.441632139205471 1.33903715080808 -0.425509035488847 1.34424392998697 -0.409317871701605 1.34925675634238 -0.393034623243598 1.35408283724848 -0.376688555914217 1.35871323507476 -0.360257825509571 1.36315388707455 -0.343769578131717 1.3673971725858 -0.327207743688015 1.37144702374762 -0.310593771202603 1.37529795826228 -0.293917558785691 1.37895216158964 -0.277194651342679 1.38240603722449 -0.2604210630226 1.38566029998015 -0.243606273205266 1.38871296803745 -0.228439538578338 1.39128762796364 -0.213243685971434 1.39369813456225 -0.198025116630721 1.39594346197842 -0.182781476516879 1.39802392466423 -0.167523734634524 1.39993804574109 -0.152244975326201 1.4016866907099 -0.136960707372334 1.40326813490415 -0.121659472969165 1.40468359213054 -0.106361263384889 1.40593129289307 -0.0910501275503315 1.40701259624979 -0.0757504533906597 1.4079258884704 -0.0604418741790338 1.40867247259029 -0.0451530612213753 1.40925108684966 -0.0298593374469982 1.40966278080793 -0.014593518228067 1.40990683455332 0.000673253520300476 1.40998386126288 0.017612347278728 1.40987377983088 0.0345477226413105 1.40955845107629 0.0515154639551445 1.4090369683298 0.0684743883751542 1.40831033340469 0.0854556189585887 1.40737700911914 0.102422884951987 1.4062387554292 0.119402152651875 1.4048936595714 0.136362269432735 1.40334398802845 0.153323885410388 1.40158771755374 0.17026113663834 1.39962735854894 0.187189236063904 1.39746104956532 0.204087740992795 1.39509127426578 0.220966346545898 1.39251660929555 0.237810123856868 1.38973923600641 0.254623211255056 1.38675844615333 0.271396244787226 1.3835758415652 0.286456646800242 1.38053916140639 0.301480599468622 1.37733980123489 0.316462926152768 1.37397890103172 0.331405030881471 1.37045616205587 0.346297775914057 1.3667738021277 0.361146554578598 1.36293052986457 0.375938348693547 1.3589298042199 0.390682467085425 1.3547691756965 0.405362115414336 1.35045349889449 0.419990420341088 1.34597900906695 0.436160977573058 1.34082826911654 0.452263680986606 1.33548323541561 0.468311390058474 1.3299397876445 0.484287096493235 1.32420394826972 0.500216930092673 1.3182661796695 0.516070482055807 1.3121376315936 0.531869931429054 1.30580959324263 0.54758882196525 1.29929249430081 0.563245319089787 1.29257868711588 0.578816989988498 1.28567764472719 0.594317951434612 1.27858301698169 0.609729837219447 1.27130308499217 0.625062708943684 1.26383302593085 0.64030228171527 1.25617969755188 0.655454584278846 1.24834002710103 0.670509398901337 1.24031922395051 0.685468772586717 1.232116178583 0.700326511689751 1.22373423589756 0.713610060172629 1.2160383940546 0.726808132321467 1.20819943858338 0.739916464251039 1.20021992861987 0.752936373287792 1.19209906724142 0.765860911091473 1.18384123372684 0.778694121544622 1.17544386803355 0.791426473277654 1.16691327150597 0.804064639348869 1.1582450160222 0.816596620734995 1.14944741531553 0.829031634334754 1.14051407082032 0.841359935645817 1.13145210911609 0.853589321385205 1.12225598969175 0.865717525902911 1.11292740942804 0.877744964739255 1.10346602608773 0.889668619604257 1.09387419611706 0.901489673168258 1.08415093410457 0.913204388413891 1.07429928445189 0.924814681963635 1.06431758942965 0.936316134817909 1.05420960665269 0.947711361482442 1.04397298001117 0.958995300301949 1.03361220229194 0.970171224953127 1.0231241961948 0.981233472764255 1.01251420819729 0.992185935492725 1.00177842039779 1.00302239311924 0.990922847928906 1.0137473122941 0.979942916394716 1.02435396105401 0.968845420906537 1.03484733594957 0.957625018291295 1.04522023990818 0.946289291263767 1.05547815288529 0.934832119264536 1.06561346065539 0.923261876507938 1.07563207888873 0.911571660148035 1.08552602497303 0.899770636064587 1.0953016017201 0.887851117941117 1.10495050739488 0.875823059784552 1.11447938280616 0.863677994319468 1.12387965654929 0.851426656490526 1.13315825802315 0.839059804223056 1.14230621901647 0.826589183572411 1.15132955019876 0.814006368294693 1.1602169921237 0.801326817197552 1.16897523828345 0.788540668606824 1.17758718551912 0.775672825408889 1.18606558746936 0.762704097663695 1.19438795080985 0.749669015968989 1.20257265728279 0.736538849532987 1.21059244272006 0.723357659256302 1.21847071238026 0.710087239357081 1.22617608354658 0.696780981359764 1.2337363442095 0.68339137325015 1.24111666596157 0.669980842141691 1.2483485548884 0.656492835036245 1.2553944181498 0.642998432909547 1.26228880361983 0.629432395302611 1.26899203213218 0.615873998634913 1.27554101702008 0.602249747160256 1.28189465711076 0.588646588537628 1.28809156564371 0.574983271949609 1.29408986048471 0.561353837695233 1.29992920970857 0.54766983697178 1.30556755980829 0.534031781207268 1.31104501754655 0.52034462622581 1.31631992938562 0.506714701394608 1.32143226063078 0.493041004136787 1.3263412854296 0.479435007586407 1.33108628917113 0.465790411402422 1.33562795377244 0.452223147267854 1.34000439807409 0.438622287129658 1.34464161883506 0.423574813759576 1.34907894077806 0.408487372910416 1.35336405192252 0.393194477060331 1.35745047817298 0.377858737887354 1.361386213329 0.362295620493616 1.36512427827608 0.346686558199108 1.3687124098095 0.330826494558171 1.37210369705335 0.31491712732814 1.37534501951492 0.298731223095356 1.37839014680994 0.282492363545307 1.38128445710586 0.265949275115702 1.38398305855158 0.249349245265345 1.38652913269476 0.232414860889319 1.38887983823269 0.215419166857311 1.39107540492142 0.198056246022502 1.39307581766937 0.180627209792464 1.39491752967766 0.162794981037789 1.39656420248979 0.144891329274853 1.39804760817759 0.126545051809996 1.3993360223148 0.108121466934685 1.40045554188146 0.0892119711127427 1.4013800932381 0.0702186195903115 1.40205866058548 0.0527741501174494 1.402581192735 0.0352570268248601 1.40295104504273 0.0176660450108374 1.4031715728647 -2.63265409472524e-11 1.4029068159395 -0.0187680340462309 1.402476477416 -0.0374496574288888 1.40187651393408 -0.0560461898534075 1.40110288213363 -0.0745589509988958 1.40020032086012 -0.0921243261018172 1.39913287083301 -0.109615964617223 1.39792553812846 -0.126659416410121 1.39655373771633 -0.143634446419914 1.39504725225015 -0.16019833612377 1.39337670580931 -0.176698595647041 1.39157584189381 -0.192821655434794 1.38961127641848 -0.208885417904308 1.38751997962045 -0.2246030504269 1.38526526895286 -0.240265316056786 1.38288668025063 -0.255609910672502 1.38034487533952 -0.270902715302923 1.37768135812608 -0.285903956189192 1.37485471837296 -0.300856672897436 1.37190788518753 -0.315541826526168 1.36879790828091 -0.330181447471476 1.36556864568209 -0.344575624070311 1.3621760946954 -0.358927017123866 1.35866458558184 -0.37305340477417 1.35498951289481 -0.387139543492807 1.35119525608565 -0.401019615690473 1.34723702412029 -0.414861783365034 1.34315885128332 -0.428515481957102 1.33891615506785 -0.442133448359589 1.3340496856065 -0.457097239665127 1.3289845377493 -0.472015146790635 1.32367144549538 -0.487028228119814 1.31816120381346 -0.501989019129153 1.31240220625263 -0.517034028343963 1.30644790003774 -0.532020093230768 1.30024495863973 -0.547078220721819 1.29384888333086 -0.562070513806779 1.28720532923594 -0.577121522906549 1.28037117014042 -0.592099587486733 1.27329182243539 -0.607121857350427 1.26602477047331 -0.622063873076105 1.25851604355284 -0.637034466431406 1.25082289949532 -0.651917321729478 1.24289289570884 -0.666812079515606 1.23478215910412 -0.681611470973916 1.22644074271211 -0.696405135322227 1.21792268154037 -0.711095695357588 1.20918152998939 -0.725762061602082 1.20026822709969 -0.740317514949887 1.19114085581088 -0.754829612402747 1.18184622841007 -0.76922296099654 1.17234798569374 -0.783553261106815 1.16268777460654 -0.797756995789626 1.15283580398242 -0.811877645068687 1.14282753009988 -0.82586398134318 1.13264064033238 -0.839747117755319 1.12230216500918 -0.853489723994872 1.11180748504069 -0.867098128176534 1.10116311206556 -0.880564035839986 1.0903693188484 -0.89388745675036 1.07942782552195 -0.907066592085547 1.06833917708526 -0.920101092933714 1.05710482970751 -0.932989526212521 1.04687002291869 -0.944463667234429 1.03651874585445 -0.955818127854592 1.02605183060655 -0.967052158624817 1.01546991507555 -0.978165220798031 1.00477406610636 -0.989156330733429 0.993964691674517 -1.00002518924069 0.983043103121255 -1.01077058913209 0.972009468532293 -1.02139246032459 0.960865352565498 -1.03188938358427 0.94961067436014 -1.04226150661409 0.938247259728938 -1.05250721042435 0.926774770776422 -1.06262684837529 0.915195301273486 -1.07261861473055 0.90350824922398 -1.08248305564167 0.89171598207924 -1.09221819227751 0.87981762774624 -1.10182475005272 0.867815831958939 -1.11130059125585 0.855709447641331 -1.12064660645386 0.84350140226055 -1.1298605137482 0.831190270014488 -1.13894335424805 0.817394091614278 -1.14887888214115 0.803473537064474 -1.15865054891589 0.789421169630279 -1.16826339630547 0.775248452552198 -1.17770936894505 0.760950922379977 -1.18699127402382 0.746537133886426 -1.19610335520675 0.733465013014352 -1.2041591191238 0.720301928482499 -1.21207512952035 0.707050971146825 -1.21984946339624 0.693712135540745 -1.2274820370415 0.68029180743576 -1.23496915729141 0.666786725521321 -1.24231258196356 0.653206622074308 -1.24950700411618 0.639544922770049 -1.25655586950794 0.625814737633392 -1.26345242218207 0.612006142377601 -1.27020163346222 0.598135635492365 -1.2767954699088 0.584189926232437 -1.28324025883169 0.570188891792447 -1.28952686595383 0.556115878925506 -1.2956627994344 0.541994113565776 -1.30163800423298 0.527803604153521 -1.30746099034034 0.513570875676085 -1.31312096376834 0.499272642245273 -1.31862725512607 0.484938659179375 -1.32396851336933 0.470542409402578 -1.32915470798526 0.456116791675468 -1.3341741112205 0.441632139205383 -1.33903715080176 0.425509035487711 -1.34424392998099 0.409317871699408 -1.34925675633672 0.393034623240423 -1.35408283724313 0.376688555910053 -1.35871323506972 0.360257825504522 -1.36315388706979 0.343769578125774 -1.36739717258132 0.327207743681291 -1.37144702374339 0.310593771195093 -1.3752979582583 0.293917558777513 -1.37895216158588 0.277194651333831 -1.38240603722095 0.260421063013206 -1.3856602999768 0.243606273195326 -1.38871296803429 0.228439538568025 -1.39128762796063 0.213243685960747 -1.3936981345594 0.19802511661977 -1.3959434619757 0.182781476505664 -1.39802392466164 0.167523734623159 -1.39993804573861 0.152244975314687 -1.40168669070753 0.136960707360786 -1.40326813490188 0.121659472957584 -1.40468359212837 0.106361263373391 -1.40593129289099 0.0910501275389189 -1.4070125962478 0.0757504533794487 -1.40792588846848 0.0604418741680271 -1.40867247258845 0.0451530612106883 -1.40925108684788 0.0298593374366336 -1.40966278080622 0.0145935182181389 -1.40990683455167 -0.000673253529788398 -1.40998386126129 -0.0176123472876421 -1.40987377982936 -0.0345477226496487 -1.40955845107484 -0.0515154639628485 -1.40903696832842 -0.0684743883822214 -1.40831033340337 -0.0854556189649622 -1.40737700911789 -0.102422884957664 -1.40623875542802 -0.119402152656801 -1.40489365957029 -0.136362269436908 -1.40334398802741 -0.153323885413755 -1.40158771755278 -0.170261136640899 -1.39962735854806 -0.187189236065604 -1.39746104956452 -0.204087740993635 -1.39509127426506 -0.220966346545829 -1.39251660929492 -0.237810123855889 -1.38973923600587 -0.254623211253122 -1.38675844615288 -0.271396244784338 -1.38357584156484 -0.286456646796456 -1.38053916140612 -0.301480599463942 -1.37733980123471 -0.316462926147159 -1.37397890103164 -0.331405030874938 -1.37045616205588 -0.346297775906569 -1.36677380212781 -0.361146554570158 -1.36293052986479 -0.375938348684129 -1.35892980422023 -0.390682467075034 -1.35476917569693 -0.405362115402948 -1.35045349889504 -0.419990420328708 -1.34597900906761 -0.436160977559554 -1.34082826911733 -0.452263680971986 -1.33548323541653 -0.468311390042897 -1.3299397876455 -0.484287096476711 -1.3242039482708 -0.500216930075469 -1.31826617967056 -0.51607048203793 -1.31213763159464 -0.531869931410771 -1.30580959324355 -0.547588821946567 -1.29929249430162 -0.563245319070968 -1.29257868711646 -0.578816989969545 -1.28567764472756 -0.594317951415784 -1.27858301698172 -0.609729837200746 -1.27130308499187 -0.625062708925362 -1.2638330259301 -0.640302281697326 -1.25617969755068 -0.655454584261521 -1.24834002709927 -0.670509398884631 -1.24031922394819 -0.685468772570861 -1.23211617858 -0.700326511674739 -1.22373423589388 -0.713610060158576 -1.21603839405021 -0.726808132308366 -1.20819943857827 -0.73991646423906 -1.20021992861395 -0.752936373276924 -1.1920990672347 -0.765860911081874 -1.18384123371922 -0.77869412153628 -1.17544386802504 -0.791426473270718 -1.16691327149648 -0.804064639343323 -1.15824501601173 -0.816596620730975 -1.149447415304 -0.829031634332243 -1.14051407080774 -0.841359935644829 -1.13145210910246 -0.853589321385724 -1.12225598967707 -0.865717525904737 -1.11292740941245 -0.877744964742371 -1.10346602607125 -0.889668619608474 -1.09387419609984 -0.90148967317356 -1.08415093408662 -0.913204388420095 -1.07429928443335 -0.924814681970728 -1.06431758941054 -0.936316134825717 -1.05420960663315 -0.947711361490952 -1.04397297999121 -0.958995300310997 -1.0336122022717 -0.970171224962703 -1.02312419617429 -0.981233472774203 -1.01251420817667 -0.992185935503037 -1.00177842037705 -1.00302239312977 -0.990922847908187 -1.01374731230484 -0.979942916374025 -1.02435396106483 -0.968845420886013 -1.03484733596046 -0.957625018270938 -1.04522023991901 -0.946289291243711 -1.05547815289606 -0.934832119244782 -1.06561346066599 -0.923261876488615 -1.07563207889916 -0.911571660129139 -1.08552602498317 -0.899770636046243 -1.09530160172997 -0.887851117923318 -1.10495050740437 -0.875823059767416 -1.11447938281528 -0.863677994302986 -1.12387965655795 -0.851426656474808 -1.13315825803136 -0.839059804208093 -1.14230621902415 -0.826589183558304 -1.15132955020591 -0.814006368281434 -1.16021699213038 -0.80132681718508 -1.16897523828965 -0.788540668595131 -1.1775871855249 -0.775672825397907 -1.18606558747472 -0.762704097653413 -1.19438795081484 -0.749669015959341 -1.20257265728741 -0.736538849523963 -1.21059244272435 -0.723357659247837 -1.21847071238424 -0.710087239349165 -1.22617608355028 -0.696780981352333 -1.23373634421292 -0.683391373243195 -1.24111666596475 -0.669980842135151 -1.24834855489134 -0.656492835030112 -1.25539441815254 -0.642998432903762 -1.26228880362237 -0.629432395297168 -1.26899203213455 -0.615873998629756 -1.27554101702228 -0.60224974715538 -1.28189465711282 -0.588646588532981 -1.28809156564563 -0.574983271945185 -1.29408986048651 -0.561353837690987 -1.29992920971026 -0.547669836967707 -1.30556755980988 -0.534031781203327 -1.31104501754805 -0.520344626221996 -1.31631992938704 -0.506714701390885 -1.32143226063212 -0.493041004133153 -1.32634128543087 -0.47943500758283 -1.33108628917234 -0.4657904113989 -1.33562795377359 -0.45222314726436 -1.34000439807519 -0.438622287126193 -1.34464161883611 -0.423574813756084 -1.34907894077907 -0.408487372906898 -1.35336405192349 -0.393194477056784 -1.35745047817391 -0.377858737883776 -1.36138621332989 -0.362295620490005 -1.36512427827693 -0.346686558195464 -1.36871240981032 -0.33082649455449 -1.37210369705412 -0.314917127324421 -1.37534501951565 -0.298731223091597 -1.37839014681063 -0.282492363541508 -1.38128445710652 -0.265949275111858 -1.38398305855219 -0.249349245261457 -1.38652913269533 -0.232414860885383 -1.38887983823322 -0.215419166853325 -1.39107540492191 -0.198056246018464 -1.39307581766982 -0.180627209788372 -1.39491752967807 -0.162794981033638 -1.39656420249016 -0.144891329270643 -1.39804760817791 -0.126545051805722 -1.39933602231508 -0.108121466930346 -1.4004555418817 -0.0892119711083348 -1.4013800932383 -0.070218619585833 -1.40205866058559 -0.0527741501140797 -1.40258119273506 -0.0352570268226091 -1.40295104504275 -0.0176660450097144 -2.02636431542395 1.02947016333558 -1.94921917088608 1.17418494703567 -1.86647873124824 1.30613355887364 -1.80553066438004 1.39211513997316 -1.73919035516185 1.47709577562163 -1.67156134338262 1.55595020714331 -1.58014490760171 1.65206018709306 -1.47681696032005 1.74837216154131 -1.37432545177732 1.83281032813604 -1.27359828476159 1.90632051069953 -1.17534280506839 1.96991936436382 -1.07998540873175 2.02459894948003 -0.98781324892724 2.07131533809654 -0.89892275704144 2.11095558070283 -0.813258048891574 2.1444010116443 -0.703589208512844 2.18087048438682 -0.585372154110034 2.2127343518592 -0.471941636341265 2.23652203823225 -0.363973964017136 2.25327278147028 -0.261799038341127 2.26400992099976 -0.165570680345449 2.26967224807455 -0.0465625978028206 2.27076044975451 0.0749424077506753 2.26510596671726 0.184059783492727 2.25409525535874 0.28180263499582 2.23930692330413 0.369347382814122 2.2219293572548 0.472392780573032 2.19615693759257 0.573129215897279 2.16494619202253 0.661893689629891 2.1319799262894 0.74255277943581 2.09698117103912 0.815655131715441 2.0604178070295 0.880708254831605 2.02317536475975 0.937519870481065 1.98598702707187 0.986002870046631 1.94941180924418 1.01905442446779 1.92046765384395 1.0400945502922 1.89906319485792 1.05348284130405 1.88318011552042 1.06132202178267 1.87224049113143 1.06643756989003 1.863791227234 1.06917809911304 1.85842579701606 1.07135342736385 1.85337474328492 1.07391772184163 1.84451862179135 1.07430608050497 1.83788724390334 1.07319056531579 1.83265321226955 1.07078747530858 1.82795434259983 1.06710456293924 1.82371585008974 1.06229367362639 1.82025556394761 1.05653727174753 1.81775854167366 1.04913103522645 1.81594051550989 1.04015646139507 1.81479697828478 1.029925714816 1.81425849090892 1.01319792689653 1.81463151185079 0.976329213803179 1.81850939937553 0.884591025730252 1.8347950031575 0.66066073973799 1.87656431399744 0.47743726423297 1.90041534857901 0.294475330410464 1.91171929581444 0.122443626457586 1.90998171401889 -0.0423131002450103 1.8964227556823 -0.198839541068306 1.87206381457836 -0.356566962525715 1.83527670622713 -0.496316031340993 1.79134738777544 -0.634470203712433 1.73613076839163 -0.75199937005682 1.67853585626334 -0.865195722691818 1.61253296566448 -0.982141072700385 1.53219251033696 -1.08958538891133 1.4460391572418 -1.18696730676948 1.35602081241011 -1.28346709640158 1.25352875920975 -1.3771728447996 1.13828375848682 -1.4668377514839 1.00876829241291 -1.52572535003558 0.909900910423627 -1.58097550480354 0.803035329065956 -1.64034437636222 0.665321946888679 -1.67039550113003 0.581333669810382 -1.6952548002581 0.499974253895706 -1.71867617414557 0.406612429145231 -1.73372605760185 0.330648430496268 -1.74802412268526 0.232163418936426 -1.7570571685354 0.125420202599077 -1.75963777351203 0.0228393267095223 -1.75667497131913 -0.075447849878743 -1.74899324355878 -0.169186216675818 -1.73733754077676 -0.258241913116257 -1.71680179806751 -0.369606976986799 -1.68847443582842 -0.48494663578431 -1.65610517973642 -0.590436237650353 -1.62078778746986 -0.687178205733644 -1.58345203239548 -0.775830927842429 -1.53190849774114 -0.882328935569545 -1.47316592745697 -0.987636593133861 -1.41497528365955 -1.07949635015121 -1.3580534993654 -1.16002757296839 -1.28494688464631 -1.25264891570298 -1.20787383895075 -1.33963788079659 -1.13725964151163 -1.4116565815389 -0.823998064663719 -1.68660250609658 -0.800528124880587 -1.71029591777473 -0.79189866937017 -1.72035828908137 -0.784217405297808 -1.73063087359103 -0.779281409140577 -1.73848660853182 -0.775125570619681 -1.74755775268202 -0.773420137740915 -1.75486348374774 -0.77337531514876 -1.76134643249233 -0.774748089883606 -1.76700833041495 -0.77735980259049 -1.77171791202744 -0.781091216624327 -1.77559224498059 -0.786460405148854 -1.77923845953931 -0.793685187568962 -1.78255492528936 -0.802831116450428 -1.78533214370818 -0.811728706760187 -1.78703590115227 -0.824790620590593 -1.7884173121222 -0.842979654448428 -1.78893207594304 -0.867319608698985 -1.78779969084216 -0.906743469202816 -1.78295379827371 -0.959799070657874 -1.77226947345923 -1.0133036065327 -1.75777279926071 -1.06986599158094 -1.7390113397589 -1.13144338574155 -1.71492851983909 -1.19964528913681 -1.68399753718328 -1.27555272110953 -1.64433553735106 -1.35976506378581 -1.59365443194751 -1.45217685765971 -1.52932415480002 -1.55209640713781 -1.44831375147901 -1.64679683803389 -1.35913511074639 -1.73414554335688 -1.2644484782919 -1.82280529749448 -1.15365139877873 -1.91158883596531 -1.02396185956274 -1.98977947101441 -0.888884681587534 -2.05665890198799 -0.751162715839325 -2.11808245201508 -0.596497715949156 -2.16693110550965 -0.439745956734319 -2.20327502575537 -0.282562335910694 -2.22729324099521 -0.127202092592426 -2.23950409030918 0.0241653206195895 -2.2403728841359 0.18608435859325 -2.22918886333599 0.340476057633522 -2.21692878413328 0.431159202747787 -2.19979650227806 0.524720691509333 -2.17230694532995 0.640393467790194 -2.14324203721151 0.739155594941241 -2.10771709849033 0.841001994507885 -2.06991170511218 0.934601551690624 756 10 11 756 757 10 758 9 10 758 10 757 755 11 12 755 756 11 759 8 9 759 9 758 754 12 13 754 755 12 760 8 759 760 7 8 753 754 13 752 13 14 752 753 13 761 6 7 761 7 760 751 752 14 750 14 15 750 751 14 762 5 6 762 6 761 749 750 15 748 15 16 748 749 15 763 4 5 763 5 762 747 748 16 746 747 16 745 16 17 745 746 16 744 745 17 764 3 4 764 4 763 743 744 17 742 17 18 742 743 17 741 742 18 740 18 19 740 741 18 739 19 20 739 740 19 738 20 21 738 739 20 765 2 3 765 3 764 766 1 2 766 2 765 767 1 766 768 1 767 768 80 1 564 726 563 562 563 726 565 726 564 561 726 727 561 562 726 566 726 565 560 561 727 567 725 726 567 726 566 559 560 727 568 725 567 558 559 727 569 725 568 557 558 727 570 725 569 556 557 727 571 725 570 555 727 728 555 556 727 572 724 725 572 725 571 554 555 728 573 724 572 553 554 728 574 724 573 552 553 728 575 724 574 551 552 728 576 724 575 550 551 728 577 724 576 549 550 728 578 723 724 578 724 577 548 549 728 579 723 578 547 548 728 580 723 579 546 547 728 581 723 580 545 546 728 582 723 581 544 545 728 583 723 582 543 544 728 584 722 723 584 723 583 542 728 729 542 543 728 585 722 584 541 542 729 586 722 585 540 541 729 587 722 586 539 540 729 588 722 587 538 539 729 589 722 588 590 722 589 590 721 722 537 538 729 591 721 590 536 537 729 592 721 591 535 536 729 593 721 592 534 535 729 769 80 768 769 79 80 594 721 593 533 534 729 595 721 594 532 533 729 596 721 595 596 720 721 531 532 729 597 720 596 530 531 729 598 720 597 599 720 598 529 729 730 529 530 729 600 720 599 528 529 730 601 719 720 601 720 600 527 730 731 527 528 730 602 719 601 526 527 731 603 719 602 525 731 732 525 526 731 604 719 603 524 732 733 524 525 732 605 719 604 606 719 605 523 524 733 770 79 769 770 78 79 607 718 719 607 719 606 522 523 733 608 718 607 521 733 734 521 522 733 609 718 608 520 521 734 610 718 609 519 520 734 611 718 610 518 519 734 518 734 735 517 518 735 612 718 611 516 517 735 613 717 718 613 718 612 515 516 735 614 717 613 514 515 735 615 717 614 513 735 736 513 514 735 771 78 770 616 717 615 512 513 736 617 717 616 511 512 736 618 717 617 510 511 736 619 716 717 619 717 618 509 510 736 620 716 619 508 736 737 508 509 736 621 716 620 507 508 737 622 716 621 506 507 737 623 716 622 623 715 716 505 506 737 624 715 623 504 505 737 625 715 624 503 504 737 772 78 771 772 77 78 626 715 625 502 503 737 501 737 738 501 502 737 627 715 626 500 501 738 628 714 715 628 715 627 499 500 738 629 714 628 498 499 738 498 738 21 630 714 629 497 498 21 631 714 630 496 497 21 632 713 714 632 714 631 495 496 21 773 77 772 81 713 632 494 495 21 82 713 81 493 494 21 83 713 82 492 493 21 491 492 21 491 21 22 84 712 713 84 713 83 490 491 22 85 712 84 489 490 22 86 712 85 488 489 22 87 712 86 487 488 22 88 712 87 774 77 773 774 76 77 486 487 22 89 711 712 89 712 88 485 486 22 90 711 89 484 22 23 484 485 22 91 711 90 483 484 23 92 711 91 482 483 23 93 711 92 481 482 23 94 710 711 94 711 93 480 481 23 479 480 23 95 710 94 775 76 774 775 75 76 96 710 95 478 479 23 97 710 96 477 478 23 477 23 24 98 710 97 476 477 24 99 709 710 99 710 98 475 476 24 100 709 99 474 475 24 101 709 100 473 474 24 102 709 101 103 709 102 472 473 24 633 75 775 104 708 709 104 709 103 471 24 25 471 472 24 105 708 104 470 471 25 106 708 105 469 470 25 107 708 106 468 469 25 108 707 708 108 708 107 467 468 25 109 707 108 466 467 25 110 707 109 465 466 25 111 707 110 464 25 26 464 465 25 112 707 111 463 464 26 113 707 112 113 706 707 462 463 26 114 706 113 461 462 26 634 75 633 634 74 75 115 706 114 460 461 26 116 706 115 459 460 26 117 706 116 458 459 26 118 706 117 457 26 27 457 458 26 119 706 118 119 705 706 456 457 27 120 705 119 455 456 27 121 705 120 454 455 27 122 705 121 453 454 27 123 705 122 452 453 27 124 705 123 451 452 27 635 73 74 635 74 634 450 451 27 125 705 124 125 704 705 449 27 28 449 450 27 126 704 125 448 449 28 127 704 126 447 448 28 128 704 127 446 447 28 129 704 128 445 446 28 130 704 129 444 445 28 636 73 635 131 704 130 131 703 704 443 444 28 132 703 131 442 28 29 442 443 28 133 703 132 441 442 29 72 73 636 134 703 133 440 441 29 135 703 134 439 440 29 136 703 135 438 439 29 137 703 136 437 438 29 637 72 636 436 29 30 436 437 29 702 137 138 702 703 137 435 436 30 139 702 138 434 435 30 140 702 139 433 434 30 141 702 140 432 433 30 142 702 141 431 432 30 143 702 142 638 72 637 430 431 30 144 702 143 429 430 30 428 429 30 701 144 145 701 145 146 701 146 147 701 702 144 148 701 147 31 425 426 31 426 427 31 427 428 31 428 30 71 72 638 149 701 148 424 425 31 150 701 149 423 424 31 151 701 150 422 423 31 152 701 151 639 71 638 421 422 31 700 152 153 700 153 154 700 154 155 700 155 156 700 701 152 157 700 156 158 700 157 159 700 158 32 414 415 32 415 416 32 416 417 32 417 418 32 418 419 32 419 420 32 420 421 32 421 31 70 639 640 70 71 639 699 700 159 699 159 160 699 160 161 699 161 162 699 162 163 699 163 164 699 164 165 166 699 165 641 70 640 698 699 166 698 166 167 698 167 168 698 168 169 698 169 170 698 170 171 698 171 172 33 414 32 33 408 409 33 409 410 33 410 411 33 411 412 33 412 413 33 413 414 69 641 642 69 70 641 697 172 173 697 173 174 697 698 172 697 174 175 697 175 176 697 176 177 697 177 178 697 178 179 696 697 179 696 179 180 696 180 181 696 181 182 696 182 183 696 183 184 696 184 185 696 185 186 34 404 405 34 405 406 34 406 407 34 407 408 34 408 33 34 401 402 34 402 403 34 403 404 68 69 642 68 642 643 68 643 644 695 186 187 695 187 188 695 188 189 695 189 190 695 190 191 695 191 192 695 696 186 694 695 192 694 192 193 694 193 194 694 194 195 694 195 196 694 196 197 694 197 198 694 198 199 35 401 34 35 395 396 35 396 397 35 397 398 35 398 399 35 399 400 35 400 401 67 644 645 67 68 644 693 202 203 693 203 204 693 204 205 693 205 206 693 694 199 693 199 200 693 200 201 693 201 202 692 206 207 692 207 208 692 208 209 692 209 210 692 210 211 692 211 212 692 212 213 692 213 214 692 693 206 36 395 35 36 388 389 36 389 390 36 390 391 36 391 392 36 392 393 36 393 394 36 394 395 66 67 645 66 645 646 66 646 647 691 214 215 691 215 216 691 216 217 691 217 218 691 218 219 691 692 214 691 219 220 691 220 221 691 221 222 37 388 36 37 381 382 37 382 383 37 383 384 37 384 385 37 385 386 37 386 387 37 387 388 65 647 648 65 648 649 65 66 647 690 691 222 690 222 223 690 223 224 690 224 225 690 225 226 690 226 227 690 227 228 690 228 229 689 229 230 689 230 231 689 231 232 689 232 233 689 233 234 689 234 235 689 235 236 689 236 237 689 237 238 689 690 229 38 374 375 38 375 376 38 376 377 38 377 378 38 378 379 38 379 380 38 380 381 38 381 37 64 649 650 64 65 649 688 238 239 688 239 240 688 240 241 688 241 242 688 242 243 688 243 244 688 244 245 688 245 246 688 689 238 687 246 247 687 247 248 687 248 249 687 249 250 687 250 251 687 251 252 687 252 253 687 253 254 687 254 255 687 255 256 687 688 246 39 374 38 39 367 368 39 368 369 39 369 370 39 370 371 39 371 372 39 372 373 39 373 374 63 650 651 63 651 652 63 64 650 686 256 257 686 257 258 686 258 259 686 259 260 686 260 261 686 261 262 686 262 263 686 263 264 686 687 256 685 686 264 685 264 265 685 265 266 685 266 267 685 267 268 684 685 268 684 268 269 684 269 270 684 270 271 683 684 271 683 271 272 683 272 273 40 367 39 40 360 361 40 361 362 40 362 363 40 363 364 40 364 365 40 365 366 40 366 367 62 652 653 62 653 654 62 63 652 682 683 273 682 273 274 682 274 275 681 682 275 681 275 276 681 276 277 681 277 278 680 681 278 680 278 279 680 279 280 680 280 281 680 281 282 679 680 282 679 282 283 679 283 284 679 284 285 679 285 286 679 286 287 678 679 287 678 287 288 678 288 289 678 289 290 678 290 291 678 291 292 678 292 293 678 293 294 677 678 294 677 294 295 677 295 296 677 296 297 677 297 298 677 298 299 41 360 40 41 354 355 41 355 356 41 356 357 41 357 358 41 358 359 41 359 360 61 654 655 61 62 654 42 354 41 42 347 348 42 348 349 42 349 350 42 350 351 42 351 352 42 352 353 42 353 354 60 61 655 60 655 656 60 656 657 43 347 42 43 341 342 43 342 343 43 343 344 43 344 345 43 345 346 43 346 347 59 60 657 59 657 658 44 334 335 44 335 336 44 336 337 44 337 338 44 338 339 44 339 340 44 340 341 44 341 43 58 658 659 58 659 660 58 59 658 45 327 328 45 328 329 45 329 330 45 330 331 45 331 332 45 332 333 45 333 334 45 334 44 57 660 661 57 661 662 57 58 660 46 320 321 46 321 322 46 322 323 46 323 324 46 324 325 46 325 326 46 326 327 46 327 45 56 662 663 56 663 664 56 57 662 47 313 314 47 314 315 47 315 316 47 316 317 47 317 318 47 318 319 47 319 320 47 320 46 55 56 664 55 664 665 55 665 666 48 305 306 48 306 307 48 307 308 48 308 309 48 309 310 48 310 311 48 311 312 48 312 313 48 313 47 54 55 666 54 666 667 54 667 668 54 668 669 49 303 304 49 304 305 49 677 299 49 305 48 49 299 300 49 300 301 49 301 302 49 302 303 53 669 670 53 670 671 53 671 672 53 672 673 53 54 669 50 677 49 50 676 677 52 53 673 52 673 674 52 674 675 51 676 50 51 52 675 51 675 676 

TShapes 10
Ve
0.02616442927068
15.70643216778 101.0653219545 6.207328427126
0 0

0101101
*
Ve
0.02616442927068
18.49156784386 101.4096780455 6.207328427126
0 0

0101101
*
Ed
 0.0212898253904732 1 1 0
1  1 0 0 3.14159265358507
2  1 2 0 0 3.14159265358507
2  2 1 0 0 3.14159265358507
4 G1 1 0 2 0
6  1 1 0
0

0101000
+10 0 -9 0 *
Ed
 0.02616442927068 1 1 0
1  2 0 0 1
2  3 1 0 0 1
4 C0 3 0 1 0
6  2 2 0
0

0101000
-9 0 +10 0 *
Wi

0101100
+8 0 -7 0 *
Ve
1e-05
17.2732430059955 99.8282309068654 6.2025
0 0

0101101
*
Ed
 1e-05 1 1 0
1  3 0 0 6.28318530717959
3  4 5CN 1 0 0 6.28318530717959
0

0101000
+5 0 -5 0 *
Ed
 1e-05 1 1 0
1  4 0 0 6.28318530717959
3  6 7CN 1 0 0 6.28318530717959
0

0101000
+5 0 -5 0 *
Wi

0101100
-4 0 +3 0 +4 0 -3 0 *
Fa
0  1e-07 1 0

0111000
+6 0 +2 0 *

-1 0 