DBRep_DrawableShape

CASCADE Topology V3, (c) Open Cascade
Locations 0
Curve2ds 7
1 0 0.089800000000000324 1 0 
1 6.2831853071795862 9.4247779607693598 1 -7.916047207196596e-15 
7 0 0  1 2 2  6.2831853071795862 3.7570723625226989  9.4247779607699727 10.040257669701305 
 0 2 1 2
1 10.995574287565917 3.7570723625222087 0 1 
1 4.712388980386331 3.7570723625222087 0 1 
1 4.712388980386331 3.7570723625222087 1 0 
1 4.712388980386331 10.040257669701795 1 0 
Curves 4
2 48.099000005820002 58.237499999999997 6.2024999999999997 0 0 -1 -0.86386238648231539 -0.50372788013080905 -0 -0.50372788013080905 0.86386238648231539 0 1.399999999994
7 0 0  3 13 11  46.88685286223 57.530683358140003 6.2073284271249998  46.810445649229997 57.664701246630003 6.2073284271249998  46.694697789949998 57.933863590679998 6.214900203679  46.67438280967 58.388284474919999 6.211856646437  46.78723209692 58.813403770519997 6.2126732105749998  47.02608277649 59.187730249639998 6.2124505112639996  47.372170263260003 59.472969144399997 6.2125247443680003  47.788909373439999 59.63669125789 6.2124505112639996  48.232775707069997 59.664113732360001 6.2126732105749998  48.66348220063 59.554853400280003 6.211856646437  49.054005613100003 59.311297264869999 6.214900203679  49.23212557227 59.07728454067 6.2073284271249998  49.311147149409997 58.944316641859999 6.2073284271249998 
 0 4 0.10000000000000001 1 0.20000000000000001 1 0.29999999999999999 1 0.40000000000000002 1 0.5 1 0.59999999999999998 1 0.69999999999999996 1 0.80000000000000004 1 0.90000000000000002 1 1 4
7 0 0  8 9 2  48.805143395879497 57.026507441908571 6.2082735026940332  48.807427549152195 57.022590259288762 6.2146862518436823  48.812580516112376 57.013753237333269 6.2168758838383686  48.818662200731424 57.003323521618519 6.2100521501281118  48.819148938768969 57.002488795763959 6.1886132560647029  48.808804950340885 57.020228100822358 6.1823779678316404  48.803536999982207 57.029262312241272 6.1914862565017454  48.802859242606999 57.030424624528735 6.2018607535444552  48.805143395879497 57.026507441908571 6.2082735026940332 
 0 9 6.2831853071795862 9
7 0 0  11 12 2  48.805143395879504 57.026507441908571 6.2082735026940332  48.113426064231128 56.623159280706211 6.2082735026935882  47.168347793725118 56.654345597694252 6.2082735026958158  46.272625618485776 57.297792076550408 6.2082735026899982  45.87218810691445 58.488436932689034 6.2082735027004414  46.322404119285878 59.812844284189701 6.208273502686307  47.602975624106563 60.559559941283517 6.2082735027013261  48.977350287465683 60.299091947959283 6.2082735026886278  49.816350181263445 59.364177752939121 6.2082735026971054  49.935185768598352 58.267719960933825 6.2082735026927756  49.496860727526339 57.429855603110177 6.2082735026943432  48.805143395879512 57.026507441908571 6.2082735026940332 
 0 12 6.2831853071795862 12
Polygon3D 0
PolygonOnTriangulations 2
131 43 44 45 46 47 48 49 50 51 52 53 54 55 56 57 58 59 60 61 62 63 64 65 66 67 68 69 70 71 72 73 74 75 76 77 78 79 80 81 82 83 84 85 86 87 88 89 90 91 92 93 94 95 96 97 98 99 100 101 102 103 104 105 106 107 108 109 110 111 112 113 114 115 116 117 118 119 120 121 122 123 124 125 126 127 128 129 130 131 132 133 134 135 136 137 138 139 140 141 142 143 144 145 146 147 148 149 150 151 152 153 154 155 156 157 158 159 160 161 162 163 164 165 166 167 168 169 170 171 172 1 
p 0.000205761316872428 1 0 0.0241660973353314 0.0483321946706627 0.0724982920059941 0.0966643893413254 0.120830486676657 0.144996584011988 0.169162681347319 0.193328778682651 0.217494876017982 0.241660973353314 0.265827070688645 0.289993168023976 0.314159265359308 0.338325362694639 0.36249146002997 0.386657557365302 0.410823654700633 0.434989752035965 0.459155849371296 0.483321946706627 0.507488044041959 0.53165414137729 0.555820238712621 0.579986336047953 0.604152433383284 0.628318530718616 0.652484628053947 0.676650725389278 0.70081682272461 0.724982920059941 0.749149017395272 0.773315114730604 0.797481212065935 0.821647309401267 0.845813406736598 0.869979504071929 0.894145601407261 0.918311698742592 0.942477796077923 0.966643893413255 0.990809990748586 1.01497608808392 1.03914218541925 1.06330828275458 1.08747438008991 1.11164047742524 1.13580657476057 1.1599726720959 1.18413876943124 1.20830486676657 1.2324709641019 1.25663706143723 1.28080315877256 1.30496925610789 1.32913535344322 1.35330145077856 1.37746754811389 1.40163364544922 1.42579974278455 1.44996584011988 1.47413193745521 1.49829803479054 1.52246413212587 1.54663022946121 1.57079632679654 1.59496242413187 1.6191285214672 1.64329461880253 1.66746071613786 1.69162681347319 1.71579291080852 1.73995900814386 1.76412510547919 1.78829120281452 1.81245730014985 1.83662339748518 1.86078949482051 1.88495559215584 1.90912168949117 1.93328778682651 1.95745388416184 1.98161998149717 2.0057860788325 2.02995217616783 2.05411827350316 2.07828437083849 2.10245046817383 2.12661656550916 2.15078266284449 2.17494876017982 2.19911485751515 2.22328095485048 2.24744705218581 2.27161314952115 2.29577924685648 2.31994534419181 2.34411144152714 2.36827753886247 2.3924436361978 2.41660973353313 2.44077583086847 2.4649419282038 2.48910802553913 2.51327412287446 2.53744022020979 2.56160631754512 2.58577241488045 2.60993851221579 2.63410460955112 2.65827070688645 2.68243680422178 2.70660290155711 2.73076899889244 2.75493509622778 2.77910119356311 2.80326729089844 2.82743338823377 2.8515994855691 2.87576558290443 2.89993168023976 2.9240977775751 2.94826387491043 2.97242997224576 2.99659606958109 3.02076216691642 3.04492826425175 3.06909436158708 3.09326045892242 3.11742655625775 3.14159265359308 
277 357 358 359 360 361 362 363 364 365 366 367 368 369 370 371 372 373 374 375 376 377 378 379 380 381 382 383 384 385 386 387 388 389 390 391 392 393 394 395 396 397 398 399 400 401 402 403 404 405 406 407 408 409 410 411 412 413 414 415 416 417 418 419 420 421 422 423 424 425 426 427 428 429 430 431 432 433 434 435 436 437 438 439 440 441 442 443 444 445 446 447 448 449 450 451 452 453 454 455 456 457 458 459 460 461 462 463 464 465 466 467 468 469 470 471 472 473 474 475 476 477 478 479 480 481 482 483 484 485 486 487 488 489 490 491 492 493 494 495 496 497 498 499 500 501 502 503 504 505 506 507 508 509 510 511 512 513 514 515 516 517 518 519 520 521 522 523 524 525 526 527 528 529 530 531 532 533 534 535 536 537 538 539 540 541 542 543 544 545 546 547 548 549 550 551 552 553 554 555 556 557 558 559 560 561 562 563 564 565 566 567 568 569 570 571 572 573 574 575 576 577 578 579 580 581 582 583 584 585 586 587 588 589 590 591 592 593 594 595 596 597 598 599 600 601 602 603 604 605 606 607 608 609 610 611 612 613 614 615 616 617 618 619 620 621 622 623 624 625 626 627 628 629 630 631 632 81 
p 0.000205761316872428 1 0 0.00406489079515653 0.00812978159031307 0.0121946723854696 0.0162595631806261 0.0201332853889182 0.0240070075972102 0.0277970351193736 0.0315870626415371 0.0352998774760352 0.0390126923105333 0.042654321574553 0.0462959508385727 0.0498719865149638 0.053448022191355 0.0569636507694191 0.0604792793474832 0.0639393153350029 0.0673993513225226 0.0708082711721429 0.0742171910217632 0.0775791655804949 0.0809411401392265 0.0842600646723148 0.0875789892054032 0.09085851060355 0.0941380320016969 0.0973815731025676 0.100625114203438 0.104199098025021 0.107773081846603 0.111381676364155 0.114990270881706 0.118632649023373 0.12227502716504 0.125950144174494 0.129625261183948 0.133331846113698 0.137038431043449 0.1407749801065 0.144511529169551 0.148276301416135 0.152041073662718 0.155832089461054 0.159623105259389 0.163438148049255 0.16725319083912 0.171089812589523 0.174926434339926 0.178781965073671 0.182637495807417 0.186509057453902 0.190380619100387 0.194265143804468 0.19814966850855 0.202043921361813 0.205938174215075 0.209834516048579 0.213730857882084 0.217627462751917 0.221524067621751 0.225420833641985 0.22931759966222 0.232824741416845 0.236331883171471 0.239838992214492 0.243346101257513 0.246853101712799 0.250360102168084 0.253866918141212 0.25737373411434 0.260880289922714 0.264386845731089 0.267893066134403 0.271399286537717 0.274905096967454 0.278410907397191 0.281916234183841 0.285421560970491 0.288926331567198 0.292431102163905 0.29593524536525 0.299439388566596 0.303332106516268 0.307224824465941 0.311120172901239 0.315015521336538 0.318912651051739 0.322809780766941 0.326317744916252 0.329825709065564 0.333333262082145 0.336840815098725 0.340347103987685 0.343853392876645 0.347357571725836 0.350861750575027 0.354362984327619 0.357864218080211 0.361361686200938 0.364859154321665 0.368352054324494 0.371844954327323 0.37533250513473 0.378820055942137 0.382301501049049 0.385782946155962 0.389257556574715 0.392732166993468 0.396199243959664 0.399666320925861 0.403509518062453 0.407352715199046 0.411202222961621 0.415051730724195 0.418906995403013 0.422762260081831 0.42662190297735 0.430481545872868 0.434344162815281 0.438206779757693 0.442070949444429 0.445935119131166 0.449412982425309 0.452890845719452 0.45636770815322 0.459844570586989 0.463319395254463 0.466794219921937 0.470265980481119 0.473737741040301 0.477205426661179 0.480673112282058 0.484135732435676 0.487598352589293 0.491054941631475 0.494511530673656 0.497961152181083 0.501410773688509 0.505238539593638 0.509066305498767 0.512902803530332 0.516739301561897 0.520583423824268 0.524427546086638 0.528278140822699 0.532128735558761 0.535984612977156 0.539840490395552 0.543700428942972 0.547560367490393 0.55142312050683 0.555285873523267 0.559150176209513 0.563014478895758 0.566492597853232 0.569970716810706 0.573448073178662 0.576925429546619 0.580401092929254 0.58387675631189 0.587349802993771 0.590822849675652 0.594292366935457 0.597761884195262 0.601611984559681 0.605462084924101 0.609315765422374 0.613169445920647 0.617029960404005 0.620890474887364 0.624756924761326 0.628623374635289 0.632494829976004 0.63636628531672 0.640241789319573 0.644117293322426 0.647995867034648 0.65187444074687 0.655755088040048 0.659635735333226 0.663517448066802 0.667399160800378 0.670892747791034 0.674386334781689 0.677879180743125 0.681372026704561 0.684863393315837 0.688354759927114 0.691843914573488 0.695333069219863 0.698819288126756 0.702305507033649 0.705789286192865 0.709273065352081 0.712756461085483 0.716239856818884 0.719722641682372 0.723205426545861 0.726687374969973 0.730169323394086 0.733650212430376 0.737131101466667 0.740610711518448 0.74409032157023 0.747568437103159 0.751046552636089 0.754522962864297 0.757999373092505 0.761473872636224 0.764948372179942 0.768420761690871 0.771893151201799 0.775363237952792 0.778833324703784 0.782300923139789 0.785768521575794 0.78923345382336 0.792698386070926 0.796160482404002 0.799622578737077 0.803081677997224 0.806540777257371 0.809996412011989 0.813452046766607 0.816901748730217 0.820351450693827 0.82379277258413 0.827234094474434 0.830664675941722 0.834095257409009 0.837512841818966 0.840930426228923 0.844332875357365 0.847735324485808 0.851120630960933 0.854505937436059 0.857872234844401 0.861238532252744 0.864584102901436 0.867929673550127 0.871252953946478 0.874576234342829 0.877875818510091 0.881175402677353 0.884450043471156 0.887724684264958 0.890973292887869 0.894221901510779 0.89744354544304 0.900665189375301 0.904220620757241 0.907776052139181 0.911370093185836 0.914964134232492 0.918601001011724 0.922237867790956 0.925922053361086 0.929606238931216 0.933342544542831 0.937078850154447 0.940872420632245 0.944665991110043 0.948522354463567 0.952378717817092 0.956303828727163 0.960228939637234 0.964229225739656 0.968229511842078 0.972311920463688 0.976394329085298 0.980566369920412 0.984738410755527 0.988553808066645 0.992369205377764 0.996184602688882 1 
Surfaces 3
5 48.099000005820002 58.237499999999997 6.2024999999999997 0 0 -1 -0.86386238648367153 -0.50372788012848346 -0 -0.50372788012848346 0.86386238648367153 0 1.409999999996 0.0099999999999959999
2 48.099000005820002 58.237499999999997 6.2923 0 0 -1 -0.86386238648231539 -0.50372788013080905 -0 -0.50372788013080905 0.86386238648231539 0 1.399999999994
1 48.099000005820002 58.237499999999997 6.2125000000000004 0 0 1 -0.86386238648260916 -0.50372788013030534 0 0.50372788013030534 -0.86386238648260916 0 
Triangulations 2
172 170 1 0 0.00187729882010031
49.31114714941 58.94431664186 6.207328427125 49.30840734689 58.94271903218 1.7125 46.88959266475 57.53228096782 1.7125 46.8379900164082 57.6293439290881 1.7125 46.7941619139797 57.7301563747659 1.7125 46.7583785722899 57.8340967626022 1.7125 46.7308606075398 57.9405242655422 1.7125 46.7117776771326 58.0487827226396 1.7125 46.70124743368 58.1582046845068 1.7125 46.6993347996345 58.2681155283624 1.7125 46.7060515670211 58.3778376173049 1.7125 46.7213563247352 58.4866944781697 1.7125 46.7451547138562 58.5940149722111 1.7125 46.7773000094014 58.6991374328955 1.7125 46.8175940249344 58.8014137452961 1.7125 46.8657883344503 58.9002133419365 1.7125 46.9215858040046 58.9949270904494 1.7125 46.9846424236432 59.0849710490796 1.7125 47.0545694283373 59.1697900668796 1.7125 47.13093569485 59.2488612063993 1.7125 47.2132703997539 59.3216969677698 1.7125 47.3010659222142 59.3878482943019 1.7125 47.3937809736399 59.4469073410701 1.7125 47.4908439349081 59.4985099894118 1.7125 47.5916563805859 59.5423380918403 1.7125 47.6955967684222 59.5781214335301 1.7125 47.8020242713622 59.6056393982802 1.7125 47.9102827284596 59.6247223286874 1.7125 48.0197046903268 59.63525257214 1.7125 48.1296155341824 59.6371652061855 1.7125 48.2393376231249 59.6304484387989 1.7125 48.3481944839897 59.6151436810848 1.7125 48.4555149780311 59.5913452919638 1.7125 48.5606374387155 59.5591999964186 1.7125 48.6629137511161 59.5189059808856 1.7125 48.7617133477565 59.4707116713697 1.7125 48.8564270962694 59.4149142018154 1.7125 48.9464710548997 59.3518575821768 1.7125 49.0312900726996 59.2819305774827 1.7125 49.1103612122193 59.20556431097 1.7125 49.1831969735898 59.1232296060661 1.7125 49.2493483001219 59.0354340836058 1.7125 46.88685286223 57.53068335814 6.207328427125 46.8729050616356 57.561710692724 6.2025 46.8569334634413 57.5915350595531 6.2025 46.8416871971307 57.6217366517168 6.2025 46.8271751660939 57.6522978323358 6.2025 46.8134058449485 57.6832007545411 6.2025 46.8003872745902 57.7144273718965 6.2025 46.7881270574975 57.7459594489369 6.2025 46.7766323532919 57.777778571817 6.2025 46.7659098745571 57.8098661590653 6.2025 46.7559658829185 57.8422034724344 6.2025 46.7468061853874 57.8747716278438 6.2025 46.7384361309691 57.907551606408 6.2025 46.7308606075397 57.9405242655427 6.2025 46.7240840389916 57.9736703501432 6.2025 46.71811038265 58.0069705038298 6.2025 46.7129431269619 58.0404052802503 6.2025 46.7085852894591 58.0739551544369 6.2025 46.7050394149961 58.1076005342078 6.2025 46.7023075742637 58.1413217716087 6.2025 46.7003913625799 58.1750991743866 6.2025 46.6992918989584 58.2089130174894 6.2025 46.699009825455 58.242743554585 6.2025 46.6995453067926 58.2765710295923 6.2025 46.7008980302653 58.3103756882187 6.2025 46.7030672059207 58.3441377894953 6.2025 46.7060515670212 58.3778376173058 6.2025 46.7098493707839 58.4114554918998 6.2025 46.7144583993986 58.4449717813851 6.2025 46.7198759613221 58.4783669131926 6.2025 46.726098892851 58.5116213855057 6.2025 46.7331235599684 58.544715778649 6.2025 46.7409458604666 58.577630766429 6.2025 46.7495612263423 58.6103471274195 6.2025 46.7589646264646 58.6428457561871 6.2025 46.7691505695124 58.6751076744479 6.2025 46.7801131071821 58.7071140421499 6.2025 46.7918458376601 58.7388461684759 6.2025 46.8043419093624 58.7702855227575 6.2025 46.817594024935 58.8014137452973 6.2025 46.8315944455155 58.8322126580899 6.2025 46.8463349952526 58.8626642754375 6.2025 46.8618070660803 58.8927508144531 6.2025 46.878001622745 58.9224547054452 6.2025 46.8949092080817 58.9517586021779 6.2025 46.9125199485365 58.9806453920007 6.2025 46.9308235599331 59.0090982058418 6.2025 46.9498093534778 59.0371004280593 6.2025 46.9694662420018 59.0646357061438 6.2025 46.9897827464358 59.0916879602683 6.2025 47.0107470025133 59.1182413926784 6.2025 47.032346767699 59.1442804969171 6.2025 47.0545694283385 59.1697900668809 6.2025 47.0774020070237 59.1947552056993 6.2025 47.1008311701715 59.2191613344343 6.2025 47.1248432358106 59.2429942005939 6.2025 47.1494241815707 59.2662398864555 6.2025 47.1745596528717 59.2888848171931 6.2025 47.2002349713063 59.3109157688048 6.2025 47.2264351432115 59.3323198758354 6.2025 47.2531448684247 59.353084638889 6.2025 47.2803485492185 59.3731979319288 6.2025 47.3080302994094 59.3926480093581 6.2025 47.3361739536348 59.4114235128793 6.2025 47.3647630767933 59.4295134781271 6.2025 47.3937809736419 59.4469073410712 6.2025 47.423210698546 59.4635949441856 6.2025 47.4530350653752 59.4795665423798 6.2025 47.4832366575389 59.4948128086903 6.2025 47.5137978381579 59.509324839727 6.2025 47.5447007603632 59.5230941608724 6.2025 47.5759273777187 59.5361127312307 6.2025 47.607459454759 59.5483729483233 6.2025 47.6392785776392 59.5598676525288 6.2025 47.6713661648875 59.5705901312636 6.2025 47.7037034782566 59.5805341229021 6.2025 47.736271633666 59.5896938204332 6.2025 47.7690516122303 59.5980638748514 6.2025 47.8020242713649 59.6056393982808 6.2025 47.8351703559655 59.6124159668288 6.2025 47.8684705096521 59.6183896231704 6.2025 47.9019052860726 59.6235568788585 6.2025 47.9354551602592 59.6279147163612 6.2025 47.9691005400301 59.6314605908241 6.2025 48.002821777431 59.6341924315565 6.2025 48.0365991802089 59.6361086432402 6.2025 48.0704130233117 59.6372081068617 6.2025 48.1042435604073 59.637490180365 6.2025 48.1380710354146 59.6369546990273 6.2025 48.171875694041 59.6356019755545 6.2025 48.2056377953176 59.6334327998991 6.2025 48.2393376231281 59.6304484387986 6.2025 48.272955497722 59.6266506350358 6.2025 48.3064717872074 59.6220416064211 6.2025 48.3398669190149 59.6166240444975 6.2025 48.373121391328 59.6104011129686 6.2025 48.4062157844713 59.6033764458511 6.2025 48.4391307722512 59.5955541453529 6.2025 48.4718471332417 59.5869387794771 6.2025 48.5043457620094 59.5775353793548 6.2025 48.5366076802701 59.5673494363068 6.2025 48.5686140479721 59.5563868986372 6.2025 48.600346174298 59.5446541681591 6.2025 48.6317855285796 59.5321580964567 6.2025 48.6629137511194 59.5189059808841 6.2025 48.693712663912 59.5049055603036 6.2025 48.7241642812596 59.4901650105664 6.2025 48.7542508202751 59.4746929397386 6.2025 48.7839547112672 59.4584983830739 6.2025 48.8132586079998 59.4415907977371 6.2025 48.8421453978226 59.4239800572822 6.2025 48.8705982116637 59.4056764458856 6.2025 48.8986004338811 59.3866906523409 6.2025 48.9261357119656 59.3670337638168 6.2025 48.9531879660902 59.3467172593828 6.2025 48.9797413985002 59.3257530033053 6.2025 49.0057805027389 59.3041532381195 6.2025 49.0312900727027 59.28193057748 6.2025 49.056255211521 59.2590979987948 6.2025 49.080661340256 59.2356688356469 6.2025 49.1044942064155 59.2116567700078 6.2025 49.127739892277 59.1870758242476 6.2025 49.1503848230146 59.1619403529465 6.2025 49.1724157746263 59.1362650345119 6.2025 49.1938198816568 59.1100648626067 6.2025 49.2145846447104 59.0833551373935 6.2025 49.2346979377502 59.0561514565997 6.2025 49.2541480151794 59.0284697064087 6.2025 49.2729235187005 59.0003260521832 6.2025 49.2910134839483 58.9717369290248 6.2025 3.14159265359308 0.0898000000000003 3.14159265358979 4.5798 0 4.5798 0.0785398163397448 4.5798 0.15707963267949 4.5798 0.235619449019234 4.5798 0.314159265358979 4.5798 0.392699081698724 4.5798 0.471238898038469 4.5798 0.549778714378214 4.5798 0.628318530717959 4.5798 0.706858347057703 4.5798 0.785398163397448 4.5798 0.863937979737193 4.5798 0.942477796076938 4.5798 1.02101761241668 4.5798 1.09955742875643 4.5798 1.17809724509617 4.5798 1.25663706143592 4.5798 1.33517687777566 4.5798 1.41371669411541 4.5798 1.49225651045515 4.5798 1.5707963267949 4.5798 1.64933614313464 4.5798 1.72787595947439 4.5798 1.80641577581413 4.5798 1.88495559215388 4.5798 1.96349540849362 4.5798 2.04203522483337 4.5798 2.12057504117311 4.5798 2.19911485751286 4.5798 2.2776546738526 4.5798 2.35619449019234 4.5798 2.43473430653209 4.5798 2.51327412287183 4.5798 2.59181393921158 4.5798 2.67035375555132 4.5798 2.74889357189107 4.5798 2.82743338823081 4.5798 2.90597320457056 4.5798 2.9845130209103 4.5798 3.06305283725005 4.5798 0 0.0898000000000003 0.0241660973353314 0.0898000000000003 0.0483321946706627 0.0898000000000003 0.0724982920059941 0.0898000000000003 0.0966643893413254 0.0898000000000003 0.120830486676657 0.0898000000000003 0.144996584011988 0.0898000000000003 0.169162681347319 0.0898000000000003 0.193328778682651 0.0898000000000003 0.217494876017982 0.0898000000000003 0.241660973353314 0.0898000000000003 0.265827070688645 0.0898000000000003 0.289993168023976 0.0898000000000003 0.314159265359308 0.0898000000000003 0.338325362694639 0.0898000000000003 0.36249146002997 0.0898000000000003 0.386657557365302 0.0898000000000003 0.410823654700633 0.0898000000000003 0.434989752035965 0.0898000000000003 0.459155849371296 0.0898000000000003 0.483321946706627 0.0898000000000003 0.507488044041959 0.0898000000000003 0.53165414137729 0.0898000000000003 0.555820238712621 0.0898000000000003 0.579986336047953 0.0898000000000003 0.604152433383284 0.0898000000000003 0.628318530718616 0.0898000000000003 0.652484628053947 0.0898000000000003 0.676650725389278 0.0898000000000003 0.70081682272461 0.0898000000000003 0.724982920059941 0.0898000000000003 0.749149017395272 0.0898000000000003 0.773315114730604 0.0898000000000003 0.797481212065935 0.0898000000000003 0.821647309401267 0.0898000000000003 0.845813406736598 0.0898000000000003 0.869979504071929 0.0898000000000003 0.894145601407261 0.0898000000000003 0.918311698742592 0.0898000000000003 0.942477796077923 0.0898000000000003 0.966643893413255 0.0898000000000003 0.990809990748586 0.0898000000000003 1.01497608808392 0.0898000000000003 1.03914218541925 0.0898000000000003 1.06330828275458 0.0898000000000003 1.08747438008991 0.0898000000000003 1.11164047742524 0.0898000000000003 1.13580657476057 0.0898000000000003 1.1599726720959 0.0898000000000003 1.18413876943124 0.0898000000000003 1.20830486676657 0.0898000000000003 1.2324709641019 0.0898000000000003 1.25663706143723 0.0898000000000003 1.28080315877256 0.0898000000000003 1.30496925610789 0.0898000000000003 1.32913535344322 0.0898000000000003 1.35330145077856 0.0898000000000003 1.37746754811389 0.0898000000000003 1.40163364544922 0.0898000000000003 1.42579974278455 0.0898000000000003 1.44996584011988 0.0898000000000003 1.47413193745521 0.0898000000000003 1.49829803479054 0.0898000000000003 1.52246413212587 0.0898000000000003 1.54663022946121 0.0898000000000003 1.57079632679654 0.0898000000000003 1.59496242413187 0.0898000000000003 1.6191285214672 0.0898000000000003 1.64329461880253 0.0898000000000003 1.66746071613786 0.0898000000000003 1.69162681347319 0.0898000000000003 1.71579291080852 0.0898000000000003 1.73995900814386 0.0898000000000003 1.76412510547919 0.0898000000000003 1.78829120281452 0.0898000000000003 1.81245730014985 0.0898000000000003 1.83662339748518 0.0898000000000003 1.86078949482051 0.0898000000000003 1.88495559215584 0.0898000000000003 1.90912168949117 0.0898000000000003 1.93328778682651 0.0898000000000003 1.95745388416184 0.0898000000000003 1.98161998149717 0.0898000000000003 2.0057860788325 0.0898000000000003 2.02995217616783 0.0898000000000003 2.05411827350316 0.0898000000000003 2.07828437083849 0.0898000000000003 2.10245046817383 0.0898000000000003 2.12661656550916 0.0898000000000003 2.15078266284449 0.0898000000000003 2.17494876017982 0.0898000000000003 2.19911485751515 0.0898000000000003 2.22328095485048 0.0898000000000003 2.24744705218581 0.0898000000000003 2.27161314952115 0.0898000000000003 2.29577924685648 0.0898000000000003 2.31994534419181 0.0898000000000003 2.34411144152714 0.0898000000000003 2.36827753886247 0.0898000000000003 2.3924436361978 0.0898000000000003 2.41660973353313 0.0898000000000003 2.44077583086847 0.0898000000000003 2.4649419282038 0.0898000000000003 2.48910802553913 0.0898000000000003 2.51327412287446 0.0898000000000003 2.53744022020979 0.0898000000000003 2.56160631754512 0.0898000000000003 2.58577241488045 0.0898000000000003 2.60993851221579 0.0898000000000003 2.63410460955112 0.0898000000000003 2.65827070688645 0.0898000000000003 2.68243680422178 0.0898000000000003 2.70660290155711 0.0898000000000003 2.73076899889244 0.0898000000000003 2.75493509622778 0.0898000000000003 2.77910119356311 0.0898000000000003 2.80326729089844 0.0898000000000003 2.82743338823377 0.0898000000000003 2.8515994855691 0.0898000000000003 2.87576558290443 0.0898000000000003 2.89993168023976 0.0898000000000003 2.9240977775751 0.0898000000000003 2.94826387491043 0.0898000000000003 2.97242997224576 0.0898000000000003 2.99659606958109 0.0898000000000003 3.02076216691642 0.0898000000000003 3.04492826425175 0.0898000000000003 3.06909436158708 0.0898000000000003 3.09326045892242 0.0898000000000003 3.11742655625775 0.0898000000000003 3 43 44 3 44 45 4 45 46 4 46 47 4 47 48 4 3 45 5 48 49 5 49 50 5 50 51 5 4 48 6 51 52 6 52 53 6 53 54 6 5 51 7 6 54 7 54 55 7 55 56 7 56 57 7 57 58 8 58 59 8 59 60 8 60 61 8 7 58 9 8 61 9 61 62 9 62 63 9 63 64 10 9 64 10 64 65 10 65 66 10 66 67 11 10 67 11 67 68 11 68 69 11 69 70 11 70 71 12 11 71 12 71 72 12 72 73 12 73 74 13 12 74 13 74 75 13 75 76 13 76 77 14 13 77 14 77 78 14 78 79 14 79 80 15 14 80 15 80 81 15 81 82 15 82 83 15 83 84 16 15 84 16 84 85 16 85 86 16 86 87 17 87 88 17 88 89 17 89 90 17 16 87 18 17 90 18 90 91 18 91 92 18 92 93 19 18 93 19 93 94 19 94 95 19 95 96 19 96 97 20 19 97 20 97 98 20 98 99 20 99 100 21 101 102 21 102 103 21 20 100 21 100 101 22 103 104 22 104 105 22 105 106 22 21 103 23 106 107 23 107 108 23 108 109 23 109 110 23 22 106 24 110 111 24 111 112 24 112 113 24 23 110 25 113 114 25 114 115 25 115 116 25 24 113 26 116 117 26 117 118 26 118 119 26 25 116 27 119 120 27 120 121 27 121 122 27 122 123 27 26 119 28 123 124 28 124 125 28 125 126 28 27 123 29 126 127 29 127 128 29 128 129 29 28 126 30 129 130 30 130 131 30 131 132 30 29 129 31 30 132 31 132 133 31 133 134 31 134 135 31 135 136 32 31 136 32 136 137 32 137 138 32 138 139 33 32 139 33 139 140 33 140 141 33 141 142 34 33 142 34 142 143 34 143 144 34 144 145 35 34 145 35 145 146 35 146 147 35 147 148 35 148 149 36 35 149 36 149 150 36 150 151 36 151 152 37 152 153 37 153 154 37 154 155 37 36 152 38 155 156 38 156 157 38 157 158 38 37 155 39 158 159 39 159 160 39 160 161 39 161 162 39 38 158 40 162 163 40 163 164 40 164 165 40 39 162 41 165 166 41 166 167 41 167 168 41 40 165 42 41 168 42 168 169 42 169 170 42 170 171 2 42 171 2 171 172 2 172 1 
775 777 1 0 0.00344231856415611
50.77697340391 59.7990564284 6.2125 50.6461998003549 60.0043540422765 6.2125 50.4997218630333 60.1987584134392 6.2125 50.3384426771408 60.3810709742985 6.2125 50.1633565824894 60.5501677072916 6.2125 49.9755430430746 60.7050060748291 6.2125 49.7761599918213 60.8446314468864 6.2125 49.566436691542 60.9681829866143 6.2125 49.347666156123 61.0748989576856 6.2125 49.1211971786637 61.1641214206518 6.2125 48.8884260157188 61.2353002893593 6.2125 48.6507877789121 61.2879967224132 6.2125 48.4097475869962 61.3218858287803 6.2125 48.1667915329083 61.3367586708506 6.2125 47.923417521513 61.332523552607 6.2125 47.6811260345205 61.3092065849618 6.2125 47.4414108795182 61.2669515247743 6.2125 47.2057499801502 61.2060188885416 6.2125 46.9755962642262 61.1267843462284 6.2125 46.7523687059388 61.0297364051362 6.2125 46.5374435774155 60.9154733980934 6.2125 46.3321459635435 60.7846997945349 6.2125 46.1377415923808 60.6382218572132 6.2125 45.9554290315215 60.4769426713208 6.2125 45.7863322985284 60.3018565766694 6.2125 45.6314939309909 60.1140430372546 6.2125 45.4918685589336 59.9146599860013 6.2125 45.3683170192057 59.704936685722 6.2125 45.2616010481344 59.4861661503029 6.2125 45.1723785851682 59.2596971728437 6.2125 45.1011997164607 59.0269260098988 6.2125 45.0485032834068 58.7892877730921 6.2125 45.0146141770397 58.5482475811762 6.2125 44.9997413349694 58.3052915270883 6.2125 45.003976453213 58.061917515693 6.2125 45.0272934208582 57.8196260287005 6.2125 45.0695484810457 57.5799108736982 6.2125 45.1304811172784 57.3442499743302 6.2125 45.2097156595916 57.1140962584062 6.2125 45.3067636006838 56.8908687001188 6.2125 45.42102660773 56.6759435716 6.2125 45.5518002112851 56.4706459577235 6.2125 45.6982781486068 56.2762415865608 6.2125 45.8595573344992 56.0939290257015 6.2125 46.0346434291506 55.9248322927084 6.2125 46.2224569685654 55.7699939251709 6.2125 46.4218400198187 55.6303685531136 6.2125 46.631563320098 55.5068170133857 6.2125 46.8503338555171 55.4001010423144 6.2125 47.0768028329763 55.3108785793482 6.2125 47.3095739959212 55.2396997106407 6.2125 47.5472122327279 55.1870032775868 6.2125 47.7882524246438 55.1531141712197 6.2125 48.0312084787317 55.1382413291494 6.2125 48.274582490127 55.142476447393 6.2125 48.5168739771195 55.1657934150382 6.2125 48.7565891321218 55.2080484752257 6.2125 48.9922500314898 55.2689811114584 6.2125 49.2224037474138 55.3482156537716 6.2125 49.4456313057012 55.4452635948638 6.2125 49.6605564342245 55.5595266019065 6.2125 49.8658540480965 55.690300205465 6.2125 50.0602584192592 55.8367781427867 6.2125 50.2425709801185 55.9980573286792 6.2125 50.4116677131116 56.1731434233306 6.2125 50.5665060806491 56.3609569627454 6.2125 50.7061314527064 56.5603400139987 6.2125 50.8296829924343 56.770063314278 6.2125 50.9363989635056 56.988833849697 6.2125 51.0256214264718 57.2153028271563 6.2125 51.0968002951793 57.4480739901012 6.2125 51.1494967282332 57.6857122269079 6.2125 51.1833858346003 57.9267524188238 6.2125 51.1982586766706 58.1697084729117 6.2125 51.194023558427 58.413082484307 6.2125 51.1707065907818 58.6553739712995 6.2125 51.1284515305943 58.8950891263018 6.2125 51.0675188943616 59.1307500256698 6.2125 50.9882843520484 59.3609037415938 6.2125 50.8912364109562 59.5841312998812 6.2125 49.31114714941 58.94431664186 6.207328427125 49.3203724178493 58.9279702777612 6.20734677828522 49.3294111191271 58.9116151524938 6.20740016979651 49.3382604250957 58.8952480892834 6.20748610870487 49.3469175076077 58.8788659113558 6.20760210205624 49.3549859880354 58.8632371992239 6.20773832437537 49.3628748840962 58.8475891262939 6.2078974192415 49.3704171766262 58.8322577622103 6.20807314030643 49.3777829257302 58.8169026581616 6.20826667028247 49.3848252226474 58.8018348781414 6.20847157990616 49.3916937411638 58.7867394237537 6.2086897413649 49.3982596772924 58.771904173484 6.20891475959412 49.4046543280886 58.7570376868973 6.20914890637352 49.4107651451577 58.7424063708518 6.20938598518878 49.416706905284 58.7277405680601 6.20962844081868 49.4223816320892 58.7132867884888 6.20987039690852 49.4278892744912 58.6987955317828 6.21011429641246 49.4331449054265 58.6844948361485 6.21035467026472 49.4382351779541 58.6701538893552 6.21059382689192 49.4430868409136 58.6559835354595 6.21082676383008 49.4477746340667 58.6417703354954 6.21105555651338 49.4522357436367 58.6277090781414 6.21127570588503 49.4565342432457 58.6136025269694 6.21148898380906 49.4606166379085 58.5996304269771 6.21169141313742 49.4645374616434 58.5856107049908 6.21188441439362 49.4682515252462 58.5717089597561 6.21206453585766 49.4718048433143 58.5577573599553 6.21223281769806 49.4751596118432 58.5439081539452 6.21238632478666 49.4783542555137 58.5300069406169 6.21252570570067 49.4816879744649 58.5146289078013 6.21266208768693 49.4848269494821 58.4991904327558 6.2127810539495 49.4877996765609 58.4835448437904 6.21288435130855 49.4905757535723 58.4678451168021 6.21297160200611 49.4931793627946 58.4519473316024 6.21304426975777 49.4955845603156 58.4360020837764 6.21310234569004 49.4978112711967 58.4198693393035 6.21314705154289 49.4998379783308 58.4036961797624 6.21317870692055 49.5016804747439 58.3873476357005 6.21319833552672 49.5033215704781 58.3709660926125 6.21320654119705 49.5047731244286 58.3544228539045 6.21320419516065 49.5060221014849 58.3378543918602 6.21319213846566 49.5070766999836 58.3211395042623 6.21317113566842 49.5079277913487 58.3044075142185 6.21314221651103 49.5085802641181 58.287545929214 6.21310608336198 49.5090285699256 58.2706756874337 6.21306390610547 49.5092747152366 58.2536941932483 6.21301636639234 49.5093163272497 58.2367127861004 6.21296472729666 49.5091530327883 58.2196399022148 6.21290968641765 49.5087851533424 58.2025761143799 6.21285255642461 49.5082105086852 58.1854419478513 6.21279408091043 49.5074315606529 58.1683261124287 6.21273558372759 49.5064449577293 58.1511621755086 6.21267787612238 49.5052546818879 58.1340259857166 6.21262226172061 49.5038568997609 58.116864975655 6.21256963107188 49.5022564359231 58.0997412592371 6.21252124489668 49.5004496878927 58.0826167194976 6.21247804033899 49.4984412018366 58.0655372206179 6.21244051341692 49.4962301751446 58.0484949692134 6.21240838341464 49.4938180548256 58.0315004106503 6.21238138215736 49.4912050814297 58.0145536738919 6.2123592184962 49.488391834798 57.997657179352 6.21234160455559 49.485378609978 57.9808115029735 6.21232824999907 49.482165943016 57.9640186162554 6.21231886574297 49.4791043231321 57.9489509798833 6.21231357485573 49.475881802603 57.9339280615837 6.21231105382875 49.4724987227236 57.9189509279246 6.21231109130075 49.4689553631703 57.9040203656376 6.21231347589191 49.4652521500629 57.8891377618525 6.21231799608766 49.4613892851257 57.8743035805372 6.21232444060249 49.4573672930829 57.8595195250949 6.21233259764184 49.4531862838347 57.8447857407373 6.21234225620522 49.4488468941224 57.8301042416488 6.21235320414696 49.4443491284956 57.8154748595026 6.21236523088681 49.4396937486751 57.8008999125959 6.21237812391295 49.4348806407629 57.7863789254666 6.21239167314441 49.4299107038893 57.7719145127131 6.21240566574397 49.4247836931243 57.7575058992937 6.21241989215262 49.4195006568275 57.7431559871971 6.21243413930373 49.4140612070422 57.7288637104675 6.21244819812694 49.4084665524935 57.7146322485232 6.21246185547605 49.4027161508691 57.7004602542229 6.21247490268105 49.3968113816418 57.6863511734597 6.2124871267181 49.3907515375505 57.6723033886422 6.21249831917572 49.3838383403574 57.6567709401072 6.21250932539982 49.3767351578732 57.6413173932948 6.21251882445236 49.3694381054439 57.6259346467506 6.21252689995728 49.3619530280199 57.6106354335552 6.2125336239734 49.3542774838539 57.595415080319 6.21253907769311 49.3464159634659 57.580282869001 6.21254333682542 49.3391813628142 57.5667390058238 6.21254621441915 49.3317977843336 57.5532700495248 6.21254824585681 49.3242669294295 57.5398792182618 6.21254948871804 49.3165887512125 57.5265665815951 6.21255000095047 49.3087669057604 57.5133385466018 6.21254984038742 49.3007994612115 57.5001919519564 6.21254906494041 49.292692151659 57.4871362845455 6.21254773316628 49.284441033516 57.4741652560372 6.21254590227235 49.2760540288759 57.4612913065334 6.21254363183275 49.2675250687151 57.4485051423547 6.21254097786021 49.2588643587908 57.4358220140366 6.21253800106463 49.2500636049705 57.4232297607352 6.21253475595253 49.2411353772248 57.4107462859059 6.21253130431624 49.2320690715094 57.3983567148278 6.21252769902126 49.2228796868308 57.3860814332225 6.21252400272344 49.2135542399524 57.3739030193233 6.21252026668464 49.2041102075801 57.3618441590259 6.21251655404841 49.1945321739989 57.3498850622172 6.21251291467527 49.1848401258717 57.3380505232206 6.21250941167471 49.1750161780027 57.3263185723809 6.21250609386346 49.1650828427974 57.3147159128859 6.21250302366227 49.1550197449661 57.3032185926243 6.21250024934494 49.1437144019489 57.2905989950794 6.2124975744285 49.1322525649519 57.2781126623284 6.21249531498733 49.1206171105823 57.2657412663309 6.21249344298725 49.1088288183296 57.2535072699689 6.21249193706541 49.0968718085677 57.2413945407379 6.21249077031398 49.0847656930531 57.2294233360898 6.21248991973105 49.0724985701655 57.2175821642437 6.21248935931446 49.0600862073237 57.2058865656219 6.21248906459622 49.0475209787623 57.1943295636844 6.21248901001136 49.0348145014803 57.1829220957188 6.21248917021802 49.0219636923225 57.1716615364408 6.21248951972313 49.0089757418709 57.1605543728971 6.21249003280467 48.9971706982866 57.1506903139458 6.21249061321565 48.985257812167 57.1409533933415 6.21249128657799 48.9732420965562 57.1313477217678 6.21249203393126 48.9611216762863 57.1218718417862 6.21249283673653 48.948905283123 57.1125325546099 6.2124936757744 48.9365873788668 57.1033256289558 6.21249453281364 48.9241804922073 57.0942603669035 6.21249538841757 48.911675336607 57.0853299482759 6.21249622469878 48.8990882904261 57.0765459718331 6.21249702211184 48.8864062587312 57.0678992285378 6.21249776308089 48.8736494964528 57.0594033973087 6.21249842812447 48.8608010659169 57.0510470932144 6.21249899987952 48.8478850996025 57.042845848778 6.21249945916163 48.8348808086089 57.0347863267959 6.21249978865844 48.8218161782622 57.0268856791908 6.21249996977119 48.8086665888864 57.0191288401438 6.21249998543395 48.7939780918407 57.0106912415616 6.21249980695888 48.7791894181785 57.0024328214809 6.21249944514034 48.7642689392753 56.9943361864476 6.21249892360923 48.7492527360829 56.9864212159803 6.21249826814177 48.7341131482418 56.9786735604408 6.21249750227849 48.7188823952303 56.9711099700589 6.21249665249813 48.7035370822294 56.9637190172517 6.21249574253716 48.6881052625109 56.956514436536 6.2124947991919 48.6725680780509 56.9494875736793 6.21249384659261 48.6569491362991 56.942649288431 6.21249291155034 48.641234357699 56.935993525641 6.21249201869133 48.6254426530155 56.9295284373213 6.21249119462889 48.6095649300149 56.9232503693519 6.21249046448641 48.5936151839909 56.9171649574313 6.21248985456379 48.5775894832338 56.9112707287937 6.21248939037839 48.5614967237963 56.9055710165639 6.21248909790248 48.5469569485136 56.9006079459529 6.2124890027276 48.5323667139908 56.895803769037 6.21248908621901 48.5177310663725 56.8911601086473 6.21248936703266 48.5030486422867 56.8866765156062 6.21248986389481 48.4883284526619 56.8823556769571 6.21249059511731 48.4735651878994 56.8781959915071 6.21249157958885 48.4587718362879 56.8742010288174 6.21249283495741 48.4439391224022 56.870368215801 6.21249438052525 48.4290839996383 56.8667018185288 6.2124962329034 48.4141932319596 56.8631984769589 6.21249841211391 48.3976295244833 56.8595024469498 6.21250123427203 48.3810265621895 56.8560084398637 6.21250446132398 48.3643711607398 56.852713537413 6.21250802378083 48.3476810466454 56.8496211045679 6.21251184234888 48.3309288429871 56.8467262182114 6.21251584776158 48.3141464352244 56.8440345642551 6.21251995657345 48.2973102758405 56.8415424954267 6.2125240982447 48.2804484731151 56.8392543286637 6.21252818928432 48.2635414822848 56.8371675200541 6.21253215747296 48.246613454048 56.8352851862292 6.21253591993078 48.2296489947061 56.8336057018354 6.21253940258678 48.2126681415635 56.832131164702 6.21254252360745 48.1956597733888 56.8308606727799 6.21254520714448 48.1786396848051 56.8297954976115 6.21254737260959 48.1616011199745 56.8289352567869 6.21254894270591 48.1445555297185 56.8282805970824 6.21254983804253 48.1275005868124 56.8278314458353 6.21254998046034 48.1104433266324 56.8275880334249 6.21254929146527 48.0950915586412 56.8275448880073 6.21254789589579 48.0797415401152 56.8276684298828 6.21254570658445 48.0643982435727 56.8279585961478 6.21254266729525 48.0490601295927 56.8284154116598 6.21253872071117 48.0337354065498 56.8290385933973 6.21253381218546 48.0184192915213 56.8298283158684 6.21252788337616 48.0031231924616 56.8307839367952 6.21252088220842 47.9878391141983 56.8319059200601 6.21251274849654 47.9725816100954 56.8331931279844 6.21250343384215 47.957339494885 56.8346464452392 6.21249288800605 47.942124776333 56.8362646240181 6.21248122658405 47.9269279282388 56.8380485231365 6.21246864808251 47.9117517625786 56.839997817994 6.21245536114948 47.8965957479881 56.8421125949173 6.21244157153286 47.8814636788624 56.8443923386578 6.21242748880219 47.8663540371576 56.8468373047315 6.21241331755397 47.8512715846928 56.8494467456341 6.2123992681091 47.8362138307249 56.8522211279595 6.21238554389414 47.8211864854773 56.8551594316188 6.21237235564856 47.8061861035382 56.8582623749674 6.21235990577572 47.7912193206236 56.8615286265524 6.21234840494289 47.7762817586051 56.8649591956957 6.2123380548386 47.761380952049 56.8685524026081 6.21232906541572 47.7465116158289 56.8723095850447 6.21232163811238 47.7316821531756 56.8762286799557 6.2123159813816 47.716886401267 56.8803113890134 6.2123122970245 47.7021335984801 56.8845552332543 6.21231079107522 47.6874167369775 56.8889623115428 6.21231166645128 47.6727458536645 56.8935296988231 6.21231512572663 47.658113131517 56.8982599220097 6.21232137381835 47.6435293665035 56.9031495824316 6.21233060868898 47.6289859711428 56.9082016633098 6.21234303825632 47.6144944584228 56.9134122676498 6.21235885462404 47.6000455117694 56.9187848604692 6.212378269817 47.5856513168502 56.9243150246914 6.2124014687507 47.5713018717174 56.9300067297165 6.21242866875472 47.5570099883761 56.9358550196851 6.21246004616059 47.5427650252885 56.9418643879465 6.21249582487678 47.5285806465707 56.9480292050632 6.21253605823447 47.5144474152972 56.9543537224088 6.21258023680379 47.5003828451122 56.9608302573979 6.21262755618038 47.4863761861598 56.9674639574611 6.21267730520702 47.4724547574934 56.9742419252698 6.21272864103134 47.4585978752169 56.9811743139277 6.21278089751561 47.4448423644915 56.988242624265 6.21283319801723 47.431157873521 56.995462416336 6.21288492443403 47.4175901494986 57.0028093613076 6.21293517803048 47.4040997281844 57.0103046738363 6.21298338423986 47.3907406147263 57.0179180393419 6.21302863987362 47.3774648709986 57.0256765040807 6.21307040295658 47.3643340302297 57.0335436836574 6.21310778866768 47.3512923881758 57.0415525615862 6.21314027090235 47.3384082253464 57.0496606702476 6.21316701033006 47.3256188336947 57.0579069656926 6.21318747502282 47.3129984243026 57.0662429515068 6.21320090161209 47.3004780872738 57.0747135236256 6.21320672658079 47.2881371263251 57.0832642750437 6.21320429535228 47.2759012566295 57.0919459447207 6.21319298394214 47.2638540293079 57.1006983919781 6.21317228076472 47.2519166224745 57.1095780424945 6.2131414703561 47.2401759949809 57.1185192517519 6.21310021873405 47.2285496237022 57.1275839219441 6.21304768677271 47.2171270526295 57.1367011811786 6.2129837522237 47.2058228794251 57.1459381501439 6.21290741986569 47.1947284377463 57.1552190461399 6.21281881201821 47.1837562439779 57.1646159088868 6.21271674553142 47.1729986615538 57.1740483949791 6.21260161811142 47.1623668834884 57.1835931294666 6.21247203093035 47.1507811310318 57.1942561783398 6.21231218471481 47.1393479309117 57.2050544482226 6.21213611407041 47.1279427265632 57.2161068757756 6.21194334334303 47.1166875772453 57.2272963971842 6.21173742163861 47.1054480675468 57.2387582493907 6.21151742026648 47.0943561739793 57.2503593636641 6.21128750253503 47.0832673658723 57.2622528342002 6.21104631099577 47.0723237685506 57.2742880522091 6.21079863165973 47.0613704207654 57.286637701575 6.21054272686479 47.0505598835353 57.299131926023 6.21028399430946 47.0397263828694 57.3119649330842 6.21002039396776 47.0290332647367 57.3249457137012 6.20975790061133 47.0183034855071 57.3382921628716 6.20949428535659 47.007711594484 57.3517899877611 6.20923603664921 46.9970687396984 57.3656831938366 6.2089808939204 46.9865611668938 57.3797318189962 6.20873576051087 46.9759875903731 57.3942086889997 6.20849855507975 46.9655465231173 57.4088455053344 6.20827645333176 46.9550235332823 57.423946931567 6.20806783038358 46.9446300474155 57.4392133634442 6.20787993746316 46.9341376963242 57.4549846324158 6.20771196515204 46.9237715304817 57.4709265520961 6.20757097591674 46.9143980760511 57.4856543598248 6.20746795309592 46.9051228168042 57.500523529735 6.20739181301233 46.895942247333 57.5155334123367 6.20734461718301 46.88685286223 57.53068335814 6.207328427125 46.8776275937907 57.5470297222388 6.20734677828522 46.8685888925129 57.5633848475062 6.20740016979651 46.8597395865443 57.5797519107166 6.20748610870487 46.8510825040323 57.5961340886442 6.20760210205624 46.8430140236046 57.6117628007761 6.20773832437537 46.8351251275438 57.6274108737061 6.2078974192415 46.8275828350138 57.6427422377897 6.20807314030643 46.8202170859098 57.6580973418384 6.20826667028247 46.8131747889926 57.6731651218586 6.20847157990616 46.8063062704762 57.6882605762463 6.2086897413649 46.7997403343476 57.703095826516 6.20891475959412 46.7933456835514 57.7179623131027 6.20914890637352 46.7872348664823 57.7325936291482 6.20938598518878 46.781293106356 57.7472594319399 6.20962844081868 46.7756183795508 57.7617132115112 6.20987039690852 46.7701107371488 57.7762044682172 6.21011429641246 46.7648551062135 57.7905051638515 6.21035467026472 46.7597648336859 57.8048461106448 6.21059382689192 46.7549131707264 57.8190164645405 6.21082676383008 46.7502253775733 57.8332296645046 6.21105555651338 46.7457642680033 57.8472909218586 6.21127570588503 46.7414657683943 57.8613974730306 6.21148898380906 46.7373833737315 57.8753695730229 6.21169141313742 46.7334625499966 57.8893892950092 6.21188441439362 46.7297484863938 57.9032910402439 6.21206453585766 46.7261951683257 57.9172426400447 6.21223281769806 46.7228403997968 57.9310918460548 6.21238632478666 46.7196457561263 57.9449930593831 6.21252570570067 46.7163120371751 57.9603710921987 6.21266208768693 46.7131730621579 57.9758095672442 6.2127810539495 46.7102003350791 57.9914551562096 6.21288435130855 46.7074242580677 58.0071548831979 6.21297160200611 46.7048206488454 58.0230526683976 6.21304426975777 46.7024154513244 58.0389979162236 6.21310234569004 46.7001887404433 58.0551306606965 6.21314705154289 46.6981620333092 58.0713038202376 6.21317870692055 46.6963195368961 58.0876523642995 6.21319833552672 46.6946784411619 58.1040339073875 6.21320654119705 46.6932268872114 58.1205771460955 6.21320419516065 46.6919779101551 58.1371456081398 6.21319213846566 46.6909233116564 58.1538604957377 6.21317113566842 46.6900722202913 58.1705924857815 6.21314221651103 46.6894197475219 58.187454070786 6.21310608336198 46.6889714417144 58.2043243125663 6.21306390610547 46.6887252964034 58.2213058067517 6.21301636639234 46.6886836843903 58.2382872138996 6.21296472729666 46.6888469788517 58.2553600977852 6.21290968641765 46.6892148582976 58.2724238856201 6.21285255642461 46.6897895029548 58.2895580521487 6.21279408091043 46.6905684509871 58.3066738875713 6.21273558372759 46.6915550539107 58.3238378244914 6.21267787612238 46.6927453297521 58.3409740142834 6.21262226172061 46.6941431118791 58.358135024345 6.21256963107188 46.6957435757169 58.3752587407629 6.21252124489668 46.6975503237473 58.3923832805024 6.21247804033899 46.6995588098034 58.4094627793821 6.21244051341692 46.7017698364954 58.4265050307866 6.21240838341464 46.7041819568144 58.4434995893497 6.21238138215736 46.7067949302103 58.4604463261081 6.2123592184962 46.709608176842 58.477342820648 6.21234160455559 46.712621401662 58.4941884970265 6.21232824999907 46.7158340686239 58.5109813837446 6.21231886574297 46.7188956885079 58.5260490201167 6.21231357485573 46.722118209037 58.5410719384163 6.21231105382875 46.7255012889164 58.5560490720754 6.21231109130075 46.7290446484697 58.5709796343624 6.21231347589191 46.7327478615771 58.5858622381475 6.21231799608766 46.7366107265143 58.6006964194628 6.21232444060249 46.7406327185571 58.6154804749051 6.21233259764184 46.7448137278053 58.6302142592627 6.21234225620522 46.7491531175176 58.6448957583512 6.21235320414696 46.7536508831444 58.6595251404974 6.21236523088681 46.7583062629649 58.6741000874041 6.21237812391295 46.7631193708771 58.6886210745334 6.21239167314441 46.7680893077506 58.7030854872868 6.21240566574397 46.7732163185157 58.7174941007063 6.21241989215262 46.7784993548125 58.7318440128029 6.21243413930373 46.7839388045978 58.7461362895325 6.21244819812694 46.7895334591465 58.7603677514768 6.21246185547605 46.7952838607709 58.7745397457771 6.21247490268105 46.8011886299982 58.7886488265403 6.2124871267181 46.8072484740895 58.8026966113578 6.21249831917572 46.8141616712826 58.8182290598928 6.21250932539982 46.8212648537668 58.8336826067052 6.21251882445236 46.8285619061961 58.8490653532494 6.21252689995728 46.8360469836201 58.8643645664448 6.2125336239734 46.8437225277861 58.879584919681 6.21253907769311 46.8515840481741 58.894717130999 6.21254333682542 46.8588186488258 58.9082609941762 6.21254621441915 46.8662022273064 58.9217299504752 6.21254824585681 46.8737330822105 58.9351207817382 6.21254948871804 46.8814112604275 58.9484334184049 6.21255000095047 46.8892331058796 58.9616614533982 6.21254984038742 46.8972005504285 58.9748080480436 6.21254906494041 46.905307859981 58.9878637154545 6.21254773316628 46.913558978124 59.0008347439628 6.21254590227235 46.9219459827641 59.0137086934666 6.21254363183275 46.9304749429249 59.0264948576453 6.21254097786021 46.9391356528492 59.0391779859634 6.21253800106463 46.9479364066695 59.0517702392648 6.21253475595253 46.9568646344152 59.0642537140941 6.21253130431624 46.9659309401306 59.0766432851722 6.21252769902126 46.9751203248092 59.0889185667775 6.21252400272344 46.9844457716876 59.1010969806767 6.21252026668464 46.9938898040599 59.1131558409741 6.21251655404841 47.0034678376411 59.1251149377828 6.21251291467527 47.0131598857683 59.1369494767794 6.21250941167471 47.0229838336373 59.1486814276191 6.21250609386346 47.0329171688426 59.1602840871141 6.21250302366227 47.0429802666739 59.1717814073757 6.21250024934494 47.0542856096911 59.1844010049206 6.2124975744285 47.0657474466881 59.1968873376716 6.21249531498733 47.0773829010577 59.2092587336691 6.21249344298725 47.0891711933104 59.2214927300311 6.21249193706541 47.1011282030723 59.2336054592621 6.21249077031398 47.1132343185869 59.2455766639102 6.21248991973105 47.1255014414745 59.2574178357563 6.21248935931446 47.1379138043162 59.2691134343781 6.21248906459622 47.1504790328777 59.2806704363156 6.21248901001136 47.1631855101597 59.2920779042811 6.21248917021802 47.1760363193175 59.3033384635592 6.21248951972313 47.1890242697691 59.3144456271029 6.21249003280467 47.2008293133534 59.3243096860542 6.21249061321565 47.212742199473 59.3340466066585 6.21249128657799 47.2247579150838 59.3436522782321 6.21249203393126 47.2368783353537 59.3531281582138 6.21249283673653 47.249094728517 59.3624674453901 6.2124936757744 47.2614126327732 59.3716743710442 6.21249453281364 47.2738195194327 59.3807396330965 6.21249538841757 47.286324675033 59.3896700517241 6.21249622469878 47.298911721214 59.3984540281669 6.21249702211184 47.3115937529088 59.4071007714622 6.21249776308089 47.3243505151872 59.4155966026913 6.21249842812447 47.3371989457231 59.4239529067856 6.21249899987952 47.3501149120375 59.432154151222 6.21249945916163 47.3631192030311 59.4402136732041 6.21249978865844 47.3761838333778 59.4481143208092 6.21249996977119 47.3893334227536 59.4558711598562 6.21249998543395 47.4040219197993 59.4643087584384 6.21249980695888 47.4188105934615 59.4725671785191 6.21249944514034 47.4337310723648 59.4806638135524 6.21249892360923 47.4487472755571 59.4885787840197 6.21249826814177 47.4638868633982 59.4963264395592 6.21249750227849 47.4791176164097 59.5038900299411 6.21249665249813 47.4944629294106 59.5112809827483 6.21249574253716 47.5098947491291 59.518485563464 6.2124947991919 47.5254319335891 59.5255124263207 6.21249384659261 47.5410508753409 59.532350711569 6.21249291155034 47.556765653941 59.539006474359 6.21249201869133 47.5725573586245 59.5454715626787 6.21249119462889 47.5884350816251 59.5517496306481 6.21249046448641 47.6043848276491 59.5578350425687 6.21248985456379 47.6204105284062 59.5637292712063 6.21248939037839 47.6365032878437 59.5694289834361 6.21248909790248 47.6510430631264 59.5743920540471 6.2124890027276 47.6656332976492 59.579196230963 6.21248908621901 47.6802689452675 59.5838398913527 6.21248936703266 47.6949513693533 59.5883234843938 6.21248986389481 47.7096715589781 59.5926443230429 6.21249059511731 47.7244348237406 59.5968040084929 6.21249157958885 47.7392281753521 59.6007989711826 6.21249283495741 47.7540608892378 59.604631784199 6.21249438052525 47.7689160120018 59.6082981814712 6.2124962329034 47.7838067796804 59.6118015230411 6.21249841211391 47.8003704871567 59.6154975530502 6.21250123427203 47.8169734494506 59.6189915601363 6.21250446132398 47.8336288509002 59.622286462587 6.21250802378083 47.8503189649946 59.6253788954321 6.21251184234888 47.8670711686529 59.6282737817886 6.21251584776158 47.8838535764156 59.6309654357449 6.21251995657345 47.9006897357995 59.6334575045733 6.2125240982447 47.9175515385249 59.6357456713363 6.21252818928432 47.9344585293552 59.6378324799459 6.21253215747296 47.951386557592 59.6397148137708 6.21253591993078 47.9683510169339 59.6413942981646 6.21253940258678 47.9853318700765 59.642868835298 6.21254252360745 48.0023402382512 59.6441393272201 6.21254520714448 48.0193603268349 59.6452045023885 6.21254737260959 48.0363988916655 59.6460647432131 6.21254894270591 48.0534444819215 59.6467194029176 6.21254983804253 48.0704994248276 59.6471685541648 6.21254998046034 48.0875566850076 59.6474119665751 6.21254929146527 48.1029084529988 59.6474551119927 6.21254789589579 48.1182584715248 59.6473315701172 6.21254570658445 48.1336017680674 59.6470414038522 6.21254266729525 48.1489398820473 59.6465845883402 6.21253872071117 48.1642646050902 59.6459614066027 6.21253381218546 48.1795807201187 59.6451716841316 6.21252788337616 48.1948768191784 59.6442160632049 6.21252088220842 48.2101608974417 59.6430940799399 6.21251274849654 48.2254184015446 59.6418068720156 6.21250343384215 48.240660516755 59.6403535547608 6.21249288800605 48.255875235307 59.6387353759819 6.21248122658405 48.2710720834012 59.6369514768635 6.21246864808251 48.2862482490614 59.635002182006 6.21245536114948 48.3014042636519 59.6328874050827 6.21244157153286 48.3165363327776 59.6306076613422 6.21242748880219 48.3316459744823 59.6281626952685 6.21241331755397 48.3467284269472 59.6255532543659 6.2123992681091 48.3617861809151 59.6227788720405 6.21238554389414 48.3768135261627 59.6198405683812 6.21237235564856 48.3918139081018 59.6167376250326 6.21235990577572 48.4067806910164 59.6134713734476 6.21234840494289 48.4217182530349 59.6100408043043 6.2123380548386 48.436619059591 59.6064475973919 6.21232906541572 48.4514883958111 59.6026904149553 6.21232163811238 48.4663178584644 59.5987713200443 6.2123159813816 48.481113610373 59.5946886109866 6.2123122970245 48.4958664131599 59.5904447667457 6.21231079107522 48.5105832746625 59.5860376884572 6.21231166645128 48.5252541579755 59.5814703011769 6.21231512572663 48.539886880123 59.5767400779903 6.21232137381835 48.5544706451365 59.5718504175684 6.21233060868898 48.5690140404972 59.5667983366902 6.21234303825632 48.5835055532172 59.5615877323502 6.21235885462404 48.5979544998706 59.5562151395308 6.212378269817 48.6123486947898 59.5506849753086 6.2124014687507 48.6266981399226 59.5449932702835 6.21242866875472 48.6409900232639 59.5391449803149 6.21246004616059 48.6552349863515 59.5331356120535 6.21249582487678 48.6694193650693 59.5269707949368 6.21253605823447 48.6835525963428 59.5206462775912 6.21258023680379 48.6976171665278 59.5141697426021 6.21262755618038 48.7116238254802 59.5075360425389 6.21267730520702 48.7255452541466 59.5007580747302 6.21272864103134 48.7394021364231 59.4938256860723 6.21278089751561 48.7531576471485 59.486757375735 6.21283319801723 48.766842138119 59.479537583664 6.21288492443403 48.7804098621414 59.4721906386924 6.21293517803048 48.7939002834556 59.4646953261637 6.21298338423986 48.8072593969137 59.4570819606581 6.21302863987362 48.8205351406414 59.4493234959193 6.21307040295658 48.8336659814103 59.4414563163426 6.21310778866768 48.8467076234642 59.4334474384138 6.21314027090235 48.8595917862936 59.4253393297524 6.21316701033006 48.8723811779453 59.4170930343074 6.21318747502282 48.8850015873374 59.4087570484932 6.21320090161209 48.8975219243662 59.4002864763744 6.21320672658079 48.9098628853149 59.3917357249563 6.21320429535228 48.9220987550105 59.3830540552793 6.21319298394214 48.9341459823322 59.3743016080219 6.21317228076472 48.9460833891655 59.3654219575055 6.2131414703561 48.9578240166591 59.3564807482481 6.21310021873405 48.9694503879378 59.3474160780559 6.21304768677271 48.9808729590105 59.3382988188214 6.2129837522237 48.9921771322149 59.3290618498561 6.21290741986569 49.0032715738937 59.3197809538601 6.21281881201821 49.0142437676621 59.3103840911132 6.21271674553142 49.0250013500862 59.3009516050209 6.21260161811142 49.0356331281516 59.2914068705335 6.21247203093035 49.0472188806082 59.2807438216602 6.21231218471481 49.0586520807284 59.2699455517774 6.21213611407041 49.0700572850768 59.2588931242244 6.21194334334303 49.0813124343947 59.2477036028158 6.21173742163861 49.0925519440932 59.2362417506093 6.21151742026648 49.1036438376607 59.2246406363359 6.21128750253503 49.1147326457677 59.2127471657998 6.21104631099577 49.1256762430894 59.2007119477909 6.21079863165973 49.1366295908746 59.188362298425 6.21054272686479 49.1474401281047 59.175868073977 6.21028399430946 49.1582736287706 59.1630350669158 6.21002039396776 49.1689667469033 59.1500542862988 6.20975790061133 49.1796965261329 59.1367078371284 6.20949428535659 49.190288417156 59.1232100122389 6.20923603664921 49.2009312719416 59.1093168061634 6.2089808939204 49.2114388447462 59.0952681810038 6.20873576051087 49.2220124212669 59.0807913110004 6.20849855507975 49.2324534885227 59.0661544946656 6.20827645333176 49.2429764783577 59.051053068433 6.20806783038358 49.2533699642245 59.0357866365558 6.20787993746316 49.2638623153158 59.0200153675842 6.20771196515204 49.2742284811583 59.0040734479039 6.20757097591674 49.2836019355888 58.9893456401752 6.20746795309592 49.2928771948358 58.974476470265 6.20739181301233 49.302057764307 58.9594665876633 6.20734461718301 50.36807274224 58.36891564889 6.2125 50.3743268248074 58.205041830844 6.2125 50.3693166657745 58.0493777226378 6.2125 50.3599772428277 57.9444002274577 6.2125 50.3454754606087 57.8375711903643 6.2125 50.3267744769757 57.7353851951676 6.2125 50.2962165334813 57.6063103922061 6.2125 50.2554704336836 57.4710609333611 6.2125 50.209465733955 57.3464901480528 6.2125 50.1594804524166 57.2322483851229 6.2125 50.1066377560041 57.1278137041517 6.2125 50.0518057206537 57.032543889084 6.2125 49.9957140073207 56.9457576722914 6.2125 49.9388927514536 56.8667373393526 6.2125 49.8817376294886 56.7946933882803 6.2125 49.8053695352517 56.7079455307465 6.2125 49.7192969889323 56.6208703085781 6.2125 49.6332911536669 56.5431829069707 6.2125 49.5484597604229 56.4743262431397 6.2125 49.4656032830293 56.4135824731366 6.2125 49.3853274969876 56.3602180944686 6.2125 49.2830690491596 56.2993303479599 6.2125 49.1752571248003 56.2430095831641 6.2125 49.0754483259184 56.1975558569946 6.2125 48.9835626574997 56.1610951402567 6.2125 48.8991824777001 56.132008234596 6.2125 48.7971831473038 56.102365217465 6.2125 48.6944390063164 56.0785832543742 6.2125 48.601152688668 56.0623484301902 6.2125 48.5138444861274 56.0519523052154 6.2125 48.4322761276701 56.0467143262389 6.2125 48.3573191246672 56.0461175985568 6.2125 48.2895089037072 56.0496256090238 6.2125 48.2292023061621 56.0567993243947 6.2125 48.1860703324812 56.0651541012094 6.2125 48.1571125354599 56.0730461094616 6.2125 48.137546143701 56.0800228480285 6.2125 48.1252635762823 56.0855243634658 6.2125 48.1165883163208 56.0902465197135 6.2125 48.1115181579925 56.0935010321197 6.2125 48.1070946158846 56.0967686739366 6.2125 48.1004183394484 56.1031274386643 6.2125 48.096742438945 56.1086604100033 6.2125 48.0950695614038 56.1137438094854 6.2125 48.0947785476705 56.1190134893973 6.2125 48.0958250290864 56.1245301492515 6.2125 48.0982379316267 56.1299427396793 6.2125 48.1019528495018 56.1349994832977 6.2125 48.1074350262984 56.1403007351091 6.2125 48.1146117886628 56.1458093357825 6.2125 48.1231784934469 56.1514280271564 6.2125 48.1378168990796 56.1595320414447 6.2125 48.1716197885864 56.1747538781296 6.2125 48.2590724567014 56.2068964365855 6.2125 48.4735577405701 56.2836134140299 6.2125 48.6438519992793 56.3553041514696 6.2125 48.8076000217635 56.4377021010913 6.2125 48.9553364459999 56.5258602688538 6.2125 49.0908335322524 56.6205658620392 6.2125 49.2137805343237 56.7204553233954 6.2125 49.3315046082647 56.8316859705015 6.2125 49.4301001374186 56.940030306515 6.2125 49.521632175062 57.0573219186023 6.2125 49.5941490396201 57.1662786589647 6.2125 49.6586876211392 57.2803161714753 6.2125 49.7192425968361 57.4086278342753 6.21249999999984 49.7686618752219 57.5371751066305 6.21249999999952 49.8074417284352 57.6639924925216 6.21250000000006 49.8391761994471 57.80114109545 6.21250000000023 49.8620729988096 57.9478990528226 6.21249999999811 49.8742906472872 58.1049492360185 6.21250000000248 49.8753592134304 58.2200207793691 6.21250000001115 49.86925656234 58.34016942378 6.212500000016 49.8511730273724 58.4890405904127 6.21250000000913 49.8348258269698 58.5767324932645 6.21250000000238 49.8153178343419 58.6595381545122 6.21249999999852 49.7885217242561 58.7519879221774 6.2124999999984 49.7632575684994 58.8251914092348 6.21249999999975 49.7259994830689 58.9174712403074 6.21250000000042 49.6800332575804 59.0142328868971 6.21249999999982 49.6305896980644 59.1041485697555 6.21249999999953 49.578520253657 59.1875627185424 6.21249999999977 49.524665669256 59.2646702673007 6.21249999999996 49.4697369089142 59.33573083128 6.2125 49.3958991657393 59.4215904949643 6.2125 49.3133284212389 59.5069588057381 6.2125 49.2322277849514 59.5817820082268 6.2125 49.1529867917311 59.6475634005357 6.2125 49.0760769895308 59.7053400918644 6.2125 48.9779044530601 59.771375799548 6.2125 48.8741125530342 59.8327568535934 6.2125 48.7775715239718 59.882798792903 6.2125 48.6878331134293 59.9236935975195 6.2125 48.578023106153 59.9668798516926 6.2125 48.4676238339754 60.0032025048192 6.2125 48.3703450573761 60.0298464115826 6.2125 47.9612322360989 60.1095632641321 6.2125 47.9290224058339 60.1182086482403 6.2125 47.916499046813 60.122554254977 6.2125 47.9046889044522 60.1275590874338 6.2125 47.8964677302851 60.1318589624316 6.2125 47.8883082692515 60.1376017709754 6.2125 47.8831549093986 60.1430538431536 6.2125 47.8798505467279 60.1486316403312 6.2125 47.8781843792565 60.1542142459025 6.2125 47.8780681919833 60.1595982688297 6.2125 47.8793400106058 60.1648247765745 6.2125 47.8821415505885 60.1706792140808 6.2125 47.8867121720006 60.1771835083822 6.2125 47.893214033503 60.1841897022672 6.2125 47.9000420968912 60.1901434785434 6.2125 47.9106299375536 60.1979164776372 6.2125 47.9260834586119 60.2075234861387 6.2125 47.9476802431633 60.2188059746942 6.2125 47.9841780439155 60.2344786879522 6.2125 48.0353927737359 60.2519744871663 6.2125 48.0889157078026 60.2664030819833 6.2125 48.1472284938687 60.2786878131376 6.2125 48.212554074879 60.2889018211443 6.2125 48.2870519303628 60.296536909091 6.2125 48.3726043584738 60.3005110895147 6.2125 48.4708817167859 60.2991496945104 6.2125 48.5831177404951 60.29012758611 6.2125 48.7102416760223 60.2704780105964 6.2125 48.8369715805435 60.24114318694 6.2125 48.9601251349834 60.2033469477248 6.2125 49.0925265361175 60.1522939120007 6.2125 49.2345515283823 60.084982745646 6.2125 49.3701396140736 60.0076814606724 6.2125 49.4972886300737 59.9223976745367 6.2125 49.6282591943032 59.8197291606661 6.2125 49.7494179376919 59.7089236488601 6.2125 49.8599918539747 59.5914460859398 6.2125 49.9589995723322 59.4693348693443 6.2125 50.045796052685 59.3447252091516 6.2125 50.1281097069897 59.2052870883421 6.2125 50.1962196587689 59.0662802139393 6.2125 50.2313082688558 58.9817667175647 6.2125 50.2636378687282 58.8923124642031 6.2125 50.2981582812245 58.7785398552553 6.2125 50.322799441893 58.6785821691248 6.2125 50.3434136595043 58.5727059998887 6.2125 50.3579037217582 58.4728051729109 6.2125 -3.099999999998 -1.80739867516877e-12 -3.09044373457056 -0.243223196757965 -3.06183385584267 -0.484946841626188 -3.01434675323043 -0.723680627954597 -2.94827520051251 -0.957952682563438 -2.86402655078245 -1.18631864033268 -2.76212022498134 -1.4073705491933 -2.64318450949504 -1.61974555061994 -2.50795268255966 -1.82213428210695 -2.3572584933574 -2.01328894982364 -2.1920310216756 -2.19203102167816 -2.0132889498209 -2.35725849335975 -1.82213428210403 -2.50795268256178 -1.61974555061686 -2.64318450949692 -1.40737054919008 -2.76212022498298 -1.18631864032934 -2.86402655078383 -0.95795268256 -2.94827520051363 -0.723680627951082 -3.01434675323127 -0.484946841622618 -3.06183385584323 -0.24322319675436 -3.09044373457084 1.80728765286631e-12 -3.099999999998 0.243223196757964 -3.09044373457056 0.484946841626188 -3.06183385584267 0.723680627954597 -3.01434675323043 0.957952682563437 -2.94827520051251 1.18631864033268 -2.86402655078245 1.4073705491933 -2.76212022498134 1.61974555061994 -2.64318450949504 1.82213428210695 -2.50795268255966 2.01328894982364 -2.3572584933574 2.19203102167816 -2.1920310216756 2.35725849335975 -2.0132889498209 2.50795268256178 -1.82213428210403 2.64318450949692 -1.61974555061686 2.76212022498298 -1.40737054919008 2.86402655078383 -1.18631864032934 2.94827520051363 -0.95795268256 3.01434675323127 -0.723680627951082 3.06183385584323 -0.484946841622618 3.09044373457084 -0.243223196754361 3.099999999998 1.80748749301074e-12 3.09044373457056 0.243223196757965 3.06183385584267 0.484946841626188 3.01434675323043 0.723680627954597 2.94827520051251 0.957952682563437 2.86402655078245 1.18631864033268 2.76212022498134 1.4073705491933 2.64318450949504 1.61974555061994 2.50795268255966 1.82213428210695 2.3572584933574 2.01328894982364 2.19203102167561 2.19203102167816 2.0132889498209 2.35725849335975 1.82213428210403 2.50795268256178 1.61974555061685 2.64318450949692 1.40737054919008 2.76212022498298 1.18631864032934 2.86402655078383 0.95795268256 2.94827520051363 0.723680627951082 3.01434675323127 0.484946841622618 3.06183385584323 0.24322319675436 3.09044373457084 -1.8075985153132e-12 3.099999999998 -0.243223196757964 3.09044373457056 -0.484946841626188 3.06183385584267 -0.723680627954597 3.01434675323043 -0.957952682563437 2.94827520051251 -1.18631864033268 2.86402655078245 -1.4073705491933 2.76212022498134 -1.61974555061994 2.64318450949504 -1.82213428210695 2.50795268255966 -2.01328894982364 2.3572584933574 -2.19203102167816 2.1920310216756 -2.35725849335975 2.0132889498209 -2.50795268256178 1.82213428210403 -2.64318450949692 1.61974555061686 -2.76212022498298 1.40737054919008 -2.86402655078383 1.18631864032934 -2.94827520051363 0.95795268256 -3.01434675323127 0.723680627951082 -3.06183385584323 0.484946841622618 -3.09044373457084 0.243223196754361 -1.40317157287469 3.78856945815187e-12 -1.40290681594928 0.0187680340190584 -1.40247647742558 0.0374496573975672 -1.40187651394346 0.0560461898184009 -1.40110288214282 0.0745589509606447 -1.40020032086906 0.0921243260622574 -1.39913287084168 0.109615964576704 -1.39792553813683 0.126659416369444 -1.39655373772438 0.143634446379371 -1.39504725225784 0.16019833608397 -1.39337670581662 0.17669859560823 -1.3915758419007 0.192821655397419 -1.38961127642492 0.20888541786857 -1.38751997962642 0.22460305039311 -1.38526526895834 0.240265316025106 -1.38288668025559 0.255609910643131 -1.38034487534394 0.270902715275988 -1.37768135812994 0.285903956164793 -1.37485471837625 0.300856672875669 -1.37190788519024 0.315541826507048 -1.36879790828304 0.330181447455071 -1.36556864568364 0.344575624056565 -1.36217609469636 0.358927017112819 -1.35866458558224 0.373053404765702 -1.35498951289464 0.387139543486932 -1.35119525608496 0.401019615687016 -1.34723702411907 0.414861783363987 -1.34315885128165 0.428515481958238 -1.33891615506572 0.44213344836288 -1.33404968560393 0.457097239670604 -1.3289845377463 0.472015146798251 -1.323671445492 0.487028228129432 -1.31816120380972 0.501989019140725 -1.31240220624859 0.517034028357343 -1.30644790003342 0.532020093245906 -1.30024495863519 0.547078220738559 -1.29384888332612 0.562070513825072 -1.28720532923107 0.57712152292623 -1.28037117013545 0.59209958750775 -1.27329182243039 0.607121857372609 -1.26602477046832 0.622063873099401 -1.25851604354795 0.637034466455639 -1.25082289949054 0.651917321754595 -1.24289289570427 0.666812079541424 -1.23478215909979 0.681611471000385 -1.22644074270812 0.696405135349162 -1.21792268153675 0.711095695384936 -1.20918152998626 0.725762061629658 -1.20026822709707 0.740317514977641 -1.19114085580888 0.754829612430492 -1.18184622840873 0.769222961024227 -1.17234798569317 0.783553261134261 -1.16268777460678 0.797756995816784 -1.15283580398358 0.811877645095377 -1.14282753010199 0.825863981369361 -1.13264064033557 0.839747117780814 -1.12230216501347 0.853489724019642 -1.11180748504612 0.867098128200542 -1.10116311207215 0.880564035863194 -1.09036931885615 0.893887456772771 -1.07942782553089 0.907066592107126 -1.06833917709538 0.920101092954469 -1.05710482971884 0.932989526232421 -1.04687002293111 0.944463667253572 -1.03651874586797 0.955818127872957 -1.02605183062115 0.967052158642417 -1.01546991509126 0.978165220814846 -1.00477406612316 0.989156330749477 -0.993964691692422 1.00002518925596 -0.983043103140247 1.01077058914659 -0.972009468552392 1.02139246033831 -0.960865352586678 1.03188938359723 -0.94961067438242 1.04226150662628 -0.938247259752288 1.05250721043579 -0.926774770800859 1.06262684838597 -0.915195301298978 1.0726186147405 -0.903508249250541 1.08248305565088 -0.891715982106834 1.09221819228601 -0.879817627774883 1.10182475006049 -0.867815831988589 1.11130059126293 -0.855709447672003 1.12064660646024 -0.843501402292197 1.12986051375392 -0.831190270047126 1.1389433542531 -0.817394091647961 1.1488788821455 -0.803473537099215 1.15865054891952 -0.789421169666024 1.16826339630843 -0.775248452588958 1.17770936894733 -0.760950922417665 1.18699127402548 -0.746537133925051 1.19610335520777 -0.733465013053733 1.20415911912432 -0.72030192852264 1.21207512952036 -0.70705097118764 1.2198494633958 -0.693712135582236 1.2274820370406 -0.680291807477834 1.23496915729011 -0.666786725563977 1.24231258196185 -0.653206622117447 1.24950700411413 -0.639544922813671 1.25655586950555 -0.62581473767739 1.26345242217938 -0.61200614242197 1.27020163345925 -0.598135635536995 1.2767954699056 -0.584189926277323 1.28324025882826 -0.570188891837472 1.28952686595023 -0.556115878970663 1.29566279943063 -0.541994113610945 1.3016380042291 -0.527803604198693 1.30746099033635 -0.513570875721136 1.31312096376429 -0.499272642290193 1.31862725512197 -0.484938659224038 1.32396851336523 -0.470542409446971 1.32915470798116 -0.456116791719463 1.33417411121645 -0.441632139248968 1.33903715079777 -0.425509035530692 1.34424392997711 -0.409317871741768 1.34925675633296 -0.393034623282189 1.35408283723947 -0.376688555951209 1.35871323506617 -0.360257825544995 1.36315388706637 -0.343769578165551 1.36739717257804 -0.327207743720301 1.37144702374026 -0.310593771233322 1.37529795825533 -0.293917558814896 1.37895216158309 -0.277194651370355 1.38240603721834 -0.260421063048811 1.38566029997438 -0.243606273229998 1.38871296803206 -0.228439538601808 1.39128762795859 -0.213243685993633 1.39369813455753 -0.198025116651717 1.39594346197403 -0.182781476536667 1.39802392466016 -0.167523734653178 1.39993804573733 -0.152244975343718 1.40168669070645 -0.136960707388795 1.40326813490101 -0.121659472984567 1.4046835921277 -0.106361263399318 1.40593129289053 -0.0910501275637892 1.40701259624754 -0.0757504534032358 1.40792588846843 -0.0604418741907311 1.40867247258861 -0.0451530612322892 1.40925108684825 -0.0298593374571318 1.4096627808068 -0.0145935182375189 1.40990683455246 0.000673253511524874 1.40998386126229 0.0176123472705635 1.4098737798306 0.0345477226337495 1.40955845107631 0.0515154639480267 1.40903696833012 0.0684743883684734 1.40831033340531 0.0854556189521832 1.40737700912006 0.102422884945852 1.40623875543043 0.11940215264585 1.40489365957294 0.136362269426815 1.40334398803031 0.153323885404415 1.40158771755593 0.170261136632312 1.39962735855145 0.187189236057665 1.39746104956817 0.204087740986343 1.39509127426898 0.220966346539082 1.39251660929911 0.237810123849689 1.38973923601033 0.254623211247369 1.38675844615763 0.271396244779033 1.38357584156988 0.28645664679147 1.38053916141144 0.301480599459274 1.3773398012403 0.316462926142737 1.37397890103752 0.331405030870765 1.37045616206205 0.346297775902574 1.36677380213428 0.361146554566346 1.36293052987155 0.375938348680434 1.35892980422732 0.39068246707146 1.35476917570433 0.405362115399433 1.35045349890277 0.419990420325262 1.34597900907567 0.436160977556118 1.34082826912577 0.45226368096857 1.33548323542535 0.468311390039424 1.32993978765472 0.48428709647319 1.32420394828042 0.500216930071819 1.31826617968062 0.516070482034162 1.31213763160512 0.531869931406806 1.30580959325448 0.547588821942415 1.299292494313 0.563245319066552 1.29257868712832 0.578816989964879 1.28567764473989 0.594317951410795 1.27858301699455 0.609729837195447 1.2713030850052 0.625062708919683 1.26383302594396 0.640302281691283 1.25617969756506 0.655454584255049 1.2483400271142 0.670509398877746 1.24031922396366 0.685468772563503 1.23211617859605 0.700326511666926 1.22373423591049 0.713610060150304 1.21603839406735 0.726808132299649 1.20819943859594 0.739916464229858 1.20021992863217 0.752936373267254 1.19209906725345 0.765860911071701 1.18384123373853 0.778694121525621 1.1754438680449 0.791426473259543 1.1669132715169 0.80406463933165 1.15824501603271 0.816596620718778 1.14944741532554 0.829031634319541 1.14051407082984 0.841359935631615 1.13145210912511 0.853589321372014 1.12225598970027 0.865717525890565 1.11292740943617 0.877744964727752 1.10346602609549 0.889668619593435 1.09387419612457 0.901489673158114 1.08415093411183 0.913204388404264 1.07429928445902 0.924814681954522 1.06431758943666 0.936316134809151 1.05420960665971 0.947711361474036 1.0439729800182 0.95899530029374 1.03361220229912 0.970171224945113 1.02312419620212 0.981233472756284 1.0125142082049 0.992185935484795 1.00177842040569 1.0030223931112 0.990922847937238 1.01374731228595 0.97994291640348 1.02435396104561 0.968845420915875 1.03484733594092 0.957625018301207 1.04522023989914 0.946289291274397 1.05547815287585 0.934832119275883 1.06561346064543 0.923261876520148 1.07563207887825 0.911571660161106 1.0855260249619 0.899770636078664 1.09530160170833 0.887851117956196 1.10495050738233 0.875823059800777 1.11447938279284 0.863677994336836 1.1238796565351 0.851426656509178 1.13315825800808 0.839059804242989 1.14230621900041 0.826589183593764 1.15132955018172 0.81400636831746 1.16021699210592 0.801326817221424 1.16897523826492 0.788540668631798 1.17758718550008 0.775672825434631 1.18606558744982 0.762704097690201 1.19438795079001 0.749669015995934 1.20257265726267 0.736538849560372 1.21059244269985 0.723357659283812 1.21847071235997 0.710087239384721 1.22617608352638 0.696780981387234 1.23373634418939 0.683391373277459 1.24111666594171 0.669980842168559 1.24834855486879 0.656492835062687 1.25539441813059 0.642998432935305 1.262288803601 0.629432395327704 1.26899203211385 0.61587399865911 1.27554101700225 0.60224974718358 1.28189465709352 0.588646588559877 1.28809156562705 0.574983271970812 1.29408986046871 0.561353837715214 1.29992920969323 0.547669836990579 1.30556755979366 0.534031781224739 1.31104501753262 0.520344626241996 1.31631992937243 0.506714701409395 1.32143226061832 0.493041004150228 1.32634128541789 0.479435007598417 1.33108628916016 0.465790411413058 1.33562795376222 0.452223147277064 1.34000439806461 0.438622287137509 1.34464161882636 0.423574813766033 1.34907894077011 0.408487372915557 1.35336405191529 0.393194477064306 1.35745047816645 0.377858737890225 1.36138621332314 0.362295620495492 1.36512427827088 0.346686558200037 1.36871240980496 0.330826494558219 1.37210369704945 0.314917127327337 1.37534501951167 0.29873122309372 1.37839014680733 0.282492363542849 1.38128445710392 0.265949275112384 1.38398305855031 0.249349245261158 1.38652913269417 0.232414860884162 1.3888798382328 0.215419166851152 1.39107540492227 0.198056246015168 1.39307581767097 0.180627209783898 1.39491752968005 0.162794981027731 1.39656420249298 0.14489132926322 1.39804760818162 0.126545051796428 1.39933602231971 0.108121466919068 1.40045554188729 0.0892119710945996 1.40138009324488 0.0702186195694941 1.40205866059267 0.0527741501075259 1.40258119274288 0.0352570268257977 1.40295104505154 0.0176660450225948 1.40317157287469 -3.7982506029266e-12 1.40290681594929 -0.0187680340190681 1.40247647742558 -0.0374496573975769 1.40187651394347 -0.0560461898184106 1.40110288214282 -0.0745589509606543 1.40020032086906 -0.0921243260622671 1.39913287084169 -0.109615964576713 1.39792553813684 -0.126659416369453 1.39655373772439 -0.143634446379381 1.39504725225784 -0.16019833608398 1.39337670581662 -0.176698595608239 1.3915758419007 -0.192821655397428 1.38961127642493 -0.208885417868579 1.38751997962643 -0.22460305039312 1.38526526895834 -0.240265316025115 1.38288668025559 -0.255609910643141 1.38034487534394 -0.270902715275998 1.37768135812994 -0.285903956164803 1.37485471837626 -0.300856672875678 1.37190788519025 -0.315541826507058 1.36879790828304 -0.330181447455081 1.36556864568364 -0.344575624056574 1.36217609469636 -0.358927017112829 1.35866458558224 -0.373053404765711 1.35498951289464 -0.387139543486942 1.35119525608496 -0.401019615687026 1.34723702411908 -0.414861783363998 1.34315885128165 -0.428515481958249 1.33891615506572 -0.442133448362891 1.33404968560393 -0.457097239670614 1.3289845377463 -0.472015146798261 1.32367144549201 -0.487028228129442 1.31816120380972 -0.501989019140735 1.31240220624859 -0.517034028357353 1.30644790003342 -0.532020093245916 1.3002449586352 -0.547078220738569 1.29384888332612 -0.562070513825082 1.28720532923107 -0.57712152292624 1.28037117013546 -0.59209958750776 1.2732918224304 -0.607121857372619 1.26602477046832 -0.622063873099411 1.25851604354795 -0.637034466455648 1.25082289949054 -0.651917321754605 1.24289289570427 -0.666812079541434 1.23478215909979 -0.681611471000395 1.22644074270813 -0.696405135349171 1.21792268153676 -0.711095695384946 1.20918152998626 -0.725762061629668 1.20026822709707 -0.74031751497765 1.19114085580889 -0.754829612430501 1.18184622840874 -0.769222961024237 1.17234798569317 -0.78355326113427 1.16268777460678 -0.797756995816793 1.15283580398358 -0.811877645095386 1.142827530102 -0.825863981369369 1.13264064033557 -0.839747117780822 1.12230216501347 -0.853489724019651 1.11180748504612 -0.86709812820055 1.10116311207216 -0.880564035863202 1.09036931885616 -0.893887456772778 1.0794278255309 -0.907066592107133 1.06833917709539 -0.920101092954476 1.05710482971885 -0.932989526232428 1.04687002293111 -0.944463667253579 1.03651874586797 -0.955818127872963 1.02605183062115 -0.967052158642424 1.01546991509126 -0.978165220814852 1.00477406612316 -0.989156330749483 0.993964691692426 -1.00002518925596 0.983043103140251 -1.0107705891466 0.972009468552397 -1.02139246033831 0.960865352586683 -1.03188938359724 0.949610674382425 -1.04226150662628 0.938247259752293 -1.05250721043579 0.926774770800864 -1.06262684838598 0.915195301298983 -1.07261861474051 0.903508249250547 -1.08248305565089 0.891715982106839 -1.09221819228602 0.879817627774888 -1.1018247500605 0.867815831988594 -1.11130059126294 0.855709447672008 -1.12064660646025 0.843501402292202 -1.12986051375393 0.831190270047131 -1.13894335425311 0.817394091647967 -1.14887888214551 0.80347353709922 -1.15865054891952 0.789421169666029 -1.16826339630843 0.775248452588962 -1.17770936894734 0.76095092241767 -1.18699127402548 0.746537133925055 -1.19610335520778 0.733465013053737 -1.20415911912432 0.720301928522645 -1.21207512952037 0.707050971187644 -1.2198494633958 0.693712135582241 -1.22748203704061 0.680291807477839 -1.23496915729011 0.666786725563982 -1.24231258196186 0.653206622117452 -1.24950700411413 0.639544922813675 -1.25655586950555 0.625814737677394 -1.26345242217939 0.612006142421974 -1.27020163345926 0.598135635537 -1.27679546990561 0.584189926277327 -1.28324025882827 0.570188891837476 -1.28952686595024 0.556115878970668 -1.29566279943064 0.54199411361095 -1.3016380042291 0.527803604198698 -1.30746099033636 0.513570875721141 -1.3131209637643 0.499272642290199 -1.31862725512197 0.484938659224043 -1.32396851336523 0.470542409446977 -1.32915470798117 0.456116791719469 -1.33417411121645 0.441632139248974 -1.33903715079777 0.425509035530698 -1.34424392997711 0.409317871741774 -1.34925675633296 0.393034623282195 -1.35408283723947 0.376688555951216 -1.35871323506617 0.360257825545002 -1.36315388706637 0.343769578165558 -1.36739717257805 0.327207743720307 -1.37144702374026 0.310593771233328 -1.37529795825534 0.293917558814902 -1.37895216158309 0.277194651370361 -1.38240603721834 0.260421063048816 -1.38566029997438 0.243606273230003 -1.38871296803207 0.228439538601813 -1.39128762795859 0.213243685993638 -1.39369813455754 0.198025116651721 -1.39594346197403 0.18278147653667 -1.39802392466016 0.167523734653181 -1.39993804573733 0.15224497534372 -1.40168669070646 0.136960707388797 -1.40326813490101 0.121659472984568 -1.4046835921277 0.106361263399319 -1.40593129289053 0.0910501275637884 -1.40701259624754 0.0757504534032346 -1.40792588846843 0.0604418741907294 -1.40867247258861 0.0451530612322862 -1.40925108684825 0.0298593374571284 -1.4096627808068 0.0145935182375151 -1.40990683455246 -0.000673253511529182 -1.40998386126229 -0.0176123472705682 -1.4098737798306 -0.0345477226337556 -1.40955845107631 -0.0515154639480333 -1.40903696833012 -0.0684743883684808 -1.40831033340531 -0.0854556189521911 -1.40737700912007 -0.10242288494586 -1.40623875543043 -0.119402152645858 -1.40489365957294 -0.136362269426824 -1.40334398803031 -0.153323885404425 -1.40158771755593 -0.170261136632321 -1.39962735855145 -0.187189236057674 -1.39746104956818 -0.204087740986352 -1.39509127426898 -0.220966346539092 -1.39251660929912 -0.237810123849699 -1.38973923601034 -0.254623211247379 -1.38675844615764 -0.271396244779043 -1.38357584156989 -0.286456646791479 -1.38053916141144 -0.301480599459284 -1.3773398012403 -0.316462926142747 -1.37397890103752 -0.331405030870774 -1.37045616206205 -0.346297775902583 -1.36677380213429 -0.361146554566354 -1.36293052987156 -0.375938348680441 -1.35892980422732 -0.390682467071468 -1.35476917570434 -0.405362115399441 -1.35045349890277 -0.419990420325269 -1.34597900907567 -0.436160977556125 -1.34082826912578 -0.452263680968576 -1.33548323542536 -0.46831139003943 -1.32993978765473 -0.484287096473195 -1.32420394828043 -0.500216930071823 -1.31826617968062 -0.516070482034166 -1.31213763160512 -0.531869931406809 -1.30580959325449 -0.547588821942418 -1.299292494313 -0.563245319066555 -1.29257868712833 -0.578816989964881 -1.28567764473989 -0.594317951410797 -1.27858301699456 -0.609729837195449 -1.2713030850052 -0.625062708919685 -1.26383302594396 -0.640302281691284 -1.25617969756507 -0.65545458425505 -1.24834002711421 -0.670509398877747 -1.24031922396367 -0.685468772563504 -1.23211617859605 -0.700326511666926 -1.2237342359105 -0.713610060150304 -1.21603839406736 -0.726808132299649 -1.20819943859595 -0.739916464229858 -1.20021992863218 -0.752936373267254 -1.19209906725346 -0.765860911071701 -1.18384123373854 -0.778694121525621 -1.17544386804491 -0.791426473259542 -1.16691327151691 -0.80406463933165 -1.15824501603272 -0.816596620718778 -1.14944741532555 -0.829031634319541 -1.14051407082985 -0.841359935631614 -1.13145210912512 -0.853589321372014 -1.12225598970028 -0.865717525890565 -1.11292740943618 -0.877744964727752 -1.1034660260955 -0.889668619593435 -1.09387419612458 -0.901489673158114 -1.08415093411183 -0.913204388404263 -1.07429928445903 -0.924814681954522 -1.06431758943666 -0.936316134809151 -1.05420960665972 -0.947711361474036 -1.0439729800182 -0.95899530029374 -1.03361220229912 -0.970171224945113 -1.02312419620213 -0.981233472756284 -1.01251420820491 -0.992185935484795 -1.0017784204057 -1.0030223931112 -0.990922847937245 -1.01374731228595 -0.979942916403487 -1.02435396104561 -0.968845420915882 -1.03484733594092 -0.957625018301214 -1.04522023989914 -0.946289291274404 -1.05547815287585 -0.93483211927589 -1.06561346064544 -0.923261876520155 -1.07563207887825 -0.911571660161112 -1.0855260249619 -0.89977063607867 -1.09530160170833 -0.887851117956202 -1.10495050738233 -0.875823059800783 -1.11447938279284 -0.863677994336842 -1.1238796565351 -0.851426656509184 -1.13315825800808 -0.839059804242995 -1.14230621900041 -0.826589183593768 -1.15132955018172 -0.814006368317465 -1.16021699210592 -0.801326817221428 -1.16897523826492 -0.788540668631802 -1.17758718550008 -0.775672825434634 -1.18606558744982 -0.762704097690205 -1.19438795079001 -0.749669015995937 -1.20257265726267 -0.736538849560375 -1.21059244269985 -0.723357659283815 -1.21847071235997 -0.710087239384724 -1.22617608352638 -0.696780981387237 -1.23373634418939 -0.683391373277462 -1.24111666594171 -0.669980842168563 -1.24834855486879 -0.656492835062691 -1.25539441813059 -0.642998432935308 -1.262288803601 -0.629432395327707 -1.26899203211386 -0.615873998659113 -1.27554101700225 -0.602249747183584 -1.28189465709352 -0.588646588559881 -1.28809156562705 -0.574983271970816 -1.29408986046871 -0.56135383771522 -1.29992920969323 -0.547669836990585 -1.30556755979366 -0.534031781224744 -1.31104501753262 -0.520344626242002 -1.31631992937243 -0.506714701409402 -1.32143226061832 -0.493041004150235 -1.32634128541789 -0.479435007598424 -1.33108628916016 -0.465790411413066 -1.33562795376222 -0.452223147277073 -1.34000439806462 -0.438622287137518 -1.34464161882636 -0.423574813766043 -1.34907894077011 -0.408487372915567 -1.35336405191529 -0.393194477064316 -1.35745047816645 -0.377858737890235 -1.36138621332314 -0.362295620495504 -1.36512427827088 -0.346686558200049 -1.36871240980496 -0.330826494558231 -1.37210369704945 -0.314917127327349 -1.37534501951167 -0.298731223093733 -1.37839014680733 -0.282492363542862 -1.38128445710392 -0.265949275112397 -1.38398305855031 -0.249349245261171 -1.38652913269417 -0.232414860884176 -1.3888798382328 -0.215419166851166 -1.39107540492227 -0.198056246015182 -1.39307581767097 -0.180627209783912 -1.39491752968004 -0.162794981027745 -1.39656420249297 -0.144891329263234 -1.39804760818162 -0.126545051796441 -1.3993360223197 -0.108121466919081 -1.40045554188729 -0.089211971094612 -1.40138009324487 -0.0702186195695056 -1.40205866059267 -0.0527741501075365 -1.40258119274288 -0.0352570268258083 -1.40295104505154 -0.0176660450226045 -2.02636431541772 1.02947016330704 -1.94921917113654 1.1741849466001 -1.86647873195862 1.30613355781606 -1.80553066465489 1.39211513960664 -1.73919035606756 1.47709577452051 -1.6715613449773 1.55595020535448 -1.5801449101102 1.6520601845779 -1.47681696390635 1.74837215839161 -1.37432545659991 1.83281032440372 -1.27359829093802 1.90632050645729 -1.17534281264927 1.96991935974831 -1.07998541775133 2.02459894462226 -0.987813259400083 2.0713153331244 -0.898922768905363 2.11095557575326 -0.813258062095179 2.14440100683221 -0.703589223575135 2.18087047984405 -0.585372171226305 2.21273434777505 -0.471941654997994 2.23652203485016 -0.363973983877122 2.25327277890518 -0.261799059085552 2.2640099193114 -0.165570701637864 2.26967224729218 -0.0465626193845072 2.27076045014893 0.0749423863417155 2.26510596832368 0.184059762663187 2.25409525800782 0.281802615017389 2.23930692681499 0.369347363838879 2.22192936145895 0.472392762994683 2.19615694250509 0.573129199678212 2.1649461975605 0.661893674238702 2.13197993249 0.742552764440045 2.09698117803723 0.815655117284407 2.06041781476472 0.880708241152452 2.02317537314074 0.937519857782805 1.98598703599156 0.986002858622341 1.949411818572 1.01905441432622 1.92046766346624 1.04009454138143 1.89906320467662 1.05348283353263 1.88318012560582 1.06132201482636 1.87224050170246 1.06643756384374 1.86379123822701 1.06917809428183 1.85842580726633 1.07135342363843 1.85337475291955 1.07391772065687 1.84451862867039 1.07430608091476 1.83788724927703 1.07319056685483 1.83265321661143 1.07078747798206 1.82795434661575 1.06710456667494 1.82371585353394 1.06229367822585 1.8202555665315 1.05653727766147 1.81775854362757 1.04913104299384 1.81594051688272 1.04015647219086 1.81479697925078 1.02992572665684 1.81425849115223 1.0131979406947 1.81463151106681 0.97632923237034 1.81850939677511 0.884591058955279 1.83479499664112 0.660660809349053 1.87656430278455 0.477437381420679 1.90041533718917 0.294475479445678 1.91171929202917 0.122443812471276 1.90998172263653 -0.0423128715120204 1.89642278291598 -0.198839268748498 1.8720638671661 -0.35656664628193 1.83527679311363 -0.496315678097557 1.7913475133341 -0.634469817689658 1.73613094068811 -0.751998957215669 1.67853607739287 -0.86519528469921 1.61253324254212 -0.982140612416392 1.53219285284131 -1.08958491318106 1.44603956770753 -1.18696682268393 1.35602129133512 -1.283466613562 1.25352930971652 -1.37717237206165 1.13828438662992 -1.46683729488809 1.00876901074458 -1.52572513358197 0.90990129924762 -1.58097550479675 0.803035329057207 -1.64034437630402 0.665321947036967 -1.67039550108003 0.581333669959259 -1.69525480021615 0.499974254047532 -1.71867617409348 0.40661242939327 -1.73372605756258 0.330648430742352 -1.74802412265181 0.232163419256191 -1.75705716851827 0.125420202990308 -1.75963777351528 0.0228393271929953 -1.756674971348 -0.0754478492953674 -1.74899324362236 -0.169186216017143 -1.73733754088119 -0.258241912406291 -1.71680179822597 -0.36960697622232 -1.6884744360446 -0.484946634985353 -1.6561051800102 -0.590436236845816 -1.6207877877995 -0.687178204926159 -1.58345203277082 -0.775830927004109 -1.53190849817253 -0.882328934720135 -1.47316592795305 -0.987636592327304 -1.41497528419968 -1.07949634935877 -1.35805349994716 -1.16002757217828 -1.28494688526715 -1.2526489149539 -1.20787383959806 -1.33963788010923 -1.13725964216314 -1.41165658090909 -0.823998065179382 -1.68660250559147 -0.8005281253482 -1.710295917258 -0.791898669807045 -1.72035828855601 -0.784217405686385 -1.73063087304144 -0.779281409468193 -1.73848660795406 -0.775125570761063 -1.74755775225727 -0.773420137780822 -1.75486348337467 -0.773375315106358 -1.76134643215909 -0.774748089768217 -1.767008330139 -0.777359802408782 -1.77171791180264 -0.781091216346029 -1.7755922447574 -0.78646040475567 -1.77923845931657 -0.793685187056634 -1.78255492507934 -0.802831115844149 -1.78533214353752 -0.811728706080069 -1.78703590102406 -0.82479061973818 -1.78841731203931 -0.842979653346007 -1.78893207592718 -0.867319607231595 -1.78779969091642 -0.906743467116099 -1.78295379859182 -0.959799067691121 -1.77226947417056 -1.01330360272594 -1.75777280040692 -1.06986598684181 -1.73901134146957 -1.13144337975256 -1.7149285223612 -1.1996452816446 -1.68399754083877 -1.27555271184208 -1.64433554257155 -1.35976505251128 -1.59365443926684 -1.45217684426316 -1.52932416487565 -1.55209639156787 -1.44831376512213 -1.6467968207918 -1.35913512819766 -1.7341455247773 -1.26444849988064 -1.8228052776751 -1.1536514254833 -1.91158881529621 -1.02396189240017 -1.98977945016897 -0.888884720908521 -2.05665888177016 -0.751162761598627 -2.11808243309629 -0.596497769511 -2.16693108873446 -0.43974601868038 -2.20327501220451 -0.282562406371084 -2.22729323178929 -0.127202171301791 -2.23950408647251 0.0241652341819774 -2.24037288731552 0.186084264579755 -2.22918887463628 0.34047595646436 -2.21692880071315 0.431159098308309 -2.19979652459846 0.524720583907454 -2.1723069753977 0.640393355597461 -2.14324207392122 0.73915548051294 -2.10771714285678 0.841001876878811 -2.06991173081892 0.934601492025538 756 10 11 756 757 10 758 9 10 758 10 757 755 11 12 755 756 11 759 8 9 759 9 758 754 12 13 754 755 12 760 7 8 760 8 759 753 754 13 752 13 14 752 753 13 761 7 760 761 6 7 751 752 14 750 14 15 750 751 14 762 5 6 762 6 761 749 750 15 748 15 16 748 749 15 763 4 5 763 5 762 747 748 16 746 747 16 745 16 17 745 746 16 744 745 17 764 3 4 764 4 763 743 744 17 742 17 18 742 743 17 741 742 18 740 18 19 740 741 18 739 19 20 739 740 19 738 20 21 738 739 20 765 2 3 765 3 764 766 1 2 766 2 765 767 1 766 768 1 767 768 80 1 564 726 563 562 563 726 565 726 564 561 726 727 561 562 726 566 726 565 560 561 727 567 725 726 567 726 566 559 560 727 568 725 567 558 559 727 569 725 568 557 558 727 570 725 569 556 557 727 571 725 570 555 727 728 555 556 727 572 724 725 572 725 571 554 555 728 573 724 572 553 554 728 574 724 573 552 553 728 575 724 574 551 552 728 576 724 575 550 551 728 577 724 576 549 550 728 578 723 724 578 724 577 548 549 728 579 723 578 547 548 728 580 723 579 546 547 728 581 723 580 545 546 728 582 723 581 544 545 728 583 723 582 543 544 728 584 722 723 584 723 583 542 728 729 542 543 728 585 722 584 541 542 729 586 722 585 540 541 729 587 722 586 539 540 729 588 722 587 538 539 729 589 722 588 590 721 722 590 722 589 537 538 729 591 721 590 536 537 729 592 721 591 535 536 729 593 721 592 534 535 729 769 80 768 769 79 80 594 721 593 533 534 729 595 721 594 532 533 729 596 720 721 596 721 595 531 532 729 597 720 596 530 531 729 598 720 597 599 720 598 529 729 730 529 530 729 600 720 599 528 529 730 601 719 720 601 720 600 527 730 731 527 528 730 602 719 601 526 527 731 603 719 602 525 526 731 525 731 732 604 719 603 524 732 733 524 525 732 605 719 604 606 719 605 523 524 733 770 79 769 770 78 79 607 718 719 607 719 606 522 523 733 608 718 607 521 733 734 521 522 733 609 718 608 520 521 734 610 718 609 519 520 734 611 718 610 518 734 735 518 519 734 517 518 735 612 718 611 516 517 735 613 718 612 613 717 718 515 516 735 614 717 613 514 515 735 615 717 614 513 735 736 513 514 735 771 78 770 616 717 615 512 513 736 617 717 616 511 512 736 618 717 617 510 511 736 619 716 717 619 717 618 509 510 736 620 716 619 508 736 737 508 509 736 621 716 620 507 508 737 622 716 621 506 507 737 623 715 716 623 716 622 505 506 737 624 715 623 504 505 737 625 715 624 503 504 737 772 78 771 772 77 78 626 715 625 502 503 737 501 737 738 501 502 737 627 715 626 500 501 738 628 714 715 628 715 627 499 500 738 629 714 628 498 499 738 498 738 21 630 714 629 497 498 21 631 714 630 496 497 21 632 713 714 632 714 631 495 496 21 773 77 772 81 713 632 494 495 21 82 713 81 493 494 21 83 713 82 492 493 21 491 492 21 491 21 22 84 712 713 84 713 83 490 491 22 85 712 84 489 490 22 86 712 85 488 489 22 87 712 86 487 488 22 88 712 87 774 77 773 774 76 77 486 487 22 89 711 712 89 712 88 485 486 22 90 711 89 484 22 23 484 485 22 91 711 90 483 484 23 92 711 91 482 483 23 93 711 92 481 482 23 94 710 711 94 711 93 480 481 23 479 480 23 95 710 94 775 76 774 775 75 76 96 710 95 478 479 23 97 710 96 477 478 23 477 23 24 98 710 97 476 477 24 99 709 710 99 710 98 475 476 24 100 709 99 474 475 24 101 709 100 473 474 24 102 709 101 103 709 102 472 473 24 633 75 775 104 708 709 104 709 103 471 24 25 471 472 24 105 708 104 470 471 25 106 708 105 469 470 25 107 708 106 468 469 25 108 707 708 108 708 107 467 468 25 109 707 108 466 467 25 110 707 109 465 466 25 111 707 110 464 25 26 464 465 25 112 707 111 463 464 26 113 707 112 113 706 707 462 463 26 114 706 113 461 462 26 634 75 633 634 74 75 115 706 114 460 461 26 116 706 115 459 460 26 117 706 116 458 459 26 118 706 117 457 26 27 457 458 26 119 706 118 119 705 706 456 457 27 120 705 119 455 456 27 121 705 120 454 455 27 122 705 121 453 454 27 123 705 122 452 453 27 124 705 123 451 452 27 635 73 74 635 74 634 450 451 27 125 705 124 125 704 705 449 450 27 449 27 28 126 704 125 448 449 28 127 704 126 447 448 28 128 704 127 446 447 28 129 704 128 445 446 28 130 704 129 444 445 28 636 73 635 131 704 130 131 703 704 443 444 28 132 703 131 442 28 29 442 443 28 133 703 132 441 442 29 72 73 636 134 703 133 440 441 29 135 703 134 439 440 29 136 703 135 438 439 29 137 703 136 437 438 29 637 72 636 436 29 30 436 437 29 702 137 138 702 703 137 435 436 30 139 702 138 434 435 30 140 702 139 433 434 30 141 702 140 432 433 30 142 702 141 431 432 30 143 702 142 638 72 637 430 431 30 144 702 143 429 430 30 428 429 30 701 702 144 701 144 145 701 145 146 701 146 147 148 701 147 71 72 638 31 425 426 31 426 427 31 427 428 31 428 30 149 701 148 424 425 31 150 701 149 423 424 31 151 701 150 422 423 31 152 701 151 639 71 638 421 422 31 700 701 152 700 152 153 700 153 154 700 154 155 700 155 156 157 700 156 158 700 157 159 700 158 70 639 640 70 71 639 32 414 415 32 415 416 32 416 417 32 417 418 32 418 419 32 419 420 32 420 421 32 421 31 699 700 159 699 159 160 699 160 161 699 161 162 699 162 163 699 163 164 699 164 165 166 699 165 641 70 640 698 699 166 698 166 167 698 167 168 698 168 169 698 169 170 698 170 171 698 171 172 69 641 642 69 70 641 33 414 32 33 408 409 33 409 410 33 410 411 33 411 412 33 412 413 33 413 414 697 172 173 697 173 174 697 698 172 697 174 175 697 175 176 697 176 177 697 177 178 697 178 179 696 697 179 696 179 180 696 180 181 696 181 182 696 182 183 696 183 184 696 184 185 696 185 186 68 69 642 68 642 643 68 643 644 34 404 405 34 405 406 34 406 407 34 407 408 34 408 33 34 401 402 34 402 403 34 403 404 695 186 187 695 187 188 695 188 189 695 189 190 695 190 191 695 191 192 695 696 186 694 695 192 694 192 193 694 193 194 694 194 195 694 195 196 694 196 197 694 197 198 694 198 199 67 644 645 67 68 644 35 401 34 35 395 396 35 396 397 35 397 398 35 398 399 35 399 400 35 400 401 693 202 203 693 203 204 693 204 205 693 205 206 693 694 199 693 199 200 693 200 201 693 201 202 692 206 207 692 207 208 692 208 209 692 209 210 692 210 211 692 211 212 692 212 213 692 213 214 692 693 206 66 645 646 66 646 647 66 67 645 36 395 35 36 388 389 36 389 390 36 390 391 36 391 392 36 392 393 36 393 394 36 394 395 691 214 215 691 215 216 691 216 217 691 217 218 691 218 219 691 692 214 691 219 220 691 220 221 691 221 222 65 647 648 65 648 649 65 66 647 37 388 36 37 381 382 37 382 383 37 383 384 37 384 385 37 385 386 37 386 387 37 387 388 690 691 222 690 222 223 690 223 224 690 224 225 690 225 226 690 226 227 690 227 228 690 228 229 689 229 230 689 230 231 689 231 232 689 232 233 689 233 234 689 234 235 689 235 236 689 236 237 689 237 238 689 690 229 64 649 650 64 65 649 38 374 375 38 375 376 38 376 377 38 377 378 38 378 379 38 379 380 38 380 381 38 381 37 688 238 239 688 239 240 688 240 241 688 241 242 688 242 243 688 243 244 688 244 245 688 245 246 688 689 238 687 246 247 687 247 248 687 248 249 687 249 250 687 250 251 687 251 252 687 252 253 687 253 254 687 254 255 687 255 256 687 688 246 63 650 651 63 651 652 63 64 650 39 374 38 39 367 368 39 368 369 39 369 370 39 370 371 39 371 372 39 372 373 39 373 374 686 687 256 686 256 257 686 257 258 686 258 259 686 259 260 686 260 261 686 261 262 686 262 263 686 263 264 685 686 264 685 264 265 685 265 266 685 266 267 685 267 268 684 685 268 684 268 269 684 269 270 684 270 271 683 684 271 683 271 272 683 272 273 62 652 653 62 653 654 62 63 652 40 367 39 40 360 361 40 361 362 40 362 363 40 363 364 40 364 365 40 365 366 40 366 367 682 683 273 682 273 274 682 274 275 681 682 275 681 275 276 681 276 277 681 277 278 680 681 278 680 278 279 680 279 280 680 280 281 680 281 282 679 680 282 679 282 283 679 283 284 679 284 285 679 285 286 679 286 287 678 679 287 678 287 288 678 288 289 678 289 290 678 290 291 678 291 292 678 292 293 678 293 294 677 678 294 677 294 295 677 295 296 677 296 297 677 297 298 677 298 299 61 654 655 61 62 654 41 354 355 41 355 356 41 356 357 41 357 358 41 358 359 41 359 360 41 360 40 60 61 655 60 655 656 60 656 657 42 354 41 42 347 348 42 348 349 42 349 350 42 350 351 42 351 352 42 352 353 42 353 354 59 60 657 59 657 658 43 341 342 43 342 343 43 343 344 43 344 345 43 345 346 43 346 347 43 347 42 58 658 659 58 659 660 58 59 658 44 334 335 44 335 336 44 336 337 44 337 338 44 338 339 44 339 340 44 340 341 44 341 43 57 58 660 57 660 661 57 661 662 45 334 44 45 327 328 45 328 329 45 329 330 45 330 331 45 331 332 45 332 333 45 333 334 56 662 663 56 663 664 56 57 662 46 320 321 46 321 322 46 322 323 46 323 324 46 324 325 46 325 326 46 326 327 46 327 45 55 664 665 55 665 666 55 56 664 47 313 314 47 314 315 47 315 316 47 316 317 47 317 318 47 318 319 47 319 320 47 320 46 54 666 667 54 667 668 54 668 669 54 55 666 48 305 306 48 306 307 48 307 308 48 308 309 48 309 310 48 310 311 48 311 312 48 312 313 48 313 47 53 54 669 53 669 670 53 670 671 53 671 672 53 672 673 49 303 304 49 304 305 49 677 299 49 305 48 49 299 300 49 300 301 49 301 302 49 302 303 52 53 673 52 673 674 52 674 675 50 676 677 50 677 49 51 52 675 51 676 50 51 675 676 

TShapes 10
Ve
0.0261644292709885
46.88685286223 57.53068335814 6.207328427125
0 0

0101101
*
Ve
0.0261644292709885
49.31114714941 58.94431664186 6.207328427125
0 0

0101101
*
Ed
 0.0212898253900894 1 1 0
1  1 0 0 3.14159265359308
2  1 2 0 0 3.14159265359308
2  2 1 0 0 3.14159265359308
4 G1 1 0 2 0
6  1 1 0
0

0101000
+10 0 -9 0 *
Ed
 0.0261644292704806 1 1 0
1  2 0 0 1
2  3 1 0 0 1
4 C0 3 0 1 0
6  2 2 0
0

0101000
-9 0 +10 0 *
Wi

0101100
+8 0 -7 0 *
Ve
1e-05
48.8051433958795 57.0265074419086 6.20827350269403
0 0

0101101
*
Ed
 1e-05 1 1 0
1  3 0 0 6.28318530717959
3  4 5CN 1 0 0 6.28318530717959
0

0101000
+5 0 -5 0 *
Ed
 1e-05 1 1 0
1  4 0 0 6.28318530717959
3  6 7CN 1 0 0 6.28318530717959
0

0101000
+5 0 -5 0 *
Wi

0101100
-4 0 +3 0 +4 0 -3 0 *
Fa
0  1e-07 1 0

0111000
+6 0 +2 0 *

-1 0 