DBRep_DrawableShape

CASCADE Topology V3, (c) Open Cascade
Locations 0
Curve2ds 7
1 0 0.089800000000000324 1 0 
1 6.2831853071795862 9.4247779607693634 1 -3.1098756885556907e-15 
7 0 0  1 2 2  6.2831853071795862 3.7570723634122327  9.424777960755657 10.040257668148993 
 0 2 1 2
1 10.995574287557512 3.7570723621908195 0 1 
1 4.7123889803779253 3.7570723621908195 0 1 
1 4.7123889803779253 3.7570723621908195 1 0 
1 4.7123889803779253 10.040257669370405 1 0 
Curves 4
2 17.099000005819999 101.2375 6.2024999999999997 0 0 -1 -0.29061710826228859 0.95683943082696243 0 0.95683943082696243 0.29061710826228859 0 1.400000000044
7 0 0  3 13 11  16.6912143409 102.5801098892 6.2073284271200002  16.839133108950001 102.6233784959 6.2073284271200002  17.127329083919999 102.67386317010001 6.2149002036810002  17.572201839209999 102.5894247602 6.2118566464359999  17.95886319813 102.38323758990001 6.2126732105749998  18.268483596919999 102.06593663530001 6.2124505112639996  18.46749415571 101.6640496727 6.2125247443680003  18.532012256750001 101.2209091215 6.2124505112639996  18.457797532339999 100.77980038 6.2126732105749998  18.245541405729998 100.37673683529999 6.2118566464359999  17.919052328639999 100.05835503420001 6.2149002036810002  17.65254348581 99.940148126970001 6.2073284271200002  17.506785670749998 99.894890110839995 6.2073284271200002 
 0 4 0.10000000000000001 1 0.20000000000000001 1 0.29999999999999999 1 0.40000000000000002 1 0.5 1 0.59999999999999998 1 0.69999999999999996 1 0.80000000000000004 1 0.90000000000000002 1 1 4
7 0 0  8 9 2  15.757668969560262 100.83010275608356 6.2082735026913296  15.753330182682458 100.8287849532682 6.2146862518424619  15.74354203680503 100.82581203789827 6.2168758838406335  15.731989776389746 100.82230331490156 6.2100521501341701  15.731065209436441 100.82202249978562 6.1886132560713678  15.750713786358206 100.82799028541832 6.1823779678312061  15.760720345101708 100.83102953847475 6.1914862564980435  15.762007756438118 100.83142055889913 6.2018607535402284  15.757668969560262 100.83010275608356 6.2082735026913296 
 0 9 6.2831853071795862 9
7 0 0  11 12 2  15.757668969560271 100.83010275608358 6.2082735026913296  15.524964207999172 101.59626925235918 6.2082735026908766  15.773557785978964 102.50859965131546 6.2082735026931424  16.60646387214646 103.23151668524589 6.2082735026872449  17.857399482897264 103.34617038940843 6.2082735026977511  19.042037522983076 102.60227388778631 6.2082735026837437  19.472842236224267 101.18387516038014 6.2082735026982254  18.902025649920066 99.906801272082276 6.208273502686489  17.798629431247743 99.306382952496634 6.208273502693924  16.704366285000052 99.443968392218991 6.2082735026903171  15.990373731121348 100.0639362598058 6.2082735026915703  15.757668969560271 100.83010275608359 6.2082735026913296 
 0 12 6.2831853071795862 12
Polygon3D 0
PolygonOnTriangulations 2
131 43 44 45 46 47 48 49 50 51 52 53 54 55 56 57 58 59 60 61 62 63 64 65 66 67 68 69 70 71 72 73 74 75 76 77 78 79 80 81 82 83 84 85 86 87 88 89 90 91 92 93 94 95 96 97 98 99 100 101 102 103 104 105 106 107 108 109 110 111 112 113 114 115 116 117 118 119 120 121 122 123 124 125 126 127 128 129 130 131 132 133 134 135 136 137 138 139 140 141 142 143 144 145 146 147 148 149 150 151 152 153 154 155 156 157 158 159 160 161 162 163 164 165 166 167 168 169 170 171 172 1 
p 0.000205761316872428 1 0 0.024166097335202 0.0483321946704041 0.0724982920056061 0.0966643893408081 0.12083048667601 0.144996584011212 0.169162681346414 0.193328778681616 0.217494876016818 0.24166097335202 0.265827070687222 0.289993168022424 0.314159265357626 0.338325362692828 0.36249146002803 0.386657557363232 0.410823654698435 0.434989752033637 0.459155849368839 0.483321946704041 0.507488044039243 0.531654141374445 0.555820238709647 0.579986336044849 0.604152433380051 0.628318530715253 0.652484628050455 0.676650725385657 0.700816822720859 0.724982920056061 0.749149017391263 0.773315114726465 0.797481212061667 0.821647309396869 0.845813406732071 0.869979504067273 0.894145601402475 0.918311698737677 0.942477796072879 0.966643893408081 0.990809990743283 1.01497608807849 1.03914218541369 1.06330828274889 1.08747438008409 1.11164047741929 1.1358065747545 1.1599726720897 1.1841387694249 1.2083048667601 1.2324709640953 1.25663706143051 1.28080315876571 1.30496925610091 1.32913535343611 1.35330145077131 1.37746754810652 1.40163364544172 1.42579974277692 1.44996584011212 1.47413193744732 1.49829803478253 1.52246413211773 1.54663022945293 1.57079632678813 1.59496242412333 1.61912852145854 1.64329461879374 1.66746071612894 1.69162681346414 1.71579291079934 1.73995900813455 1.76412510546975 1.78829120280495 1.81245730014015 1.83662339747535 1.86078949481056 1.88495559214576 1.90912168948096 1.93328778681616 1.95745388415136 1.98161998148657 2.00578607882177 2.02995217615697 2.05411827349217 2.07828437082738 2.10245046816258 2.12661656549778 2.15078266283298 2.17494876016818 2.19911485750339 2.22328095483859 2.24744705217379 2.27161314950899 2.2957792468442 2.3199453441794 2.3441114415146 2.3682775388498 2.392443636185 2.41660973352021 2.44077583085541 2.46494192819061 2.48910802552581 2.51327412286102 2.53744022019622 2.56160631753142 2.58577241486662 2.60993851220182 2.63410460953703 2.65827070687223 2.68243680420743 2.70660290154263 2.73076899887784 2.75493509621304 2.77910119354824 2.80326729088344 2.82743338821864 2.85159948555385 2.87576558288905 2.89993168022425 2.92409777755945 2.94826387489466 2.97242997222986 2.99659606956506 3.02076216690026 3.04492826423547 3.06909436157067 3.09326045890587 3.11742655624107 3.14159265357626 
279 359 360 361 362 363 364 365 366 367 368 369 370 371 372 373 374 375 376 377 378 379 380 381 382 383 384 385 386 387 388 389 390 391 392 393 394 395 396 397 398 399 400 401 402 403 404 405 406 407 408 409 410 411 412 413 414 415 416 417 418 419 420 421 422 423 424 425 426 427 428 429 430 431 432 433 434 435 436 437 438 439 440 441 442 443 444 445 446 447 448 449 450 451 452 453 454 455 456 457 458 459 460 461 462 463 464 465 466 467 468 469 470 471 472 473 474 475 476 477 478 479 480 481 482 483 484 485 486 487 488 489 490 491 492 493 494 495 496 497 498 499 500 501 502 503 504 505 506 507 508 509 510 511 512 513 514 515 516 517 518 519 520 521 522 523 524 525 526 527 528 529 530 531 532 533 534 535 536 537 538 539 540 541 542 543 544 545 546 547 548 549 550 551 552 553 554 555 556 557 558 559 560 561 562 563 564 565 566 567 568 569 570 571 572 573 574 575 576 577 578 579 580 581 582 583 584 585 586 587 588 589 590 591 592 593 594 595 596 597 598 599 600 601 602 603 604 605 606 607 608 609 610 611 612 613 614 615 616 617 618 619 620 621 622 623 624 625 626 627 628 629 630 631 632 633 634 635 636 81 
p 0.000205761316872428 1 0 0.00408277021589058 0.00816554043178116 0.0122483106476717 0.0163310808635623 0.0202200139779652 0.0241089470923682 0.0279130012065137 0.0317170553206592 0.0354427930937544 0.0391685308668496 0.0428220556817354 0.0464755804966211 0.0500625547334423 0.0536495289702634 0.0571752031882259 0.0607008774061883 0.0641701239574083 0.0676393705086283 0.0710567178563628 0.0744740652040973 0.0778437308952588 0.0812133965864203 0.0845393178386001 0.08786523909078 0.0911511005524564 0.0944369620141328 0.0976862206028564 0.10093547919158 0.104518471028264 0.108101462864948 0.111719303756539 0.115337144648129 0.11898910323377 0.122641061819412 0.126326194032974 0.130011326246537 0.13372846596213 0.137445605677723 0.141193356987949 0.144941108298175 0.148717839881936 0.152494571465698 0.156298413524382 0.160102255583066 0.163931099826209 0.167759944069352 0.171611447208062 0.175462950346772 0.17933454150082 0.183206132654869 0.18709502499445 0.190983917334032 0.194887124159007 0.198790330983982 0.202704686294404 0.206619041604826 0.210142755685695 0.213666469766565 0.217189605117456 0.220712740468347 0.224235243732607 0.227757746996868 0.231279565967128 0.234801384937388 0.238322468718123 0.241843552498858 0.245363851664802 0.248884150830746 0.252403617580235 0.255923084329724 0.25944167263208 0.262960260934436 0.266477926670543 0.26999559240665 0.273512293501911 0.277028994597173 0.280544691146107 0.284060387695041 0.287575042076819 0.291089696458597 0.294603273442898 0.2981168504272 0.302019591363466 0.305922332299732 0.309826662041101 0.31373099178247 0.31763680771602 0.32154262364957 0.325058115803759 0.328573607957949 0.332088409608077 0.335603211258205 0.339116453412759 0.342629695567312 0.346140518092829 0.349651340618345 0.353158896077374 0.356666451536402 0.360169908899233 0.363673366262065 0.3671719144599 0.370670462657734 0.374163313947712 0.377656165237689 0.381142558353466 0.384628951469242 0.388108154534384 0.391587357599525 0.395058670784823 0.39852998397012 0.402377492758807 0.406225001547494 0.410076114156337 0.41392722676518 0.417784141919656 0.421641057074132 0.42550236021042 0.429363663346708 0.433227914467917 0.437092165589127 0.44095790792125 0.444823650253373 0.448302842226788 0.451782034200204 0.455260121224591 0.458738208248977 0.46221412958114 0.465690050913304 0.469162757355335 0.472635463797366 0.476103922791177 0.479572381784987 0.48303558233294 0.486498782880892 0.489955740244663 0.493412697608435 0.496862457742655 0.500312217876875 0.50413706191358 0.507961905950285 0.511795198455888 0.515628490961491 0.519469251508953 0.523310012056415 0.52715722009897 0.531004428141525 0.534857027942303 0.53870962774308 0.542566533686121 0.546423439629162 0.550283541862467 0.554143644095771 0.558005814450114 0.561867984804456 0.565731082925778 0.5695941810471 0.573070772712722 0.576547364378344 0.580022897251943 0.583498430125543 0.586972073149808 0.590445716174074 0.593916646307165 0.597387576440256 0.600854982308394 0.604322388176531 0.607788230221486 0.611254072266441 0.61471943111452 0.618184789962599 0.621649130032287 0.625113470101975 0.628576259580697 0.63203904905942 0.635499761973506 0.638960474887592 0.642418593129348 0.645876711371105 0.649331726667804 0.652786741964503 0.656238157774877 0.659689573585251 0.663136906910067 0.666584240234882 0.670027023329311 0.67346980642374 0.676907588400527 0.680345370377314 0.683777718691141 0.687210067004967 0.690636568809897 0.694063070614826 0.697483333988244 0.700903597361663 0.704698762158443 0.708493926955222 0.712298578816219 0.716103230677215 0.7199159795379 0.723728728398584 0.727548137059263 0.731367545719942 0.735192138225016 0.73901673073009 0.742845001236065 0.74667327174204 0.75050369376613 0.75433411579022 0.757782048128184 0.761229980466148 0.764677225601788 0.768124470737429 0.771569911664508 0.775015352591587 0.778457883055497 0.781900413519407 0.78533894353475 0.788777473550094 0.79221093473673 0.795644395923366 0.799071746606728 0.80249909729009 0.805921837718569 0.809344578147048 0.812765528892428 0.816186479637808 0.819603840489891 0.823021201341975 0.826433196118067 0.829845190894159 0.833250079487895 0.836654968081632 0.84005105794427 0.843447147806909 0.846832804689771 0.850218461572633 0.853592119383467 0.856965777194301 0.860325946848232 0.863686116502164 0.867031393678117 0.870376670854071 0.873705742598567 0.877034814343064 0.880346464493737 0.883658114644411 0.886951228074144 0.890244341503877 0.893517907212132 0.896791472920388 0.900044586020397 0.903297699120406 0.906917357084118 0.91053701504783 0.914195659275245 0.917854303502661 0.921555935253753 0.925257567004846 0.929006424176193 0.932755281347539 0.936555860215193 0.940356439082846 0.94421351771788 0.948070596352913 0.95198925906855 0.955907921784188 0.959893583403997 0.963879245023806 0.967937672858064 0.971996100692322 0.976133430695021 0.980270760697719 0.984493502081278 0.988716243464837 0.991537182598628 0.994358121732419 0.997179060866209 1 
Surfaces 3
5 17.099000005819999 101.2375 6.2024999999999997 0 0 -1 -0.29061710826210552 0.95683943082701806 0 0.95683943082701806 0.29061710826210552 0 1.410000000036 0.01
2 17.099000005819999 101.2375 6.2923 0 0 -1 -0.29061710826228859 0.95683943082696243 0 0.95683943082696243 0.29061710826228859 0 1.400000000044
1 17.099000005819999 101.2375 6.2125000000000004 0 0 1 -0.29061710827348813 0.95683943082356082 0 -0.95683943082356082 -0.29061710827348813 0 
Triangulations 2
172 170 1 0 0.00187729882041296
17.50678567075 99.89489011084 6.20732842712 17.50586395742 99.8979247968 1.7125 16.69213605424 102.5770752032 1.7125 16.7984921391208 102.604867917634 1.7125 16.9067009549288 102.62423035416 1.7125 17.0160953583314 102.635043136918 1.7125 17.1260008964544 102.637239601507 1.7125 17.2357399651079 102.630806205992 1.7125 17.3446359864417 102.615782614396 1.7125 17.4520175802728 102.592261452157 1.7125 17.5572227033672 102.560387735061 1.7125 17.6596027311567 102.520357975174 1.7125 17.7585264567252 102.472418969277 1.7125 17.8533839824091 102.416866277281 1.7125 17.9435904800192 102.354042400008 1.7125 18.0285897965011 102.28433466755 1.7125 18.1078578828036 102.208172851259 1.7125 18.1809060248152 102.126026514059 1.7125 18.2472838564495 102.038402115434 1.7125 18.3065821363016 101.945839888941 1.7125 18.3584352707575 101.848910511485 1.7125 18.4025235680005 101.748211584912 1.7125 18.4385752090171 101.644363951589 1.7125 18.4663679234521 101.538007866709 1.7125 18.485730359979 101.429799050901 1.7125 18.4965431427379 101.320404647498 1.7125 18.4987396073276 101.210499109375 1.7125 18.4923062118134 101.100760040722 1.7125 18.477282620218 100.991864019388 1.7125 18.4537614579794 100.884482425556 1.7125 18.4218877408845 100.779277302462 1.7125 18.3818579809981 100.676897274672 1.7125 18.3339189751013 100.577973549103 1.7125 18.2783662831067 100.483116023419 1.7125 18.2155424058335 100.392909525808 1.7125 18.1458346733764 100.307910209326 1.7125 18.0696728570859 100.228642123023 1.7125 17.987526519886 100.155593981011 1.7125 17.8999021212619 100.089216149376 1.7125 17.8073398947691 100.029917869523 1.7125 17.7104105173141 99.9780647350666 1.7125 17.6097115907411 99.933976437823 1.7125 16.6912143409 102.5801098892 6.20732842712 16.7246240067198 102.586515422974 6.2025 16.7573305842404 102.595167855729 6.2025 16.7902366870817 102.60302744869 6.2025 16.8233230990063 102.610089612074 6.2025 16.8565704984813 102.616350221777 6.2025 16.8899594699616 102.62180562178 6.2025 16.9234705152283 102.626452626282 6.2025 16.9570840647744 102.630288521564 6.2025 16.9907804892337 102.633311067571 6.2025 17.0245401108432 102.635518499221 6.2025 17.0583432149346 102.636909527436 6.2025 17.0921700614469 102.637483339895 6.2025 17.1260008964544 102.637239601507 6.2025 17.1598159637021 102.63617845461 6.2025 17.193595516143 102.634300518882 6.2025 17.2273198274698 102.631606890986 6.2025 17.2609692036342 102.628099143924 6.2025 17.2945239943482 102.623779326122 6.2025 17.3279646045589 102.618649960232 6.2025 17.3612715058918 102.612714041658 6.2025 17.3944252480542 102.605975036811 6.2025 17.4274064701945 102.598436881079 6.2025 17.4601959122076 102.590103976533 6.2025 17.4927744259828 102.580981189354 6.2025 17.5251229865855 102.571073846994 6.2025 17.5572227033672 102.560387735061 6.2025 17.5890548309973 102.548929093944 6.2025 17.6206007804096 102.536704615167 6.2025 17.651842129658 102.52372143748 6.2025 17.6827606346744 102.509987142694 6.2025 17.7133382399224 102.495509751251 6.2025 17.7435570889417 102.480297717539 6.2025 17.7733995347755 102.464359924958 6.2025 17.8028481502757 102.447705680729 6.2025 17.8318857382801 102.430344710463 6.2025 17.8604953416552 102.412287152477 6.2025 17.8886602531982 102.393543551876 6.2025 17.9163640253938 102.374124854395 6.2025 17.9435904800193 102.354042400008 6.2025 17.9703237175918 102.333307916301 6.2025 17.9965481266535 102.311933511629 6.2025 18.0222483928879 102.289931668043 6.2025 18.0474095080633 102.267315234 6.2025 18.072016778797 102.24409741686 6.2025 18.0960558351358 102.220291775174 6.2025 18.1195126389478 102.195912210768 6.2025 18.14237349212 102.17097296062 6.2025 18.1646250445581 102.14548858855 6.2025 18.1862543019819 102.119473976714 6.2025 18.2072486335143 102.092944316912 6.2025 18.2275957790569 102.065915101718 6.2025 18.2472838564495 102.038402115434 6.2025 18.2663013684095 102.010421424868 6.2025 18.2846372092455 101.981989369955 6.2025 18.3022806713426 101.953122554216 6.2025 18.3192214514159 101.923837835057 6.2025 18.3354496565269 101.89415231393 6.2025 18.3509558098608 101.864083326343 6.2025 18.3657308562608 101.833648431739 6.2025 18.3797661675156 101.802865403238 6.2025 18.393053547399 101.771752217263 6.2025 18.4055852364551 101.740327043037 6.2025 18.4173539165304 101.708608231978 6.2025 18.4283527150473 101.676614306978 6.2025 18.4385752090171 101.644363951589 6.2025 18.4480154287912 101.611875999109 6.2025 18.456667861547 101.579169421589 6.2025 18.4645274545076 101.546263318747 6.2025 18.4715896178919 101.513176906823 6.2025 18.4778502275954 101.479929507348 6.2025 18.4833056275984 101.446540535868 6.2025 18.4879526321009 101.413029490601 6.2025 18.491788527383 101.379415941055 6.2025 18.49481107339 101.345719516596 6.2025 18.4970185050402 101.311959894986 6.2025 18.4984095332555 101.278156790895 6.2025 18.4989833457148 101.244329944383 6.2025 18.4987396073276 101.210499109375 6.2025 18.4976784604304 101.176684042127 6.2025 18.495800524703 101.142904489686 6.2025 18.493106896807 101.10918017836 6.2025 18.4895991497453 101.075530802195 6.2025 18.4852793319433 101.041976011481 6.2025 18.4801499660531 101.00853540127 6.2025 18.4742140474798 100.975228499938 6.2025 18.4674750426327 100.942074757775 6.2025 18.4599368869009 100.909093535635 6.2025 18.4516039823551 100.876304093622 6.2025 18.4424811951769 100.843725579846 6.2025 18.432573852817 100.811377019243 6.2025 18.4218877408844 100.779277302462 6.2025 18.4104290997676 100.747445174832 6.2025 18.3982046209903 100.715899225419 6.2025 18.3852214433039 100.684657876171 6.2025 18.3714871485184 100.653739371154 6.2025 18.3570097570754 100.623161765906 6.2025 18.3417977233636 100.592942916887 6.2025 18.3258599307825 100.563100471053 6.2025 18.3092056865541 100.533651855553 6.2025 18.291844716288 100.504614267548 6.2025 18.2737871583019 100.476004664173 6.2025 18.2550435577012 100.44783975263 6.2025 18.2356248602209 100.420135980434 6.2025 18.2155424058335 100.392909525808 6.2025 18.1948079221266 100.366176288236 6.2025 18.1734335174551 100.339951879174 6.2025 18.1514316738692 100.314251612939 6.2025 18.1288152398261 100.289090497764 6.2025 18.1055974226863 100.26448322703 6.2025 18.0817917810012 100.240444170691 6.2025 18.0574122165952 100.216987366879 6.2025 18.0324729664474 100.194126513706 6.2025 18.0069885943776 100.171874961268 6.2025 17.9809739825413 100.150245703844 6.2025 17.9544443227394 100.129251372311 6.2025 17.927415107546 100.108904226769 6.2025 17.8999021212617 100.089216149376 6.2025 17.8719214306958 100.070198637416 6.2025 17.8434893757834 100.05186279658 6.2025 17.8146225600441 100.034219334482 6.2025 17.7853378408854 100.017278554409 6.2025 17.7556523197585 100.001050349297 6.2025 17.7255833321719 99.9855441959634 6.2025 17.6951484375675 99.9707691495633 6.2025 17.6643654090668 99.9567338383082 6.2025 17.6332522230914 99.9434464584246 6.2025 17.6018270488659 99.9309147693683 6.2025 17.5701082378071 99.9191460892927 6.2025 17.5381143128074 99.9081472907756 6.2025 3.14159265357626 0.0898000000000003 3.14159265357615 4.5798 0 4.5798 0.0785398163394037 4.5798 0.157079632678807 4.5798 0.235619449018211 4.5798 0.314159265357615 4.5798 0.392699081697019 4.5798 0.471238898036422 4.5798 0.549778714375826 4.5798 0.62831853071523 4.5798 0.706858347054633 4.5798 0.785398163394037 4.5798 0.863937979733441 4.5798 0.942477796072844 4.5798 1.02101761241225 4.5798 1.09955742875165 4.5798 1.17809724509106 4.5798 1.25663706143046 4.5798 1.33517687776986 4.5798 1.41371669410927 4.5798 1.49225651044867 4.5798 1.57079632678807 4.5798 1.64933614312748 4.5798 1.72787595946688 4.5798 1.80641577580629 4.5798 1.88495559214569 4.5798 1.96349540848509 4.5798 2.0420352248245 4.5798 2.1205750411639 4.5798 2.1991148575033 4.5798 2.27765467384271 4.5798 2.35619449018211 4.5798 2.43473430652152 4.5798 2.51327412286092 4.5798 2.59181393920032 4.5798 2.67035375553973 4.5798 2.74889357187913 4.5798 2.82743338821853 4.5798 2.90597320455794 4.5798 2.98451302089734 4.5798 3.06305283723675 4.5798 0 0.0898000000000003 0.024166097335202 0.0898000000000003 0.0483321946704041 0.0898000000000003 0.0724982920056061 0.0898000000000003 0.0966643893408081 0.0898000000000003 0.12083048667601 0.0898000000000003 0.144996584011212 0.0898000000000003 0.169162681346414 0.0898000000000003 0.193328778681616 0.0898000000000003 0.217494876016818 0.0898000000000003 0.24166097335202 0.0898000000000003 0.265827070687222 0.0898000000000003 0.289993168022424 0.0898000000000003 0.314159265357626 0.0898000000000003 0.338325362692828 0.0898000000000003 0.36249146002803 0.0898000000000003 0.386657557363232 0.0898000000000003 0.410823654698435 0.0898000000000003 0.434989752033637 0.0898000000000003 0.459155849368839 0.0898000000000003 0.483321946704041 0.0898000000000003 0.507488044039243 0.0898000000000003 0.531654141374445 0.0898000000000003 0.555820238709647 0.0898000000000003 0.579986336044849 0.0898000000000003 0.604152433380051 0.0898000000000003 0.628318530715253 0.0898000000000003 0.652484628050455 0.0898000000000003 0.676650725385657 0.0898000000000003 0.700816822720859 0.0898000000000003 0.724982920056061 0.0898000000000003 0.749149017391263 0.0898000000000003 0.773315114726465 0.0898000000000003 0.797481212061667 0.0898000000000003 0.821647309396869 0.0898000000000003 0.845813406732071 0.0898000000000003 0.869979504067273 0.0898000000000003 0.894145601402475 0.0898000000000003 0.918311698737677 0.0898000000000003 0.942477796072879 0.0898000000000003 0.966643893408081 0.0898000000000003 0.990809990743283 0.0898000000000003 1.01497608807849 0.0898000000000003 1.03914218541369 0.0898000000000003 1.06330828274889 0.0898000000000003 1.08747438008409 0.0898000000000003 1.11164047741929 0.0898000000000003 1.1358065747545 0.0898000000000003 1.1599726720897 0.0898000000000003 1.1841387694249 0.0898000000000003 1.2083048667601 0.0898000000000003 1.2324709640953 0.0898000000000003 1.25663706143051 0.0898000000000003 1.28080315876571 0.0898000000000003 1.30496925610091 0.0898000000000003 1.32913535343611 0.0898000000000003 1.35330145077131 0.0898000000000003 1.37746754810652 0.0898000000000003 1.40163364544172 0.0898000000000003 1.42579974277692 0.0898000000000003 1.44996584011212 0.0898000000000003 1.47413193744732 0.0898000000000003 1.49829803478253 0.0898000000000003 1.52246413211773 0.0898000000000003 1.54663022945293 0.0898000000000003 1.57079632678813 0.0898000000000003 1.59496242412333 0.0898000000000003 1.61912852145854 0.0898000000000003 1.64329461879374 0.0898000000000003 1.66746071612894 0.0898000000000003 1.69162681346414 0.0898000000000003 1.71579291079934 0.0898000000000003 1.73995900813455 0.0898000000000003 1.76412510546975 0.0898000000000003 1.78829120280495 0.0898000000000003 1.81245730014015 0.0898000000000003 1.83662339747535 0.0898000000000003 1.86078949481056 0.0898000000000003 1.88495559214576 0.0898000000000003 1.90912168948096 0.0898000000000003 1.93328778681616 0.0898000000000003 1.95745388415136 0.0898000000000003 1.98161998148657 0.0898000000000003 2.00578607882177 0.0898000000000003 2.02995217615697 0.0898000000000003 2.05411827349217 0.0898000000000003 2.07828437082738 0.0898000000000003 2.10245046816258 0.0898000000000003 2.12661656549778 0.0898000000000003 2.15078266283298 0.0898000000000003 2.17494876016818 0.0898000000000003 2.19911485750339 0.0898000000000003 2.22328095483859 0.0898000000000003 2.24744705217379 0.0898000000000003 2.27161314950899 0.0898000000000003 2.2957792468442 0.0898000000000003 2.3199453441794 0.0898000000000003 2.3441114415146 0.0898000000000003 2.3682775388498 0.0898000000000003 2.392443636185 0.0898000000000003 2.41660973352021 0.0898000000000003 2.44077583085541 0.0898000000000003 2.46494192819061 0.0898000000000003 2.48910802552581 0.0898000000000003 2.51327412286102 0.0898000000000003 2.53744022019622 0.0898000000000003 2.56160631753142 0.0898000000000003 2.58577241486662 0.0898000000000003 2.60993851220182 0.0898000000000003 2.63410460953703 0.0898000000000003 2.65827070687223 0.0898000000000003 2.68243680420743 0.0898000000000003 2.70660290154263 0.0898000000000003 2.73076899887784 0.0898000000000003 2.75493509621304 0.0898000000000003 2.77910119354824 0.0898000000000003 2.80326729088344 0.0898000000000003 2.82743338821864 0.0898000000000003 2.85159948555385 0.0898000000000003 2.87576558288905 0.0898000000000003 2.89993168022425 0.0898000000000003 2.92409777755945 0.0898000000000003 2.94826387489466 0.0898000000000003 2.97242997222986 0.0898000000000003 2.99659606956506 0.0898000000000003 3.02076216690026 0.0898000000000003 3.04492826423547 0.0898000000000003 3.06909436157067 0.0898000000000003 3.09326045890587 0.0898000000000003 3.11742655624107 0.0898000000000003 3 43 44 3 44 45 4 45 46 4 46 47 4 47 48 4 3 45 5 48 49 5 49 50 5 50 51 5 4 48 6 51 52 6 52 53 6 53 54 6 5 51 7 6 54 7 54 55 7 55 56 7 56 57 7 57 58 8 58 59 8 59 60 8 60 61 8 7 58 9 8 61 9 61 62 9 62 63 9 63 64 10 9 64 10 64 65 10 65 66 10 66 67 11 10 67 11 67 68 11 68 69 11 69 70 11 70 71 12 11 71 12 71 72 12 72 73 12 73 74 13 12 74 13 74 75 13 75 76 13 76 77 14 13 77 14 77 78 14 78 79 14 79 80 15 14 80 15 80 81 15 81 82 15 82 83 15 83 84 16 15 84 16 84 85 16 85 86 16 86 87 17 87 88 17 88 89 17 89 90 17 16 87 18 17 90 18 90 91 18 91 92 18 92 93 19 18 93 19 93 94 19 94 95 19 95 96 19 96 97 20 19 97 20 97 98 20 98 99 20 99 100 21 101 102 21 102 103 21 20 100 21 100 101 22 103 104 22 104 105 22 105 106 22 21 103 23 106 107 23 107 108 23 108 109 23 109 110 23 22 106 24 110 111 24 111 112 24 112 113 24 23 110 25 113 114 25 114 115 25 115 116 25 24 113 26 116 117 26 117 118 26 118 119 26 25 116 27 119 120 27 120 121 27 121 122 27 122 123 27 26 119 28 123 124 28 124 125 28 125 126 28 27 123 29 126 127 29 127 128 29 128 129 29 28 126 30 129 130 30 130 131 30 131 132 30 29 129 31 30 132 31 132 133 31 133 134 31 134 135 31 135 136 32 31 136 32 136 137 32 137 138 32 138 139 33 32 139 33 139 140 33 140 141 33 141 142 34 33 142 34 142 143 34 143 144 34 144 145 35 34 145 35 145 146 35 146 147 35 147 148 35 148 149 36 35 149 36 149 150 36 150 151 36 151 152 37 152 153 37 153 154 37 154 155 37 36 152 38 155 156 38 156 157 38 157 158 38 37 155 39 158 159 39 159 160 39 160 161 39 161 162 39 38 158 40 162 163 40 163 164 40 164 165 40 39 162 41 165 166 41 166 167 41 167 168 41 40 165 42 41 168 42 168 169 42 169 170 42 170 171 2 42 171 2 171 172 2 172 1 
779 781 1 0 0.00344474884691959
17.99991304148 98.27129776441 6.2125 18.2298613724056 98.3511263980852 6.2125 18.4528375669573 98.4487504848372 6.2125 18.6674669027479 98.5635681397036 6.2125 18.8724261185507 98.6948714736613 6.2125 19.0664515726446 98.8418509579936 6.2125 19.2483470335849 99.0036004153041 6.2125 19.4169910553687 99.1791226064012 6.2125 19.5713438915217 99.3673353786097 6.2125 19.7104539054817 99.567078337602 6.2125 19.8334634377536 99.7771200016145 6.2125 19.9396140936664 99.9961653939428 6.2125 20.0282514191275 100.222864026903 6.2125 20.0988289355506 100.455818228038 6.2125 20.1509115090777 100.693591757233 6.2125 20.1841780333235 100.934718661612 6.2125 20.198423409104 101.177712313627 6.2125 20.1935598089404 101.421074576611 6.2125 20.169617218545 101.663305041285 6.2125 20.1267432519493 101.902910276284 6.2125 20.0652022414145 102.138413035659 6.2125 19.9853736077348 102.368361366586 6.2125 19.8877495209827 102.591337561137 6.2125 19.7729318661164 102.805966896928 6.2125 19.6416285321587 103.010926112731 6.2125 19.4946490478264 103.204951566825 6.2125 19.3328995905159 103.386847027765 6.2125 19.1573773994188 103.555491049549 6.2125 18.9691646272103 103.709843885702 6.2125 18.769421668218 103.848953899662 6.2125 18.5593800042054 103.971963431934 6.2125 18.3403346118772 104.078114087846 6.2125 18.113635978917 104.166751413308 6.2125 17.880681777782 104.237328929731 6.2125 17.6429082485872 104.289411503258 6.2125 17.401781344208 104.322678027504 6.2125 17.1587876921926 104.336923403284 6.2125 16.9154254292092 104.33205980312 6.2125 16.6731949645354 104.308117212725 6.2125 16.4335897295357 104.265243246129 6.2125 16.19808697016 104.2037022356 6.2125 15.9681386392344 104.123873601915 6.2125 15.7451624446827 104.026249515163 6.2125 15.5305331088921 103.911431860296 6.2125 15.3255738930893 103.780128526339 6.2125 15.1315484389954 103.633149042006 6.2125 14.9496529780551 103.471399584696 6.2125 14.7810089562713 103.295877393599 6.2125 14.6266561201183 103.10766462139 6.2125 14.4875461061583 102.907921662398 6.2125 14.3645365738864 102.697879998385 6.2125 14.2583859179736 102.478834606057 6.2125 14.1697485925125 102.252135973097 6.2125 14.0991710760893 102.019181771962 6.2125 14.0470885025623 101.781408242767 6.2125 14.0138219783165 101.540281338388 6.2125 13.999576602536 101.297287686373 6.2125 14.0044402026996 101.053925423389 6.2125 14.028382793095 100.811694958715 6.2125 14.0712567596907 100.572089723716 6.2125 14.1327977702255 100.336586964341 6.2125 14.2126264039052 100.106638633414 6.2125 14.3102504906573 99.8836624388627 6.2125 14.4250681455236 99.6690331030721 6.2125 14.5563714794813 99.4640738872693 6.2125 14.7033509638136 99.2700484331754 6.2125 14.8651004211241 99.0881529722351 6.2125 15.0406226122212 98.9195089504513 6.2125 15.2288353844297 98.7651561142983 6.2125 15.428578343422 98.6260461003383 6.2125 15.6386200074346 98.5030365680663 6.2125 15.8576653997628 98.3968859121536 6.2125 16.084364032723 98.3082485866925 6.2125 16.317318233858 98.2376710702693 6.2125 16.5550917630528 98.1855884967423 6.2125 16.796218667432 98.1523219724965 6.2125 17.0392123194474 98.138076596716 6.2125 17.2825745824308 98.1429401968796 6.2125 17.5248050471046 98.166882787275 6.2125 17.7644102821043 98.2097567538706 6.2125 17.50678567075 99.89489011084 6.20732842712 17.4886868244402 99.889681171421 6.20734693822672 17.4706237750983 99.8846560595014 6.20740078755042 17.4525941065087 99.8798183145111 6.2074874490964 17.4345954024558 99.8751714758801 6.20760439686996 17.4174778032896 99.8709260198797 6.2077416440708 17.4003840178717 99.8668600434716 6.20790189511361 17.38368435186 99.8630593945065 6.20807880804691 17.3670035190483 99.8594362657783 6.20827359966777 17.3506824786809 99.8560625604235 6.20847974442434 17.3343757931423 99.852864577074 6.20869915979312 17.3183973354759 99.8499018189823 6.20892535761512 17.3024291844756 99.8471131599335 6.20916066062008 17.2867602530157 99.8445471209995 6.20939878513185 17.2710979486907 99.8421537412892 6.20964222839538 17.2557081777045 99.8399718476694 6.20988503468195 17.2403216703127 99.8379613605004 6.21012969790029 17.225183095665 99.8361525771394 6.21037067858935 17.2100446919945 99.8345141359506 6.21061033245683 17.1951314807275 99.833068856805 6.21084359632407 17.1802155800483 99.8317930440338 6.21107258772946 17.1655037840365 99.8307029913981 6.21129275692993 17.1507866370939 99.8297817169953 6.21150591170762 17.1362539722077 99.8290398511664 6.21170803435215 17.1217134648565 99.8284662618664 6.21190057447735 17.1073391149649 99.828066701178 6.21208004984329 17.0929545759164 99.8278351004074 6.21224752251053 17.0787190199962 99.8277730510397 6.21240003667017 17.0644710655745 99.8278788164285 6.21253826072285 17.0487454479878 99.8281907886533 6.21267341485841 17.0330077883125 99.8287061500818 6.21279114024156 17.0171081565328 99.8294310914247 6.2128931818394 17.0012029192565 99.8303597768654 6.21297917513623 16.9851454145483 99.8315020046626 6.2130505831155 16.9690890616454 99.8328481127338 6.21310740922718 16.9528915293105 99.8344112128474 6.21315087469078 16.9367022232761 99.8361780862661 6.21318131171114 16.9203842369161 99.8381647885112 6.21319974292781 16.9040818606662 99.8403548900271 6.21320678613546 16.887664724593 99.8427669433128 6.2132033104061 16.8712708790877 99.8453817317986 6.2131901730158 16.85477760556 99.8482197814591 6.21316813497613 16.8383155818884 99.8512595906831 6.21313824521096 16.8217708400401 99.8545230608799 6.21310120115634 16.8052655629172 99.8579869838844 6.21305819524217 16.7886955966299 99.8616739683224 6.21300990312108 16.7721735366736 99.8655597506779 6.2129576138728 16.7556060492579 99.869666915159 6.21290201868546 16.7390951020523 99.8739708606278 6.21284445945193 16.7225591064479 99.8784933611277 6.21278567391131 16.7060884372723 99.8832102534084 6.21272701777414 16.6896140715569 99.8881416733619 6.21266929823724 16.6732139257592 99.8932647175636 6.21261385251545 16.6568322350378 99.8985970278569 6.21256157036804 16.6405337153292 99.9041178151306 6.21251374666122 16.6242762311671 99.9098414515032 6.21247127915798 16.6081087045392 99.9157512009522 6.21243451632965 16.5936325359848 99.9212298198167 6.21240606432323 16.5792310173256 99.9268582694222 6.21238178824061 16.5649073190485 99.9326351232841 6.21236147674479 16.550659893149 99.9385608284454 6.2123449112574 16.5364920983988 99.9446338167943 6.21233187955858 16.5224021947879 99.9508546733004 6.21232216420776 16.5083937194721 99.9572216817319 6.21231555206321 16.4944647502161 99.9637355716741 6.21231182690825 16.4806189920328 99.9703944729669 6.21231077468425 16.4668543508807 99.9771992658269 6.21231218043954 16.4531746885289 99.9841479210837 6.21231582924647 16.4395777501361 99.9912414748837 6.21232150741517 16.4260675426102 99.9984777347285 6.21232899923859 16.4126416618468 100.005857897238 6.21233809224226 16.3993042478196 100.013379603065 6.21234857006921 16.3860527591672 100.021044213058 6.21236022137233 16.3728914564647 100.028849198319 6.21237282931196 16.3598176735065 100.036796086869 6.21238618354062 16.3468357786787 100.044882178406 6.21240006693849 16.3339429936853 100.053109170222 6.21241426999255 16.3211437816758 100.061474189617 6.21242857553774 16.3084352652895 100.069979104401 6.21244277469566 16.2958219892051 100.078620869354 6.21245665052017 16.2833009902253 100.08740152318 6.21246999453591 16.270876881207 100.096317848895 6.21248259030563 16.2585466264767 100.1053720556 6.21249422949702 16.2449617081297 100.115590158402 6.21250578671103 16.2314951828725 100.125976669193 6.21251580902595 16.2181436213399 100.136534358772 6.21252437212824 16.2049145279046 100.147257454135 6.21253155115531 16.1918049361231 100.158148551558 6.21253742763108 16.1788219053194 100.169202020012 6.2125420781813 16.1672461953246 100.179288406891 6.21254528151584 16.155776093617 100.189503900533 6.2125476142577 16.1444152799493 100.199845304267 6.2125491342378 16.1331629485789 100.210313460085 6.21254990001722 16.1220254763243 100.220902488055 6.2125499697302 16.1109993020966 100.23161585447 6.21254940182158 16.1000933586813 100.242444903551 6.21254825521003 16.0893014663578 100.253395823154 6.21254658753969 16.0786349587703 100.264457106616 6.21254445881341 16.068085188671 100.275637743302 6.21254192537377 16.0576657230132 100.286923318776 6.21253904842754 16.0473656109785 100.298325685902 6.21253588269899 16.0372004745212 100.309827484102 6.21253249054259 16.0271572344044 100.321443473358 6.21252892492918 16.0172533802849 100.333153327276 6.21252524913579 16.0074738891084 100.344974737973 6.21252151442084 15.9978379237705 100.356884412222 6.21251778459928 15.9883287096388 100.368902980689 6.21251410942639 15.9789668830749 100.381004200717 6.21251055272258 15.9697341158985 100.393211629521 6.212507163107 15.9606523147135 100.405496110405 6.21250400373896 15.9517017997592 100.417884097103 6.21250112261371 15.9419363704744 100.43173416187 6.2124983180357 15.9323355159337 100.445707908071 6.21249593639741 15.9228918423973 100.459816134859 6.21249395159535 15.9136157840778 100.474043336156 6.21249234061562 15.9044951114264 100.488408735567 6.21249107636645 15.895545297924 100.502888499653 6.21249013599618 15.8867578262441 100.517496805797 6.21248949337997 15.8781443510213 100.532214750465 6.21248912412532 15.8696998723118 100.54705119777 6.21248900258565 15.8614324109736 100.561992452187 6.21248910344332 15.8533402581468 100.577041838042 6.21248940114714 15.8454280181815 100.592191106297 6.212489869969 15.8384619207249 100.605908872604 6.21249041695248 15.8316436780609 100.619703692131 6.21249106294361 15.8249763903795 100.633569323234 6.21249178894311 15.8184588736204 100.647508311643 6.21249257640139 15.812096049881 100.661510088382 6.21249340605208 15.8058848171893 100.675581490375 6.21249425966329 15.7998317113665 100.689707589664 6.21249511773895 15.7939319176299 100.703899554291 6.21249596240718 15.7881933687837 100.718138094666 6.21249677404808 15.7826097515087 100.732438720944 6.21249753512191 15.7771901726019 100.746777808095 6.21249822605655 15.7719270413671 100.761175190525 6.21249882954839 15.7668304117003 100.775602962283 6.21249932630647 15.7618916412369 100.79008523575 6.21249969910239 15.7571215025234 100.804589906049 6.21249992921646 15.7525105293366 100.819145289612 6.21249999927864 15.7475852375356 100.835340373517 6.21249987820418 15.7428569571991 100.851593189322 6.21249956688889 15.7383161357756 100.867937396452 6.21249908903781 15.7339736742786 100.884334719915 6.21249847022511 15.7298219324465 100.900814813539 6.21249773401064 15.7258698042093 100.917343330607 6.21249690670538 15.7221113990233 100.933945679623 6.21249601200362 15.7185537606888 100.950591689364 6.21249507658675 15.715192567601 100.967302309471 6.21249412448555 15.7120331891063 100.984051765915 6.21249318245725 15.709072675349 101.000856364862 6.21249227498697 15.7063149138872 101.017694922846 6.21249142869242 15.7037581150766 101.03457894928 6.2124906685416 15.7014048923347 101.051492013827 6.21249002088275 15.6992543926457 101.06844070922 6.21248951110247 15.6973081756633 101.085413487883 6.2124891652394 15.6955660918773 101.10241194093 6.21248900894002 15.6940288778195 101.11942949852 6.21248906798584 15.6928208144617 101.134758704849 6.21248932644935 15.6917790529868 101.150099544149 6.21248979883519 15.6909040127822 101.165445521214 6.21249050360719 15.6901955292754 101.180799489189 6.21249145957449 15.6896540297267 101.19615127731 6.21249268469254 15.6892792613473 101.211507418167 6.2124941980795 15.6890714990304 101.226854101969 6.21249601685738 15.6890305623177 101.242201510292 6.21249816071779 15.6891564152468 101.257532252918 6.21250064539333 15.6894490435501 101.272860204132 6.21250346803854 15.6899081882869 101.288176931125 6.21250657678459 15.6905339150564 101.303487848347 6.21250991720294 15.6913260730091 101.318789323488 6.21251343316527 15.6922847089986 101.334081992911 6.21251706951733 15.6934094390317 101.349359866746 6.21252076956182 15.6947004917263 101.364625944883 6.21252447879674 15.6961571488518 101.379871906226 6.2125281400452 15.6977799223534 101.395103091062 6.21253169948797 15.6995676610138 101.410308885144 6.21253509966153 15.7015212595442 101.425496934224 6.21253828735469 15.7036390381305 101.440654380391 6.21254120511069 15.705922370765 101.455791128427 6.21254380014874 15.708368957324 101.47089213723 6.2125460154081 15.7109807439052 101.485969513098 6.21254779826152 15.7137547229764 101.501006102652 6.2125490925236 15.7166935011492 101.51601614562 6.21254984534971 15.7197932816603 101.530980457097 6.21255000199207 15.7230574149537 101.545915332177 6.21254950892991 15.7264812390942 101.560799644317 6.21254831349028 15.7300689259694 101.575651656616 6.2125463609372 15.7338148789524 101.590448399154 6.21254360137561 15.737724162725 101.605210007127 6.21253997824329 15.741790183341 101.619911773054 6.21253544518222 15.7460189628806 101.634575600574 6.21252994313032 15.7504028547396 101.649175157142 6.21252343007136 15.7549488958421 101.663734004311 6.21251584371708 15.7596483391987 101.678224302749 6.21250714723259 15.7645092836831 101.692671154094 6.21249727510175 15.7700916463726 101.708648772574 6.21248498530143 15.7758712226033 101.72456843726 6.21247153019974 15.7818618927162 101.740467165285 6.21245714083197 15.7880481444097 101.756302518915 6.21244211931188 15.7944424516168 101.772105417762 6.21242670253304 15.8010305373389 101.787839507904 6.21241119343959 15.8078230932791 101.803529498813 6.2123958371239 15.8148074545168 101.819145248054 6.21238093365371 15.8219921613124 101.83470519377 6.21236673738302 15.8293665323223 101.850185481597 6.21235354300128 15.8369365986518 101.86559826989 6.21234161384149 15.8446940238586 101.880926016362 6.21233123800239 15.852641988483 101.896174644343 6.21232268612968 15.8607748472979 101.911332894369 6.21231623986482 15.8682526090109 101.924898047607 6.21231246565651 15.8758781229586 101.938385935923 6.21231082146541 15.8836488495938 101.951791983236 6.21231150773411 15.8915653187363 101.965116975078 6.21231472462093 15.8996222983058 101.97835209243 6.21232066896829 15.9078229197749 101.991502423168 6.21232954217042 15.9161591016029 102.0045550617 6.21234153310154 15.9246367392851 102.017519249885 6.21235684787547 15.9332447655116 102.030378177992 6.21237566236089 15.9419919820098 102.04314506694 6.21239819157339 15.9508642213211 102.055799409226 6.21242459274081 15.9598733120791 102.068358205409 6.21245509459813 15.9690018952368 102.08079747811 6.21248982958156 15.9782648797802 102.093137760582 6.2125289852747 15.9876481185952 102.105360518592 6.21257207577726 15.9971623415249 102.117480158604 6.21261842158582 16.0068008302677 102.129488165419 6.21266726437409 16.0165668857522 102.141388645733 6.21271789649462 16.0264484222662 102.153167027338 6.21276953231106 16.0364539869528 102.164833604702 6.2128214953512 16.0465659467704 102.176368077712 6.21287297655176 16.056798289117 102.187786614042 6.2129233320744 16.0671277064733 102.19906356284 6.21297173795711 16.0775737684693 102.210220600905 6.21301757965296 16.0881074200507 102.221227145832 6.21306003119709 16.0987539014495 102.23210997583 6.21309849939578 16.1094783914018 102.242834031453 6.21313217316069 16.1203118349883 102.253430747536 6.21316046843569 16.1312136797367 102.263861070302 6.2131826093961 16.1422205561819 102.274160616385 6.21319800504849 16.1532862676808 102.284286841217 6.21320593817657 16.1644530586145 102.294279045684 6.21320579141734 16.1756692247573 102.304091711371 6.21319693186007 16.1869825028006 102.313767310559 6.21317869354948 16.1983358638622 102.323257874051 6.21315055528973 16.2097823685134 102.33260852466 6.21311177813271 16.2212598886631 102.341769364618 6.21306198106323 16.2328265970963 102.350787645434 6.2130003262005 16.2444155302025 102.359612055587 6.21292660157944 16.2560897222247 102.368291459092 6.21283984355302 16.2677776713593 102.376773632136 6.21274003784649 16.2795469879598 102.385108546777 6.21262606795452 16.2913219581952 102.39324354968 6.21249814510565 16.3031747085524 102.401229917364 6.21235530418539 16.3164541854853 102.409943144767 6.21218003450712 16.3298298239567 102.418476797918 6.21198926035596 16.3434473326332 102.426922683835 6.21178247076547 16.3571632555797 102.43519075692 6.21156345699556 16.3711405777493 102.443377919405 6.21133128657152 16.3852188165309 102.451388915302 6.21109034626667 16.3995796122124 102.459325574252 6.21083932051401 16.4140440987598 102.46708761585 6.21058318610484 16.4288140878278 102.474781633611 6.21032030839596 16.4436908390888 102.482302507111 6.21005622754468 16.4588980027431 102.489761433722 6.20978908431315 16.4742153253891 102.497048637271 6.20952493034491 16.4898901266798 102.504279760702 6.20926181270575 16.5056788412538 102.511340558929 6.20900621239962 16.521854461402 102.518350960582 6.20875625735675 16.5381481426292 102.525192445579 6.20851873940558 16.5548607257698 102.531989061168 6.20829209429879 16.5716959515787 102.538618220406 6.20808326223605 16.5889848437678 102.545207906055 6.20789127648834 16.6064014386829 102.551631697538 6.20772301025806 16.6243093960162 102.558021300424 6.20757845863183 16.6423506434183 102.564246735035 6.20746414904242 16.6544771565808 102.568316240487 6.20740602049994 16.6666632510829 102.572315733353 6.20736346853267 16.6789089661232 102.576246515601 6.20733732633968 16.6912143409 102.5801098892 6.20732842712 16.7093131872277 102.585318828622 6.20734693822676 16.7273762365874 102.590343940544 6.20740078755056 16.7454059051946 102.595181685537 6.20748744909671 16.7634046092651 102.599828524171 6.20760439687048 16.7805222084425 102.604073980172 6.20774164407152 16.7976159938714 102.608139956581 6.20790189511455 16.8143156598917 102.611940605547 6.20807880804806 16.830996492712 102.615563734275 6.20827359966913 16.8473175330858 102.61893743963 6.20847974442588 16.8636242186307 102.622135422979 6.20869915979484 16.8796026763016 102.625098181071 6.208925357617 16.8955708273064 102.627886840119 6.2091606606221 16.9112397587693 102.630452879052 6.20939878513397 16.9269020630971 102.632846258762 6.20964222839759 16.9422918340848 102.635028152381 6.20988503468422 16.9576783414781 102.637038639549 6.2101296979026 16.9728169161261 102.638847422909 6.21037067859166 16.9879553197968 102.640485864097 6.21061033245913 17.002868531063 102.641931143241 6.21084359632633 17.0177844317414 102.643206956011 6.21107258773166 17.0324962277515 102.644297008645 6.21129275693205 17.0472133746924 102.645218283047 6.21150591170964 17.061746039576 102.645960148875 6.21170803435405 17.0762865469246 102.646533738173 6.21190057447912 17.0906608968129 102.64693329886 6.21208004984492 17.1050454358581 102.64716489963 6.212247522512 17.1192809917743 102.647226948996 6.21240003667148 17.1335289461922 102.647121183606 6.21253826072399 17.1492545637752 102.646809211379 6.21267341485938 17.1649922234469 102.646293849949 6.21279114024237 17.1808918552232 102.645568908605 6.21289318184007 17.1967970924961 102.644640223163 6.21297917513678 17.2128545972012 102.643497995364 6.21305058311593 17.228910950101 102.642151887291 6.21310740922751 17.2451084824331 102.640588787176 6.21315087469101 17.2612977884647 102.638821913756 6.21318131171129 17.2776157748222 102.636835211509 6.21319974292788 17.2939181510697 102.634645109991 6.21320678613546 17.3103352871408 102.632233056704 6.21320331040605 17.3267291326441 102.629618268216 6.2131901730157 17.34322240617 102.626780218554 6.21316813497599 17.3596844298399 102.623740409328 6.21313824521078 17.3762291716869 102.62047693913 6.21310120115613 17.3927344488086 102.617013016123 6.21305819524193 17.409304415095 102.613326031683 6.21300990312082 17.4258264750505 102.609440249326 6.21295761387253 17.4423939624658 102.605333084843 6.21290201868517 17.458904909671 102.601029139372 6.21284445945164 17.4754409052753 102.59650663887 6.21278567391101 17.491911574451 102.591789746587 6.21272701777385 17.5083859401668 102.586858326631 6.21266929823695 17.5247860859649 102.581735282427 6.21261385251518 17.5411677766871 102.576402972131 6.21256157036778 17.5574662963965 102.570882184855 6.21251374666098 17.5737237805598 102.56515854848 6.21247127915777 17.5898913071889 102.559248799028 6.21243451632947 17.6043674757443 102.553770180162 6.21240606432307 17.6187689944044 102.548141730554 6.21238178824047 17.6330926926823 102.54236487669 6.21236147674467 17.6473401185826 102.536439171526 6.21234491125731 17.6615079133336 102.530366183175 6.21233187955851 17.6755978169452 102.524145326667 6.2123221642077 17.6896062922616 102.517778318233 6.21231555206317 17.7035352615181 102.511264428289 6.21231182690823 17.717381019702 102.504605526994 6.21231077468426 17.7311456608545 102.497800734132 6.21231218043955 17.7448253232068 102.490852078874 6.2123158292465 17.7584222615999 102.483758525072 6.21232150741521 17.7719324691261 102.476522265225 6.21232899923865 17.7853583498897 102.469142102713 6.21233809224233 17.7986957639171 102.461620396885 6.21234857006929 17.8119472525697 102.45395578689 6.21236022137241 17.8251085552723 102.446150801627 6.21237282931206 17.8381823382305 102.438203913075 6.21238618354072 17.8511642330583 102.430117821536 6.21240006693859 17.8640570180517 102.421890829719 6.21241426999265 17.8768562300611 102.413525810322 6.21242857553785 17.8895647464472 102.405020895536 6.21244277469576 17.9021780225315 102.396379130581 6.21245665052027 17.914699021511 102.387598476753 6.21246999453601 17.927123130529 102.378682151037 6.21248259030572 17.939453385259 102.369627944331 6.21249422949711 17.9530383036056 102.359409841527 6.2125057867111 17.9665048288624 102.349023330735 6.21251580902602 17.9798563903945 102.338465641154 6.2125243721283 17.9930854838293 102.327742545789 6.21253155115535 18.0061950756102 102.316851448364 6.21253742763112 18.0191781064133 102.305797979909 6.21254207818133 18.0307538164075 102.295711593029 6.21254528151586 18.0422239181145 102.285496099386 6.21254761425772 18.0535847317816 102.27515469565 6.21254913423781 18.0648370631513 102.26468653983 6.21254990001723 18.0759745354052 102.25409751186 6.2125499697302 18.0870007096322 102.243384145443 6.21254940182157 18.0979066530467 102.232555096361 6.21254825521002 18.1086985453694 102.221604176757 6.21254658753967 18.1193650529561 102.210542893293 6.21254445881339 18.1299148230545 102.199362256606 6.21254192537375 18.1403342887113 102.188076681132 6.21253904842751 18.1506344007452 102.176674314005 6.21253588269896 18.1607995372015 102.165172515803 6.21253249054257 18.1708427773173 102.153556526547 6.21252892492915 18.1807466314358 102.141846672627 6.21252524913576 18.1905261226113 102.13002526193 6.21252151442081 18.2001620879481 102.11811558768 6.21251778459925 18.2096713020787 102.106097019212 6.21251410942636 18.2190331286415 102.093995799183 6.21251055272256 18.2282658958168 102.081788370378 6.21250716310697 18.2373476970007 102.069503889493 6.21250400373894 18.2462982119538 102.057115902795 6.21250112261368 18.2560636412373 102.043265838027 6.21249831803568 18.2656644957767 102.029292091825 6.21249593639739 18.2751081693119 102.015183865036 6.21249395159533 18.2843842276302 102.000956663738 6.21249234061561 18.2935049002804 101.986591264326 6.21249107636644 18.3024547137816 101.972111500239 6.21249013599618 18.3112421854602 101.957503194094 6.21248949337996 18.3198556606818 101.942785249425 6.21248912412532 18.32830013939 101.92794880212 6.21248900258565 18.3365676007269 101.913007547702 6.21248910344332 18.3446597535524 101.897958161846 6.21248940114715 18.3525719935164 101.882808893591 6.212489869969 18.3595380909717 101.869091127283 6.21249041695248 18.3663563336345 101.855296307755 6.21249106294362 18.3730236213146 101.841430676652 6.21249178894312 18.3795411380725 101.827491688242 6.21249257640139 18.3859039618107 101.813489911503 6.21249340605208 18.392115194501 101.799418509509 6.2124942596633 18.3981683003225 101.78529241022 6.21249511773896 18.4040680940579 101.771100445593 6.21249596240719 18.4098066429028 101.756861905217 6.21249677404808 18.4153902601765 101.742561278939 6.21249753512192 18.420809839082 101.728222191787 6.21249822605656 18.4260729703154 101.713824809357 6.2124988295484 18.4311695999809 101.699397037599 6.21249932630648 18.436108370443 101.684914764131 6.21249969910239 18.4408785091552 101.670410093831 6.21249992921646 18.4454894823406 101.655854710268 6.21249999927864 18.4504147741401 101.639659626363 6.21249987820418 18.4551430544752 101.623406810558 6.21249956688889 18.4596838758973 101.607062603426 6.21249908903781 18.4640263373928 101.590665279964 6.21249847022511 18.4681780792236 101.574185186339 6.21249773401063 18.4721302074593 101.55765666927 6.21249690670538 18.4758886126438 101.541054320254 6.21249601200361 18.4794462509769 101.524408310513 6.21249507658675 18.4828074440632 101.507697690405 6.21249412448555 18.4859668225564 101.490948233961 6.21249318245725 18.4889273363122 101.474143635014 6.21249227498696 18.4916850977725 101.457305077029 6.21249142869241 18.4942418965816 101.440421050595 6.21249066854159 18.496595119322 101.423507986048 6.21249002088274 18.4987456190095 101.406559290654 6.21248951110247 18.5006918359903 101.389586511991 6.2124891652394 18.5024339197749 101.372588058944 6.21248900894002 18.5039711338311 101.355570501354 6.21248906798585 18.5051791971876 101.340241295025 6.21248932644936 18.5062209586611 101.324900455725 6.2124897988352 18.5070959988643 101.309554478659 6.2124905036072 18.5078044823698 101.294200510685 6.21249145957449 18.508345981917 101.278848722564 6.21249268469255 18.5087207502951 101.263492581707 6.21249419807952 18.5089285126106 101.248145897905 6.2124960168574 18.508969449322 101.232798489581 6.21249816071781 18.5088435963915 101.217467746956 6.21250064539335 18.5085509680868 101.202139795742 6.21250346803856 18.5080918233487 101.186823068749 6.21250657678461 18.5074660965777 101.171512151527 6.21250991720296 18.5066739386237 101.156210676386 6.2125134331653 18.5057153026328 101.140918006963 6.21251706951736 18.5045905725984 101.125640133128 6.21252076956185 18.5032995199024 101.110374054991 6.21252447879677 18.5018428627755 101.095128093649 6.21252814004523 18.5002200892726 101.079896908813 6.212531699488 18.4984323506108 101.064691114731 6.21253509966156 18.496478752079 101.049503065651 6.21253828735471 18.4943609734914 101.034345619485 6.21254120511071 18.4920776408556 101.019208871448 6.21254380014876 18.4896310542952 101.004107862646 6.21254601540811 18.4870192677127 100.989030486778 6.21254779826153 18.4842452886401 100.973993897224 6.21254909252361 18.481306510466 100.958983854256 6.21254984534972 18.4782067299535 100.94401954278 6.21255000199207 18.4749425966588 100.9290846677 6.21254950892991 18.471518772517 100.914200355561 6.21254831349027 18.4679310856405 100.899348343262 6.21254636093718 18.4641851326561 100.884551600724 6.21254360137558 18.4602758488822 100.869789992751 6.21253997824326 18.4562098282649 100.855088226825 6.21253544518218 18.451981048724 100.840424399306 6.21252994313027 18.4475971568637 100.825824842738 6.2125234300713 18.4430511157599 100.811265995569 6.21251584371701 18.4383516724019 100.796775697132 6.21250714723252 18.4334907279163 100.782328845788 6.21249727510167 18.4279083652252 100.766351227308 6.21248498530133 18.422128788993 100.750431562622 6.21247153019964 18.4161381188786 100.734532834597 6.21245714083186 18.4099518671836 100.718697480968 6.21244211931177 18.4035575599751 100.702894582121 6.21242670253293 18.3969694742515 100.68716049198 6.21241119343948 18.3901769183098 100.671470501071 6.21239583712379 18.3831925570706 100.65585475183 6.2123809336536 18.3760078502736 100.640294806114 6.21236673738291 18.3686334792622 100.624814518288 6.21235354300119 18.3610634129314 100.609401729996 6.2123416138414 18.3533059877231 100.594073983525 6.21233123800232 18.3453580230974 100.578825355544 6.21232268612962 18.3372251642811 100.563667105518 6.21231623986478 18.3297474025669 100.550101952281 6.21231246565648 18.3221218886179 100.536614063966 6.21231082146541 18.3143511619815 100.523208016654 6.21231150773412 18.3064346928379 100.509883024812 6.21231472462097 18.2983777132672 100.496647907461 6.21232066896835 18.2901770917969 100.483497576724 6.2123295421705 18.2818409099677 100.470444938193 6.21234153310165 18.2733632722844 100.457480750008 6.21235684787561 18.2647552460568 100.444621821902 6.21237566236106 18.2560080295575 100.431854932955 6.2123981915736 18.2471357902452 100.41920059067 6.21242459274105 18.2381266994861 100.406641794488 6.2124550945984 18.2289981163274 100.394202521788 6.21248982958187 18.219735131783 100.381862239317 6.21252898527504 18.2103518929669 100.369639481307 6.21257207577763 18.200837670036 100.357519841296 6.21261842158621 18.1911991812921 100.345511834482 6.21266726437451 18.1814331258064 100.333611354168 6.21271789649505 18.1715515892912 100.321832972565 6.21276953231149 18.1615460246032 100.310166395201 6.21282149535163 18.1514340647844 100.298631922192 6.21287297655219 18.1412017224365 100.287213385862 6.21292333207482 18.1308723050787 100.275936437064 6.21297173795751 18.1204262430814 100.264779399 6.21301757965334 18.1098925914985 100.253772854073 6.21306003119744 18.0992461100982 100.242890024076 6.21309849939609 18.0885216201444 100.232165968453 6.21313217316096 18.0776881765564 100.22156925237 6.21316046843592 18.0667863318063 100.211138929604 6.21318260939627 18.0557794553595 100.200839383521 6.2131980050486 18.0447137438589 100.190713158689 6.2132059381766 18.0335469529236 100.180720954222 6.2132057914173 18.022330786779 100.170908288536 6.21319693185994 18.0110175087339 100.161232689348 6.21317869354926 17.9996641476705 100.151742125856 6.21315055528941 17.9882176430175 100.142391475246 6.21311177813228 17.976740122866 100.133230635288 6.21306198106268 17.965173414431 100.124212354473 6.21300032619982 17.9535844813228 100.115387944319 6.21292660157863 17.9419102892988 100.106708540814 6.21283984355206 17.9302223401622 100.09822636777 6.21274003784537 17.9184530235598 100.089891453129 6.21262606795324 17.9066780533225 100.081756450226 6.21249814510419 17.8948253029633 100.073770082542 6.21235530418375 17.8815458260278 100.065056855137 6.21218003450529 17.8681701875539 100.056523201987 6.21198926035395 17.8545526788764 100.04807731607 6.21178247076332 17.8408367559289 100.039809242985 6.21156345699328 17.8268594337602 100.031622080502 6.21133128656917 17.8127811949795 100.023611084607 6.21109034626426 17.798420399301 100.01567442566 6.2108393205116 17.7839559127566 100.007912384065 6.21058318610246 17.7691859236941 100.000218366308 6.21032030839366 17.7543091724385 99.9926974928124 6.21005622754248 17.7391020087925 99.985238566208 6.20978908431112 17.7237846861549 99.9779513626649 6.20952493034306 17.7081098848757 99.9707202392413 6.20926181270413 17.6923211703134 99.9636594410222 6.20900621239824 17.6761455501805 99.9566490393783 6.20875625735567 17.6598518689688 99.9498075543904 6.20851873940479 17.6431392858479 99.943010938813 6.20829209429831 17.6263040600588 99.9363817795863 6.20808326223586 17.6090151678946 99.9297920939513 6.20789127648842 17.5915985730045 99.9233683024817 6.20772301025836 17.5736906157021 99.9169786996123 6.2075784586323 17.5556493683311 99.9107532650177 6.20746414904294 17.5435228551443 99.9066837595616 6.20740602050024 17.5313367606174 99.9026842666918 6.20736346853281 17.5190910455522 99.8987534844406 6.20733732633971 16.70285849838 98.99941307988 6.2125 16.5419479173831 99.0311767720368 6.2125 16.3916029796656 99.0720154992599 6.2125 16.2916617385339 99.1053347416245 6.2125 16.1910026830267 99.1441441648845 6.2125 16.0958333094879 99.1859715939638 6.2125 15.9772366926219 99.2455578196924 6.2125 15.8549905365084 99.3164946958006 6.2125 15.744346294127 99.3900948879201 6.2125 15.644672630853 99.4651925448959 6.2125 15.5552106261879 99.54081089282 6.2125 15.4751348138821 99.6162520096968 6.2125 15.4036137367138 99.6909613807093 6.2125 15.3398292126171 99.7645831645475 6.2125 15.2829204210068 99.8369138688165 6.2125 15.2161461190146 99.931360280182 6.2125 15.1513071759612 100.035327952593 6.2125 15.0956101724696 100.137031262871 6.2125 15.0482406996789 100.23554232232 6.2125 15.0083140073735 100.330245775588 6.2125 14.9749762492137 100.420719261673 6.2125 14.9394133626734 100.534314047094 6.2125 14.9095853063076 100.652238679906 6.2125 14.888479663797 100.759846649879 6.2125 14.8742893531322 100.857653742302 6.2125 14.8655344085775 100.946445488879 6.2125 14.8603178301474 101.05249363108 6.2125 14.8609739411506 101.157911719935 6.2125 14.8667833800601 101.252404726889 6.2125 14.8768931977281 101.339744584427 6.2125 14.8906930500849 101.420285147553 6.2125 14.9074769213758 101.493299982902 6.2125 14.9265989385463 101.558394797064 6.2125 14.9475508042257 101.615323552894 6.2125 14.965679565263 101.655274682303 6.2125 14.9800790985165 101.681548560233 6.2125 14.9902522092232 101.697259106253 6.2125 14.9983955319529 101.708022523278 6.2125 15.0049495691741 101.715457755626 6.2125 15.009312777176 101.719755638715 6.2125 15.0135295378821 101.723405885907 6.2125 15.0214342619974 101.728726221835 6.2125 15.0277659561569 101.731208828168 6.2125 15.0331595009316 101.731790390933 6.2125 15.0383420649926 101.730963853993 6.2125 15.0434781042038 101.728779863 6.2125 15.0482344193442 101.725278847848 6.2125 15.0523219924864 101.720618664885 6.2125 15.0562228754186 101.714223788503 6.2125 15.0602581510206 101.705315742014 6.2125 15.063743128763 101.695684759281 6.2125 15.0682431792567 101.679576661008 6.2125 15.0752411593043 101.643196359945 6.2125 15.0863121088958 101.550752007077 6.2125 15.1113936036176 101.324551995164 6.2125 15.1417607629323 101.142513751176 6.2125 15.184030545446 100.964344817892 6.2125 15.2355675245527 100.800437945378 6.2125 15.2962603570441 100.646939873481 6.2125 15.3648581117261 100.504447022007 6.2125 15.4456481104783 100.364404989067 6.2125 15.5280335029981 100.24359762147 6.2125 15.6207178214585 100.127562770261 6.2125 15.7096819942347 100.031916838848 6.2125 15.8053979763219 99.942839282141 6.2125 15.915873087543 99.8543109695994 6.21249999999985 16.0291461334249 99.7765226524379 6.21249999999953 16.143200173144 99.7094468171674 6.21250000000003 16.2689294893144 99.6467845412671 6.21250000000026 16.4060303197275 99.5904447463478 6.21249999999814 16.5555538055083 99.5420654757227 6.21250000000217 16.6693816008583 99.5137120699468 6.21250000001098 16.79008266803 99.49138449269 6.212500000016 16.9390606698868 99.4746039232449 6.21250000000913 17.0281400865286 99.4702562447586 6.21250000000238 17.1131648580394 99.4701089497103 6.21249999999852 17.2091754760478 99.4748143963442 6.2124999999984 17.2861549707824 99.4824712738426 6.21249999999974 17.3844093947685 99.4973697129826 6.21250000000042 17.4890473871297 99.5196879089507 6.21249999999982 17.5878537109114 99.5469641328962 6.21249999999953 17.6809739224844 99.5782999337054 6.21249999999976 17.7684134061839 99.612841786527 6.21249999999996 17.8502494450292 99.6498378476761 6.2125 17.9508734711067 99.7018149416363 6.2125 18.0530656358123 99.7624233685272 6.2125 18.144661288195 99.8240475552044 6.2125 18.2269877106806 99.8859279997591 6.2125 18.30098869775 99.947394509642 6.2125 18.3879493528873 100.027643675398 6.2125 18.4716730621904 100.114430764901 6.2125 18.5426899538241 100.196788603497 6.2125 18.603229038666 100.27463742447 6.2125 18.6706476436498 100.371497044367 6.2125 18.731529696748 100.470530136066 6.2125 18.7799599208108 100.559044917843 6.2125 18.9520928528765 100.938853295524 6.2125 18.9679155235402 100.968214395317 6.2125 18.975025029281 100.979416505413 6.2125 18.982603446249 100.989780107148 6.2125 18.988652530429 100.996806807459 6.2125 18.9961609043852 101.003530028286 6.2125 19.0026744383844 101.007353637565 6.2125 19.0088913391026 101.009341994433 6.2125 19.0147306163136 101.00972553591 6.2125 19.0200085030701 101.008639699792 6.2125 19.0247909331235 101.00624396653 6.2125 19.0298332079973 101.002221961409 6.2125 19.0351036367467 100.996335751725 6.2125 19.0404198699281 100.988464611862 6.2125 19.045063001146 100.979612951548 6.2125 19.0501955382303 100.967340334405 6.2125 19.0559942257027 100.94980982668 6.2125 19.0619951314528 100.925791968343 6.2125 19.068797468594 100.885957640731 6.2125 19.0738947879523 100.831067830099 6.2125 19.075389145992 100.774666365236 6.2125 19.0735946606842 100.713957425945 6.2125 19.0680064098044 100.646504098467 6.2125 19.0575477310927 100.570355074862 6.2125 19.040619972349 100.483890984796 6.2125 19.0150678521045 100.385880685745 6.2125 18.9781787111827 100.275732108945 6.2125 18.9266805746414 100.153275998173 6.2125 18.8654604331131 100.033891234966 6.2125 18.7963851657001 99.9201371208612 6.2125 18.7112237927211 99.8002723270548 6.2125 18.6068286766431 99.6749083167944 6.2125 18.4936518075769 99.5587312060314 6.2125 18.3744377072535 99.4534450862547 6.2125 18.2356564919454 99.3486940164133 6.2125 18.0903668782345 99.2561642704224 6.2125 17.9406549522707 99.1766396975325 6.2125 17.7890564381959 99.1107491102266 6.2125 17.6382000588031 99.0586070497428 6.2125 17.4906276351673 99.0197915060373 6.2125 17.3474687837856 98.9933407057358 6.2125 17.253720901096 98.981815599786 6.2125 17.1343943009657 98.9734656122846 6.2125 17.0320484664312 98.9717500933843 6.2125 16.9357464906997 98.9746328919757 6.2125 16.836591706293 98.9821185809159 6.2125 16.7703319276124 98.9896588456991 6.2125 -3.100000000043 9.80104886139088e-13 -3.09044373461564 -0.243223196758716 -3.06183385588755 -0.484946841630474 -3.01434675327484 -0.723680627962391 -2.94827520055617 -0.957952682574692 -2.86402655082509 -1.18631864034733 -2.7621202250227 -1.40737054921124 -2.64318450953486 -1.61974555064107 -2.5079526825977 -1.82213428213115 -2.35725849339343 -2.01328894985075 -2.19203102170939 -2.19203102170801 -2.01328894985224 -2.35725849339216 -1.82213428213273 -2.50795268259655 -1.61974555064274 -2.64318450953384 -1.40737054921299 -2.76212022502181 -1.18631864034914 -2.86402655082434 -0.957952682576556 -2.94827520055557 -0.723680627964298 -3.01434675327438 -0.48494684163241 -3.06183385588724 -0.24322319676067 -3.09044373461549 -9.80004966066877e-13 -3.100000000043 0.243223196758716 -3.09044373461564 0.484946841630474 -3.06183385588755 0.723680627962391 -3.01434675327484 0.957952682574692 -2.94827520055617 1.18631864034733 -2.86402655082509 1.40737054921124 -2.7621202250227 1.61974555064107 -2.64318450953486 1.82213428213115 -2.5079526825977 2.01328894985075 -2.35725849339343 2.19203102170801 -2.19203102170939 2.35725849339216 -2.01328894985224 2.50795268259655 -1.82213428213273 2.64318450953384 -1.61974555064274 2.76212022502181 -1.40737054921299 2.86402655082434 -1.18631864034914 2.94827520055557 -0.957952682576557 3.01434675327438 -0.723680627964298 3.06183385588724 -0.48494684163241 3.09044373461549 -0.24322319676067 3.100000000043 -9.80548975348938e-13 3.09044373461564 0.243223196758716 3.06183385588755 0.484946841630474 3.01434675327484 0.723680627962391 2.94827520055617 0.957952682574692 2.86402655082509 1.18631864034733 2.7621202250227 1.40737054921124 2.64318450953486 1.61974555064107 2.5079526825977 1.82213428213115 2.35725849339343 2.01328894985075 2.1920310217094 2.19203102170801 2.01328894985224 2.35725849339216 1.82213428213273 2.50795268259655 1.61974555064274 2.64318450953384 1.40737054921299 2.76212022502181 1.18631864034914 2.86402655082434 0.957952682576557 2.94827520055557 0.723680627964298 3.01434675327438 0.48494684163241 3.06183385588724 0.24322319676067 3.09044373461549 9.802048062113e-13 3.100000000043 -0.243223196758715 3.09044373461564 -0.484946841630474 3.06183385588755 -0.723680627962391 3.01434675327484 -0.957952682574691 2.94827520055617 -1.18631864034733 2.86402655082509 -1.40737054921124 2.7621202250227 -1.61974555064107 2.64318450953486 -1.82213428213115 2.5079526825977 -2.01328894985075 2.35725849339343 -2.19203102170801 2.1920310217094 -2.35725849339215 2.01328894985224 -2.50795268259655 1.82213428213273 -2.64318450953384 1.61974555064274 -2.76212022502181 1.40737054921299 -2.86402655082434 1.18631864034914 -2.94827520055557 0.957952682576557 -3.01434675327438 0.723680627964298 -3.06183385588724 0.48494684163241 -3.09044373461549 0.24322319676067 -1.40317157289928 -2.55973020557576e-12 -1.40289585715052 0.0188314967102357 -1.40245465121318 0.0375753180562945 -1.4018438662275 0.0562327473471069 -1.40105941333375 0.0748050678941627 -1.40014696586656 0.0924176638836198 -1.399069705931 0.109955314099469 -1.39785310807812 0.127038746632873 -1.39647212511285 0.144052568400001 -1.39495704586874 0.160649639869959 -1.39327800063985 0.177181908252646 -1.39146927124428 0.193331754780711 -1.38949695231313 0.209421143323855 -1.38739857999558 0.225159529598374 -1.38513692648356 0.240841397044478 -1.38275211759185 0.256201032369751 -1.38020424870566 0.271507731312197 -1.37753543515972 0.286518579851422 -1.37470368119571 0.301479760443472 -1.37175254693731 0.316169331869816 -1.3686384789804 0.330812226804203 -1.36540598470943 0.345205841271395 -1.36201044169817 0.359555525878202 -1.35849684713091 0.373676551578146 -1.35481995979104 0.387756177219674 -1.35102484321384 0.401626241160248 -1.3470660548213 0.415457242462255 -1.34298833000676 0.429096416294195 -1.33874643019949 0.442698683662057 -1.33387778936462 0.457654910177199 -1.32881103808287 0.472563550655397 -1.32349668061055 0.487566264920985 -1.31798574369838 0.502515131226275 -1.31222622951865 0.517547633952292 -1.30627196938794 0.532519783490014 -1.30006905355655 0.54756395747508 -1.2936735500956 0.562541040202806 -1.2870303090414 0.577577363322218 -1.28019698410972 0.592539638764911 -1.27311793580499 0.607547217950047 -1.26585167110432 0.622473593483904 -1.25834288582394 0.637430222153005 -1.25065013078048 0.652298314946812 -1.24271932878177 0.66718055604849 -1.23460819475699 0.681966780729554 -1.22626482697933 0.696750077085035 -1.21774516391474 0.711429760698156 -1.20900047170619 0.726088573662434 -1.20008392324184 0.740636098802722 -1.19095097321266 0.755144075407411 -1.18165100644039 0.769533051532101 -1.17214469685408 0.783863219239847 -1.16247660320905 0.79806668111889 -1.15261363887691 0.812191668146765 -1.14259450325743 0.826182299235132 -1.13239319925346 0.840074714476037 -1.12203995811779 0.853826967156996 -1.11259077731758 0.866086155665354 -1.10301992709317 0.878230372833775 -1.09332969375894 0.890256999576271 -1.08351919968996 0.902167387166186 -1.07359092143385 0.913958777518498 -1.06354379359207 0.925632665541137 -1.05338048628083 0.937186165510296 -1.0430997427697 0.948620904666482 -1.03270442924164 0.959933881407971 -1.02219309490666 0.971126843590019 -1.01156880365087 0.982196685831527 -1.00082990875325 0.993145264531428 -0.9899796725587 1.00396938289998 -0.9790162514198 1.01467099352072 -0.967943106001873 1.02524682077069 -0.956758195626316 1.03569890083822 -0.945465178238943 1.04602389197833 -0.934061816924278 1.05622390125252 -0.922551964965706 1.06629553357088 -0.910933190906845 1.07624095405442 -0.899209540527221 1.08605672704118 -0.887378390423794 1.09574506288629 -0.875443975142738 1.10530249805453 -0.863403482817519 1.114731275368 -0.851261332159734 1.12402791597391 -0.839014527196206 1.13319468252182 -0.825289433840447 1.14322371257232 -0.811437608138432 1.15309051720355 -0.797455402247119 1.16279757252539 -0.783350520903955 1.17233937579222 -0.769119617790239 1.18171801089164 -0.754770132457771 1.19092835965782 -0.741754980412559 1.19907317883295 -0.728646985500859 1.20707942720057 -0.715450275822313 1.21494451283546 -0.7021638115627 1.22266896200629 -0.688795072087663 1.23024838193137 -0.675339705794674 1.23768517263593 -0.66180859089798 1.24497330239697 -0.648194010678064 1.25211688591731 -0.634510268915311 1.25910842275258 -0.620746251193102 1.26595357446735 -0.606919692601187 1.27264354874741 -0.593016069356164 1.27918537912263 -0.579056532750084 1.28556916317166 -0.565023158801769 1.29180312612144 -0.550940479398666 1.29787644037611 -0.536787200070157 1.30379833895481 -0.522591177758283 1.30955725545334 -0.50832779723385 1.31516324487714 -0.494028165785581 1.32060418810687 -0.479664416458799 1.32589077613835 -0.465270813963704 1.33101052130402 -0.45081632704889 1.33597456606694 -0.434726038140953 1.34129344809371 -0.418565234195784 1.3464189145751 -0.40232143341162 1.35135490171457 -0.386012504974911 1.35609593197743 -0.369616500867587 1.36064812036993 -0.353160722721169 1.36500358766034 -0.336629129776591 1.36916636337259 -0.320043196715944 1.37313078958302 -0.303392988938516 1.37689907437238 -0.286693941859203 1.38046752322086 -0.269942378008725 1.38383680512717 -0.25314752849626 1.38700491177962 -0.237997361691975 1.38968373092884 -0.222816436460446 1.39219868379848 -0.207611626022288 1.39454861793326 -0.192380150412663 1.39673392645564 -0.177133552892002 1.39875297123443 -0.161864390134231 1.40060673343118 -0.146588845220861 1.40229329763492 -0.131294832870037 1.40381402519536 -0.116003115529863 1.40516693157708 -0.10069701771594 1.40635355009718 -0.0854017913777579 1.40737203285056 -0.0700962521884455 1.40822387869711 -0.0548100234956167 1.40890757761944 -0.0395175220040079 1.40942439150244 -0.0242525976112201 1.4097733429751 -0.00898540499359902 1.40995526045381 0.00794206393244378 1.40996140540468 0.0248675181149239 1.40976226414016 0.0418259403544755 1.40935719491308 0.0587775396062816 1.40874689057218 0.0757529102150954 1.40793004371069 0.092716603159107 1.40690812600922 0.109694642188253 1.40567938962673 0.126656111239398 1.4042458630506 0.143622311687261 1.40260559303853 0.160567021499195 1.40076093236244 0.177506700337942 1.39870996470925 0.194419949237272 1.39645512658769 0.21131830095695 1.39399478556815 0.228185274799608 1.3913312159665 0.245027426853924 1.38846331802075 0.261833254680747 1.38539295531599 0.278604324171242 1.38211980850471 0.295334134994325 1.37864508215199 0.310352807932345 1.37534607519238 0.325334281584068 1.37188456329308 0.340272219198432 1.36826203278606 0.35516939860414 1.36447781196825 0.370015963845039 1.36053444781754 0.384818239024924 1.35643028373036 0.399562930503064 1.35216907003916 0.414259832856804 1.3477480204737 0.428892316890228 1.34317222333919 0.443473662214411 1.33843766018229 0.457995875237025 1.33354702948675 0.472464117652323 1.3284986949528 0.486874957764173 1.32329385653025 0.501228990851438 1.31793228445016 0.515520597165778 1.31241608689113 0.529752580680788 1.30674417328272 0.543917188172334 1.30091964910967 0.558019380659533 1.29494047254336 0.572049336574766 1.28881082979581 0.586014111655501 1.28252764278616 0.59990189113006 1.27609625555514 0.613721752978208 1.26951247491385 0.627459973735138 1.26278287291293 0.64112757161541 1.25590206915201 0.654709007629672 1.2488779264219 0.668217149385696 1.24170381230525 0.681634743413338 1.23438893515663 0.694976407805831 1.22692535350579 0.708223282690523 1.21932366781138 0.721391630500268 1.21157457867738 0.73446109918503 1.20369011662884 0.747449483010643 1.19565958394629 0.760335057198382 1.18749647039426 0.773137029894698 1.17918864823655 0.785832427317201 1.17075108673329 0.798441749036187 1.16217020528832 0.810940899307306 1.15346246395167 0.823351542695653 1.14461281843653 0.837017227966109 1.1346280244182 0.850570147131881 1.12447137107154 0.864041685781393 1.11411881932653 0.877395745956968 1.10359754509689 0.890658287625173 1.09288662706314 0.903798675059505 1.08201029109224 0.916837444065574 1.07095112594563 0.929749433815477 1.05973000982625 0.942549804705475 1.04833341263647 0.955218836120344 1.03677848719317 0.967766408911815 1.02505592927109 0.980178160640226 1.01317881359556 0.992458834663079 1.00114237547909 1.00459929807975 0.988955288690514 1.01540580609762 0.977858005821949 1.02609544466366 0.966641802297495 1.03666457324058 0.955310437943283 1.04711378948083 0.943863177517855 1.05743617553076 0.932307590239934 1.06763568961172 0.920639201169129 1.07770233177875 0.908869493628006 1.0876432316746 0.89699014073202 1.09744552143574 0.885016617314939 1.10711929342606 0.872936659311781 1.11664904256347 0.860769782536897 1.12604759805065 0.848499728233749 1.13529706222217 0.836150074459417 1.14441274929657 0.823700588393996 1.15338103638358 0.811170192918881 1.16221258987919 0.798544434532459 1.17090121455862 0.785832216233173 1.17944988056506 0.773029186085937 1.1878481569481 0.760151143110343 1.19610340991717 0.747186917313402 1.20420133998561 0.734159280245509 1.21215335204474 0.721050149609669 1.21994167591231 0.707889281535707 1.22758136553417 0.694651651381746 1.23505160235482 0.68137394793952 1.24237067357867 0.668024238153677 1.24951515259933 0.654646029257747 1.25650612433701 0.641200576277396 1.2633180058403 0.627738031112707 1.26997423104862 0.614212993420473 1.27644751717635 0.600682030149848 1.28276319192156 0.58709329870124 1.28889272760153 0.573509500146826 1.29486289027139 0.5598726149663 1.30064435468027 0.546251151312275 1.30626487580577 0.532581225276266 1.31169476498098 0.518936784611048 1.31696232830651 0.505248435205134 1.32203792966733 0.491595162487016 1.32695000524996 0.477902452089077 1.33166936489835 0.464253896889678 1.33622417512311 0.450570281901611 1.34058605887017 0.436939355064357 1.34478311834554 0.423277201076873 1.34926103470942 0.408038660975005 1.35353918115875 0.392760297071606 1.35766305683943 0.377276008878167 1.36158819332005 0.361749229481874 1.36535994426193 0.345995847006371 1.36893380397144 0.330197100561748 1.37235441929067 0.314149596122191 1.37557781950272 0.298053622963316 1.37864734756538 0.281685101837704 1.38152017745273 0.265264745120198 1.38423771061892 0.248546239622488 1.38675891830119 0.231772235317364 1.38912257690541 0.214672479190886 1.39129015648903 0.19751322576173 1.39329707326479 0.179998411929611 1.39510805335432 0.162419722671953 1.39675436056167 0.14445325136361 1.39820479687226 0.126418096394724 1.39948562008431 0.107960327245345 1.40057059662078 0.0894285787748053 1.40148006183356 0.0704366111592893 1.40219370799358 0.0513648164593525 1.40256339908538 0.0385790226005098 1.40284878401784 0.0257565658217351 1.40305109717344 0.012897030242272 1.40317157293465 -1.86348714237283e-11 1.40289585718336 -0.0188314967493586 1.40245465124349 -0.0375753181132237 1.40184386625526 -0.0562327474217219 1.40105941335887 -0.0748050679863437 1.4001469658894 -0.0924176639867715 1.39906970595155 -0.109955314213532 1.39785310809657 -0.127038746755272 1.39647212512919 -0.144052568530699 1.39495704588317 -0.160649640006753 1.39327800065236 -0.177181908395514 1.39146927125507 -0.193331754927764 1.3894969523222 -0.209421143475082 1.38739858000314 -0.225159529752151 1.3851369264896 -0.240841397200802 1.38275211759659 -0.25620103252722 1.38020424870908 -0.271507731470815 1.37753543516203 -0.286518580009971 1.37470368119691 -0.301479760601963 1.3717525469376 -0.316169332027187 1.36863847897978 -0.330812226960465 1.3654059847081 -0.345205841425619 1.36201044169612 -0.359555526030404 1.35849684712834 -0.373676551727506 1.35481995978794 -0.387756177366209 1.35102484321042 -0.401626241303233 1.34706605481754 -0.415457242601707 1.34298833000284 -0.429096416429469 1.33874643019541 -0.442698683793169 1.33387778936015 -0.457654910304399 1.32881103807801 -0.472563550778673 1.32349668060521 -0.487566265040578 1.31798574369255 -0.502515131342176 1.31222622951222 -0.517547634064767 1.30627196938091 -0.532519783599059 1.30006905354879 -0.547563957580988 1.29367355008712 -0.562541040305572 1.28703030903203 -0.577577363422159 1.28019698409948 -0.592539638862024 1.27311793579371 -0.607547218044669 1.265851671092 -0.622473593576034 1.25834288581038 -0.637430222243 1.25065013076571 -0.652298315034668 1.24271932876556 -0.667180556134578 1.23460819473937 -0.68196678081387 1.22626482696006 -0.696750077167962 1.21774516389383 -0.711429760779686 1.20900047168342 -0.726088573742956 1.20008392321722 -0.740636098882226 1.19095097318593 -0.755144075486286 1.18165100641158 -0.769533051610331 1.17214469682293 -0.783863219317818 1.16247660317559 -0.79806668119658 1.15261363884088 -0.812191668224549 1.14259450321886 -0.826182299312983 1.13239319921208 -0.840074714554316 1.12203995807363 -0.853826967235682 1.11259077727099 -0.866086155744298 1.10301992704417 -0.878230372912961 1.09332969370759 -0.890256999655619 1.08351919963628 -0.902167387245679 1.07359092137791 -0.913958777598058 1.06354379353387 -0.925632665620749 1.05338048622045 -0.93718616558988 1.04309974270715 -0.948620904746025 1.03270442917699 -0.959933881487397 1.02219309483992 -0.971126843669312 1.01156880358212 -0.982196685910615 1.0008299086825 -0.993145264610296 0.989979672486017 -1.00396938297856 0.979016251345201 -1.01467099359899 0.967943105925427 -1.02524682084859 0.956758195548038 -1.03569890091573 0.945465178158904 -1.04602389205539 0.934061816842491 -1.05622390132911 0.922551964882242 -1.06629553364693 0.910933190821718 -1.07624095412993 0.899209540440503 -1.08605672711609 0.887378390335497 -1.09574506296058 0.875443975052932 -1.10530249812815 0.863403482726218 -1.11473127544093 0.851261332067008 -1.1240279160461 0.839014527102065 -1.13319468259326 0.825289433744814 -1.14322371264287 0.811437608041329 -1.15309051727319 0.797455402148569 -1.1627975725941 0.783350520803978 -1.17233937585999 0.76911961768891 -1.18171801095841 0.754770132355112 -1.19092835972357 0.741754980308769 -1.19907317889775 0.728646985395956 -1.20707942726441 0.715450275716358 -1.21494451289829 0.70216381145571 -1.2226689620681 0.6887950719797 -1.23024838199213 0.675339705685755 -1.23768517269563 0.661808590788165 -1.24497330245557 0.648194010567371 -1.25211688597481 0.634510268803799 -1.25910842280894 0.620746251080789 -1.26595357452256 0.606919692488132 -1.27264354880145 0.593016069242383 -1.27918537917548 0.579056532635635 -1.2855691632233 0.565023158686668 -1.29180312617186 0.55094047928297 -1.29787644042529 0.53678719995388 -1.30379833900275 0.522591177641481 -1.30955725550001 0.508327797116537 -1.31516324492252 0.494028165667809 -1.32060418815096 0.479664416340584 -1.32589077618114 0.465270813845096 -1.33101052134549 0.450816326929902 -1.33597456610709 0.434726038021597 -1.34129344813237 0.418565234076083 -1.34641891461228 0.402321433291325 -1.35135490175034 0.386012504854043 -1.35609593201179 0.369616500746187 -1.36064812040286 0.353160722599257 -1.36500358769183 0.336629129654208 -1.36916636340263 0.320043196593111 -1.3731307896116 0.303392988815277 -1.3768990743995 0.286693941735579 -1.38046752324651 0.269942377884757 -1.38383680515134 0.253147528371971 -1.3870049118023 0.237997361567435 -1.38968373095017 0.222816436335672 -1.39219868381847 0.207611625897316 -1.39454861795189 0.19238015028751 -1.39673392647291 0.177133552766704 -1.39875297125034 0.161864390008804 -1.40060673344572 0.146588845095342 -1.40229329764809 0.131294832744442 -1.40381402520717 0.116003115404227 -1.40516693158751 0.100697017590281 -1.40635355010624 0.0854017912521102 -1.40737203285824 0.0700962520628253 -1.40822387870342 0.0548100233700591 -1.40890757762437 0.0395175218785285 -1.409424391506 0.0242525974858531 -1.40977334297728 0.00898540486836118 -1.40995526045462 -0.00794206405782195 -1.40996140540397 -0.0248675182404251 -1.40976226413793 -0.0418259404800659 -1.40935719490932 -0.0587775397319431 -1.4087468905669 -0.0757529103407933 -1.40793004370388 -0.092716603284824 -1.40690812600089 -0.109694642313953 -1.40567938961688 -0.126656111365064 -1.40424586303922 -0.143622311812856 -1.40260559302562 -0.160567021624701 -1.40076093234802 -0.177506700463322 -1.39870996469331 -0.194419949362509 -1.39645512657023 -0.211318301082006 -1.39399478554917 -0.228185274924466 -1.39133121594602 -0.245027426978546 -1.38846331799876 -0.261833254805117 -1.38539295529249 -0.278604324295321 -1.38211980847972 -0.295334135118094 -1.37864508212551 -0.310352808055805 -1.37534607516456 -0.325334281707203 -1.37188456326393 -0.340272219321214 -1.36826203275558 -0.355169398726553 -1.36447781193645 -0.370015963967054 -1.36053444778442 -0.384818239146527 -1.35643028369594 -0.399562930624226 -1.35216907000344 -0.414259832977511 -1.34774802043668 -0.428892317010453 -1.34317222330088 -0.443473662334141 -1.3384376601427 -0.457995875356314 -1.33354702944585 -0.472464117771158 -1.32849869491061 -0.486874957882533 -1.32329385648677 -0.501228990969312 -1.3179322844054 -0.515520597283145 -1.31241608684509 -0.529752580797637 -1.30674417323542 -0.543917188288645 -1.3009196490611 -0.558019380775293 -1.29494047249353 -0.572049336689957 -1.28881082974474 -0.586014111770112 -1.28252764273385 -0.59990189124407 -1.27609625550159 -0.613721753091606 -1.26951247485907 -0.627459973847906 -1.26278287285693 -0.641127571727536 -1.2559020690948 -0.654709007741138 -1.24887792636348 -0.668217149496491 -1.24170381224563 -0.681634743523444 -1.23438893509582 -0.694976407915239 -1.2269253534438 -0.708223282799214 -1.21932366774822 -0.721391630608231 -1.21157457861305 -0.734461099292251 -1.20369011656335 -0.747449483117108 -1.19565958387966 -0.760335057304078 -1.18749647032649 -0.773137029999614 -1.17918864816765 -0.785832427421322 -1.17075108666327 -0.798441749139503 -1.16217020521718 -0.810940899409802 -1.15346246387943 -0.823351542797319 -1.1446128183632 -0.837017228067082 -1.13462802434349 -0.850570147232144 -1.12447137099545 -0.864041685880908 -1.11411881924909 -0.877395746055718 -1.10359754501812 -0.89065828772312 -1.09288662698306 -0.903798675156631 -1.08201029101086 -0.916837444161843 -1.07095112586298 -0.929749433910871 -1.05973000974234 -0.942549804799958 -1.04833341255132 -0.955218836213899 -1.03677848710681 -0.967766409004405 -1.02505592918354 -0.980178160731836 -1.01317881350684 -0.992458834753672 -1.00114237538923 -1.00459929816931 -0.988955288599528 -1.01540580618622 -0.977858005729979 -1.02609544475129 -0.966641802204551 -1.03666457332721 -0.955310437849395 -1.04711378956645 -0.943863177423035 -1.05743617561535 -0.93230759014421 -1.06763568969526 -0.920639201072515 -1.07770233186121 -0.90886949353053 -1.08764323175599 -0.896990140633696 -1.09744552151601 -0.885016617215796 -1.10711929350522 -0.872936659211833 -1.11664904264148 -0.860769782436174 -1.12604759812751 -0.848499728132265 -1.13529706229786 -0.836150074357202 -1.14441274937108 -0.823700588291065 -1.15338103645701 -0.811170192815112 -1.16221258995152 -0.798544434427871 -1.17090121462993 -0.785832216127655 -1.17944988063534 -0.773029185979508 -1.18784815701742 -0.76015114300289 -1.19610340998553 -0.747186917204942 -1.20420134005309 -0.734159280135927 -1.21215335211132 -0.721050149498982 -1.21994167597808 -0.707889281423799 -1.22758136559912 -0.694651651268635 -1.23505160241902 -0.681373947825091 -1.24237067364211 -0.668024238037948 -1.24951515266208 -0.654646029140604 -1.25650612439906 -0.641200576158858 -1.26331800590173 -0.627738030992665 -1.26997423110942 -0.614212993298946 -1.27644751723657 -0.600682030026731 -1.28276319198119 -0.587093298576552 -1.28889272766064 -0.573509500020468 -1.29486289032996 -0.559872614838293 -1.30064435473836 -0.546251151182526 -1.30626487586338 -0.532581225144798 -1.31169476503814 -0.518936784477776 -1.31696232836322 -0.50524843507008 -1.32203792972363 -0.491595162350105 -1.32695000530584 -0.477902451950333 -1.33166936495384 -0.464253896749032 -1.33622417517822 -0.450570281759091 -1.34058605892492 -0.436939354919904 -1.34478311839994 -0.423277200930501 -1.34926103476359 -0.40803866082599 -1.35353918121266 -0.392760296919949 -1.35766305689254 -0.377276008725735 -1.36158819337233 -0.361749229328679 -1.36535994431281 -0.345995846854517 -1.36893380402089 -0.330197100411261 -1.37235441933813 -0.314149595975451 -1.37557781954814 -0.298053622820367 -1.37864734760818 -0.281685101701247 -1.38152017749286 -0.265264744990299 -1.38423771065581 -0.248546239502222 -1.38675891833478 -0.231772235206821 -1.38912257693511 -0.214672479093582 -1.3912901565148 -0.197513225677785 -1.39329707328604 -0.179998411863055 -1.39510805337098 -0.162419722622946 -1.39675436057317 -0.14445325133678 -1.39820479687853 -0.12641809639028 -1.39948562008482 -0.107960327268621 -1.40057059661542 -0.0894285788260647 -1.40148006182184 -0.0704366112446855 -1.40219370797538 -0.0513648165792215 -1.40256339906397 -0.03857902269589 -1.40284878399251 -0.0257565658925087 -1.40305109714346 -0.0128970302883182 -2.02636431542196 1.02947016329447 -1.94920819455782 1.17420467966633 -1.86643927900311 1.30619221148801 -1.80551347960856 1.39213678990234 -1.73912584951287 1.47717266091961 -1.67144586794573 1.55607870364275 -1.57996521179003 1.65223984640816 -1.476563187243 1.74859431903965 -1.37398451153892 1.83307361794164 -1.27316124039029 1.90662064526847 -1.17480743430666 1.97024543328644 -1.07935099795854 2.0249406487242 -0.9870808772945 2.07166301412919 -0.898099777605006 2.11129881193628 -0.812352239248011 2.14473084759547 -0.702576434201783 2.18117538974947 -0.584252759574105 2.21300106280576 -0.470752519961168 2.23673742999065 -0.362726874705044 2.25343341014397 -0.26050749652248 2.26411439995189 -0.164250374718859 2.26972013859287 -0.0452232216445235 2.27073552265468 0.0762802603815712 2.26500526734832 0.185377469917935 2.25392726125446 0.283087099613177 2.23908069566556 0.370590880538824 2.22165337120162 0.47357795150154 2.19582539471299 0.57425545855727 2.16456130169153 0.662981771210943 2.13154131703901 0.743613904810149 2.09648538802107 0.816667818203995 2.05987467959195 0.881653611559993 2.02259584942898 0.938381711158212 1.98538148274792 0.986764418867653 1.94878944111958 1.01972270668245 1.91983264602608 1.04067783837202 1.89841896639653 1.05275382826829 1.88411917948442 1.06068610118433 1.87319929406787 1.06589570932795 1.86476732709913 1.06874007044432 1.85934339928297 1.07100730808679 1.85424781208575 1.07380076722408 1.84513807971995 1.07433612420774 1.83835817721065 1.07332513000715 1.83302840880929 1.07102812509116 1.82830973293822 1.0674457755288 1.82403007324964 1.06271359963128 1.82049649827742 1.05706663413048 1.81793967601546 1.04981410093554 1.81606561789277 1.04011781067668 1.8147933377936 1.02988971248635 1.81425770202576 1.01316905724183 1.81463316521251 0.976325217954614 1.81850995985978 0.884653408616653 1.83478274926091 0.660927206498733 1.87652137948064 0.477920620706892 1.90036831210908 0.295157238031313 1.91170185764283 0.123347151590186 1.91002338520409 -0.0411642316279134 1.8965592556883 -0.197442691629312 1.87233307958779 -0.354919386533245 1.83572863381511 -0.494455243921813 1.79200772955737 -0.632417613521926 1.73704543195293 -0.749789922728047 1.67971734751539 -0.862839543316394 1.61401998363659 -0.979652880859729 1.53404088328683 -1.08700289501681 1.44826338232846 -1.18432975426908 1.35862536516187 -1.28082658096629 1.25653332725952 -1.37457856514616 1.14172315500174 -1.46432384197132 1.01271303170198 -1.52453380334154 0.91203809358367 -1.58097550476261 0.803035329108438 -1.64032737137535 0.665364023173844 -1.67037540405477 0.581392834605587 -1.69522599499304 0.500080587088295 -1.71862596628322 0.406846358706261 -1.7336711221318 0.330964123182317 -1.74797012467891 0.23262067475895 -1.75702478550728 0.126012868131426 -1.75964062700886 0.0235441441946738 -1.75671962380738 -0.074663665861598 -1.74908002691562 -0.168367665057561 -1.73746368978478 -0.257423302195765 -1.71697302026549 -0.368809770778138 -1.68867927897103 -0.484205109249785 -1.65633409089172 -0.589756484073349 -1.62104990838223 -0.686513167161329 -1.58374228092263 -0.775183448867112 -1.53222896896601 -0.881712613126088 -1.47351920193525 -0.987044572468738 -1.41535469821409 -1.07893093153494 -1.35845957043807 -1.15948131425141 -1.28537346689059 -1.25213915651381 -1.20830806601305 -1.3391742162808 -1.13768828426856 -1.41123807422713 -0.82429742730232 -1.6863204633904 -0.800801908081469 -1.70999305649992 -0.792149431432148 -1.7200512367693 -0.784435546271788 -1.73031440491493 -0.779470089697691 -1.73814448650375 -0.775219108834796 -1.74728267776157 -0.773453473124101 -1.75462629019786 -0.773357672579961 -1.76115271646558 -0.774687678829062 -1.76685143086347 -0.777260493828335 -1.77158595847114 -0.780942681872659 -1.77546573504824 -0.786256466305763 -1.77912151897105 -0.793420300592074 -1.78245383977871 -0.802496705892855 -1.78525313340428 -0.812315696876859 -1.78712342051236 -0.825550223965079 -1.78846780186945 -0.844009302783013 -1.78892154922865 -0.868734502560584 -1.78768345193399 -0.908826433468955 -1.78261565923208 -0.96282853684393 -1.77154105734597 -1.01722996839373 -1.75657968742114 -1.07479716717977 -1.73721959673755 -1.13771512933959 -1.71226944697148 -1.20753804678014 -1.68013196174776 -1.28535080121037 -1.63880687088172 -1.37170503667275 -1.58587412499964 -1.46637892274297 -1.51856607952628 -1.56858351855191 -1.43370279106671 -1.66502394692869 -1.34042969103667 -1.75379391425398 -1.2412768597859 -1.84373592338372 -1.12495634037668 -1.93335014485451 -0.988634050784441 -2.0116218509803 -0.846578903827229 -2.0777181047996 -0.701912204256798 -2.13761586336933 -0.538678412186525 -2.18392832545866 -0.372768853689679 -2.21651172552143 -0.206407378252961 -2.2355013157969 -0.0422030103866944 -2.24155145052843 0.117295696644838 -2.2358046222568 0.269779271549524 -2.21950937954974 0.414446360518054 -2.2032923167929 0.507497424195417 -2.17660356261122 0.62410046956796 -2.14850158826304 0.722527558773089 -2.11775621119157 0.813835295828865 -2.08177753213098 0.906535034030821 -2.05530648419254 0.967743673003075 761 9 10 760 10 11 760 761 10 762 9 761 759 11 12 759 760 11 763 8 9 763 9 762 758 12 13 758 759 12 757 758 13 764 8 763 764 7 8 756 13 14 756 757 13 765 6 7 765 7 764 755 756 14 754 14 15 754 755 14 766 6 765 766 5 6 753 754 15 752 15 16 752 753 15 751 752 16 767 4 5 767 5 766 750 751 16 749 16 17 749 750 16 748 749 17 747 748 17 746 17 18 746 747 17 745 746 18 744 18 19 744 745 18 768 3 4 768 4 767 743 19 20 743 744 19 742 20 21 742 743 20 769 2 3 769 3 768 770 1 2 770 2 769 771 1 770 771 80 1 567 730 566 565 566 730 568 730 567 564 730 731 564 565 730 569 730 568 563 564 731 570 730 569 570 729 730 571 729 570 562 563 731 572 729 571 561 562 731 573 729 572 560 561 731 574 729 573 559 731 732 559 560 731 575 729 574 575 728 729 558 559 732 576 728 575 557 558 732 577 728 576 556 557 732 578 728 577 555 556 732 579 728 578 554 555 732 580 728 579 581 727 728 581 728 580 553 554 732 772 80 771 772 79 80 582 727 581 552 553 732 583 727 582 551 552 732 584 727 583 550 551 732 585 727 584 549 550 732 586 727 585 548 549 732 587 727 586 587 726 727 547 548 732 588 726 587 546 732 733 546 547 732 589 726 588 545 546 733 590 726 589 544 545 733 591 726 590 543 544 733 592 726 591 542 543 733 593 725 726 593 726 592 541 542 733 594 725 593 540 541 733 595 725 594 539 540 733 596 725 595 538 539 733 597 725 596 537 538 733 598 725 597 536 537 733 599 724 725 599 725 598 535 536 733 600 724 599 534 535 733 601 724 600 533 534 733 602 724 601 532 733 734 532 533 733 603 724 602 531 532 734 604 723 724 604 724 603 530 734 735 530 531 734 605 723 604 529 530 735 606 723 605 528 735 736 528 529 735 773 78 79 773 79 772 607 723 606 527 528 736 608 723 607 526 736 737 526 527 736 609 723 608 525 526 737 610 722 723 610 723 609 524 737 738 524 525 737 611 722 610 523 524 738 612 722 611 522 523 738 613 722 612 521 522 738 614 722 613 520 521 738 520 738 739 615 722 614 519 520 739 616 721 722 616 722 615 518 519 739 617 721 616 517 518 739 774 78 773 618 721 617 516 739 740 516 517 739 515 516 740 619 721 618 514 515 740 620 721 619 513 514 740 621 721 620 512 513 740 622 721 621 622 720 721 511 740 741 511 512 740 623 720 622 510 511 741 624 720 623 509 510 741 625 720 624 508 509 741 626 719 720 626 720 625 507 508 741 627 719 626 775 78 774 775 77 78 506 507 741 628 719 627 505 506 741 629 719 628 504 741 742 504 505 741 630 719 629 503 504 742 631 718 719 631 719 630 502 503 742 632 718 631 501 742 21 501 502 742 633 718 632 500 501 21 634 718 633 499 500 21 635 718 634 776 77 775 498 499 21 636 718 635 636 717 718 81 717 636 497 498 21 496 497 21 82 717 81 495 496 21 83 717 82 494 21 22 494 495 21 84 716 717 84 717 83 493 494 22 85 716 84 492 493 22 86 716 85 491 492 22 777 77 776 777 76 77 490 491 22 87 716 86 489 490 22 88 716 87 488 489 22 89 715 716 89 716 88 487 22 23 487 488 22 90 715 89 486 487 23 91 715 90 485 486 23 92 715 91 484 485 23 93 715 92 778 76 777 483 484 23 94 714 715 94 715 93 482 483 23 95 714 94 481 482 23 96 714 95 480 23 24 480 481 23 97 714 96 479 480 24 98 714 97 779 76 778 779 75 76 478 479 24 99 713 714 99 714 98 100 713 99 477 478 24 101 713 100 476 477 24 102 713 101 475 476 24 103 713 102 637 75 779 474 475 24 104 712 713 104 713 103 473 24 25 473 474 24 105 712 104 106 712 105 472 473 25 107 712 106 471 472 25 108 711 712 108 712 107 470 471 25 109 711 108 469 470 25 110 711 109 468 469 25 111 711 110 467 468 25 112 711 111 466 25 26 466 467 25 113 710 711 113 711 112 465 466 26 114 710 113 464 465 26 638 75 637 638 74 75 115 710 114 463 464 26 116 710 115 462 463 26 117 710 116 461 462 26 118 710 117 460 461 26 119 709 710 119 710 118 459 26 27 459 460 26 458 459 27 120 709 119 457 458 27 121 709 120 456 457 27 122 709 121 455 456 27 123 709 122 454 455 27 124 709 123 453 454 27 639 74 638 639 73 74 125 708 709 125 709 124 452 27 28 452 453 27 126 708 125 451 452 28 127 708 126 450 451 28 128 708 127 449 450 28 129 708 128 448 449 28 447 448 28 130 708 129 640 73 639 446 447 28 131 707 708 131 708 130 445 28 29 445 446 28 132 707 131 444 445 29 133 707 132 72 73 640 443 444 29 134 707 133 442 443 29 135 707 134 441 442 29 136 707 135 440 441 29 137 707 136 641 72 640 439 440 29 706 137 138 706 707 137 438 439 29 438 29 30 139 706 138 437 438 30 140 706 139 436 437 30 141 706 140 435 436 30 142 706 141 434 435 30 143 706 142 433 434 30 144 706 143 642 72 641 432 433 30 145 706 144 431 432 30 705 706 145 705 145 146 705 146 147 705 147 148 149 705 148 31 428 429 31 429 430 31 430 431 31 431 30 71 72 642 427 428 31 150 705 149 426 427 31 151 705 150 425 426 31 152 705 151 643 71 642 424 425 31 153 705 152 704 153 154 704 154 155 704 705 153 704 155 156 704 156 157 158 704 157 159 704 158 160 704 159 32 417 418 32 418 419 32 419 420 32 420 421 32 421 422 32 422 423 32 423 424 32 424 31 70 643 644 70 71 643 703 704 160 703 160 161 703 161 162 703 162 163 703 163 164 703 164 165 166 703 165 645 70 644 702 703 166 702 166 167 702 167 168 702 168 169 702 169 170 702 170 171 702 171 172 702 172 173 33 410 411 33 411 412 33 412 413 33 413 414 33 414 415 33 415 416 33 416 417 33 417 32 69 70 645 69 645 646 701 173 174 701 174 175 701 175 176 701 176 177 701 177 178 701 178 179 701 179 180 701 702 173 700 180 181 700 181 182 700 182 183 700 701 180 700 183 184 700 184 185 700 185 186 34 404 405 34 405 406 34 406 407 34 407 408 34 408 409 34 409 410 34 410 33 34 403 404 68 69 646 68 646 647 68 647 648 699 700 186 699 186 187 699 187 188 699 188 189 699 189 190 699 190 191 699 191 192 699 192 193 698 699 193 698 193 194 698 194 195 698 195 196 698 196 197 698 197 198 698 198 199 698 199 200 35 403 34 35 397 398 35 398 399 35 399 400 35 400 401 35 401 402 35 402 403 67 648 649 67 68 648 697 202 203 697 203 204 697 204 205 697 205 206 697 206 207 697 698 200 697 200 201 697 201 202 696 207 208 696 208 209 696 209 210 696 210 211 696 211 212 696 212 213 696 213 214 696 214 215 696 697 207 36 397 35 36 390 391 36 391 392 36 392 393 36 393 394 36 394 395 36 395 396 36 396 397 66 649 650 66 650 651 66 67 649 695 215 216 695 216 217 695 217 218 695 218 219 695 219 220 695 220 221 695 221 222 695 222 223 695 696 215 37 390 36 37 383 384 37 384 385 37 385 386 37 386 387 37 387 388 37 388 389 37 389 390 65 651 652 65 652 653 65 66 651 694 695 223 694 223 224 694 224 225 694 225 226 694 226 227 694 227 228 694 228 229 694 229 230 693 230 231 693 231 232 693 232 233 693 233 234 693 234 235 693 235 236 693 236 237 693 237 238 693 694 230 38 383 37 38 376 377 38 377 378 38 378 379 38 379 380 38 380 381 38 381 382 38 382 383 64 653 654 64 65 653 692 238 239 692 239 240 692 240 241 692 241 242 692 242 243 692 243 244 692 244 245 692 245 246 692 246 247 692 693 238 691 692 247 691 247 248 691 248 249 691 249 250 691 250 251 691 251 252 691 252 253 691 253 254 691 254 255 691 255 256 691 256 257 39 376 38 39 369 370 39 370 371 39 371 372 39 372 373 39 373 374 39 374 375 39 375 376 63 64 654 63 654 655 63 655 656 690 257 258 690 258 259 690 259 260 690 260 261 690 261 262 690 262 263 690 263 264 690 264 265 690 265 266 690 691 257 689 690 266 689 266 267 689 267 268 689 268 269 689 269 270 689 270 271 688 689 271 688 271 272 688 272 273 688 273 274 687 688 274 687 274 275 687 275 276 40 369 39 40 362 363 40 363 364 40 364 365 40 365 366 40 366 367 40 367 368 40 368 369 62 656 657 62 657 658 62 63 656 686 687 276 686 276 277 686 277 278 685 686 278 685 278 279 685 279 280 684 685 280 684 280 281 684 281 282 684 282 283 684 283 284 683 684 284 683 284 285 683 285 286 683 286 287 683 287 288 683 288 289 682 683 289 682 289 290 682 290 291 682 291 292 682 292 293 682 293 294 682 294 295 682 295 296 681 682 296 681 296 297 681 297 298 681 298 299 681 299 300 41 362 40 41 355 356 41 356 357 41 357 358 41 358 359 41 359 360 41 360 361 41 361 362 61 62 658 61 658 659 42 355 41 42 348 349 42 349 350 42 350 351 42 351 352 42 352 353 42 353 354 42 354 355 60 659 660 60 61 659 60 660 661 43 342 343 43 343 344 43 344 345 43 345 346 43 346 347 43 347 348 43 348 42 59 661 662 59 60 661 44 335 336 44 336 337 44 337 338 44 338 339 44 339 340 44 340 341 44 341 342 44 342 43 58 662 663 58 663 664 58 59 662 45 328 329 45 329 330 45 330 331 45 331 332 45 332 333 45 333 334 45 334 335 45 335 44 57 664 665 57 665 666 57 58 664 46 321 322 46 322 323 46 323 324 46 324 325 46 325 326 46 326 327 46 327 328 46 328 45 56 666 667 56 667 668 56 57 666 47 314 315 47 315 316 47 316 317 47 317 318 47 318 319 47 319 320 47 320 321 47 321 46 55 668 669 55 669 670 55 56 668 48 306 307 48 307 308 48 308 309 48 309 310 48 310 311 48 311 312 48 312 313 48 313 314 48 314 47 54 55 670 54 670 671 54 671 672 54 672 673 49 303 304 49 304 305 49 306 48 49 305 306 49 681 300 49 300 301 49 301 302 49 302 303 53 673 674 53 674 675 53 54 673 53 675 676 53 676 677 50 681 49 50 680 681 52 53 677 52 677 678 52 678 679 51 52 679 51 680 50 51 679 680 

TShapes 10
Ve
0.025540936069567
16.6912143409 102.5801098892 6.20732842712
0 0

0101101
*
Ve
0.025540936069567
17.50678567075 99.89489011084 6.20732842712
0 0

0101101
*
Ed
 0.0205532562953818 1 1 0
1  1 0 0 3.14159265357626
2  1 2 0 0 3.14159265357626
2  2 1 0 0 3.14159265357626
4 G1 1 0 2 0
6  1 1 0
0

0101000
+10 0 -9 0 *
Ed
 0.0255409359752528 1 1 0
1  2 0 0 1
2  3 1 0 0 1
4 C0 3 0 1 0
6  2 2 0
0

0101000
-9 0 +10 0 *
Wi

0101100
+8 0 -7 0 *
Ve
1e-05
15.7576689695603 100.830102756084 6.20827350269133
0 0

0101101
*
Ed
 1e-05 1 1 0
1  3 0 0 6.28318530717959
3  4 5CN 1 0 0 6.28318530717959
0

0101000
+5 0 -5 0 *
Ed
 1e-05 1 1 0
1  4 0 0 6.28318530717959
3  6 7CN 1 0 0 6.28318530717959
0

0101000
+5 0 -5 0 *
Wi

0101100
-4 0 +3 0 +4 0 -3 0 *
Fa
0  1e-07 1 0

0111000
+6 0 +2 0 *

-1 0 