DBRep_DrawableShape

CASCADE Topology V3, (c) Open Cascade
Locations 0
Curve2ds 7
1 3.1415926535894734 0.089800000000000324 1 0 
1 3.1415926535894734 3.1415926535897758 1 -1.6680242329451414e-14 
7 0 0  1 2 2  3.1415926535871548 -2.5261129443368695  6.2831853071795862 3.7570723628429614 
 0 2 1 2
1 7.8539816339731638 0 0 1 
1 1.5707963267935774 0 0 1 
1 1.5707963267935774 0 1 0 
1 1.5707963267935774 6.2831853071795862 1 0 
Curves 4
2 17.099000005819999 58.237499999999997 6.2024999999999997 0 0 -1 0.95175632785703157 -0.30685483927111018 0 -0.30685483927111018 -0.95175632785703157 -0 1.3999999999999999
7 0 0  3 13 11  18.434477429369998 57.806930012540001 6.2073284271259999  18.385710846759999 57.660571968489997 6.2073284271259999  18.262592743310002 57.394700068920002 6.2149002036779999  17.9378360067 57.076197163929997 6.211856646437  17.54599201169 56.876398113139999 6.2126732105749998  17.107843162230001 56.804317978439997 6.2124505112639996  16.664427685290001 56.871552570680002 6.2125247443680003  16.264314153570002 57.072514204169998 6.2124505112639996  15.94756605053 57.384667937860002 6.2126732105749998  15.741364901080001 57.778275597499999 6.211856646437  15.66197469091 58.231624603580002 6.2149002036779999  15.717283112980001 58.520466521220001 6.2073284271259999  15.763522582269999 58.668069987460001 6.2073284271259999 
 0 4 0.10000000000000001 1 0.20000000000000001 1 0.29999999999999999 1 0.40000000000000002 1 0.5 1 0.59999999999999998 1 0.69999999999999996 1 0.80000000000000004 1 0.90000000000000002 1 1 4
7 0 0  8 9 2  17.534733877580244 59.588993985546949 6.2024999999999997  17.534733877580194 59.58899398554707 6.1946460183660239  17.532558798099352 59.582247650163346 6.1869520920636001  17.528324957373574 59.56911575786296 6.1855530935780578  17.524284689039032 59.556584259373842 6.2025000000000317  17.528324957373716 59.569115757863202 6.2194469064218891  17.532558798099213 59.582247650163126 6.2180479079364277  17.534733877580255 59.588993985547148 6.2103539816339666  17.534733877580244 59.588993985546949 6.2024999999999997 
 0 9 6.2831853071795862 9
7 0 0  11 12 2  17.534733877580241 59.588993985546942 6.2024999999999997  18.306705436918051 59.340103380010206 6.2024999999997359  18.922310557680493 58.60627870478406 6.2025000000010122  19.042799459332898 57.495625323626136 6.2024999999979267  18.415672361583578 56.388441067711895 6.2025000000028463  17.11239961488522 55.832321408715977 6.2024999999971211  15.683254014330437 56.293090862782812 6.2025000000022592  14.950243954756886 57.505726496368254 6.2024999999985626  15.087925912865973 58.770712287521825 6.2025000000007529  15.834459309489111 59.601829846090546 6.2024999999996933  16.762762318241922 59.837884591082144 6.2025000000000805  17.534733877580244 59.588993985546956 6.2024999999999997 
 0 12 6.2831853071795862 12
Polygon3D 0
PolygonOnTriangulations 2
131 43 44 45 46 47 48 49 50 51 52 53 54 55 56 57 58 59 60 61 62 63 64 65 66 67 68 69 70 71 72 73 74 75 76 77 78 79 80 81 82 83 84 85 86 87 88 89 90 91 92 93 94 95 96 97 98 99 100 101 102 103 104 105 106 107 108 109 110 111 112 113 114 115 116 117 118 119 120 121 122 123 124 125 126 127 128 129 130 131 132 133 134 135 136 137 138 139 140 141 142 143 144 145 146 147 148 149 150 151 152 153 154 155 156 157 158 159 160 161 162 163 164 165 166 167 168 169 170 171 172 2 
p 0.000205761316872428 1 0 0.0241660973352883 0.0483321946705766 0.0724982920058649 0.0966643893411531 0.120830486676441 0.14499658401173 0.169162681347018 0.193328778682306 0.217494876017595 0.241660973352883 0.265827070688171 0.289993168023459 0.314159265358748 0.338325362694036 0.362491460029324 0.386657557364613 0.410823654699901 0.434989752035189 0.459155849370478 0.483321946705766 0.507488044041054 0.531654141376342 0.555820238711631 0.579986336046919 0.604152433382207 0.628318530717496 0.652484628052784 0.676650725388072 0.70081682272336 0.724982920058649 0.749149017393937 0.773315114729225 0.797481212064514 0.821647309399802 0.84581340673509 0.869979504070378 0.894145601405667 0.918311698740955 0.942477796076243 0.966643893411532 0.99080999074682 1.01497608808211 1.0391421854174 1.06330828275268 1.08747438008797 1.11164047742326 1.13580657475855 1.15997267209384 1.18413876942913 1.20830486676441 1.2324709640997 1.25663706143499 1.28080315877028 1.30496925610557 1.32913535344085 1.35330145077614 1.37746754811143 1.40163364544672 1.42579974278201 1.4499658401173 1.47413193745258 1.49829803478787 1.52246413212316 1.54663022945845 1.57079632679374 1.59496242412902 1.61912852146431 1.6432946187996 1.66746071613489 1.69162681347018 1.71579291080547 1.73995900814075 1.76412510547604 1.78829120281133 1.81245730014662 1.83662339748191 1.86078949481719 1.88495559215248 1.90912168948777 1.93328778682306 1.95745388415835 1.98161998149364 2.00578607882892 2.02995217616421 2.0541182734995 2.07828437083479 2.10245046817008 2.12661656550537 2.15078266284065 2.17494876017594 2.19911485751123 2.22328095484652 2.24744705218181 2.2716131495171 2.29577924685238 2.31994534418767 2.34411144152296 2.36827753885825 2.39244363619354 2.41660973352883 2.44077583086412 2.4649419281994 2.48910802553469 2.51327412286998 2.53744022020527 2.56160631754056 2.58577241487585 2.60993851221113 2.63410460954642 2.65827070688171 2.682436804217 2.70660290155229 2.73076899888758 2.75493509622286 2.77910119355815 2.80326729089344 2.82743338822873 2.85159948556402 2.87576558289931 2.89993168023459 2.92409777756988 2.94826387490517 2.97242997224046 2.99659606957575 3.02076216691104 3.04492826424633 3.06909436158161 3.0932604589169 3.11742655625219 3.14159265358748 
277 81 82 83 84 85 86 87 88 89 90 91 92 93 94 95 96 97 98 99 100 101 102 103 104 105 106 107 108 109 110 111 112 113 114 115 116 117 118 119 120 121 122 123 124 125 126 127 128 129 130 131 132 133 134 135 136 137 138 139 140 141 142 143 144 145 146 147 148 149 150 151 152 153 154 155 156 157 158 159 160 161 162 163 164 165 166 167 168 169 170 171 172 173 174 175 176 177 178 179 180 181 182 183 184 185 186 187 188 189 190 191 192 193 194 195 196 197 198 199 200 201 202 203 204 205 206 207 208 209 210 211 212 213 214 215 216 217 218 219 220 221 222 223 224 225 226 227 228 229 230 231 232 233 234 235 236 237 238 239 240 241 242 243 244 245 246 247 248 249 250 251 252 253 254 255 256 257 258 259 260 261 262 263 264 265 266 267 268 269 270 271 272 273 274 275 276 277 278 279 280 281 282 283 284 285 286 287 288 289 290 291 292 293 294 295 296 297 298 299 300 301 302 303 304 305 306 307 308 309 310 311 312 313 314 315 316 317 318 319 320 321 322 323 324 325 326 327 328 329 330 331 332 333 334 335 336 337 338 339 340 341 342 343 344 345 346 347 348 349 350 351 352 353 354 355 356 357 
p 0.000205761316872428 1 0 0.00406489079588793 0.00812978159177586 0.0121946723876638 0.0162595631835517 0.0201332853922497 0.0240070076009476 0.0277970351233984 0.0315870626458491 0.0352998774805366 0.0390126923152241 0.0426543215793531 0.046295950843482 0.049871986519917 0.053448022196352 0.056963650774407 0.0604792793524621 0.0639393153399304 0.0673993513273986 0.0708082711769343 0.07421719102647 0.0775791655850915 0.0809411401437131 0.0842600646766725 0.0875789892096319 0.090858510607637 0.094138032005642 0.0973815731063631 0.100625114207084 0.104199098028536 0.107773081849988 0.111381676367426 0.114990270884865 0.118632649026437 0.122275027168008 0.125950144177386 0.129625261186763 0.133331846116457 0.13703843104615 0.140774980109164 0.144511529172178 0.148276301418744 0.15204107366531 0.15583208946365 0.159623105261989 0.163438148051878 0.167253190841768 0.171089812592215 0.174926434342663 0.178781965076472 0.182637495810282 0.18650905745685 0.190380619103419 0.194265143807603 0.198149668511787 0.202043921365169 0.20593817421855 0.209834516052165 0.213730857885779 0.21762746275571 0.22152406762564 0.225420833645959 0.229317599666278 0.232824741420969 0.236331883175659 0.239838992218736 0.243346101261812 0.246853101717144 0.250360102172475 0.25386691814564 0.257373734118805 0.260880289927208 0.264386845735611 0.267893066138946 0.271399286542281 0.27490509697203 0.27841090740178 0.281916234188436 0.285421560975093 0.288926331571798 0.292431102168504 0.295935245369843 0.299439388571181 0.30333210652084 0.307224824470498 0.311120172905779 0.31501552134106 0.318912651056238 0.322809780771417 0.326317744920702 0.329825709069987 0.333333262086535 0.336840815103084 0.340347103992007 0.34385339288093 0.347357571730079 0.350861750579227 0.354362984331772 0.357864218084317 0.36136168620499 0.364859154325664 0.368352054328435 0.371844954331205 0.375332505138548 0.378820055945891 0.382301501052734 0.385782946159577 0.389257556578256 0.392732166996934 0.396199243963051 0.399666320929167 0.403509518065665 0.407352715202163 0.411202222964655 0.415051730727147 0.418906995405887 0.422762260084626 0.42662190298007 0.430481545875515 0.434344162817857 0.4382067797602 0.442070949446871 0.445935119133542 0.44941298242763 0.452890845721718 0.456367708155435 0.459844570589152 0.463319395256578 0.466794219924004 0.470265980483142 0.473737741042279 0.477205426663117 0.480673112283955 0.484135732437534 0.487598352591114 0.491054941633261 0.494511530675408 0.497961152182803 0.501410773690198 0.505238539595301 0.509066305500405 0.512902803531957 0.51673930156351 0.520583423825882 0.524427546088254 0.528278140824332 0.532128735560409 0.535984612978835 0.539840490397261 0.543700428944727 0.547560367492194 0.551423120508691 0.555285873525188 0.559150176211509 0.563014478897829 0.566492597855384 0.569970716812939 0.573448073180988 0.576925429549038 0.580401092931778 0.583876756314518 0.587349802996515 0.590822849678512 0.594292366938444 0.597761884198377 0.60161198456295 0.605462084927523 0.60931576542594 0.613169445924359 0.617029960407836 0.620890474891313 0.624756924765367 0.628623374639421 0.6324948299802 0.63636628532098 0.640241789323869 0.644117293326758 0.647995867038988 0.651874440751219 0.655755088044377 0.659635735337534 0.663517448071062 0.667399160804589 0.670892747795176 0.674386334785763 0.677879180747107 0.681372026708452 0.684863393319615 0.688354759930778 0.691843914577017 0.695333069223257 0.698819288129993 0.70230550703673 0.705789286195784 0.709273065354838 0.712756461088097 0.716239856821355 0.71972264168472 0.723205426548086 0.726687374972094 0.730169323396103 0.73365021243231 0.737131101468517 0.740610711520235 0.744090321571952 0.747568437104837 0.751046552637722 0.754522962865906 0.757999373094089 0.761473872637803 0.764948372181516 0.768420761692459 0.771893151203402 0.775363237954428 0.778833324705454 0.78230092314151 0.785768521577567 0.789233453825204 0.792698386072841 0.796160482406005 0.799622578739169 0.803081677999422 0.806540777259675 0.809996412014395 0.813452046769114 0.816901748732819 0.820351450696524 0.823792772586915 0.827234094477306 0.830664675944674 0.834095257412042 0.83751284182207 0.840930426232098 0.844332875360604 0.84773532448911 0.851120630964291 0.854505937439471 0.85787223484786 0.861238532256249 0.864584102904977 0.867929673553706 0.871252953950086 0.874576234346465 0.877875818513747 0.881175402681029 0.884450043474842 0.887724684268656 0.890973292891569 0.894221901514482 0.897443545446737 0.900665189378993 0.904220620760954 0.907776052142915 0.911370093189575 0.914964134236235 0.918601001015455 0.922237867794675 0.925922053364775 0.929606238934875 0.933342544546441 0.937078850158007 0.940872420635734 0.94466599111346 0.948522354466891 0.952378717820322 0.956303828730274 0.960228939640226 0.964229225742501 0.968229511844776 0.972311920466209 0.976394329087641 0.980566369922546 0.98473841075745 0.988553808068087 0.992369205378725 0.996184602689362 1 
Surfaces 3
5 17.099000005819999 58.237499999999997 6.2024999999999997 0 0 -1 -0.95175632785693443 0.30685483927141111 0 0.30685483927141111 0.95175632785693443 0 1.4099999999890001 0.0099999999999950007
2 17.099000005819999 58.237499999999997 6.2923 0 0 -1 -0.95175632785693443 0.30685483927141111 0 0.30685483927141111 0.95175632785693443 0 1.3999999999999999
1 17.099000005819999 58.237499999999997 6.2125000000000004 0 0 1 -0.95175632785707021 0.30685483927099039 0 -0.30685483927099039 -0.95175632785707021 0 
Triangulations 2
172 170 1 0 0.00187729881876393
15.76654114682 58.66709677498 1.7125 15.76352258227 58.66806998746 6.207328427126 15.7369428983102 58.5612289543203 1.7125 15.7157421847922 58.4533652370083 1.7125 15.7030697157207 58.3441706387277 1.7125 15.6990036210816 58.2343183804877 1.7125 15.7035689697005 58.1244857379901 1.7125 15.7167376146849 58.0153498659987 1.7125 15.7384283669596 57.9075836234559 1.7125 15.7685074958238 57.8018514250829 1.7125 15.8067895534459 57.698805145042 1.7125 15.8530385182103 57.5990800979162 1.7125 15.9069692498702 57.5032911217828 1.7125 15.9682492475309 57.412028787533 1.7125 16.0365006996292 57.325855757805 1.7125 16.1113028132671 57.2453033179826 1.7125 16.1921944085397 57.1708681006437 1.7125 16.2786767618631 57.1030090236555 1.7125 16.3702166807705 57.0421444607929 1.7125 16.466249791222 56.9886496623256 1.7125 16.5661840171572 56.942854441475 1.7125 16.6694032308419 56.905041141006 1.7125 16.7752710514997 56.8754428924902 1.7125 16.8831347688117 56.8542421789722 1.7125 16.9923293670923 56.8415697099007 1.7125 17.1021816253323 56.8375036152616 1.7125 17.2120142678299 56.8420689638805 1.7125 17.3211501398213 56.8552376088649 1.7125 17.4289163823641 56.8769283611396 1.7125 17.5346485807371 56.9070074900038 1.7125 17.637694860778 56.9452895476259 1.7125 17.7374199079038 56.9915385123903 1.7125 17.8332088840372 57.0454692440502 1.7125 17.924471218287 57.1067492417109 1.7125 18.010644248015 57.1750006938092 1.7125 18.0911966878374 57.2498028074471 1.7125 18.1656319051763 57.3306944027198 1.7125 18.2334909821645 57.4171767560431 1.7125 18.2943555450271 57.5087166749505 1.7125 18.3478503434944 57.604749785402 1.7125 18.393645564345 57.7046840113372 1.7125 18.43145886482 57.80790322502 1.7125 18.43447742937 57.80693001254 6.207328427126 18.4206891385694 57.7758314648235 6.2025 18.4091475830848 57.7440293060502 6.2025 18.3968409383092 57.712515320266 6.2025 18.3837763909769 57.6813079107509 6.2025 18.3699615704153 57.6504253017534 6.2025 18.3554045440909 57.6198855278474 6.2025 18.3401138128969 57.5897064234008 6.2025 18.3240983061898 57.5599056121609 6.2025 18.3073673765745 57.5305004969621 6.2025 18.2899307944429 57.5015082495638 6.2025 18.2717987422677 57.4729458006219 6.2025 18.2529818086569 57.4448298298023 6.2025 18.2334909821698 57.4171767560402 6.2025 18.2133376449003 57.3900027279519 6.2025 18.1925335658297 57.3633236144047 6.2025 18.1710908939544 57.3371549952495 6.2025 18.1490221511909 57.311512152223 6.2025 18.1263402250635 57.2864100600234 6.2025 18.1030583611784 57.2618633775658 6.2025 18.0791901554885 57.2378864394213 6.2025 18.0547495463537 57.2144932474467 6.2025 18.0297508064014 57.1916974626073 6.2025 18.004208534192 57.1695123969996 6.2025 17.978137645693 57.147951006077 6.2025 17.9515533655692 57.1270258810848 6.2025 17.9244712182915 57.1067492417067 6.2025 17.8969070190713 57.087132928929 6.2025 17.8688768646247 57.0681883981261 6.2025 17.8403971237726 57.0499267123703 6.2025 17.8114844278817 57.0323585359721 6.2025 17.7821556611521 57.0154941282515 6.2025 17.7524279507578 56.999343337548 6.2025 17.7223186568444 56.9839155954683 6.2025 17.6918453623916 56.9692199113794 6.2025 17.6610258629454 56.9552648671471 6.2025 17.6298781562255 56.942058612124 6.2025 17.5984204316155 56.9296088583914 6.2025 17.5666710595407 56.9179228762548 6.2025 17.5346485807404 56.9070074899986 6.2025 17.5023716954403 56.8968690739011 6.2025 17.4698592524325 56.8875135485117 6.2025 17.4371302380683 56.8789463771939 6.2025 17.4042037651704 56.8711725629343 6.2025 17.3710990618716 56.8641966454218 6.2025 17.3378354603865 56.8580226983955 6.2025 17.3044323857216 56.8526543272668 6.2025 17.270909344332 56.8480946670131 6.2025 17.2372859127297 56.8443463803477 6.2025 17.2035817260519 56.8414116561645 6.2025 17.1698164665946 56.8392922082597 6.2025 17.1360098523184 56.8379892743311 6.2025 17.102181625334 56.8375036152556 6.2025 17.0683515403735 56.8378355146444 6.2025 17.0345393532537 56.8389847786775 6.2025 17.0007648093397 56.8409507362171 6.2025 16.9670476320142 56.8437322391994 6.2025 16.9334075111591 56.847327663305 6.2025 16.8998640916578 56.8517349089074 6.2025 16.8664369619226 56.8569514022994 6.2025 16.833145642456 56.8629740971956 6.2025 16.800009574451 56.8697994765118 6.2025 16.7670481084383 56.8774235544188 6.2025 16.7342804929857 56.8858418786698 6.2025 16.701725863458 56.8950495332004 6.2025 16.669403230842 56.9050411409997 6.2025 16.637331470645 56.91581086725 6.2025 16.6055293118718 56.9273524227346 6.2025 16.5740153260875 56.9396590675101 6.2025 16.5428079165724 56.9527236148425 6.2025 16.5119253075748 56.966538435404 6.2025 16.4813855336688 56.9810954617284 6.2025 16.4512064292223 56.9963861929224 6.2025 16.4214056179823 57.0124016996294 6.2025 16.3920005027836 57.0291326292446 6.2025 16.3630082553852 57.0465692113763 6.2025 16.3344458064433 57.0647012635514 6.2025 16.3063298356236 57.0835181971622 6.2025 16.2786767618615 57.1030090236492 6.2025 16.2515027337732 57.1231623609187 6.2025 16.2248236202259 57.1439664399893 6.2025 16.1986550010707 57.1654091118646 6.2025 16.1730121580442 57.187477854628 6.2025 16.1479100658446 57.2101597807553 6.2025 16.1233633833869 57.2334416446404 6.2025 16.0993864452424 57.2573098503303 6.2025 16.0759932532678 57.2817504594651 6.2025 16.0531974684284 57.3067491994173 6.2025 16.0310124028206 57.3322914716268 6.2025 16.0094510118981 57.3583623601257 6.2025 15.9885258869058 57.3849466402496 6.2025 15.9682492475276 57.4120287875272 6.2025 15.9486329347499 57.4395929867474 6.2025 15.929688403947 57.4676231411939 6.2025 15.9114267181912 57.496102882046 6.2025 15.8938585417929 57.5250155779369 6.2025 15.8769941340723 57.5543443446664 6.2025 15.8608433433687 57.5840720550608 6.2025 15.845415601289 57.6141813489742 6.2025 15.8307199172001 57.6446546434269 6.2025 15.8167648729677 57.6754741428731 6.2025 15.8035586179447 57.706621849593 6.2025 15.791108864212 57.7380795742029 6.2025 15.7794228820753 57.7698289462777 6.2025 15.7685074958191 57.8018514250781 6.2025 15.7583690797215 57.8341283103782 6.2025 15.7490135543321 57.8666407533859 6.2025 15.7404463830142 57.8993697677501 6.2025 15.7326725687547 57.932296240648 6.2025 15.7256966512421 57.9654009439468 6.2025 15.7195227042158 57.9986645454319 6.2025 15.714154333087 58.0320676200967 6.2025 15.7095946728333 58.0655906614864 6.2025 15.7058463861679 58.0992140930887 6.2025 15.7029116619846 58.1329182797665 6.2025 15.7007922140798 58.1666835392238 6.2025 15.6994892801512 58.2004901535 6.2025 15.6990036210756 58.2343183804844 6.2025 15.6993355204644 58.2681484654449 6.2025 15.7004847844974 58.3019606525647 6.2025 15.702450742037 58.3357351964786 6.2025 15.7052322450193 58.3694523738042 6.2025 15.7088276691248 58.4030924946592 6.2025 15.7132349147272 58.4366359141606 6.2025 15.7184514081191 58.4700630438958 6.2025 15.7244741030153 58.5033543633624 6.2025 15.7312994823315 58.5364904313674 6.2025 15.7389235602385 58.5694518973802 6.2025 15.7473418844894 58.6022195128327 6.2025 15.7565495390199 58.6347741423605 6.2025 6.28318530717959 4.5798 6.28318530717695 0.0898000000000003 6.20464549083984 4.5798 6.1261056745001 4.5798 6.04756585816035 4.5798 5.96902604182061 4.5798 5.89048622548086 4.5798 5.81194640914112 4.5798 5.73340659280137 4.5798 5.65486677646163 4.5798 5.57632696012188 4.5798 5.49778714378214 4.5798 5.41924732744239 4.5798 5.34070751110265 4.5798 5.2621676947629 4.5798 5.18362787842316 4.5798 5.10508806208341 4.5798 5.02654824574367 4.5798 4.94800842940392 4.5798 4.86946861306418 4.5798 4.79092879672443 4.5798 4.71238898038469 4.5798 4.63384916404494 4.5798 4.5553093477052 4.5798 4.47676953136546 4.5798 4.39822971502571 4.5798 4.31968989868597 4.5798 4.24115008234622 4.5798 4.16261026600648 4.5798 4.08407044966673 4.5798 4.00553063332699 4.5798 3.92699081698724 4.5798 3.8484510006475 4.5798 3.76991118430775 4.5798 3.69137136796801 4.5798 3.61283155162826 4.5798 3.53429173528852 4.5798 3.45575191894877 4.5798 3.37721210260903 4.5798 3.29867228626928 4.5798 3.22013246992954 4.5798 3.1415926535871 4.5798 3.14159265358947 0.0898000000000003 3.16575875092476 0.0898000000000003 3.18992484826005 0.0898000000000003 3.21409094559534 0.0898000000000003 3.23825704293063 0.0898000000000003 3.26242314026591 0.0898000000000003 3.2865892376012 0.0898000000000003 3.31075533493649 0.0898000000000003 3.33492143227178 0.0898000000000003 3.35908752960707 0.0898000000000003 3.38325362694236 0.0898000000000003 3.40741972427764 0.0898000000000003 3.43158582161293 0.0898000000000003 3.45575191894822 0.0898000000000003 3.47991801628351 0.0898000000000003 3.5040841136188 0.0898000000000003 3.52825021095409 0.0898000000000003 3.55241630828937 0.0898000000000003 3.57658240562466 0.0898000000000003 3.60074850295995 0.0898000000000003 3.62491460029524 0.0898000000000003 3.64908069763053 0.0898000000000003 3.67324679496582 0.0898000000000003 3.6974128923011 0.0898000000000003 3.72157898963639 0.0898000000000003 3.74574508697168 0.0898000000000003 3.76991118430697 0.0898000000000003 3.79407728164226 0.0898000000000003 3.81824337897755 0.0898000000000003 3.84240947631283 0.0898000000000003 3.86657557364812 0.0898000000000003 3.89074167098341 0.0898000000000003 3.9149077683187 0.0898000000000003 3.93907386565399 0.0898000000000003 3.96323996298928 0.0898000000000003 3.98740606032456 0.0898000000000003 4.01157215765985 0.0898000000000003 4.03573825499514 0.0898000000000003 4.05990435233043 0.0898000000000003 4.08407044966572 0.0898000000000003 4.10823654700101 0.0898000000000003 4.13240264433629 0.0898000000000003 4.15656874167158 0.0898000000000003 4.18073483900687 0.0898000000000003 4.20490093634216 0.0898000000000003 4.22906703367745 0.0898000000000003 4.25323313101273 0.0898000000000003 4.27739922834802 0.0898000000000003 4.30156532568331 0.0898000000000003 4.3257314230186 0.0898000000000003 4.34989752035389 0.0898000000000003 4.37406361768917 0.0898000000000003 4.39822971502446 0.0898000000000003 4.42239581235975 0.0898000000000003 4.44656190969504 0.0898000000000003 4.47072800703033 0.0898000000000003 4.49489410436562 0.0898000000000003 4.5190602017009 0.0898000000000003 4.54322629903619 0.0898000000000003 4.56739239637148 0.0898000000000003 4.59155849370677 0.0898000000000003 4.61572459104206 0.0898000000000003 4.63989068837735 0.0898000000000003 4.66405678571263 0.0898000000000003 4.68822288304792 0.0898000000000003 4.71238898038321 0.0898000000000003 4.7365550777185 0.0898000000000003 4.76072117505379 0.0898000000000003 4.78488727238907 0.0898000000000003 4.80905336972436 0.0898000000000003 4.83321946705965 0.0898000000000003 4.85738556439494 0.0898000000000003 4.88155166173023 0.0898000000000003 4.90571775906552 0.0898000000000003 4.9298838564008 0.0898000000000003 4.95404995373609 0.0898000000000003 4.97821605107138 0.0898000000000003 5.00238214840667 0.0898000000000003 5.02654824574196 0.0898000000000003 5.05071434307724 0.0898000000000003 5.07488044041253 0.0898000000000003 5.09904653774782 0.0898000000000003 5.12321263508311 0.0898000000000003 5.1473787324184 0.0898000000000003 5.17154482975369 0.0898000000000003 5.19571092708897 0.0898000000000003 5.21987702442426 0.0898000000000003 5.24404312175955 0.0898000000000003 5.26820921909484 0.0898000000000003 5.29237531643013 0.0898000000000003 5.31654141376542 0.0898000000000003 5.3407075111007 0.0898000000000003 5.36487360843599 0.0898000000000003 5.38903970577128 0.0898000000000003 5.41320580310657 0.0898000000000003 5.43737190044186 0.0898000000000003 5.46153799777715 0.0898000000000003 5.48570409511244 0.0898000000000003 5.50987019244772 0.0898000000000003 5.53403628978301 0.0898000000000003 5.5582023871183 0.0898000000000003 5.58236848445359 0.0898000000000003 5.60653458178888 0.0898000000000003 5.63070067912417 0.0898000000000003 5.65486677645945 0.0898000000000003 5.67903287379474 0.0898000000000003 5.70319897113003 0.0898000000000003 5.72736506846532 0.0898000000000003 5.75153116580061 0.0898000000000003 5.7756972631359 0.0898000000000003 5.79986336047118 0.0898000000000003 5.82402945780647 0.0898000000000003 5.84819555514176 0.0898000000000003 5.87236165247705 0.0898000000000003 5.89652774981234 0.0898000000000003 5.92069384714763 0.0898000000000003 5.94485994448291 0.0898000000000003 5.9690260418182 0.0898000000000003 5.99319213915349 0.0898000000000003 6.01735823648878 0.0898000000000003 6.04152433382407 0.0898000000000003 6.06569043115936 0.0898000000000003 6.08985652849464 0.0898000000000003 6.11402262582993 0.0898000000000003 6.13818872316522 0.0898000000000003 6.16235482050051 0.0898000000000003 6.1865209178358 0.0898000000000003 6.21068701517109 0.0898000000000003 6.23485311250638 0.0898000000000003 6.25901920984166 0.0898000000000003 42 43 44 42 44 45 41 45 46 41 46 47 41 47 48 41 42 45 40 48 49 40 49 50 40 50 51 40 41 48 39 51 52 39 52 53 39 53 54 39 40 51 38 39 54 38 54 55 38 55 56 38 56 57 38 57 58 37 58 59 37 59 60 37 60 61 37 38 58 36 37 61 36 61 62 36 62 63 36 63 64 35 36 64 35 64 65 35 65 66 35 66 67 34 35 67 34 67 68 34 68 69 34 69 70 34 70 71 33 34 71 33 71 72 33 72 73 33 73 74 32 33 74 32 74 75 32 75 76 32 76 77 31 32 77 31 77 78 31 78 79 31 79 80 30 31 80 30 80 81 30 81 82 30 82 83 30 83 84 29 30 84 29 84 85 29 85 86 29 86 87 28 87 88 28 88 89 28 89 90 28 29 87 27 28 90 27 90 91 27 91 92 27 92 93 26 27 93 26 93 94 26 94 95 26 95 96 26 96 97 25 26 97 25 97 98 25 98 99 25 99 100 24 101 102 24 102 103 24 25 100 24 100 101 23 103 104 23 104 105 23 105 106 23 24 103 22 106 107 22 107 108 22 108 109 22 109 110 22 23 106 21 110 111 21 111 112 21 112 113 21 22 110 20 113 114 20 114 115 20 115 116 20 21 113 19 116 117 19 117 118 19 118 119 19 20 116 18 119 120 18 120 121 18 121 122 18 122 123 18 19 119 17 123 124 17 124 125 17 125 126 17 18 123 16 126 127 16 127 128 16 128 129 16 17 126 15 129 130 15 130 131 15 131 132 15 16 129 14 15 132 14 132 133 14 133 134 14 134 135 14 135 136 13 14 136 13 136 137 13 137 138 13 138 139 12 13 139 12 139 140 12 140 141 12 141 142 11 12 142 11 142 143 11 143 144 11 144 145 10 11 145 10 145 146 10 146 147 10 147 148 10 148 149 9 10 149 9 149 150 9 150 151 9 151 152 8 152 153 8 153 154 8 154 155 8 9 152 7 155 156 7 156 157 7 157 158 7 8 155 6 158 159 6 159 160 6 160 161 6 161 162 6 7 158 5 162 163 5 163 164 5 164 165 5 6 162 4 165 166 4 166 167 4 167 168 4 5 165 3 4 168 3 168 169 3 169 170 3 170 171 1 3 171 1 171 172 1 172 2 
775 777 1 0 0.00344231856348731
20.04944462217 57.28624999826 6.2125 20.1149836010265 57.5206716011473 6.2125 20.1619280381022 57.7595126894815 6.2125 20.1899885053319 58.001300728532 6.2125 20.1989920006041 58.2445450146353 6.2125 20.1888830143765 58.4877458658806 6.2125 20.1597238719108 58.7294038681476 6.2125 20.1116943490167 58.9680291194929 6.2125 20.0450905636743 59.2021504158909 6.2125 19.9603231503682 59.4303243216961 6.2125 19.8579147283894 59.6511440689037 6.2125 19.7384966797137 59.8632482303421 6.2125 19.6028052563218 60.0653291133244 6.2125 19.4516770409608 60.2561408220081 6.2125 19.2860437893337 60.434506938758 6.2125 19.1069266855153 60.5993277771515 6.2125 18.9154300460132 60.7495871619114 6.2125 18.7127345112891 60.8843586939644 6.2125 18.5000897667176 61.0028114619993 6.2125 18.2788068378605 61.1042151653115 6.2125 18.0502500075583 61.1879446163501 6.2125 17.8158284046727 61.2534835952065 6.2125 17.5769873163385 61.3004280322822 6.2125 17.335199277288 61.3284884995119 6.2125 17.0919549911847 61.3374919947841 6.2125 16.8487541399394 61.3273830085565 6.2125 16.6070961376724 61.2982238660908 6.2125 16.3684708863271 61.2501943431967 6.2125 16.1343495899291 61.1835905578543 6.2125 15.9061756841239 61.0988231445482 6.2125 15.6853559369163 60.9964147225694 6.2125 15.4732517754779 60.8769966738937 6.2125 15.2711708924956 60.7413052505018 6.2125 15.0803591838119 60.5901770351408 6.2125 14.901993067062 60.4245437835137 6.2125 14.7371722286685 60.2454266796953 6.2125 14.5869128439086 60.0539300401932 6.2125 14.4521413118556 59.8512345054691 6.2125 14.3336885438207 59.6385897608976 6.2125 14.2322848405085 59.4173068320405 6.2125 14.14855538947 59.18875000174 6.2125 14.0830164106135 58.9543283988527 6.2125 14.0360719735378 58.7154873105185 6.2125 14.0080115063081 58.473699271468 6.2125 13.9990080110359 58.2304549853647 6.2125 14.0091169972635 57.9872541341194 6.2125 14.0382761397292 57.7455961318524 6.2125 14.0863056626233 57.5069708805071 6.2125 14.1529094479657 57.2728495841091 6.2125 14.2376768612718 57.0446756783039 6.2125 14.3400852832506 56.8238559310963 6.2125 14.4595033319263 56.6117517696579 6.2125 14.5951947553182 56.4096708866756 6.2125 14.7463229706792 56.2188591779919 6.2125 14.9119562223063 56.040493061242 6.2125 15.0910733261247 55.8756722228485 6.2125 15.2825699656268 55.7254128380886 6.2125 15.4852655003509 55.5906413060356 6.2125 15.6979102449224 55.4721885380007 6.2125 15.9191931737795 55.3707848346885 6.2125 16.1477500040817 55.2870553836499 6.2125 16.3821716069673 55.2215164047935 6.2125 16.6210126953015 55.1745719677178 6.2125 16.862800734352 55.1465115004881 6.2125 17.1060450204553 55.1375080052159 6.2125 17.3492458717006 55.1476169914435 6.2125 17.5909038739676 55.1767761339092 6.2125 17.8295291253129 55.2248056568033 6.2125 18.0636504217109 55.2914094421457 6.2125 18.2918243275161 55.3761768554518 6.2125 18.5126440747237 55.4785852774306 6.2125 18.7247482361621 55.5980033261063 6.2125 18.9268291191444 55.7336947494982 6.2125 19.1176408278281 55.8848229648592 6.2125 19.296006944578 56.0504562164863 6.2125 19.4608277829715 56.2295733203047 6.2125 19.6110871677314 56.4210699598068 6.2125 19.7458586997844 56.6237654945309 6.2125 19.8643114678193 56.8364102391024 6.2125 19.9657151711315 57.0576931679595 6.2125 18.43447742937 57.80693001254 6.207328427126 18.428466383228 57.7891486593438 6.20734677828622 18.4223242592741 57.7715003575329 6.20740016979752 18.4160468042648 57.7539850918189 6.20748610870588 18.4096297649568 57.7366028469135 6.20760210205727 18.4033807261986 57.7201618453015 6.20773832437639 18.3969973799544 57.7038416198651 6.20789741924252 18.3906184277515 57.6879908826542 6.20807314030743 18.3841039379224 57.6722557340201 6.20826667028345 18.3775874211332 57.6569532195345 6.20847157990711 18.3709342835021 57.6417616083797 6.20868974136582 18.364272860954 57.6269689880077 6.208914759595 18.3574738300795 57.6122830368494 6.20914890637436 18.3506603935159 57.5979654051779 6.20938598518957 18.3437084163668 57.5837506136336 6.20962844081942 18.3367360164024 57.5698761800616 6.2098703969092 18.329624166386 57.5561011216193 6.21011429641307 18.3224859436615 57.5426409088246 6.21035467026527 18.3152073579066 57.529276934164 6.2105938268924 18.3078964803176 57.5162044962939 6.21082676383049 18.3004443015839 57.5032254558837 6.21105555651372 18.2929539077234 57.4905166220754 6.2112757058853 18.2853212314444 57.4778986136091 6.21148898380925 18.2776443800123 57.4655312583362 6.21169141313754 18.2698242064937 57.4532524005127 6.21188441439368 18.2619538312419 57.4412062400294 6.21206453585765 18.2539390227839 57.429246471986 6.21223281769798 18.2458678924926 57.4175028850215 6.21238632478652 18.2376511406299 57.4058437911895 6.21252570570048 18.228427735749 57.3930952078288 6.21266208768668 18.2190293172304 57.3804512604541 6.21278105394921 18.2093657113983 57.3677928133668 6.21288435130821 18.1995305128882 57.3552446301784 6.21297160200574 18.1894327166325 57.3426926237253 6.21304426975737 18.1791671214817 57.3302566493151 6.21310234568961 18.1686427734632 57.3178283837744 6.21314705154245 18.1579548106291 57.3055220406216 6.2131787069201 18.1470132910011 57.2932357541933 6.21319833552626 18.1359127452365 57.28107738124 6.21320654119658 18.1245652750562 57.2689521729398 6.21320419516018 18.1130637825322 57.2569609449829 6.21319213846519 18.1013235051533 57.2450166772168 6.21317113566796 18.0894346304448 57.2332125039928 6.21314221651058 18.0773166706545 57.2214696840547 6.21310608336154 18.0650559608799 57.2098730883624 6.21306390610504 18.0525774575496 57.1983527286925 6.21301636639193 18.0399624694899 57.1869847035103 6.21296472729627 18.0271425777319 57.1757081612843 6.21290968641728 18.014192874007 57.1645900065809 6.21285255642426 18.001052733295 57.1535788040492 6.2127940809101 17.9877898441822 57.142731944843 6.21273558372728 17.9743525096367 57.1320075727749 6.2126778761221 17.9607998578833 57.1214533609317 6.21262226172035 17.9470901929355 57.1110370684893 6.21256963107164 17.9332729799679 57.1007965717101 6.21252124489647 17.9193174355789 57.0907091052018 6.2124780403388 17.9052607410416 57.0808019039358 6.21244051341675 17.8910965582957 57.071070362479 6.21240838341449 17.8768336300297 57.0615203770087 6.21238138215723 17.8624722128526 57.0521518545316 6.21235921849609 17.8480144958889 57.042965979257 6.21234160455549 17.8334611049102 57.0339629160284 6.21232824999899 17.8188138655829 57.0251435819584 6.2123188657429 17.8055519277592 57.0173635956266 6.21231357485568 17.7922158631243 57.0097332553421 6.2123110538287 17.7788066935986 57.0022530190657 6.21231109130071 17.7653251916253 56.9949232038103 6.21231347589188 17.7517726744155 56.9877444183958 6.21231799608764 17.7381496220706 56.9807168223893 6.21232444060248 17.7244576530994 56.9738411623478 6.21233259764184 17.7106969489837 56.9671174533955 6.21234225620522 17.6968694343954 56.9605465661743 6.21235320414696 17.6829749870514 56.9541283849196 6.21236523088682 17.6690158414753 56.9478638902555 6.21237812391296 17.6549915676428 56.9417528495541 6.21239167314442 17.6409047124124 56.9357963389527 6.21240566574398 17.6267545352412 56.9299940233734 6.21241989215264 17.6125438965799 56.9243470597175 6.21243413930375 17.5982717438116 56.9188550251729 6.21244819812696 17.5839412509972 56.9135191424638 6.21246185547607 17.5695510531252 56.9083389159733 6.21247490268106 17.5551046366426 56.9033156192052 6.21248712671812 17.5406003250638 56.8984486987916 6.21249831917574 17.5244209601577 56.8932259213548 6.21250932539983 17.5081735010414 56.8881972651976 6.21251882445237 17.4918493226751 56.8833602138168 6.21252689995729 17.4754618070983 56.8787189164058 6.21253362397341 17.4590058447942 56.8742720708359 6.21253907769312 17.4424913441815 56.870022530662 6.21254333682543 17.427577920282 56.8663666499278 6.21254621441916 17.4126208051878 56.8628716931302 6.21254824585681 17.3976235307224 56.8595385420528 6.21254948871804 17.3825861173698 56.8563672780444 6.21255000095047 17.3675157760939 56.8533594565931 6.21254984038741 17.352408863527 56.8505144054338 6.21254906494041 17.3372762708858 56.8478341890856 6.21254773316628 17.3221106836675 56.8453175453893 6.21254590227235 17.3069266525194 56.8429668814949 6.21254363183275 17.2917132064639 56.8407805112291 6.21254097786021 17.2764885131429 56.8387610178274 6.21253800106463 17.2612379814397 56.8369064575621 6.21253475595253 17.2459833324973 56.8352194246258 6.21253130431623 17.2307064125677 56.83369788321 6.21252769902126 17.2154324125183 56.8323442762727 6.21252400272343 17.2001396939239 56.8311566388831 6.21252026668464 17.1848568142965 56.8301371049671 6.2125165540484 17.1695587480022 56.8292839394459 6.21251291467526 17.1542772979761 56.8285988151842 6.21250941167471 17.1389841672384 56.8280803805526 6.21250609386345 17.1237142661104 56.8277297023707 6.21250302366226 17.108436159236 56.8275459593825 6.21250024934494 17.0914931678597 56.827537826751 6.2124975744285 17.0745449152429 56.8277351745086 6.21249531498733 17.0575663242029 56.8281385150562 6.21249344298725 17.0405879912045 56.8287473744879 6.21249193706541 17.0235873040137 56.829562804985 6.21249077031398 17.0065924375417 56.830583729648 6.21248991973105 16.9895868903804 56.8318113372244 6.21248935931446 16.9725927590437 56.8332442637889 6.21248906459622 16.9555997583753 56.8348835291299 6.21248901001136 16.9386237869422 56.8367277862147 6.21248917021802 16.9216608318416 56.8387775777927 6.21248951972313 16.9047205232641 56.8410318812794 6.21249003280467 16.8894954407511 56.843235418319 6.21249061321565 16.8742930162594 56.84560412432 6.21249128657799 16.859119657004 56.8481370113927 6.21249203393126 16.843973026022 56.8508345026039 6.21249283673653 16.8288640163203 56.8536946376899 6.2124936757744 16.813785780295 56.8567187150077 6.21249453281364 16.7987536077483 56.8599036170753 6.21249538841757 16.7837562211805 56.8632517045269 6.21249622469878 16.768813190386 56.8667585270742 6.21249702211184 16.7539089168003 56.8704276858879 6.21249776308089 16.7390671069663 56.8742532332931 6.21249842812447 16.7242679768803 56.8782401787464 6.21249899987952 16.7095392018162 56.8823809252066 6.21249945916163 16.6948569731534 56.8866820460275 6.21249978865844 16.6802527440385 56.8911341568339 6.21249996977119 16.6656988614019 56.8957455289668 6.21249998543395 16.6496107507488 56.9010481425591 6.21249980695888 16.6335891602366 56.9065449605816 6.21249944514034 16.6176000245757 56.9122479186192 6.21249892360923 16.601682232388 56.9181434260344 6.21249826814177 16.5858066337988 56.9242424961105 6.21249750227849 16.5700072096759 56.9305323239419 6.21249665249813 16.5542598333732 56.9370226978972 6.21249574253716 16.5385934591178 56.9437019015031 6.2124947991919 16.5229890538745 56.9505781969854 6.21249384659261 16.507470463489 56.9576412585763 6.21249291155034 16.4920237801371 56.9648975260879 6.21249201869133 16.4766676981583 56.9723383627387 6.21249119462889 16.4613934269235 56.9799680982102 6.21249046448641 16.446214505717 56.9877800753923 6.21248985456379 16.4311272131864 56.9957762382281 6.21248939037839 16.4161399700043 57.0039521887924 6.21248909790248 16.4027379570905 57.0114637255881 6.2124890027276 16.3894205542203 57.0191189094576 6.21248908621901 16.3761923384846 57.0269150669396 6.21248936703266 16.36305206526 57.034852913196 6.21248986389481 16.3500077509002 57.0429275334422 6.21249059511731 16.3370546585381 57.0511418117286 6.21249157958885 16.3242041169138 57.0594884612823 6.21249283495742 16.3114480179328 57.0679726698865 6.21249438052525 16.2988008560568 57.07658466372 6.2124962329034 16.2862512931341 57.0853320538842 6.21249841211391 16.2724413924436 57.0951963169652 6.21250123427203 16.2587556920317 57.1052246790802 6.21250446132399 16.2451832171501 57.1154250077621 6.21250802378084 16.2317383075286 57.1257863520127 6.21251184234889 16.2183990206284 57.1363258073799 6.21251584776158 16.2051908768635 57.147023430931 6.21251995657345 16.1920954401372 57.1578943189723 6.2125240982447 16.179134689951 57.1689204267584 6.21252818928432 16.1662936839654 57.1801146071392 6.21253215747296 16.1535908659053 57.1914609604722 6.21253591993079 16.1410147486177 57.2029698623558 6.21253940258678 16.1285802711584 57.2146277954286 6.21254252360745 16.1162793372433 57.2264424372982 6.21254520714448 16.1041234382737 57.2384028776655 6.21254737260959 16.0921077792433 57.2505138909932 6.21254894270591 16.0802404864232 57.2627673838675 6.21254983804253 16.068519952025 57.2751650404117 6.21254998046034 16.0569510444915 57.2877017765468 6.21254929146527 16.0466698494782 57.2991024638538 6.21254789589578 16.036513922216 57.3106131316355 6.21254570658445 16.0264865356016 57.322230035824 6.21254266729525 16.0165866804006 57.3339543391236 6.21253872071117 16.0068196259369 57.3457797413961 6.21253381218545 15.9971823089814 57.3577099200632 6.21252788337615 15.9876818674771 57.3697359530336 6.21252088220841 15.9783133090893 57.3818641024605 6.21251274849653 15.969085502855 57.3940827737373 6.21250343384214 15.9599916399634 57.4064008849893 6.21249288800604 15.9510388079809 57.4188086633017 6.21248122658404 15.9422212864653 57.4313137743513 6.2124686480825 15.9335407110673 57.4439139078953 6.21245536114947 15.9249967913109 57.4566095171709 6.21244157153285 15.9165916767858 57.4693974332384 6.21242748880218 15.9083245442562 57.4822789568777 6.21241331755396 15.9001980162629 57.4952500438383 6.21239926810909 15.8922107773303 57.5083128599996 6.21238554389413 15.8843658802271 57.5214624730363 6.21237235564855 15.8766615595645 57.5347019276648 6.2123599057757 15.8691012541718 57.5480253946532 6.21234840494288 15.8616827925907 57.5614368073851 6.21233805483858 15.8544099543979 57.5749294348739 6.21232906541569 15.8472802071303 57.5885081050365 6.21232163811235 15.840297624958 57.6021651842891 6.21231598138157 15.8334593603939 57.6159063969554 6.21231229702446 15.8267697355139 57.6297232100096 6.21231079107518 15.8202256343978 57.6436222420662 6.21231166645123 15.8138315801123 57.6575940677719 6.21231512572658 15.8075842351984 57.6716461939587 6.21232137381829 15.8014882768752 57.6857683139532 6.21233060868891 15.7955401930377 57.6999688128348 6.21234303825625 15.7897447685932 57.7142365174161 6.21235885462396 15.7840983633841 57.7285806772458 6.2123782698169 15.7786058242041 57.7429892711072 6.2124014687506 15.7732634288457 57.7574723955477 6.2124286687546 15.7680760411279 57.7720172033387 6.21246004616046 15.7630399019268 57.7866346170029 6.21249582487664 15.7581599424602 57.8013107052186 6.21253605823432 15.7534330276693 57.81605533212 6.21258023680362 15.7488651301931 57.8308503296738 6.2126275561802 15.7444529055607 57.8457071377209 6.21267730520682 15.7402049902405 57.8605968065948 6.21272864103111 15.7361151344023 57.8755415139579 6.21278089751537 15.7321941503287 57.8905014929101 6.21283319801697 15.728433359263 57.9055097286906 6.21288492443375 15.7248451897488 57.9205159199168 6.21293517803018 15.7214190893125 57.9355636111998 6.21298338423954 15.7181685432055 57.9505923568802 6.21302863987328 15.7150816833237 57.9656559036971 6.21307040295622 15.7121725017624 57.9806841489854 6.21310778866729 15.7094283659663 57.9957405852132 6.21314027090195 15.7068632436176 58.0107460250676 6.21316701032965 15.7044642729091 58.0257731627502 6.21318747502238 15.7022448923856 58.0407343706833 6.21320090161164 15.7001925220738 58.0557109259429 6.21320672658032 15.6983195999651 58.070607463451 6.2132042953518 15.6966143078711 58.0855131628463 6.21319298394165 15.6950876506572 58.1003256689438 6.21317228076421 15.6937290149252 58.1151413357917 6.21314147035559 15.6925475829486 58.1298515966804 6.21310021873353 15.6915343476274 58.1445592174596 6.21304768677219 15.6906963252988 58.159150216892 6.21298375222318 15.6900264718603 58.1737329883663 6.21290741986517 15.6895293423288 58.188188939697 6.2128188120177 15.6892001653609 58.202631297818 6.21271674553091 15.6890407879928 58.2169376590725 6.21260161811092 15.6890489691867 58.2312252968874 6.21247203092987 15.689252855006 58.2469697785183 6.21231218471434 15.6896592600046 58.2626909595307 6.21213611406997 15.6902735774551 58.2785609770198 6.21194334334263 15.6910901411918 58.2944108034914 6.21173742163825 15.6921198982385 58.3104307983316 6.21151742026616 15.6933518875725 58.3264338654616 6.21128750253476 15.6948035979595 58.3426298169177 6.21104631099555 15.6964577851896 58.3588122907538 6.21079863165957 15.6983395590678 58.3752119430128 6.2105427268647 15.7004243125325 58.3916017923938 6.21028399430944 15.7027459611345 58.40823491461 6.21002039396781 15.7052713496235 58.4248621769759 6.20975790061146 15.7080445052421 58.4417608596365 6.2094942853568 15.7110224173317 58.4586579443481 6.2092360366495 15.7142606691242 58.4758569343865 6.20898089392077 15.7177049477438 58.4930589662396 6.20873576051132 15.7214239923739 58.5105960410395 6.20849855508028 15.7253505832889 58.5281412444183 6.20827645333237 15.7295683865613 58.5460576203028 6.20806783038427 15.7339954964288 58.5639877399036 6.20787993746391 15.7387324568981 58.5823285022066 6.20771196515286 15.7436807111225 58.6006892477646 6.20757097591761 15.7483878002279 58.6175003536329 6.20746795309685 15.7532656909962 58.6343327280785 6.20739181301329 15.7583115596145 58.6511885472909 6.207344617184 15.76352258227 58.66806998746 6.207328427126 15.769533628412 58.6858513406562 6.20734677828622 15.7756757523659 58.7034996424671 6.20740016979752 15.7819532073752 58.7210149081811 6.20748610870588 15.7883702466832 58.7383971530865 6.20760210205727 15.7946192854414 58.7548381546985 6.20773832437639 15.8010026316856 58.7711583801349 6.20789741924252 15.8073815838885 58.7870091173458 6.20807314030743 15.8138960737176 58.8027442659799 6.20826667028345 15.8204125905068 58.8180467804655 6.20847157990711 15.8270657281379 58.8332383916203 6.20868974136582 15.833727150686 58.8480310119923 6.208914759595 15.8405261815605 58.8627169631506 6.20914890637436 15.8473396181241 58.8770345948221 6.20938598518957 15.8542915952732 58.8912493863664 6.20962844081942 15.8612639952376 58.9051238199384 6.2098703969092 15.868375845254 58.9188988783807 6.21011429641307 15.8755140679785 58.9323590911754 6.21035467026527 15.8827926537335 58.945723065836 6.2105938268924 15.8901035313224 58.9587955037061 6.21082676383049 15.8975557100561 58.9717745441164 6.21105555651373 15.9050461039166 58.9844833779246 6.2112757058853 15.9126787801956 58.9971013863909 6.21148898380925 15.9203556316277 59.0094687416638 6.21169141313754 15.9281758051463 59.0217475994873 6.21188441439368 15.9360461803981 59.0337937599706 6.21206453585765 15.9440609888561 59.045753528014 6.21223281769798 15.9521321191475 59.0574971149785 6.21238632478652 15.9603488710101 59.0691562088105 6.21252570570048 15.969572275891 59.0819047921712 6.21266208768668 15.9789706944096 59.0945487395459 6.21278105394921 15.9886343002417 59.1072071866332 6.21288435130821 15.9984694987518 59.1197553698216 6.21297160200574 16.0085672950075 59.1323073762747 6.21304426975737 16.0188328901583 59.1447433506849 6.21310234568961 16.0293572381768 59.1571716162256 6.21314705154245 16.0400452010109 59.1694779593784 6.2131787069201 16.0509867206389 59.1817642458067 6.21319833552626 16.0620872664035 59.19392261876 6.21320654119658 16.0734347365838 59.2060478270603 6.21320419516018 16.0849362291078 59.2180390550171 6.21319213846519 16.0966765064867 59.2299833227832 6.21317113566796 16.1085653811952 59.2417874960072 6.21314221651058 16.1206833409856 59.2535303159453 6.21310608336154 16.1329440507601 59.2651269116376 6.21306390610504 16.1454225540904 59.2766472713075 6.21301636639193 16.1580375421502 59.2880152964897 6.21296472729627 16.1708574339081 59.2992918387157 6.21290968641728 16.183807137633 59.3104099934191 6.21285255642426 16.196947278345 59.3214211959508 6.2127940809101 16.2102101674578 59.332268055157 6.21273558372728 16.2236475020033 59.3429924272251 6.2126778761221 16.2372001537567 59.3535466390683 6.21262226172035 16.2509098187045 59.3639629315107 6.21256963107164 16.2647270316721 59.3742034282899 6.21252124489647 16.2786825760611 59.3842908947982 6.2124780403388 16.2927392705984 59.3941980960642 6.21244051341675 16.3069034533443 59.403929637521 6.21240838341449 16.3211663816103 59.4134796229913 6.21238138215723 16.3355277987874 59.4228481454684 6.21235921849609 16.3499855157511 59.432034020743 6.21234160455549 16.3645389067298 59.4410370839716 6.21232824999899 16.3791861460571 59.4498564180416 6.2123188657429 16.3924480838808 59.4576364043734 6.21231357485568 16.4057841485157 59.4652667446579 6.2123110538287 16.4191933180414 59.4727469809343 6.21231109130071 16.4326748200147 59.4800767961897 6.21231347589188 16.4462273372245 59.4872555816042 6.21231799608764 16.4598503895694 59.4942831776107 6.21232444060248 16.4735423585407 59.5011588376522 6.21233259764184 16.4873030626563 59.5078825466045 6.21234225620522 16.5011305772446 59.5144534338257 6.21235320414696 16.5150250245886 59.5208716150804 6.21236523088682 16.5289841701647 59.5271361097445 6.21237812391296 16.5430084439972 59.5332471504459 6.21239167314442 16.5570952992276 59.5392036610473 6.21240566574398 16.5712454763988 59.5450059766266 6.21241989215264 16.5854561150601 59.5506529402825 6.21243413930375 16.5997282678285 59.5561449748271 6.21244819812696 16.6140587606428 59.5614808575362 6.21246185547607 16.6284489585148 59.5666610840267 6.21247490268106 16.6428953749974 59.5716843807948 6.21248712671812 16.6573996865762 59.5765513012084 6.21249831917574 16.6735790514823 59.5817740786452 6.21250932539983 16.6898265105986 59.5868027348024 6.21251882445237 16.7061506889649 59.5916397861833 6.21252689995729 16.7225382045417 59.5962810835942 6.21253362397341 16.7389941668458 59.6007279291641 6.21253907769312 16.7555086674585 59.6049774693379 6.21254333682543 16.770422091358 59.6086333500722 6.21254621441916 16.7853792064522 59.6121283068698 6.21254824585681 16.8003764809177 59.6154614579472 6.21254948871804 16.8154138942702 59.6186327219556 6.21255000095047 16.8304842355461 59.6216405434069 6.21254984038741 16.845591148113 59.6244855945662 6.21254906494041 16.8607237407542 59.6271658109144 6.21254773316628 16.8758893279725 59.6296824546107 6.21254590227235 16.8910733591206 59.6320331185051 6.21254363183275 16.9062868051761 59.6342194887709 6.21254097786021 16.9215114984971 59.6362389821726 6.21253800106463 16.9367620302003 59.6380935424379 6.21253475595253 16.9520166791427 59.6397805753742 6.21253130431623 16.9672935990723 59.64130211679 6.21252769902126 16.9825675991217 59.6426557237273 6.21252400272343 16.9978603177161 59.6438433611169 6.21252026668464 17.0131431973435 59.6448628950329 6.2125165540484 17.0284412636378 59.6457160605541 6.21251291467526 17.0437227136639 59.6464011848158 6.21250941167471 17.0590158444016 59.6469196194474 6.21250609386345 17.0742857455296 59.6472702976293 6.21250302366226 17.089563852404 59.6474540406175 6.21250024934494 17.1065068437803 59.647462173249 6.2124975744285 17.1234550963971 59.6472648254914 6.21249531498733 17.1404336874371 59.6468614849438 6.21249344298725 17.1574120204355 59.6462526255121 6.21249193706541 17.1744127076263 59.645437195015 6.21249077031398 17.1914075740983 59.644416270352 6.21248991973105 17.2084131212596 59.6431886627756 6.21248935931446 17.2254072525963 59.6417557362111 6.21248906459622 17.2424002532647 59.6401164708701 6.21248901001136 17.2593762246978 59.6382722137853 6.21248917021802 17.2763391797984 59.6362224222073 6.21248951972313 17.2932794883759 59.6339681187206 6.21249003280467 17.3085045708889 59.631764581681 6.21249061321565 17.3237069953807 59.62939587568 6.21249128657799 17.338880354636 59.6268629886073 6.21249203393126 17.354026985618 59.6241654973961 6.21249283673653 17.3691359953197 59.6213053623101 6.2124936757744 17.384214231345 59.6182812849923 6.21249453281364 17.3992464038917 59.6150963829247 6.21249538841757 17.4142437904595 59.6117482954731 6.21249622469878 17.429186821254 59.6082414729258 6.21249702211184 17.4440910948398 59.6045723141121 6.21249776308089 17.4589329046737 59.6007467667069 6.21249842812447 17.4737320347597 59.5967598212536 6.21249899987952 17.4884608098238 59.5926190747934 6.21249945916163 17.5031430384866 59.5883179539725 6.21249978865844 17.5177472676015 59.5838658431661 6.21249996977119 17.5323011502381 59.5792544710332 6.21249998543395 17.5483892608912 59.5739518574409 6.21249980695888 17.5644108514034 59.5684550394184 6.21249944514034 17.5803999870643 59.5627520813808 6.21249892360923 17.596317779252 59.5568565739656 6.21249826814177 17.6121933778413 59.5507575038895 6.21249750227849 17.6279928019641 59.5444676760581 6.21249665249813 17.6437401782668 59.5379773021028 6.21249574253716 17.6594065525222 59.5312980984969 6.2124947991919 17.6750109577655 59.5244218030146 6.21249384659261 17.690529548151 59.5173587414237 6.21249291155034 17.7059762315029 59.5101024739121 6.21249201869133 17.7213323134817 59.5026616372613 6.21249119462889 17.7366065847166 59.4950319017898 6.21249046448641 17.751785505923 59.4872199246077 6.21248985456379 17.7668727984536 59.4792237617719 6.21248939037839 17.7818600416358 59.4710478112076 6.21248909790248 17.7952620545495 59.4635362744119 6.2124890027276 17.8085794574197 59.4558810905424 6.21248908621901 17.8218076731555 59.4480849330604 6.21248936703266 17.8349479463801 59.440147086804 6.21248986389481 17.8479922607398 59.4320724665578 6.21249059511731 17.8609453531019 59.4238581882714 6.21249157958885 17.8737958947262 59.4155115387177 6.21249283495742 17.8865519937072 59.4070273301135 6.21249438052525 17.8991991555832 59.39841533628 6.2124962329034 17.9117487185059 59.3896679461158 6.21249841211391 17.9255586191964 59.3798036830348 6.21250123427203 17.9392443196083 59.3697753209198 6.21250446132399 17.9528167944899 59.3595749922378 6.21250802378084 17.9662617041114 59.3492136479873 6.21251184234889 17.9796009910117 59.33867419262 6.21251584776158 17.9928091347766 59.3279765690689 6.21251995657345 18.0059045715031 59.3171056810275 6.2125240982447 18.0188653216893 59.3060795732414 6.21252818928432 18.031706327675 59.2948853928605 6.21253215747296 18.0444091457352 59.2835390395274 6.21253591993079 18.0569852630229 59.2720301376437 6.21253940258679 18.0694197404823 59.2603722045709 6.21254252360745 18.0817206743976 59.2485575627012 6.21254520714448 18.0938765733673 59.2365971223338 6.21254737260959 18.1058922323978 59.224486109006 6.21254894270591 18.1177595252181 59.2122326161315 6.21254983804253 18.1294800596164 59.1998349595872 6.21254998046034 18.1410489671501 59.187298223452 6.21254929146527 18.1513301621636 59.1758975361448 6.21254789589578 18.1614860894259 59.1643868683631 6.21254570658445 18.1715134760405 59.1527699641744 6.21254266729524 18.1814133312416 59.1410456608747 6.21253872071117 18.1911803857054 59.129220258602 6.21253381218545 18.2008177026612 59.1172900799348 6.21252788337615 18.2103181441656 59.1052640469643 6.21252088220841 18.2196867025535 59.0931358975373 6.21251274849653 18.2289145087879 59.0809172262603 6.21250343384213 18.2380083716797 59.0685991150082 6.21249288800604 18.2469612036623 59.0561913366957 6.21248122658403 18.2557787251781 59.043686225646 6.2124686480825 18.2644593005762 59.031086092102 6.21245536114946 18.2730032203326 59.0183904828264 6.21244157153285 18.2814083348578 59.0056025667589 6.21242748880217 18.2896754673873 58.9927210431197 6.21241331755395 18.2978019953807 58.9797499561592 6.21239926810908 18.3057892343133 58.9666871399981 6.21238554389412 18.3136341314164 58.9535375269615 6.21237235564854 18.3213384520789 58.9402980723332 6.21235990577569 18.3288987574716 58.926974605345 6.21234840494287 18.3363172190526 58.9135631926134 6.21233805483857 18.3435900572453 58.9000705651248 6.21232906541569 18.3507198045128 58.8864918949625 6.21232163811235 18.3577023866849 58.8728348157101 6.21231598138157 18.3645406512489 58.8590936030441 6.21231229702446 18.3712302761288 58.8452767899903 6.21231079107518 18.3777743772447 58.831377757934 6.21231166645123 18.3841684315301 58.8174059322287 6.21231512572658 18.3904157764439 58.8033538060421 6.21232137381829 18.3965117347669 58.789231686048 6.21233060868892 18.4024598186042 58.7750311871668 6.21234303825625 18.4082552430485 58.7607634825859 6.21235885462396 18.4139016482575 58.7464193227565 6.21237826981691 18.4193941874374 58.7320107288954 6.21240146875061 18.4247365827956 58.7175276044553 6.21242866875461 18.4299239705133 58.7029827966646 6.21246004616047 18.4349601097143 58.6883653830008 6.21249582487665 18.4398400691806 58.6736892947853 6.21253605823433 18.4445669839715 58.6589446678843 6.21258023680363 18.4491348814476 58.6441496703307 6.2126275561802 18.4535471060799 58.6292928622837 6.21267730520683 18.4577950214 58.6144031934098 6.21272864103112 18.4618848772382 58.5994584860467 6.21278089751538 18.4658058613117 58.5844985070944 6.21283319801698 18.4695666523775 58.5694902713138 6.21288492443376 18.4731548218916 58.5544840800874 6.21293517803018 18.476580922328 58.5394363888042 6.21298338423954 18.479831468435 58.5244076431235 6.21302863987328 18.4829183283168 58.5093440963062 6.21307040295622 18.4858275098783 58.4943158510175 6.2131077886673 18.4885716456744 58.4792594147892 6.21314027090196 18.4911367680232 58.4642539749343 6.21316701032965 18.4935357387317 58.4492268372512 6.21318747502239 18.4957551192554 58.4342656293175 6.21320090161164 18.4978074895673 58.4192890740573 6.21320672658032 18.4996804116761 58.4043925365485 6.2132042953518 18.5013857037702 58.3894868371525 6.21319298394164 18.5029123609842 58.3746743310543 6.21317228076421 18.5042709967163 58.3598586642058 6.21314147035558 18.5054524286931 58.3451484033164 6.21310021873351 18.5064656640144 58.3304407825363 6.21304768677216 18.5073036863431 58.3158497831032 6.21298375222314 18.5079735397817 58.3012670116282 6.21290741986513 18.5084706693133 58.2868110602967 6.21281881201764 18.5087998462814 58.2723687021749 6.21271674553084 18.5089592236496 58.2580623409197 6.21260161811084 18.5089510424558 58.243774703104 6.21247203092977 18.5087471566366 58.2280302214722 6.21231218471423 18.5083407516382 58.2123090404589 6.21213611406984 18.5077264341877 58.1964390229692 6.21194334334248 18.5069098704512 58.1805891964971 6.21173742163808 18.5058801134047 58.1645692016568 6.21151742026599 18.5046481240708 58.1485661345267 6.21128750253458 18.503196413684 58.1323701830709 6.21104631099537 18.501542226454 58.1161877092351 6.21079863165939 18.4996604525761 58.0997880569769 6.21054272686453 18.4975756991116 58.0833982075966 6.21028399430928 18.4952540505099 58.0667650853817 6.21002039396768 18.4927286620212 58.0501378230171 6.20975790061135 18.4899555064029 58.0332391403584 6.20949428535671 18.4869775943137 58.0163420556487 6.20923603664945 18.4837393425216 57.9991430656128 6.20898089392075 18.4802950639025 57.9819410337623 6.20873576051134 18.4765760192729 57.9644039589656 6.20849855508034 18.4726494283585 57.94685875559 6.20827645333247 18.4684316250869 57.9289423797096 6.2080678303844 18.4640045152202 57.9110122601129 6.20787993746407 18.4592675547518 57.8926714978149 6.20771196515304 18.4543193005284 57.874310752262 6.2075709759178 18.4496122114206 57.8574996463871 6.20746795309695 18.4447343206498 57.8406672719349 6.20739181301334 18.4396884520286 57.8238114527158 6.20734461718401 18.71170716408 56.63589556143 6.2125 18.5938608515671 56.5218192991544 6.2125 18.474584000698 56.4215973736377 6.2125 18.3902249745471 56.3584944526255 6.2125 18.3009464607231 56.2979323909413 6.2125 18.2123189107378 56.2436009962918 6.2125 18.0957441074821 56.1801503030347 6.2125 17.9677637424095 56.1201737361225 6.2125 17.8442109597231 56.071246792242 6.2125 17.7256835151199 56.0321860524473 6.2125 17.612551086683 56.0018110990846 6.2125 17.5049163307926 55.979045850722 6.2125 17.4027606786033 55.9628910761855 6.2125 17.305909920245 55.95247173497 6.2125 17.2140403785833 55.9469646294934 6.2125 17.0983773809802 55.9459635412206 6.2125 16.9759962170495 55.9519814454906 6.2125 16.860688029141 55.9642183032878 6.2125 16.7527506972407 55.9814759882012 6.2125 16.6521852449849 56.0026767971787 6.2125 16.5588517726806 56.0268784614931 6.2125 16.4452553508777 56.0624361187593 6.2125 16.3313719984587 56.1051738547318 6.2125 16.2309373769467 56.1491944221614 6.2125 16.1424973568528 56.1933074065125 6.2125 16.0645627360868 56.2367449307866 6.2125 15.9744695759802 56.2929289515071 6.2125 15.8882426567712 56.3535781297834 6.2125 15.8139291672737 56.4122312068172 6.2125 15.7479441040928 56.4703382682032 6.2125 15.6896487512251 56.5275996874382 6.2125 15.6392372988098 56.5830212543177 6.2125 15.5966653773103 56.6358475547757 6.2125 15.5618452714348 56.6855207299272 6.2125 15.5393625425335 56.7231939531978 6.2125 15.5259892520623 56.7500047422627 6.2125 15.5188838089508 56.7673202310836 6.2125 15.5146850358661 56.7801473570572 6.2125 15.5123141462697 56.78977112818 6.2125 15.5112713641642 56.7958061940792 6.2125 15.5106771102525 56.8013516661802 6.2125 15.5108137801161 56.8108791050257 6.2125 15.5123846945245 56.8174962007488 6.2125 15.5149823783799 56.8222586157021 6.2125 15.5186165139965 56.8260447995412 6.2125 15.5233392705529 56.829018733147 6.2125 15.5289274423778 56.8309297465358 6.2125 15.5350865487396 56.8316304215823 6.2125 15.5425642537955 56.8311885955414 6.2125 15.552183159061 56.8294241453533 6.2125 15.5620821772498 56.8267954006103 6.2125 15.5778809512138 56.8213072401491 6.2125 15.6117576880632 56.8063117718088 6.2125 15.6940135054921 56.7626941181791 6.2125 15.8941385739552 56.6543176728645 6.2125 16.0609986219115 56.5754647738838 6.2125 16.2314670164139 56.5085961760457 6.2125 16.3955033311982 56.4574729153547 6.2125 16.5562095318343 56.419806363354 6.2125 16.7123823765957 56.3949089587305 6.2125 16.8734939755407 56.3814249514519 6.2125 17.0197139979627 56.3802193002191 6.2125 17.1678859222388 56.3901955326309 6.2125 17.2971870883527 56.4087415705473 6.2125 17.4249422611597 56.4365795484605 6.2125 17.5606619947462 56.4768553264009 6.21249999999985 17.6891542279841 56.525553627753 6.21249999999953 17.8092914898375 56.5810018486459 6.21250000000003 17.9324603539339 56.6485579515086 6.21250000000026 18.0569194299249 56.7290608727021 6.21249999999814 18.1819224238467 56.8243081402352 6.21250000000217 18.2701208163336 56.9016508568737 6.21250000001098 18.35728816982 56.98807605962 6.212500000016 18.4560217909502 57.1008931887992 6.21250000000913 18.5103871617633 57.1715929146442 6.21250000000238 18.5589899255781 57.2413568366619 6.21249999999852 18.6098703705052 57.3229127091025 6.2124999999984 18.6474745239615 57.3905174280455 6.21249999999974 18.6912608531849 57.4797287092914 6.21250000000042 18.7325918052969 57.5784148973937 6.21249999999982 18.7665244728128 57.6751374702242 6.21249999999953 18.7938799313001 57.7695036988997 6.21249999999976 18.8153624222273 57.8610313204006 6.21249999999996 18.8316336530748 57.9493551158851 6.2125 18.8463110056021 58.0616555533473 6.2125 18.8547918763039 58.180165868429 6.2125 18.8563960890034 58.2905503348652 6.2125 18.8525044014415 58.3934662424396 6.2125 18.844205535945 58.489306770195 6.2125 18.8278664048553 58.6065036854642 6.2125 18.8043106339813 58.72476942043 6.2125 18.7771479734141 58.8300709035488 6.2125 18.7477149502541 58.9241937852807 6.2125 18.7065872960045 59.0348082975114 6.2125 18.6599469422855 59.1412923575809 6.2125 18.6148472616785 59.231549612133 6.2125 18.4009858928058 59.589526517659 6.2125 18.3858879334958 59.6192667717261 6.2125 18.3807392854142 59.6314947627741 6.2125 18.3765468492642 59.6436298409814 6.2125 18.3742236430261 59.6526058450506 6.2125 18.3729818433825 59.6626076103419 6.2125 18.3735548114906 59.6701387337562 6.2125 18.3754662982454 59.6763796980763 6.2125 18.3784808182368 59.6813953666677 6.2125 18.3823823239327 59.6851120025031 6.2125 18.3870773979738 59.6876747071666 6.2125 18.3932566209807 59.6895235621519 6.2125 18.4010973844242 59.690496862313 6.2125 18.4105948874629 59.6903759688006 6.2125 18.4205140809754 59.6891430214436 6.2125 18.4335226559175 59.6863614661583 6.2125 18.4512304357204 59.6811290653152 6.2125 18.4743828851048 59.67236365105 6.2125 18.5109855577146 59.6552379439643 6.2125 18.5589841067026 59.6281268143098 6.2125 18.6061700451125 59.5971938928012 6.2125 18.6550192538557 59.5611030298433 6.2125 18.7072457489843 59.5180498848984 6.2125 18.7638386104054 59.4660373287387 6.2125 18.8252165885788 59.4028286902713 6.2125 18.8911621103255 59.3259513974253 6.2125 18.9606147818348 59.2328393966799 6.2125 19.0318479425454 59.1207082470291 6.2125 19.0950144286494 59.0023417686352 6.2125 19.1490762806174 58.8807329368065 6.2125 19.1989856422609 58.7424250017906 6.2125 19.2424453894196 58.5851808379913 6.2125 19.2733506702409 58.4259608965217 6.2125 19.2918665191485 58.2679914898313 6.2125 19.2987855078945 58.0942527725515 6.2125 19.2919535319899 57.9221360915176 6.2125 19.2719161606624 57.7538021252099 6.2125 19.2396027129674 57.5916925266764 6.2125 19.1964180108262 57.43803210613 6.2125 19.1441581013357 57.2946683380568 6.2125 19.0842571976529 57.1619807923228 6.2125 19.0402693319178 57.0783951371289 6.2125 18.9790879263414 56.975607022961 6.2125 18.922138860917 56.8905516448133 6.2125 18.864858527571 56.8130832955829 6.2125 18.8021702232499 56.7358959646181 6.2125 18.7581940969812 56.6857630596399 6.2125 -3.099999999993 3.90210086465006e-13 -3.09044373456575 -0.243223196755381 -3.06183385583808 -0.484946841623235 -3.01434675322608 -0.723680627951293 -2.94827520050844 -0.957952682559803 -2.86402655077867 -1.18631864032874 -2.76212022497788 -1.40737054918907 -2.64318450949192 -1.61974555061545 -2.5079526825569 -1.82213428210224 -2.35725849335503 -2.01328894981873 -2.19203102167362 -2.19203102167307 -2.01328894981932 -2.35725849335452 -1.82213428210287 -2.50795268255645 -1.61974555061612 -2.64318450949151 -1.40737054918977 -2.76212022497753 -1.18631864032946 -2.86402655077837 -0.957952682560545 -2.9482752005082 -0.723680627952052 -3.0143467532259 -0.484946841624006 -3.06183385583795 -0.243223196756159 -3.09044373456569 -3.90498744451404e-13 -3.099999999993 0.243223196755381 -3.09044373456575 0.484946841623236 -3.06183385583808 0.723680627951294 -3.01434675322608 0.957952682559803 -2.94827520050844 1.18631864032874 -2.86402655077867 1.40737054918907 -2.76212022497788 1.61974555061545 -2.64318450949192 1.82213428210224 -2.5079526825569 2.01328894981873 -2.35725849335503 2.19203102167307 -2.19203102167362 2.35725849335452 -2.01328894981932 2.50795268255645 -1.82213428210287 2.64318450949151 -1.61974555061612 2.76212022497753 -1.40737054918977 2.86402655077837 -1.18631864032946 2.9482752005082 -0.957952682560545 3.0143467532259 -0.723680627952052 3.06183385583795 -0.484946841624006 3.09044373456569 -0.243223196756159 3.099999999993 -3.90498744451404e-13 3.09044373456575 0.243223196755382 3.06183385583808 0.484946841623236 3.01434675322608 0.723680627951294 2.94827520050844 0.957952682559804 2.86402655077867 1.18631864032874 2.76212022497788 1.40737054918907 2.64318450949192 1.61974555061545 2.5079526825569 1.82213428210224 2.35725849335503 2.01328894981873 2.19203102167362 2.19203102167307 2.01328894981932 2.35725849335452 1.82213428210287 2.50795268255645 1.61974555061612 2.64318450949151 1.40737054918977 2.76212022497753 1.18631864032946 2.86402655077837 0.957952682560546 2.9482752005082 0.723680627952053 3.0143467532259 0.484946841624006 3.06183385583795 0.24322319675616 3.09044373456569 3.90210086465006e-13 3.099999999993 -0.243223196755381 3.09044373456575 -0.484946841623235 3.06183385583808 -0.723680627951293 3.01434675322608 -0.957952682559803 2.94827520050844 -1.18631864032874 2.86402655077867 -1.40737054918907 2.76212022497788 -1.61974555061545 2.64318450949192 -1.82213428210224 2.5079526825569 -2.01328894981873 2.35725849335503 -2.19203102167307 2.19203102167362 -2.35725849335452 2.01328894981932 -2.50795268255645 1.82213428210287 -2.64318450949151 1.61974555061612 -2.76212022497753 1.40737054918977 -2.86402655077837 1.18631864032946 -2.9482752005082 0.957952682560546 -3.0143467532259 0.723680627952053 -3.06183385583795 0.484946841624006 -3.09044373456569 0.24322319675616 -1.40317157287092 -3.08034708851323e-12 -1.40290681594522 0.0187680340170034 -1.40247647742123 0.0374496574001467 -1.40187651393881 0.0560461898254435 -1.40110288213785 0.0745589509719869 -1.40020032086385 0.0921243260762348 -1.39913287083623 0.109615964593192 -1.39792553813118 0.126659416387782 -1.39655373771853 0.143634446399457 -1.39504725225183 0.160198336105265 -1.39337670581046 0.176698595630649 -1.39157584189443 0.192821655420527 -1.38961127641856 0.2088854178923 -1.38751997962 0.224603050417111 -1.38526526895186 0.240265316049325 -1.38288668024908 0.255609910667289 -1.38034487533742 0.270902715300044 -1.37768135812345 0.28590395618853 -1.37485471836979 0.300856672899056 -1.37190788518384 0.315541826529921 -1.36879790827669 0.33018144747741 -1.36556864567738 0.344575624078246 -1.36217609469019 0.358927017133834 -1.35866458557618 0.373053404785965 -1.35498951288869 0.387139543506444 -1.35119525607913 0.401019615705725 -1.34723702411336 0.414861783381898 -1.34315885127606 0.42851548197533 -1.33891615506026 0.442133448379165 -1.33404968559855 0.45709723968616 -1.328984537741 0.47201514681309 -1.32367144548675 0.48702822814364 -1.31816120380451 0.501989019154314 -1.3124022062434 0.5170340283704 -1.30644790002823 0.532020093258443 -1.30024495862997 0.547078220750663 -1.29384888332087 0.562070513836754 -1.28720532922574 0.57712152293758 -1.28037117013005 0.592099587518777 -1.27329182242487 0.607121857383402 -1.26602477046267 0.622063873109968 -1.25851604354213 0.637034466466067 -1.25082289948455 0.651917321764892 -1.24289289569807 0.666812079551674 -1.23478215909338 0.681611471010594 -1.22644074270145 0.696405135359412 -1.21792268152982 0.71109569539523 -1.20918152997901 0.725762061640074 -1.20026822708951 0.740317514988178 -1.19114085580098 0.754829612441223 -1.18184622840048 0.769222961035151 -1.17234798568452 0.783553261145443 -1.16268777459774 0.79775699582822 -1.15283580397412 0.811877645107125 -1.14282753009211 0.825863981381411 -1.13264064032523 0.839747117793218 -1.12230216500269 0.853489724032392 -1.11180748503492 0.867098128213594 -1.10116311206054 0.880564035876541 -1.09036931884417 0.893887456786358 -1.07942782551855 0.907066592120948 -1.06833917708271 0.920101092968473 -1.05710482970586 0.932989526246603 -1.04687002291787 0.94446366726787 -1.03651874585449 0.955818127887366 -1.02605183060745 0.967052158656904 -1.01546991507736 0.978165220829405 -1.00477406610908 0.989156330764076 -0.993964691678161 1.00002518927059 -0.98304310312584 1.01077058916123 -0.972009468537841 1.02139246035295 -0.960865352572011 1.03188938361185 -0.949610674367638 1.04226150664087 -0.938247259737418 1.05250721045033 -0.926774770785903 1.06262684840046 -0.91519530128396 1.07261861475492 -0.903508249235462 1.08248305566523 -0.891715982091718 1.09221819230026 -0.879817627759728 1.10182475007464 -0.867815831973418 1.11130059127697 -0.855709447656813 1.12064660647417 -0.843501402277009 1.12986051376773 -0.831190270031937 1.13894335426678 -0.817394091632791 1.14887888215902 -0.803473537084061 1.15865054893288 -0.789421169650897 1.16826339632163 -0.775248452573855 1.17770936896038 -0.760950922402607 1.18699127403835 -0.746537133910036 1.19610335522047 -0.733465013038777 1.20415911913685 -0.720301928507741 1.21207512953273 -0.707050971172818 1.21984946340798 -0.69371213556749 1.22748203705261 -0.680291807463183 1.23496915730192 -0.666786725549421 1.24231258197348 -0.653206622103007 1.24950700412555 -0.639544922799346 1.25655586951676 -0.625814737663201 1.26345242219039 -0.612006142407918 1.27020163347004 -0.598135635523101 1.27679546991617 -0.584189926263587 1.2832402588386 -0.570188891823917 1.28952686596034 -0.556115878957289 1.2956627994405 -0.541994113597774 1.30163800423872 -0.527803604185725 1.30746099034573 -0.513570875708395 1.31312096377342 -0.499272642277679 1.31862725513084 -0.484938659211773 1.32396851337383 -0.470542409434957 1.3291547079895 -0.456116791707721 1.33417411122452 -0.4416321392375 1.33903715080556 -0.425509035519552 1.34424392998459 -0.409317871730959 1.34925675634013 -0.393034623271663 1.35408283724635 -0.376688555940968 1.35871323507275 -0.360257825535022 1.36315388707266 -0.343769578155846 1.36739717258404 -0.327207743710847 1.37144702374597 -0.31059377122412 1.37529795826075 -0.293917558805929 1.37895216158822 -0.277194651361623 1.38240603722319 -0.260421063040297 1.38566029997895 -0.243606273221704 1.38871296803636 -0.228439538593695 1.39128762796263 -0.213243685985703 1.39369813456133 -0.198025116643955 1.39594346197758 -0.182781476529074 1.39802392466346 -0.167523734645741 1.39993804574039 -0.152244975336438 1.40168669070926 -0.136960707381658 1.40326813490358 -0.121659472977574 1.40468359213003 -0.106361263392458 1.40593129289261 -0.0910501275570611 1.40701259624938 -0.075750453396629 1.40792588847003 -0.0604418741842464 1.40867247258997 -0.0451530612259151 1.40925108684937 -0.0298593374508706 1.40966278080768 -0.0145935182313589 1.40990683455311 0.000673253517581373 1.4099838612627 0.0176123472765436 1.40987377983074 0.034547722639651 1.40955845107619 0.0515154639539069 1.40903696832974 0.06847438837433 1.40831033340466 0.0854556189580767 1.40737700911915 0.10242288495178 1.40623875542925 0.119402152651874 1.40489365957149 0.136362269432934 1.40334398802859 0.153323885410692 1.40158771755394 0.170261136638744 1.39962735854919 0.187189236064316 1.39746104956563 0.204087740993212 1.39509127426616 0.220966346546233 1.39251660929601 0.23781012385712 1.38973923600694 0.254623211255143 1.38675844615394 0.271396244787149 1.3835758415659 0.286456646799949 1.38053916140718 0.301480599468116 1.37733980123576 0.316462926151991 1.3739789010327 0.331405030880428 1.37045616205694 0.346297775912696 1.36677380212888 0.361146554576924 1.36293052986586 0.375938348691515 1.35892980422131 0.390682467083042 1.35476917569802 0.405362115411561 1.35045349889614 0.419990420337932 1.34597900906873 0.436160977569438 1.34082826911847 0.452263680982536 1.33548323541769 0.468311390053996 1.3299397876467 0.484287096488362 1.32420394827206 0.500216930087477 1.31826617967194 0.516070482050302 1.31213763159613 0.531869931423308 1.30580959324524 0.547588821959276 1.29929249430348 0.563245319083654 1.29257868711859 0.578816989982216 1.28567764472995 0.594317951428248 1.27858301698445 0.609729837213011 1.27130308499493 0.62506270893724 1.26383302593358 0.640302281708826 1.25617969755458 0.655454584272463 1.24834002710367 0.670509398895025 1.24031922395308 0.685468772580532 1.23211617858548 0.700326511683701 1.22373423589995 0.713610060166749 1.21603839405687 0.726808132315761 1.20819943858553 0.739916464245549 1.20021992862188 0.752936373282521 1.19209906724328 0.765860911086459 1.18384123372854 0.778694121539868 1.17544386803508 0.791426473273197 1.16691327150731 0.804064639344709 1.15824501602335 0.816596620731164 1.14944741531646 0.829031634331255 1.14051407082104 0.841359935642635 1.13145210911661 0.853589321382342 1.12225598969206 0.865717525900269 1.11292740942821 0.877744964736833 1.10346602608776 0.889668619601962 1.09387419611704 0.90148967316609 1.08415093410448 0.913204388411755 1.07429928445181 0.92481468196153 1.06431758942958 0.936316134815744 1.05420960665271 0.947711361480216 1.04397298001128 0.958995300299573 1.03361220229221 0.970171224950601 1.02312419619524 0.981233472761493 1.01251420819798 0.992185935489725 1.00177842039872 1.00302239311592 0.990922847930161 1.01374731229046 0.979942916396296 1.02435396104996 0.968845420908522 1.03484733594513 0.957625018293684 1.04522023990325 0.94628929126664 1.05547815287988 0.934832119267893 1.06561346064943 0.92326187651186 1.07563207888222 0.911571660152518 1.0855260249659 0.899770636069712 1.09530160171235 0.887851117946882 1.10495050738644 0.875823059791035 1.11447938279703 0.863677994326666 1.12387965653942 0.851426656498516 1.13315825801254 0.839059804231835 1.14230621900505 0.826589183582055 1.15132955018654 0.814006368305198 1.1602169921109 0.801326817208627 1.16897523827007 0.78854066861847 1.17758718550538 0.775672825420799 1.18606558745525 0.76270409767587 1.19438795079557 0.749669015981136 1.20257265726834 0.736538849545112 1.21059244270561 0.723357659268126 1.21847071236582 0.710087239368615 1.2261760835323 0.696780981370747 1.23373634419538 0.6833913732606 1.24111666594774 0.669980842151369 1.24834855487485 0.656492835045174 1.25539441813666 0.642998432917513 1.26228880360708 0.629432395309643 1.26899203211991 0.615873998640825 1.27554101700828 0.602249747165084 1.28189465709951 0.588646588541215 1.28809156563299 0.574983271951997 1.29408986047458 0.561353837696294 1.29992920969902 0.547669836971565 1.30556755979936 0.534031781205681 1.31104501753821 0.520344626222908 1.3163199293779 0.506714701390324 1.32143226062366 0.493041004131188 1.32634128542309 0.479435007579457 1.33108628916521 0.465790411394193 1.3356279537671 0.452223147258342 1.34000439806932 0.438622287118943 1.34464161883091 0.42357481374754 1.3490789407745 0.408487372897148 1.35336405191948 0.393194477046064 1.35745047817045 0.377858737872162 1.36138621332692 0.362295620477697 1.36512427827443 0.346686558182521 1.36871240980826 0.330826494541078 1.3721036970525 0.314917127310581 1.37534501951444 0.298731223077451 1.37839014680982 0.282492363527082 1.3812844571061 0.265949275097226 1.38398305855218 0.249349245246624 1.38652913269571 0.23241486087037 1.388879838234 0.215419166838117 1.39107540492311 0.19805624600302 1.39307581767144 0.180627209772652 1.39491752968013 0.162794981017531 1.39656420249267 0.144891329254081 1.3980476081809 0.126545051788507 1.39933602231857 0.108121466912383 1.40045554188571 0.0892119710893267 1.40138009324285 0.0702186195656494 1.40205866059019 0.0527741501063231 1.40258119273995 0.0352570268272612 1.40295104504818 0.0176660450267499 1.40317157287092 3.07339709237908e-12 1.40290681594522 -0.0187680340170104 1.40247647742123 -0.0374496574001541 1.40187651393881 -0.0560461898254513 1.40110288213785 -0.0745589509719947 1.40020032086385 -0.0921243260762431 1.39913287083623 -0.109615964593201 1.39792553813118 -0.126659416387791 1.39655373771853 -0.143634446399467 1.39504725225183 -0.160198336105275 1.39337670581046 -0.17669859563066 1.39157584189443 -0.192821655420539 1.38961127641856 -0.208885417892311 1.38751997961999 -0.224603050417123 1.38526526895185 -0.240265316049337 1.38288668024908 -0.255609910667302 1.38034487533742 -0.270902715300057 1.37768135812345 -0.285903956188543 1.37485471836979 -0.30085667289907 1.37190788518383 -0.315541826529935 1.36879790827669 -0.330181447477424 1.36556864567738 -0.344575624078261 1.36217609469019 -0.358927017133849 1.35866458557618 -0.373053404785981 1.35498951288868 -0.38713954350646 1.35119525607913 -0.40101961570574 1.34723702411336 -0.414861783381914 1.34315885127606 -0.428515481975345 1.33891615506025 -0.442133448379181 1.33404968559854 -0.457097239686175 1.328984537741 -0.472015146813106 1.32367144548675 -0.487028228143655 1.31816120380451 -0.50198901915433 1.31240220624339 -0.517034028370415 1.30644790002822 -0.532020093258457 1.30024495862997 -0.547078220750678 1.29384888332086 -0.562070513836769 1.28720532922574 -0.577121522937594 1.28037117013004 -0.592099587518791 1.27329182242486 -0.607121857383415 1.26602477046266 -0.622063873109981 1.25851604354213 -0.63703446646608 1.25082289948455 -0.651917321764905 1.24289289569807 -0.666812079551688 1.23478215909337 -0.681611471010607 1.22644074270144 -0.696405135359425 1.21792268152981 -0.711095695395242 1.209181529979 -0.725762061640086 1.20026822708951 -0.74031751498819 1.19114085580097 -0.754829612441236 1.18184622840047 -0.769222961035163 1.17234798568452 -0.783553261145455 1.16268777459774 -0.797756995828232 1.15283580397411 -0.811877645107137 1.1428275300921 -0.825863981381424 1.13264064032523 -0.839747117793232 1.12230216500268 -0.853489724032405 1.11180748503491 -0.867098128213608 1.10116311206053 -0.880564035876555 1.09036931884416 -0.893887456786372 1.07942782551854 -0.907066592120961 1.0683391770827 -0.920101092968487 1.05710482970585 -0.932989526246616 1.04687002291786 -0.944463667267884 1.03651874585448 -0.955818127887381 1.02605183060744 -0.967052158656919 1.01546991507734 -0.97816522082942 1.00477406610906 -0.989156330764091 0.993964691678149 -1.00002518927061 0.983043103125828 -1.01077058916125 0.972009468537829 -1.02139246035297 0.960865352571998 -1.03188938361187 0.949610674367626 -1.04226150664089 0.938247259737406 -1.05250721045035 0.92677477078589 -1.06262684840048 0.915195301283948 -1.07261861475494 0.90350824923545 -1.08248305566524 0.891715982091706 -1.09221819230027 0.879817627759716 -1.10182475007466 0.867815831973406 -1.11130059127699 0.855709447656802 -1.12064660647419 0.843501402276999 -1.12986051376774 0.831190270031927 -1.13894335426679 0.817394091632781 -1.14887888215903 0.803473537084052 -1.1586505489329 0.789421169650888 -1.16826339632164 0.775248452573846 -1.17770936896039 0.760950922402599 -1.18699127403836 0.746537133910028 -1.19610335522048 0.733465013038769 -1.20415911913686 0.720301928507734 -1.21207512953274 0.70705097117281 -1.21984946340799 0.693712135567483 -1.22748203705261 0.680291807463176 -1.23496915730193 0.666786725549415 -1.24231258197348 0.653206622103 -1.24950700412556 0.639544922799339 -1.25655586951677 0.625814737663193 -1.26345242219039 0.612006142407911 -1.27020163347005 0.598135635523094 -1.27679546991618 0.58418992626358 -1.28324025883861 0.570188891823909 -1.28952686596035 0.556115878957281 -1.29566279944051 0.541994113597765 -1.30163800423873 0.527803604185717 -1.30746099034574 0.513570875708385 -1.31312096377342 0.49927264227767 -1.31862725513084 0.484938659211763 -1.32396851337384 0.470542409434946 -1.32915470798951 0.45611679170771 -1.33417411122452 0.441632139237487 -1.33903715080557 0.425509035519539 -1.3442439299846 0.409317871730946 -1.34925675634014 0.393034623271648 -1.35408283724635 0.376688555940953 -1.35871323507275 0.360257825535006 -1.36315388707266 0.343769578155829 -1.36739717258405 0.327207743710829 -1.37144702374598 0.310593771224102 -1.37529795826076 0.29391755880591 -1.37895216158823 0.277194651361604 -1.3824060372232 0.260421063040277 -1.38566029997896 0.243606273221684 -1.38871296803636 0.228439538593675 -1.39128762796264 0.213243685985683 -1.39369813456133 0.198025116643934 -1.39594346197758 0.182781476529053 -1.39802392466347 0.16752373464572 -1.39993804574039 0.152244975336417 -1.40168669070927 0.136960707381637 -1.40326813490358 0.121659472977554 -1.40468359213003 0.106361263392437 -1.40593129289262 0.0910501275570408 -1.40701259624939 0.0757504533966087 -1.40792588847004 0.0604418741842266 -1.40867247258998 0.0451530612258953 -1.40925108684938 0.0298593374508507 -1.40966278080769 0.0145935182313395 -1.40990683455311 -0.000673253517600314 -1.40998386126271 -0.0176123472765621 -1.40987377983075 -0.034547722639669 -1.4095584510762 -0.0515154639539245 -1.40903696832975 -0.0684743883743476 -1.40831033340467 -0.0854556189580934 -1.40737700911916 -0.102422884951797 -1.40623875542926 -0.11940215265189 -1.4048936595715 -0.13636226943295 -1.4033439880286 -0.153323885410707 -1.40158771755395 -0.170261136638759 -1.3996273585492 -0.187189236064331 -1.39746104956564 -0.204087740993227 -1.39509127426617 -0.220966346546248 -1.39251660929601 -0.237810123857134 -1.38973923600694 -0.254623211255157 -1.38675844615395 -0.271396244787163 -1.3835758415659 -0.286456646799963 -1.38053916140718 -0.30148059946813 -1.37733980123577 -0.316462926152004 -1.3739789010327 -0.331405030880442 -1.37045616205694 -0.34629777591271 -1.36677380212888 -0.361146554576938 -1.36293052986586 -0.375938348691529 -1.35892980422132 -0.390682467083056 -1.35476917569803 -0.405362115411575 -1.35045349889615 -0.419990420337945 -1.34597900906873 -0.436160977569452 -1.34082826911847 -0.45226368098255 -1.33548323541769 -0.468311390054034 -1.3299397876467 -0.484287096488425 -1.32420394827205 -0.500216930087598 -1.31826617967191 -0.51607048205048 -1.31213763159608 -0.531869931423575 -1.30580959324516 -0.547588821959629 -1.29929249430338 -0.563245319084124 -1.29257868711844 -0.578816989982798 -1.28567764472976 -0.59431795142897 -1.27858301698421 -0.60972983721387 -1.27130308499464 -0.625062708938261 -1.26383302593323 -0.640302281710003 -1.25617969755418 -0.655454584273819 -1.2483400271032 -0.670509398896553 -1.24031922395254 -0.685468772582253 -1.23211617858487 -0.700326511685606 -1.22373423589926 -0.713610060168836 -1.21603839405612 -0.726808132318024 -1.20819943858471 -0.739916464247998 -1.20021992862098 -0.75293637328515 -1.19209906724231 -0.765860911089275 -1.18384123372749 -0.778694121542865 -1.17544386803397 -0.791426473276381 -1.16691327150612 -0.804064639348071 -1.15824501602209 -0.81659662073471 -1.14944741531513 -0.829031634334974 -1.14051407081965 -0.841359935646507 -1.13145210911516 -0.853589321386361 -1.12225598969057 -0.865717525904367 -1.11292740942672 -0.877744964741005 -1.10346602608629 -0.889668619606144 -1.09387419611561 -0.901489673170279 -1.08415093410312 -0.913204388415896 -1.07429928445055 -0.924814681965622 -1.06431758942843 -0.936316134819735 -1.05420960665171 -0.947711361484106 -1.04397298001042 -0.958995300303318 -1.03361220229154 -0.970171224954202 -1.02312419619474 -0.981233472764911 -1.0125142081977 -0.992185935492964 -1.00177842039866 -1.00302239311895 -0.990922847930351 -1.01374731229328 -0.979942916396728 -1.02435396105255 -0.968845420909225 -1.03484733594748 -0.95762501829465 -1.04522023990536 -0.946289291267891 -1.05547815288174 -0.934832119269421 -1.06561346065104 -0.923261876513682 -1.07563207888357 -0.911571660154625 -1.08552602496699 -0.899770636072115 -1.09530160171319 -0.887851117949569 -1.10495050738702 -0.875823059794012 -1.11447938279737 -0.86367799432992 -1.12387965653951 -0.851426656502047 -1.13315825801239 -0.839059804235627 -1.14230621900467 -0.826589183586101 -1.15132955018595 -0.814006368309484 -1.16021699211016 -0.80132681721305 -1.16897523826919 -0.788540668623015 -1.17758718550444 -0.775672825425362 -1.18606558745427 -0.762704097680438 -1.1943879507946 -0.749669015985608 -1.2025726572674 -0.736538849549475 -1.21059244270476 -0.723357659272286 -1.21847071236506 -0.710087239372563 -1.22617608353168 -0.696780981374394 -1.23373634419491 -0.683391373263936 -1.24111666594747 -0.669980842154315 -1.24834855487478 -0.656492835047722 -1.25539441813683 -0.642998432919592 -1.26228880360749 -0.629432395311248 -1.2689920321206 -0.615873998641892 -1.27554101700925 -0.602249747165611 -1.28189465710079 -0.588646588541148 -1.28809156563458 -0.574983271951335 -1.29408986047649 -0.561353837694995 -1.29992920970126 -0.54766983696963 -1.30556755980193 -0.534031781203074 -1.31104501754112 -0.520344626219635 -1.31631992938116 -0.506714701386361 -1.32143226062727 -0.493041004126541 -1.32634128542705 -0.479435007574111 -1.33108628916951 -0.465790411388157 -1.33562795377176 -0.452223147251611 -1.34000439807432 -0.43862228711153 -1.34464161883631 -0.423574813739303 -1.3490789407803 -0.4084873728881 -1.35336405192558 -0.393194477036551 -1.35745047817683 -0.377858737862192 -1.36138621333348 -0.362295620467647 -1.36512427828117 -0.346686558172399 -1.36871240981508 -0.330826494531296 -1.37210369705939 -0.314917127301146 -1.3753450195213 -0.298731223068819 -1.37839014681664 -0.282492363519257 -1.3812844571128 -0.265949275090719 -1.38398305855873 -0.249349245241437 -1.38652913270203 -0.232414860867074 -1.38887983824008 -0.215419166836717 -1.39107540492885 -0.198056246004159 -1.39307581767685 -0.180627209776335 -1.39491752968511 -0.16279498102449 -1.3965642024972 -0.144891329264322 -1.39804760818491 -0.126545051802869 -1.39933602232204 -0.108121466930874 -1.40045554188856 -0.0892119711129095 -1.40138009324507 -0.0702186195943379 -1.4020586605922 -0.0527741501279789 -1.40258119274153 -0.0352570268417957 -1.40295104504909 -0.0176660450340688 -2.02636431542745 1.02947016329392 -1.94920819490391 1.17420467905787 -1.86643928016818 1.30619220976059 -1.80551347990199 1.3921367895508 -1.73912585113231 1.47717265899659 -1.67144587098387 1.55607870026125 -1.57996521659763 1.65223984159174 -1.47656319409824 1.74859431302776 -1.37398452085251 1.83307361074145 -1.2731612524582 1.90662063697476 -1.17480744923951 1.97024542419041 -1.07935101585077 2.02494063909342 -0.98708089819711 2.07166300421681 -0.898099801345832 2.1112988020401 -0.812352265697809 2.14473083796613 -0.702576464611204 2.18117538060361 -0.584252794382107 2.21300105452198 -0.470752557853956 2.23673742314768 -0.362726915075502 2.25343340495877 -0.260507538696042 2.26411439654694 -0.164250418016308 2.26972013703358 -0.0452232655381969 2.27073552348075 0.0762802168668196 2.26500527063288 0.185377427570023 2.25392726666713 0.283087059053063 2.23908070282141 0.370590842055655 2.22165337975581 0.473577915931545 2.19582540467456 0.574255425772254 2.16456131290556 0.662981740172543 2.13154132956574 0.743613874581116 2.09648540215506 0.816667789153465 2.05987469519056 0.881653583983078 2.02259586634156 0.938381685595605 1.98538150073258 0.986764395876508 1.9487894599492 1.0197226862473 1.919832665474 1.04067782044677 1.89841898622467 1.05275381242937 1.88411919977346 1.06068608696097 1.87319931529989 1.06589569687805 1.86476734918188 1.06874006052205 1.85934341975872 1.07100730039302 1.8542478312842 1.07380076470111 1.84513809326568 1.07433612481696 1.83835818785089 1.07332513284484 1.83302841742126 1.07102813010887 1.82830974089348 1.06744578258998 1.82403008006142 1.06271360840079 1.8204965034089 1.05706664547579 1.81793967990696 1.04981411591218 1.81606562065416 1.04011783187979 1.81479333965667 1.02988973563346 1.8142577024649 1.01316908394468 1.81463316366668 0.97632525325367 1.81850995490779 0.884653470418802 1.83478273711989 0.66092733343842 1.87652135902138 0.4779208332867 1.90036829139979 0.295157507277471 1.91170185073128 0.123347486740823 1.91002340058691 -0.0411638204005384 1.89655930443608 -0.197442202735628 1.87233317365593 -0.354918819408865 1.83572878910929 -0.494454610923647 1.79200795382082 -0.632416922270975 1.73704573948641 -0.749789183835218 1.67971774199736 -0.862838759732515 1.61402047734601 -0.97965205762216 1.5340414937963 -1.08700204425268 1.44826411375078 -1.18432888852311 1.35862621847109 -1.2808257172361 1.25653430809065 -1.3745777194261 1.14172427367474 -1.46432302492238 1.01271431048075 -1.52453341619569 0.912038786955811 -1.58097550476129 0.803035329111968 -1.64032737140291 0.665364023082467 -1.6703754040799 0.581392834508976 -1.69522599501435 0.500080586993954 -1.71862596630854 0.406846358574562 -1.73367112214906 0.330964123062808 -1.74797012469316 0.232620674604707 -1.75702478551372 0.126012867938999 -1.75964062700324 0.0235441439643143 -1.75671962378718 -0.0746636661309302 -1.74908002688078 -0.168367665368721 -1.7374636897347 -0.257423302547911 -1.71697302019117 -0.368809771174296 -1.68867927886105 -0.48420510968581 -1.65633409074272 -0.589756484543623 -1.6210499082025 -0.68651316765338 -1.5837422807121 -0.775183449371746 -1.53222896870776 -0.881712613640103 -1.47351920162669 -0.987044572977011 -1.41535469787302 -1.07893093202562 -1.35845957008695 -1.15948131471907 -1.28537346653339 -1.25213915695303 -1.20830806561026 -1.33917421669615 -1.13768828386962 -1.4112380746073 -0.82429742695301 -1.68632046369662 -0.800801907760269 -1.70999305681968 -0.792149431141125 -1.72005123709706 -0.784435546033403 -1.73031440524892 -0.77947008950934 -1.73814448684388 -0.77521910875979 -1.74728267801957 -0.773453473117442 -1.75462629042169 -0.773357672628605 -1.76115271666625 -0.774687678926412 -1.766851431034 -0.77726049396882 -1.77158595861192 -0.780942682069592 -1.77546573518203 -0.786256466568265 -1.7791215190962 -0.793420300926309 -1.78245383988962 -0.802496706301546 -1.7852531334926 -0.812315697357373 -1.78712342057462 -0.82555022457497 -1.78846780190359 -0.844009303574404 -1.78892154921656 -0.868734503566796 -1.78768345185798 -0.908826434934907 -1.78261565899072 -0.962828538994779 -1.77154105682156 -1.01722997112 -1.7565796865833 -1.07479717060424 -1.73721959548269 -1.13771513369681 -1.71226944511563 -1.20753805222637 -1.68013195905786 -1.28535080794144 -1.6388068670485 -1.37170504489752 -1.58587411958995 -1.46637893251599 -1.51856607203407 -1.56858352987897 -1.43370278088467 -1.66502395943957 -1.34042967800786 -1.75379392769054 -1.2412768436879 -1.84373593762322 -1.12495632048891 -1.93335015959748 -0.988634026303502 -2.01162186573178 -0.846578874467766 -2.077718118995 -0.70191216988287 -2.13761587648234 -0.538678371497607 -2.18392833667786 -0.372768806325781 -2.21651173389858 -0.20640732434103 -2.23550132038229 -0.0422029503316207 -2.24155145050177 0.117295762099133 -2.23580461696031 0.269779341675191 -2.2195093683554 0.414446435127079 -2.20329230158297 0.507497500846056 -2.17660354193038 0.624100549308337 -2.14850156293778 0.722527639996121 -2.11775618106564 0.813835379067031 -2.08177749678239 0.906535119289858 -2.05530646483077 0.967743715994658 757 9 10 756 757 10 756 10 11 758 9 757 755 11 12 755 756 11 759 8 9 759 9 758 754 12 13 754 755 12 753 754 13 760 7 8 760 8 759 752 13 14 752 753 13 761 6 7 761 7 760 751 752 14 750 14 15 750 751 14 762 5 6 762 6 761 749 750 15 748 15 16 748 749 15 747 748 16 763 4 5 763 5 762 746 747 16 745 16 17 745 746 16 744 745 17 743 744 17 742 17 18 742 743 17 741 742 18 740 18 19 740 741 18 764 3 4 764 4 763 739 19 20 739 740 19 738 20 21 738 739 20 765 2 3 765 3 764 766 1 2 766 2 765 767 1 766 767 80 1 564 726 563 562 563 726 565 726 564 561 726 727 561 562 726 566 726 565 560 561 727 567 725 726 567 726 566 559 560 727 568 725 567 558 559 727 569 725 568 557 558 727 570 725 569 556 557 727 571 725 570 555 727 728 555 556 727 572 725 571 554 555 728 573 724 725 573 725 572 553 554 728 574 724 573 552 553 728 575 724 574 551 552 728 576 724 575 550 551 728 577 724 576 549 550 728 578 724 577 578 723 724 548 549 728 768 80 767 768 79 80 579 723 578 547 548 728 580 723 579 546 547 728 581 723 580 545 546 728 582 723 581 544 545 728 583 723 582 543 544 728 584 722 723 584 723 583 542 728 729 542 543 728 585 722 584 541 542 729 586 722 585 540 541 729 587 722 586 539 540 729 588 722 587 538 539 729 589 722 588 590 721 722 590 722 589 537 538 729 591 721 590 536 537 729 592 721 591 535 536 729 593 721 592 534 535 729 594 721 593 533 534 729 595 721 594 532 533 729 596 721 595 596 720 721 531 532 729 597 720 596 530 531 729 598 720 597 599 720 598 529 729 730 529 530 729 600 720 599 528 529 730 601 719 720 601 720 600 527 730 731 527 528 730 602 719 601 526 527 731 603 719 602 525 526 731 525 731 732 604 719 603 769 78 79 769 79 768 524 732 733 524 525 732 605 719 604 606 719 605 523 524 733 607 718 719 607 719 606 522 523 733 608 718 607 521 733 734 521 522 733 609 718 608 520 521 734 610 718 609 519 520 734 611 718 610 518 734 735 518 519 734 517 518 735 612 718 611 516 517 735 613 718 612 613 717 718 515 516 735 614 717 613 770 78 769 514 515 735 615 717 614 513 735 736 513 514 735 616 717 615 512 513 736 617 717 616 511 512 736 618 717 617 510 511 736 619 716 717 619 717 618 509 510 736 620 716 619 508 736 737 508 509 736 621 716 620 507 508 737 622 716 621 506 507 737 623 715 716 623 716 622 505 506 737 624 715 623 504 505 737 771 78 770 771 77 78 625 715 624 503 504 737 626 715 625 502 503 737 501 737 738 501 502 737 627 715 626 500 501 738 628 714 715 628 715 627 499 500 738 629 714 628 498 499 738 498 738 21 630 714 629 497 498 21 631 714 630 496 497 21 772 77 771 632 713 714 632 714 631 495 496 21 81 713 632 494 495 21 82 713 81 493 494 21 83 713 82 492 493 21 491 21 22 491 492 21 84 712 713 84 713 83 490 491 22 85 712 84 489 490 22 86 712 85 773 77 772 773 76 77 488 489 22 87 712 86 487 488 22 88 712 87 486 487 22 89 711 712 89 712 88 485 486 22 90 711 89 484 22 23 484 485 22 91 711 90 483 484 23 92 711 91 482 483 23 93 711 92 481 482 23 774 76 773 94 710 711 94 711 93 480 481 23 479 480 23 95 710 94 96 710 95 478 479 23 97 710 96 477 478 23 477 23 24 98 710 97 775 75 76 775 76 774 476 477 24 99 709 710 99 710 98 475 476 24 100 709 99 474 475 24 101 709 100 473 474 24 102 709 101 103 709 102 472 473 24 633 75 775 104 708 709 104 709 103 471 24 25 471 472 24 105 708 104 470 471 25 106 708 105 469 470 25 107 708 106 468 469 25 108 707 708 108 708 107 467 468 25 109 707 108 466 467 25 110 707 109 465 466 25 111 707 110 464 25 26 464 465 25 112 707 111 463 464 26 113 707 112 113 706 707 462 463 26 114 706 113 461 462 26 634 75 633 634 74 75 115 706 114 460 461 26 116 706 115 459 460 26 117 706 116 458 459 26 118 706 117 457 458 26 457 26 27 119 706 118 119 705 706 456 457 27 120 705 119 455 456 27 121 705 120 454 455 27 122 705 121 453 454 27 123 705 122 452 453 27 124 705 123 451 452 27 635 73 74 635 74 634 450 451 27 125 705 124 125 704 705 449 27 28 449 450 27 126 704 125 448 449 28 127 704 126 447 448 28 128 704 127 446 447 28 129 704 128 445 446 28 130 704 129 444 445 28 636 73 635 131 704 130 131 703 704 443 444 28 132 703 131 442 28 29 442 443 28 133 703 132 441 442 29 72 73 636 134 703 133 440 441 29 135 703 134 439 440 29 136 703 135 438 439 29 137 703 136 437 438 29 637 72 636 436 29 30 436 437 29 702 137 138 702 703 137 435 436 30 139 702 138 434 435 30 140 702 139 433 434 30 141 702 140 432 433 30 142 702 141 431 432 30 143 702 142 638 72 637 430 431 30 144 702 143 429 430 30 145 702 144 428 429 30 701 702 145 701 145 146 701 146 147 148 701 147 31 428 30 31 425 426 31 426 427 31 427 428 71 72 638 149 701 148 424 425 31 150 701 149 423 424 31 151 701 150 422 423 31 152 701 151 639 71 638 421 422 31 700 152 153 700 153 154 700 154 155 700 155 156 700 701 152 157 700 156 158 700 157 159 700 158 32 414 415 32 415 416 32 416 417 32 417 418 32 418 419 32 419 420 32 420 421 32 421 31 70 639 640 70 71 639 699 700 159 699 159 160 699 160 161 699 161 162 699 162 163 699 163 164 699 164 165 166 699 165 641 70 640 698 699 166 698 166 167 698 167 168 698 168 169 698 169 170 698 170 171 698 171 172 33 408 409 33 409 410 33 410 411 33 411 412 33 412 413 33 413 414 33 414 32 69 70 641 69 641 642 697 172 173 697 173 174 697 174 175 697 175 176 697 698 172 697 176 177 697 177 178 697 178 179 696 697 179 696 179 180 696 180 181 696 181 182 696 182 183 696 183 184 696 184 185 696 185 186 34 404 405 34 405 406 34 406 407 34 407 408 34 408 33 34 401 402 34 402 403 34 403 404 68 69 642 68 642 643 68 643 644 695 186 187 695 187 188 695 188 189 695 189 190 695 190 191 695 191 192 695 192 193 695 696 186 694 695 193 694 193 194 694 194 195 694 195 196 694 196 197 694 197 198 694 198 199 35 401 34 35 395 396 35 396 397 35 397 398 35 398 399 35 399 400 35 400 401 67 644 645 67 68 644 693 202 203 693 203 204 693 204 205 693 205 206 693 694 199 693 199 200 693 200 201 693 201 202 692 206 207 692 207 208 692 208 209 692 209 210 692 210 211 692 211 212 692 212 213 692 213 214 692 693 206 36 395 35 36 388 389 36 389 390 36 390 391 36 391 392 36 392 393 36 393 394 36 394 395 66 645 646 66 646 647 66 67 645 691 214 215 691 215 216 691 216 217 691 217 218 691 218 219 691 219 220 691 220 221 691 692 214 691 221 222 37 388 36 37 381 382 37 382 383 37 383 384 37 384 385 37 385 386 37 386 387 37 387 388 65 647 648 65 648 649 65 66 647 690 691 222 690 222 223 690 223 224 690 224 225 690 225 226 690 226 227 690 227 228 690 228 229 689 690 229 689 229 230 689 230 231 689 231 232 689 232 233 689 233 234 689 234 235 689 235 236 689 236 237 689 237 238 38 381 37 38 374 375 38 375 376 38 376 377 38 377 378 38 378 379 38 379 380 38 380 381 64 649 650 64 65 649 688 238 239 688 239 240 688 240 241 688 241 242 688 242 243 688 243 244 688 244 245 688 245 246 688 689 238 687 246 247 687 247 248 687 248 249 687 249 250 687 250 251 687 251 252 687 252 253 687 253 254 687 254 255 687 255 256 687 688 246 39 374 38 39 367 368 39 368 369 39 369 370 39 370 371 39 371 372 39 372 373 39 373 374 63 650 651 63 651 652 63 64 650 686 256 257 686 257 258 686 258 259 686 259 260 686 260 261 686 261 262 686 687 256 686 262 263 686 263 264 685 686 264 685 264 265 685 265 266 685 266 267 685 267 268 684 685 268 684 268 269 684 269 270 684 270 271 683 684 271 683 271 272 683 272 273 40 367 39 40 360 361 40 361 362 40 362 363 40 363 364 40 364 365 40 365 366 40 366 367 62 652 653 62 653 654 62 63 652 682 683 273 682 273 274 682 274 275 681 682 275 681 275 276 681 276 277 681 277 278 680 681 278 680 278 279 680 279 280 680 280 281 680 281 282 679 680 282 679 282 283 679 283 284 679 284 285 679 285 286 679 286 287 679 287 288 678 679 288 678 288 289 678 289 290 678 290 291 678 291 292 678 292 293 678 293 294 678 294 295 677 678 295 677 295 296 677 296 297 677 297 298 677 298 299 41 360 40 41 354 355 41 355 356 41 356 357 41 357 358 41 358 359 41 359 360 61 62 654 61 654 655 42 354 41 42 347 348 42 348 349 42 349 350 42 350 351 42 351 352 42 352 353 42 353 354 60 61 655 60 655 656 60 656 657 43 341 342 43 342 343 43 343 344 43 344 345 43 345 346 43 346 347 43 347 42 59 60 657 59 657 658 44 334 335 44 335 336 44 336 337 44 337 338 44 338 339 44 339 340 44 340 341 44 341 43 58 658 659 58 659 660 58 59 658 45 327 328 45 328 329 45 329 330 45 330 331 45 331 332 45 332 333 45 333 334 45 334 44 57 660 661 57 661 662 57 58 660 46 320 321 46 321 322 46 322 323 46 323 324 46 324 325 46 325 326 46 326 327 46 327 45 56 57 662 56 662 663 56 663 664 47 313 314 47 314 315 47 315 316 47 316 317 47 317 318 47 318 319 47 319 320 47 320 46 55 56 664 55 664 665 55 665 666 48 305 306 48 306 307 48 307 308 48 308 309 48 309 310 48 310 311 48 311 312 48 312 313 48 313 47 54 666 667 54 667 668 54 668 669 54 55 666 49 305 48 49 303 304 49 304 305 49 677 299 49 299 300 49 300 301 49 301 302 49 302 303 53 54 669 53 669 670 53 670 671 53 671 672 53 672 673 50 677 49 50 676 677 52 53 673 52 673 674 52 674 675 51 676 50 51 52 675 51 675 676 

TShapes 10
Ve
0.0261644292926918
18.43447742937 57.80693001254 6.207328427126
0 0

0101101
*
Ve
0.0261644292926918
15.76352258227 58.66806998746 6.207328427126
0 0

0101101
*
Ed
 0.0212898254104362 1 1 0
1  1 0 0 3.14159265358748
2  1 2 0 0 3.14159265358748
2  2 1 0 0 3.14159265358748
4 G1 2 0 1 0
6  1 1 0
0

0101000
+10 0 -9 0 *
Ed
 0.0261644292872355 1 1 0
1  2 0 0 1
2  3 1 0 0 1
4 C0 1 0 3 0
6  2 2 0
0

0101000
-9 0 +10 0 *
Wi

0101100
+8 0 -7 0 *
Ve
1e-05
17.5347338775802 59.5889939855469 6.2025
0 0

0101101
*
Ed
 1e-05 1 1 0
1  3 0 0 6.28318530717959
3  4 5CN 1 0 0 6.28318530717959
0

0101000
+5 0 -5 0 *
Ed
 1e-05 1 1 0
1  4 0 0 6.28318530717959
3  6 7CN 1 0 0 6.28318530717959
0

0101000
+5 0 -5 0 *
Wi

0101100
-4 0 +3 0 +4 0 -3 0 *
Fa
0  1e-07 1 0

0111000
+6 0 +2 0 *

-1 0 