DBRep_DrawableShape

CASCADE Topology V3, (c) Open Cascade
Locations 0
Curve2ds 2
1 0.60275742155755507 0 0 1 
1 0.60275742155755507 0 0 1 
Curves 2
1 -30.03271580597 65.761706680009993 -398.74414213559999 0 -1 0 
1 -30.03271580597 65.761706680009993 -398.74414213559999 0 -1 0 
Polygon3D 0
PolygonOnTriangulations 2
3 3 4 1 
p 0.0166666666666667 1 0 5.70780445334 17.12341336002 
3 1743 1744 1745 
p 0.0166666666666667 1 0 5.70780445334 17.12341336002 
Surfaces 3
2 -29.968573670350001 65.761706680009993 -398.69999999999999 0 -1 0 -1 0 0 -0 -0 -1 0.10000000000000001
1 -30.068573670349998 65.761706680009993 -398.69999999999999 1 0 0 0 0 1 0 -1 0 
1 268.5 0 -398.80000000000001 0 0 -1 -1 0 0 0 1 0 
Triangulations 2
5 3 1 0 0.023905241106668
-30.03271580597 48.63829331999 -398.7441421356 -30.06857368867 48.63829292685 -397.2999999817 -30.03271580597 65.76170668001 -398.7441421356 -30.03271580597 60.05390222667 -398.7441421356 -30.06857367579 65.76170692256 -397.2999999946 -0.0441421355999978 17.12341336002 1.40000001829998 17.12341375316 -0.0441421355999978 0 -0.0441421355999978 5.70780445334 1.40000000542017 -2.4255000141693e-07 4 3 5 2 1 4 5 2 4 
3662 3750 1 0 0.0558578644000249
-264 75.73710678119 -398.8 -265.8 75.73710678169 -398.8 -264 78.33710678119 -398.8 -264.5000283855 78.33711412256 -398.7999926506 -264.5 89.3 -398.8 -264.3 89.3 -398.8 -262.5 89.3 -398.8 -262.4998212853 89.6 -398.7998212853 -183.3 89.6 -398.8 -183.3 87.8 -398.8 -182.8 87.3 -398.8 -182.839229547864 87.3015413331334 -398.8 -182.87821723252 87.3061558297024 -398.8 -182.916722681928 87.3138150398012 -398.8 -182.954508497187 87.3244717418524 -398.8 -182.991341716183 87.3380602337444 -398.8 -183.02699524987 87.3544967379058 -398.8 -183.061249282358 87.373679917823 -398.8 -183.093892626146 87.3954915028125 -398.8 -183.124724024165 87.4197970172 -398.8 -183.153553390593 87.4464466094067 -398.8 -183.1802029828 87.4752759758349 -398.8 -183.204508497187 87.5061073738538 -398.8 -183.226320082177 87.538750717642 -398.8 -183.245503262094 87.5730047501302 -398.8 -183.261939766256 87.6086582838174 -398.8 -183.275528258148 87.6454915028125 -398.8 -183.286184960199 87.683277318072 -398.8 -183.293844170298 87.7217827674799 -398.8 -183.298458666867 87.7607704521361 -398.8 -175.8 87.3 -398.8 -175.3 87.8 -398.8 -175.301541333133 87.7607704521361 -398.8 -175.306155829702 87.7217827674799 -398.8 -175.313815039801 87.683277318072 -398.8 -175.324471741852 87.6454915028125 -398.8 -175.338060233744 87.6086582838174 -398.8 -175.354496737906 87.5730047501302 -398.8 -175.373679917823 87.538750717642 -398.8 -175.395491502813 87.5061073738538 -398.8 -175.4197970172 87.4752759758349 -398.8 -175.446446609407 87.4464466094067 -398.8 -175.475275975835 87.4197970172 -398.8 -175.506107373854 87.3954915028125 -398.8 -175.538750717642 87.373679917823 -398.8 -175.57300475013 87.3544967379058 -398.8 -175.608658283817 87.3380602337444 -398.8 -175.645491502813 87.3244717418524 -398.8 -175.683277318072 87.3138150398012 -398.8 -175.72178276748 87.3061558297024 -398.8 -175.760770452136 87.3015413331334 -398.8 -175.3 89.6 -398.8 -4 89.6 -398.8 -4 87.8 -398.8 -3.5 87.3 -398.8 -3.53922954786392 87.3015413331334 -398.8 -3.57821723252012 87.3061558297024 -398.8 -3.61672268192795 87.3138150398012 -398.8 -3.65450849718747 87.3244717418524 -398.8 -3.69134171618254 87.3380602337444 -398.8 -3.72699524986977 87.3544967379058 -398.8 -3.76124928235797 87.373679917823 -398.8 -3.79389262614624 87.3954915028125 -398.8 -3.82472402416509 87.4197970172 -398.8 -3.85355339059327 87.4464466094067 -398.8 -3.88020298280002 87.4752759758349 -398.8 -3.90450849718747 87.5061073738538 -398.8 -3.92632008217705 87.538750717642 -398.8 -3.94550326209418 87.5730047501302 -398.8 -3.96193976625564 87.6086582838174 -398.8 -3.97552825814758 87.6454915028125 -398.8 -3.98618496019884 87.683277318072 -398.8 -3.99384417029757 87.7217827674799 -398.8 -3.99845866686656 87.7607704521361 -398.8 3.5 87.3 -398.8 4 87.8 -398.8 3.99845866686656 87.7607704521361 -398.8 3.99384417029757 87.7217827674799 -398.8 3.98618496019884 87.683277318072 -398.8 3.97552825814758 87.6454915028125 -398.8 3.96193976625564 87.6086582838174 -398.8 3.94550326209418 87.5730047501302 -398.8 3.92632008217705 87.538750717642 -398.8 3.90450849718747 87.5061073738538 -398.8 3.88020298280002 87.4752759758349 -398.8 3.85355339059327 87.4464466094067 -398.8 3.82472402416509 87.4197970172 -398.8 3.79389262614624 87.3954915028125 -398.8 3.76124928235797 87.373679917823 -398.8 3.72699524986977 87.3544967379058 -398.8 3.69134171618254 87.3380602337444 -398.8 3.65450849718747 87.3244717418524 -398.8 3.61672268192795 87.3138150398012 -398.8 3.57821723252012 87.3061558297024 -398.8 3.53922954786392 87.3015413331334 -398.8 4 89.6 -398.8 175.3 89.6 -398.8 175.3 87.8 -398.8 175.8 87.3 -398.8 175.760770452136 87.3015413331334 -398.8 175.72178276748 87.3061558297024 -398.8 175.683277318072 87.3138150398012 -398.8 175.645491502813 87.3244717418524 -398.8 175.608658283817 87.3380602337444 -398.8 175.57300475013 87.3544967379058 -398.8 175.538750717642 87.373679917823 -398.8 175.506107373854 87.3954915028125 -398.8 175.475275975835 87.4197970172 -398.8 175.446446609407 87.4464466094067 -398.8 175.4197970172 87.4752759758349 -398.8 175.395491502813 87.5061073738538 -398.8 175.373679917823 87.538750717642 -398.8 175.354496737906 87.5730047501302 -398.8 175.338060233744 87.6086582838174 -398.8 175.324471741852 87.6454915028125 -398.8 175.313815039801 87.683277318072 -398.8 175.306155829702 87.7217827674799 -398.8 175.301541333133 87.7607704521361 -398.8 182.8 87.3 -398.8 183.3 87.8 -398.8 183.298458666867 87.7607704521361 -398.8 183.293844170298 87.7217827674799 -398.8 183.286184960199 87.683277318072 -398.8 183.275528258148 87.6454915028125 -398.8 183.261939766256 87.6086582838174 -398.8 183.245503262094 87.5730047501302 -398.8 183.226320082177 87.538750717642 -398.8 183.204508497187 87.5061073738538 -398.8 183.1802029828 87.4752759758349 -398.8 183.153553390593 87.4464466094067 -398.8 183.124724024165 87.4197970172 -398.8 183.093892626146 87.3954915028125 -398.8 183.061249282358 87.373679917823 -398.8 183.02699524987 87.3544967379058 -398.8 182.991341716183 87.3380602337444 -398.8 182.954508497187 87.3244717418524 -398.8 182.916722681928 87.3138150398012 -398.8 182.87821723252 87.3061558297024 -398.8 182.839229547864 87.3015413331334 -398.8 183.3 89.6 -398.8 262.4998212682 89.6 -398.7998212682 262.5 89.3 -398.8 264.3 89.3 -398.8 264.5 89.3 -398.8 264.500028427 78.63711412454 -398.7999926486 264 78.63710678119 -398.8 264 76.03710678119 -398.8 265.8 76.03710678169 -398.8 265.8 53.53453643763 -398.8 265.8 45.53453643763 -398.8 265.8 5.3 -398.8 266.257921145 5.000288988198 -398.800048135 266.058943772588 5.17306491420674 -398.799993582 266.009798868629 5.21041044657001 -398.799995721333 265.959760251933 5.24402473149143 -398.8 265.930985883342 5.26086991518856 -398.800001191623 265.909066370734 5.27212596196519 -398.80000142596 265.884751767428 5.28269883545433 -398.800001245307 265.864204501375 5.28985597696496 -398.800000893069 265.844941021999 5.29493623874386 -398.800000516359 265.830339307926 5.29766128081492 -398.800000261652 265.815241840703 5.29940199350307 -398.800000072705 266.8 5 -398.8 266.32 3.122731512022 -398.8 266.253374257195 3.16262296586132 -398.8 266.190044841279 3.20756406924639 -398.8 266.130393648749 3.25728381304586 -398.8 266.074780395246 3.31148237140896 -398.8 266.023540446358 3.36983290981022 -398.8 265.976982795255 3.43198355596548 -398.8 265.935388199364 3.49755952173355 -398.8 265.899007487312 3.56616536320777 -398.8 265.868060046352 3.63738736536841 -398.8 265.842732499384 3.71079603691564 -398.8 265.823177579562 3.78594870023857 -398.8 265.809513209266 3.86239216090183 -398.8 265.801821788989 3.939665440552 -398.8 265.80014970044 4.01730255676355 -398.8 265.804507026844 4.09483533306091 -398.8 265.814867492137 4.17179622217131 -398.8 265.831168619424 4.24772112548343 -398.8 265.853312107727 4.32215219170944 -398.8 265.881164424777 4.39464057787369 -398.8 265.914557612254 4.46474915597851 -398.8 265.953290298629 4.53205514902488 -398.8 265.997128913497 4.59615268049202 -398.8 266.045809096084 4.65665522190181 -398.8 266.099037289424 4.71319792370826 -398.8 266.1564925106 4.76543981545622 -398.8 266.217828286375 4.81306586194153 -398.8 266.282674742536 4.85578886297337 -398.8 266.35064083435 4.8933511852827 -398.8 266.421316704691 4.92552631613268 -398.8 266.494276155609 4.95212022926244 -398.8 266.569079218435 4.97297255492709 -398.8 266.645274806936 4.98795754697822 -398.8 266.722403437506 4.99698484115312 -398.8 267.1 1.806828780054 -398.8 267.095619978659 1.92137518740063 -398.8 267.082505494085 2.03525264046899 -398.8 267.060733135242 2.14779609169279 -398.8 267.030430053324 2.25834828411452 -398.8 266.991773219193 2.36626358978471 -398.8 266.944988389858 2.47091178024754 -398.8 266.890348790056 2.571681707093 -398.8 266.828173516604 2.66798487108092 -398.8 266.758825674867 2.75925885899334 -398.8 266.682710258215 2.8449706281437 -398.8 266.600271782847 2.92461961936124 -398.8 266.511991691805 2.99774068027088 -398.8 266.418385543333 3.06390678179627 -398.8 267.1 1.4 -398.8 196.2270765814 1.4 -398.8 195.8471506281 3.299629766702 -398.8 193.1528493719 3.299629766702 -398.8 193.206061464513 3.53549503299309 -398.8 193.259273557133 3.71766460594773 -398.8 193.302375352158 3.83275543994967 -398.8 193.342284421629 3.91842457964017 -398.8 193.378202584154 3.98194556554098 -398.8 193.410528930428 4.03076401162116 -398.8 193.442855276702 4.07400634473865 -398.8 193.625161172903 4.29088952469612 -398.8 193.756690221785 4.43172513216768 -398.8 193.836225155999 4.50484677970431 -398.8 193.902504267843 4.55693348384217 -398.8 193.963873815846 4.59821295177636 -398.8 194.025243363849 4.63325259687976 -398.8 194.086612911851 4.66248281320746 -398.8 194.147982459853 4.68633399481453 -398.8 194.209352007854 4.70523653575605 -398.8 194.270721555855 4.71962083008709 -398.8 194.332091103856 4.72991727186274 -398.8 194.393460651857 4.73655625513806 -398.8 194.454830199857 4.73996817396815 -398.8 194.536656263858 4.74021083951714 -398.8 194.628710585859 4.73455262494175 -398.8 194.71155947566 4.7229944406773 -398.8 194.786123476482 4.70644604491863 -398.8 194.853231077221 4.68591173370208 -398.8 194.913627917887 4.66237890081809 -398.8 194.974024758554 4.6336345614199 -398.8 195.03442159922 4.5992684640295 -398.8 195.094818439888 4.55887035716891 -398.8 195.155215280556 4.51202998936013 -398.8 195.215612121224 4.45842813882021 -398.8 195.276008961893 4.3986985743491 -398.8 195.477331764126 4.17082081095871 -398.8 195.567927025131 4.06006382693379 -398.8 195.609204490925 4.0017697989409 -398.8 195.64742436666 3.9377925553488 -398.8 195.685038457362 3.86172946945182 -398.8 195.728035817559 3.75428704704135 -398.8 195.771033177753 3.61990581183211 -398.8 195.809091902928 3.47423323653514 -398.8 192.7729234186 1.4 -398.8 166.2270765814 1.4 -398.8 165.8471506281 3.299629766702 -398.8 163.1528493719 3.299629766702 -398.8 163.206061464513 3.53549503299309 -398.8 163.259273557133 3.71766460594773 -398.8 163.302375352158 3.83275543994967 -398.8 163.342284421629 3.91842457964017 -398.8 163.378202584154 3.98194556554098 -398.8 163.410528930428 4.03076401162116 -398.8 163.442855276702 4.07400634473865 -398.8 163.625161172903 4.29088952469612 -398.8 163.756690221785 4.43172513216768 -398.8 163.836225155999 4.50484677970431 -398.8 163.902504267843 4.55693348384217 -398.8 163.963873815846 4.59821295177636 -398.8 164.025243363849 4.63325259687976 -398.8 164.086612911851 4.66248281320746 -398.8 164.147982459853 4.68633399481453 -398.8 164.209352007854 4.70523653575605 -398.8 164.270721555855 4.71962083008709 -398.8 164.332091103856 4.72991727186274 -398.8 164.393460651857 4.73655625513806 -398.8 164.454830199857 4.73996817396815 -398.8 164.536656263858 4.74021083951714 -398.8 164.628710585859 4.73455262494175 -398.8 164.71155947566 4.7229944406773 -398.8 164.786123476482 4.70644604491863 -398.8 164.853231077221 4.68591173370208 -398.8 164.913627917887 4.66237890081809 -398.8 164.974024758554 4.6336345614199 -398.8 165.03442159922 4.5992684640295 -398.8 165.094818439888 4.55887035716891 -398.8 165.155215280556 4.51202998936013 -398.8 165.215612121224 4.45842813882021 -398.8 165.276008961893 4.3986985743491 -398.8 165.477331764126 4.17082081095871 -398.8 165.567927025131 4.06006382693379 -398.8 165.609204490925 4.0017697989409 -398.8 165.64742436666 3.9377925553488 -398.8 165.685038457362 3.86172946945182 -398.8 165.728035817559 3.75428704704135 -398.8 165.771033177753 3.61990581183211 -398.8 165.809091902928 3.47423323653514 -398.8 162.7729234186 1.4 -398.8 16.22707658145 1.4 -398.8 15.84715062811 3.299629766702 -398.8 13.15284937189 3.299629766702 -398.8 13.206061464524 3.53549503301239 -398.8 13.2592735571585 3.71766460597727 -398.8 13.3023753521929 3.83275543998279 -398.8 13.3422844216693 3.91842457967424 -398.8 13.3782025841982 3.98194556557496 -398.8 13.4105289304743 4.03076401165504 -398.8 13.4428552767504 4.07400634477307 -398.8 13.6251611729678 4.29088952475805 -398.8 13.7566902218448 4.4317251322231 -398.8 13.8362251560627 4.50484677975821 -398.8 13.9025042679109 4.55693348389282 -398.8 13.9638738159184 4.59821295182322 -398.8 14.0252433639259 4.6332525969222 -398.8 14.0866129119334 4.66248281324496 -398.8 14.1479824599408 4.68633399484669 -398.8 14.2093520079483 4.70523653578261 -398.8 14.2707215559557 4.7196208301079 -398.8 14.3320911039631 4.72991727187776 -398.8 14.3934606519705 4.73655625514739 -398.8 14.4548301999779 4.73996817397198 -398.8 14.5366562639878 4.74021083951387 -398.8 14.6287105859989 4.73455262492799 -398.8 14.7115594758089 4.72299444065104 -398.8 14.7861234766379 4.70644604487839 -398.8 14.853231077384 4.68591173364687 -398.8 14.9136279180556 4.66237890074733 -398.8 14.9740247587271 4.63363456133151 -398.8 15.0344215993987 4.59926846392128 -398.8 15.0948184400703 4.55887035703854 -398.8 15.155215280742 4.51202998920519 -398.8 15.2156121214136 4.45842813863941 -398.8 15.2760089620854 4.3986985741449 -398.8 15.4773317643254 4.17082081070041 -398.8 15.567927025334 4.06006382663862 -398.8 15.6092044911312 4.00176979859089 -398.8 15.6474243668692 3.93779255492301 -398.8 15.6850384575767 3.86172946892693 -398.8 15.7280358177817 3.75428704637213 -398.8 15.7710331779865 3.61990581098399 -398.8 15.8090919030484 3.47423323602433 -398.8 12.77292341855 1.4 -398.8 -13.77292341855 1.4 -398.8 -14.15284937189 3.299629766702 -398.8 -16.84715062811 3.299629766702 -398.8 -16.793938535476 3.53549503301239 -398.8 -16.7407264428415 3.71766460597727 -398.8 -16.6976246478071 3.83275543998279 -398.8 -16.6577155783307 3.91842457967424 -398.8 -16.6217974158018 3.98194556557496 -398.8 -16.5894710695257 4.03076401165504 -398.8 -16.5571447232496 4.07400634477306 -398.8 -16.3748388270322 4.29088952475813 -398.8 -16.2433097781552 4.4317251322231 -398.8 -16.1637748439373 4.50484677975821 -398.8 -16.0974957320891 4.55693348389282 -398.8 -16.0361261840816 4.59821295182321 -398.8 -15.9747566360741 4.63325259692219 -398.8 -15.9133870880666 4.66248281324495 -398.8 -15.8520175400592 4.68633399484669 -398.8 -15.7906479920517 4.70523653578261 -398.8 -15.7292784440443 4.7196208301079 -398.8 -15.6679088960369 4.72991727187776 -398.8 -15.6065393480295 4.73655625514739 -398.8 -15.5451698000221 4.73996817397198 -398.8 -15.4633437360122 4.74021083951387 -398.8 -15.3712894140011 4.73455262492799 -398.8 -15.2884405241911 4.72299444065104 -398.8 -15.2138765233621 4.7064460448784 -398.8 -15.146768922616 4.68591173364687 -398.8 -15.0863720819444 4.66237890074734 -398.8 -15.0259752412729 4.63363456133152 -398.8 -14.9655784006013 4.59926846392129 -398.8 -14.9051815599297 4.55887035703856 -398.8 -14.8447847192581 4.51202998920521 -398.8 -14.7843878785864 4.45842813863943 -398.8 -14.7239910379147 4.39869857414492 -398.8 -14.5226682356747 4.17082081070043 -398.8 -14.432072974666 4.06006382663865 -398.8 -14.3907955088688 4.00176979859092 -398.8 -14.3525756331308 3.93779255492304 -398.8 -14.3149615424233 3.86172946892698 -398.8 -14.2719641822183 3.75428704637218 -398.8 -14.2289668220135 3.61990581098406 -398.8 -14.1909080969516 3.47423323602437 -398.8 -17.22707658145 1.4 -398.8 -163.7729234186 1.4 -398.8 -164.1528493719 3.299629766702 -398.8 -166.8471506281 3.299629766702 -398.8 -166.793938535487 3.53549503299309 -398.8 -166.740726442867 3.71766460594773 -398.8 -166.697624647842 3.83275543994967 -398.8 -166.657715578371 3.91842457964017 -398.8 -166.621797415846 3.98194556554098 -398.8 -166.589471069572 4.03076401162116 -398.8 -166.557144723298 4.07400634473865 -398.8 -166.374838827097 4.29088952469612 -398.8 -166.243309778215 4.43172513216768 -398.8 -166.163774844001 4.50484677970431 -398.8 -166.097495732157 4.55693348384217 -398.8 -166.036126184154 4.59821295177636 -398.8 -165.974756636151 4.63325259687976 -398.8 -165.913387088149 4.66248281320746 -398.8 -165.852017540147 4.68633399481453 -398.8 -165.790647992146 4.70523653575605 -398.8 -165.729278444145 4.71962083008709 -398.8 -165.667908896144 4.72991727186274 -398.8 -165.606539348143 4.73655625513806 -398.8 -165.545169800143 4.73996817396815 -398.8 -165.463343736142 4.74021083951714 -398.8 -165.371289414141 4.73455262494175 -398.8 -165.28844052434 4.7229944406773 -398.8 -165.213876523518 4.70644604491863 -398.8 -165.146768922779 4.68591173370208 -398.8 -165.086372082113 4.66237890081809 -398.8 -165.025975241446 4.6336345614199 -398.8 -164.96557840078 4.5992684640295 -398.8 -164.905181560112 4.55887035716891 -398.8 -164.844784719444 4.51202998936013 -398.8 -164.784387878776 4.45842813882021 -398.8 -164.723991038107 4.3986985743491 -398.8 -164.522668235874 4.17082081095871 -398.8 -164.432072974869 4.06006382693379 -398.8 -164.390795509075 4.0017697989409 -398.8 -164.35257563334 3.9377925553488 -398.8 -164.314961542638 3.86172946945182 -398.8 -164.271964182441 3.75428704704135 -398.8 -164.228966822247 3.61990581183211 -398.8 -164.190908097072 3.47423323653514 -398.8 -167.2270765814 1.4 -398.8 -193.7729234186 1.4 -398.8 -194.1528493719 3.299629766702 -398.8 -196.8471506281 3.299629766702 -398.8 -196.793938535487 3.53549503299309 -398.8 -196.740726442867 3.71766460594773 -398.8 -196.697624647842 3.83275543994967 -398.8 -196.657715578371 3.91842457964017 -398.8 -196.621797415846 3.98194556554098 -398.8 -196.589471069572 4.03076401162116 -398.8 -196.557144723298 4.07400634473865 -398.8 -196.374838827097 4.29088952469612 -398.8 -196.243309778215 4.43172513216768 -398.8 -196.163774844001 4.50484677970431 -398.8 -196.097495732157 4.55693348384217 -398.8 -196.036126184154 4.59821295177636 -398.8 -195.974756636151 4.63325259687976 -398.8 -195.913387088149 4.66248281320746 -398.8 -195.852017540147 4.68633399481453 -398.8 -195.790647992146 4.70523653575605 -398.8 -195.729278444145 4.71962083008709 -398.8 -195.667908896144 4.72991727186274 -398.8 -195.606539348143 4.73655625513806 -398.8 -195.545169800143 4.73996817396815 -398.8 -195.463343736142 4.74021083951714 -398.8 -195.371289414141 4.73455262494175 -398.8 -195.28844052434 4.7229944406773 -398.8 -195.213876523518 4.70644604491863 -398.8 -195.146768922779 4.68591173370208 -398.8 -195.086372082113 4.66237890081809 -398.8 -195.025975241446 4.6336345614199 -398.8 -194.96557840078 4.5992684640295 -398.8 -194.905181560112 4.55887035716891 -398.8 -194.844784719444 4.51202998936013 -398.8 -194.784387878776 4.45842813882021 -398.8 -194.723991038107 4.3986985743491 -398.8 -194.522668235874 4.17082081095871 -398.8 -194.432072974869 4.06006382693379 -398.8 -194.390795509075 4.0017697989409 -398.8 -194.35257563334 3.9377925553488 -398.8 -194.314961542638 3.86172946945182 -398.8 -194.271964182441 3.75428704704135 -398.8 -194.228966822247 3.61990581183211 -398.8 -194.190908097072 3.47423323653514 -398.8 -197.2270765814 1.4 -398.8 -267.1 1.4 -398.8 -267.1 1.806828780054 -398.8 -266.32 3.122731512022 -398.8 -266.418385543333 3.0639067817962 -398.8 -266.511991691805 2.9977406802708 -398.8 -266.600271782848 2.92461961936116 -398.8 -266.682710258216 2.84497062814362 -398.8 -266.758825674867 2.75925885899327 -398.8 -266.828173516604 2.66798487108085 -398.8 -266.890348790056 2.57168170709293 -398.8 -266.944988389858 2.47091178024749 -398.8 -266.991773219193 2.36626358978466 -398.8 -267.030430053324 2.25834828411448 -398.8 -267.060733135242 2.14779609169276 -398.8 -267.082505494085 2.03525264046897 -398.8 -267.095619978659 1.92137518740062 -398.8 -266.8 5 -398.8 -266.722403437506 4.99698484115312 -398.8 -266.645274806936 4.98795754697822 -398.8 -266.569079218435 4.9729725549271 -398.8 -266.494276155609 4.95212022926245 -398.8 -266.421316704691 4.92552631613269 -398.8 -266.35064083435 4.89335118528272 -398.8 -266.282674742536 4.85578886297339 -398.8 -266.217828286375 4.81306586194156 -398.8 -266.1564925106 4.76543981545626 -398.8 -266.099037289424 4.71319792370831 -398.8 -266.045809096084 4.65665522190186 -398.8 -265.997128913497 4.59615268049208 -398.8 -265.953290298629 4.53205514902494 -398.8 -265.914557612254 4.46474915597859 -398.8 -265.881164424777 4.39464057787377 -398.8 -265.853312107727 4.32215219170953 -398.8 -265.831168619424 4.24772112548354 -398.8 -265.814867492137 4.17179622217142 -398.8 -265.804507026844 4.09483533306102 -398.8 -265.80014970044 4.01730255676368 -398.8 -265.801821788989 3.93966544055213 -398.8 -265.809513209266 3.86239216090196 -398.8 -265.823177579562 3.78594870023871 -398.8 -265.842732499384 3.71079603691578 -398.8 -265.868060046352 3.63738736536855 -398.8 -265.899007487312 3.56616536320791 -398.8 -265.935388199364 3.49755952173369 -398.8 -265.976982795255 3.43198355596562 -398.8 -266.023540446358 3.36983290981036 -398.8 -266.074780395246 3.31148237140909 -398.8 -266.130393648748 3.25728381304598 -398.8 -266.190044841279 3.20756406924651 -398.8 -266.253374257195 3.16262296586142 -398.8 -266.2578773021 5.000326090751 -398.8000557648 -265.8 5.3 -398.8 -265.814931246356 5.29942176739339 -398.800000084172 -265.829740949403 5.29773745359951 -398.800000302932 -265.844430279906 5.29502263465731 -398.800000605644 -265.859000408635 5.29135288660571 -398.800000941673 -265.873452506355 5.28680378548365 -398.800001260384 -265.887787743834 5.28145090733006 -398.80000151114 -265.906721634758 5.27319404188429 -398.800001652258 -265.927779877305 5.26258069543012 -398.80000140957 -265.955464913934 5.24667441175933 -398.800000139251 -265.986108603874 5.2269810458519 -398.799997269649 -266.026404231722 5.19824003544249 -398.799993348828 -266.139587424986 5.10581485655101 -398.800013772225 -265.8 45.53453643763 -398.8 -265.8 53.53453643763 -398.8 257 13.5 -398.8 256.993834667466 13.3430818085443 -398.8 256.97537668119 13.1871310699195 -398.8 256.944739840795 13.0331092722882 -398.8 256.90211303259 12.8819660112501 -398.8 256.847759065023 12.7346331352698 -398.8 256.782013048377 12.5920190005209 -398.8 256.705280328708 12.4550028705681 -398.8 256.61803398875 12.3244294954151 -398.8 256.5208119312 12.2011039033396 -398.8 256.414213562373 12.0857864376269 -398.8 256.29889609666 11.9791880687999 -398.8 256.175570504585 11.8819660112501 -398.8 256.044997129432 11.7947196712918 -398.8 255.907980999479 11.7179869516233 -398.8 255.76536686473 11.6522409349774 -398.8 255.61803398875 11.5978869674097 -398.8 255.466890727712 11.5552601592046 -398.8 255.31286893008 11.5246233188097 -398.8 255.156918191456 11.5061653325337 -398.8 255 11.5 -398.8 254.843081808544 11.5061653325337 -398.8 254.68713106992 11.5246233188097 -398.8 254.533109272288 11.5552601592046 -398.8 254.38196601125 11.5978869674097 -398.8 254.23463313527 11.6522409349774 -398.8 254.092019000521 11.7179869516233 -398.8 253.955002870568 11.7947196712918 -398.8 253.824429495415 11.8819660112501 -398.8 253.70110390334 11.9791880687999 -398.8 253.585786437627 12.0857864376269 -398.8 253.4791880688 12.2011039033396 -398.8 253.38196601125 12.3244294954151 -398.8 253.294719671292 12.4550028705681 -398.8 253.217986951623 12.5920190005209 -398.8 253.152240934977 12.7346331352698 -398.8 253.09788696741 12.8819660112501 -398.8 253.055260159205 13.0331092722882 -398.8 253.02462331881 13.1871310699195 -398.8 253.006165332534 13.3430818085443 -398.8 253 13.5 -398.8 253.006165332534 13.6569181914557 -398.8 253.02462331881 13.8128689300805 -398.8 253.055260159205 13.9668907277118 -398.8 253.09788696741 14.1180339887499 -398.8 253.152240934977 14.2653668647302 -398.8 253.217986951623 14.4079809994791 -398.8 253.294719671292 14.5449971294319 -398.8 253.38196601125 14.6755705045849 -398.8 253.4791880688 14.7988960966604 -398.8 253.585786437627 14.9142135623731 -398.8 253.70110390334 15.0208119312001 -398.8 253.824429495415 15.1180339887499 -398.8 253.955002870568 15.2052803287082 -398.8 254.092019000521 15.2820130483767 -398.8 254.23463313527 15.3477590650226 -398.8 254.38196601125 15.4021130325903 -398.8 254.533109272288 15.4447398407954 -398.8 254.68713106992 15.4753766811903 -398.8 254.843081808544 15.4938346674663 -398.8 255 15.5 -398.8 255.156918191456 15.4938346674663 -398.8 255.31286893008 15.4753766811903 -398.8 255.466890727712 15.4447398407954 -398.8 255.61803398875 15.4021130325903 -398.8 255.76536686473 15.3477590650226 -398.8 255.907980999479 15.2820130483767 -398.8 256.044997129432 15.2052803287082 -398.8 256.175570504585 15.1180339887499 -398.8 256.29889609666 15.0208119312001 -398.8 256.414213562373 14.9142135623731 -398.8 256.5208119312 14.7988960966604 -398.8 256.61803398875 14.6755705045849 -398.8 256.705280328708 14.5449971294319 -398.8 256.782013048377 14.4079809994791 -398.8 256.847759065023 14.2653668647302 -398.8 256.90211303259 14.1180339887499 -398.8 256.944739840795 13.9668907277118 -398.8 256.97537668119 13.8128689300805 -398.8 256.993834667466 13.6569181914557 -398.8 208 13.5 -398.8 207.993834667466 13.3430818085443 -398.8 207.97537668119 13.1871310699195 -398.8 207.944739840795 13.0331092722882 -398.8 207.90211303259 12.8819660112501 -398.8 207.847759065023 12.7346331352698 -398.8 207.782013048377 12.5920190005209 -398.8 207.705280328708 12.4550028705681 -398.8 207.61803398875 12.3244294954151 -398.8 207.5208119312 12.2011039033396 -398.8 207.414213562373 12.0857864376269 -398.8 207.29889609666 11.9791880687999 -398.8 207.175570504585 11.8819660112501 -398.8 207.044997129432 11.7947196712918 -398.8 206.907980999479 11.7179869516233 -398.8 206.76536686473 11.6522409349774 -398.8 206.61803398875 11.5978869674097 -398.8 206.466890727712 11.5552601592046 -398.8 206.31286893008 11.5246233188097 -398.8 206.156918191456 11.5061653325337 -398.8 206 11.5 -398.8 205.843081808544 11.5061653325337 -398.8 205.68713106992 11.5246233188097 -398.8 205.533109272288 11.5552601592046 -398.8 205.38196601125 11.5978869674097 -398.8 205.23463313527 11.6522409349774 -398.8 205.092019000521 11.7179869516233 -398.8 204.955002870568 11.7947196712918 -398.8 204.824429495415 11.8819660112501 -398.8 204.70110390334 11.9791880687999 -398.8 204.585786437627 12.0857864376269 -398.8 204.4791880688 12.2011039033396 -398.8 204.38196601125 12.3244294954151 -398.8 204.294719671292 12.4550028705681 -398.8 204.217986951623 12.5920190005209 -398.8 204.152240934977 12.7346331352698 -398.8 204.09788696741 12.8819660112501 -398.8 204.055260159205 13.0331092722882 -398.8 204.02462331881 13.1871310699195 -398.8 204.006165332534 13.3430818085443 -398.8 204 13.5 -398.8 204.006165332534 13.6569181914557 -398.8 204.02462331881 13.8128689300805 -398.8 204.055260159205 13.9668907277118 -398.8 204.09788696741 14.1180339887499 -398.8 204.152240934977 14.2653668647302 -398.8 204.217986951623 14.4079809994791 -398.8 204.294719671292 14.5449971294319 -398.8 204.38196601125 14.6755705045849 -398.8 204.4791880688 14.7988960966604 -398.8 204.585786437627 14.9142135623731 -398.8 204.70110390334 15.0208119312001 -398.8 204.824429495415 15.1180339887499 -398.8 204.955002870568 15.2052803287082 -398.8 205.092019000521 15.2820130483767 -398.8 205.23463313527 15.3477590650226 -398.8 205.38196601125 15.4021130325903 -398.8 205.533109272288 15.4447398407954 -398.8 205.68713106992 15.4753766811903 -398.8 205.843081808544 15.4938346674663 -398.8 206 15.5 -398.8 206.156918191456 15.4938346674663 -398.8 206.31286893008 15.4753766811903 -398.8 206.466890727712 15.4447398407954 -398.8 206.61803398875 15.4021130325903 -398.8 206.76536686473 15.3477590650226 -398.8 206.907980999479 15.2820130483767 -398.8 207.044997129432 15.2052803287082 -398.8 207.175570504585 15.1180339887499 -398.8 207.29889609666 15.0208119312001 -398.8 207.414213562373 14.9142135623731 -398.8 207.5208119312 14.7988960966604 -398.8 207.61803398875 14.6755705045849 -398.8 207.705280328708 14.5449971294319 -398.8 207.782013048377 14.4079809994791 -398.8 207.847759065023 14.2653668647302 -398.8 207.90211303259 14.1180339887499 -398.8 207.944739840795 13.9668907277118 -398.8 207.97537668119 13.8128689300805 -398.8 207.993834667466 13.6569181914557 -398.8 152.6 13.5 -398.8 152.593834667466 13.3430818085443 -398.8 152.57537668119 13.1871310699195 -398.8 152.544739840795 13.0331092722882 -398.8 152.50211303259 12.8819660112501 -398.8 152.447759065023 12.7346331352698 -398.8 152.382013048377 12.5920190005209 -398.8 152.305280328708 12.4550028705681 -398.8 152.21803398875 12.3244294954151 -398.8 152.1208119312 12.2011039033396 -398.8 152.014213562373 12.0857864376269 -398.8 151.89889609666 11.9791880687999 -398.8 151.775570504585 11.8819660112501 -398.8 151.644997129432 11.7947196712918 -398.8 151.507980999479 11.7179869516233 -398.8 151.36536686473 11.6522409349774 -398.8 151.21803398875 11.5978869674097 -398.8 151.066890727712 11.5552601592046 -398.8 150.91286893008 11.5246233188097 -398.8 150.756918191456 11.5061653325337 -398.8 150.6 11.5 -398.8 150.443081808544 11.5061653325337 -398.8 150.28713106992 11.5246233188097 -398.8 150.133109272288 11.5552601592046 -398.8 149.98196601125 11.5978869674097 -398.8 149.83463313527 11.6522409349774 -398.8 149.692019000521 11.7179869516233 -398.8 149.555002870568 11.7947196712918 -398.8 149.424429495415 11.8819660112501 -398.8 149.30110390334 11.9791880687999 -398.8 149.185786437627 12.0857864376269 -398.8 149.0791880688 12.2011039033396 -398.8 148.98196601125 12.3244294954151 -398.8 148.894719671292 12.4550028705681 -398.8 148.817986951623 12.5920190005209 -398.8 148.752240934977 12.7346331352698 -398.8 148.69788696741 12.8819660112501 -398.8 148.655260159205 13.0331092722882 -398.8 148.62462331881 13.1871310699195 -398.8 148.606165332534 13.3430818085443 -398.8 148.6 13.5 -398.8 148.606165332534 13.6569181914557 -398.8 148.62462331881 13.8128689300805 -398.8 148.655260159205 13.9668907277118 -398.8 148.69788696741 14.1180339887499 -398.8 148.752240934977 14.2653668647302 -398.8 148.817986951623 14.4079809994791 -398.8 148.894719671292 14.5449971294319 -398.8 148.98196601125 14.6755705045849 -398.8 149.0791880688 14.7988960966604 -398.8 149.185786437627 14.9142135623731 -398.8 149.30110390334 15.0208119312001 -398.8 149.424429495415 15.1180339887499 -398.8 149.555002870568 15.2052803287082 -398.8 149.692019000521 15.2820130483767 -398.8 149.83463313527 15.3477590650226 -398.8 149.98196601125 15.4021130325903 -398.8 150.133109272288 15.4447398407954 -398.8 150.28713106992 15.4753766811903 -398.8 150.443081808544 15.4938346674663 -398.8 150.6 15.5 -398.8 150.756918191456 15.4938346674663 -398.8 150.91286893008 15.4753766811903 -398.8 151.066890727712 15.4447398407954 -398.8 151.21803398875 15.4021130325903 -398.8 151.36536686473 15.3477590650226 -398.8 151.507980999479 15.2820130483767 -398.8 151.644997129432 15.2052803287082 -398.8 151.775570504585 15.1180339887499 -398.8 151.89889609666 15.0208119312001 -398.8 152.014213562373 14.9142135623731 -398.8 152.1208119312 14.7988960966604 -398.8 152.21803398875 14.6755705045849 -398.8 152.305280328708 14.5449971294319 -398.8 152.382013048377 14.4079809994791 -398.8 152.447759065023 14.2653668647302 -398.8 152.50211303259 14.1180339887499 -398.8 152.544739840795 13.9668907277118 -398.8 152.57537668119 13.8128689300805 -398.8 152.593834667466 13.6569181914557 -398.8 103.6 13.5 -398.8 103.593834667466 13.3430818085443 -398.8 103.57537668119 13.1871310699195 -398.8 103.544739840795 13.0331092722882 -398.8 103.50211303259 12.8819660112501 -398.8 103.447759065023 12.7346331352698 -398.8 103.382013048377 12.5920190005209 -398.8 103.305280328708 12.4550028705681 -398.8 103.21803398875 12.3244294954151 -398.8 103.1208119312 12.2011039033396 -398.8 103.014213562373 12.0857864376269 -398.8 102.89889609666 11.9791880687999 -398.8 102.775570504585 11.8819660112501 -398.8 102.644997129432 11.7947196712918 -398.8 102.507980999479 11.7179869516233 -398.8 102.36536686473 11.6522409349774 -398.8 102.21803398875 11.5978869674097 -398.8 102.066890727712 11.5552601592046 -398.8 101.91286893008 11.5246233188097 -398.8 101.756918191456 11.5061653325337 -398.8 101.6 11.5 -398.8 101.443081808544 11.5061653325337 -398.8 101.28713106992 11.5246233188097 -398.8 101.133109272288 11.5552601592046 -398.8 100.98196601125 11.5978869674097 -398.8 100.83463313527 11.6522409349774 -398.8 100.692019000521 11.7179869516233 -398.8 100.555002870568 11.7947196712918 -398.8 100.424429495415 11.8819660112501 -398.8 100.30110390334 11.9791880687999 -398.8 100.185786437627 12.0857864376269 -398.8 100.0791880688 12.2011039033396 -398.8 99.9819660112501 12.3244294954151 -398.8 99.8947196712918 12.4550028705681 -398.8 99.8179869516233 12.5920190005209 -398.8 99.7522409349774 12.7346331352698 -398.8 99.6978869674097 12.8819660112501 -398.8 99.6552601592046 13.0331092722882 -398.8 99.6246233188097 13.1871310699195 -398.8 99.6061653325337 13.3430818085443 -398.8 99.6 13.5 -398.8 99.6061653325337 13.6569181914557 -398.8 99.6246233188097 13.8128689300805 -398.8 99.6552601592046 13.9668907277118 -398.8 99.6978869674097 14.1180339887499 -398.8 99.7522409349774 14.2653668647302 -398.8 99.8179869516233 14.4079809994791 -398.8 99.8947196712918 14.5449971294319 -398.8 99.9819660112501 14.6755705045849 -398.8 100.0791880688 14.7988960966604 -398.8 100.185786437627 14.9142135623731 -398.8 100.30110390334 15.0208119312001 -398.8 100.424429495415 15.1180339887499 -398.8 100.555002870568 15.2052803287082 -398.8 100.692019000521 15.2820130483767 -398.8 100.83463313527 15.3477590650226 -398.8 100.98196601125 15.4021130325903 -398.8 101.133109272288 15.4447398407954 -398.8 101.28713106992 15.4753766811903 -398.8 101.443081808544 15.4938346674663 -398.8 101.6 15.5 -398.8 101.756918191456 15.4938346674663 -398.8 101.91286893008 15.4753766811903 -398.8 102.066890727712 15.4447398407954 -398.8 102.21803398875 15.4021130325903 -398.8 102.36536686473 15.3477590650226 -398.8 102.507980999479 15.2820130483767 -398.8 102.644997129432 15.2052803287082 -398.8 102.775570504585 15.1180339887499 -398.8 102.89889609666 15.0208119312001 -398.8 103.014213562373 14.9142135623731 -398.8 103.1208119312 14.7988960966604 -398.8 103.21803398875 14.6755705045849 -398.8 103.305280328708 14.5449971294319 -398.8 103.382013048377 14.4079809994791 -398.8 103.447759065023 14.2653668647302 -398.8 103.50211303259 14.1180339887499 -398.8 103.544739840795 13.9668907277118 -398.8 103.57537668119 13.8128689300805 -398.8 103.593834667466 13.6569181914557 -398.8 86.9 13.5 -398.8 86.8938346674663 13.3430818085443 -398.8 86.8753766811903 13.1871310699195 -398.8 86.8447398407954 13.0331092722882 -398.8 86.8021130325903 12.8819660112501 -398.8 86.7477590650226 12.7346331352698 -398.8 86.6820130483767 12.5920190005209 -398.8 86.6052803287082 12.4550028705681 -398.8 86.5180339887499 12.3244294954151 -398.8 86.4208119312001 12.2011039033396 -398.8 86.3142135623731 12.0857864376269 -398.8 86.1988960966604 11.9791880687999 -398.8 86.0755705045849 11.8819660112501 -398.8 85.9449971294319 11.7947196712918 -398.8 85.8079809994791 11.7179869516233 -398.8 85.6653668647302 11.6522409349774 -398.8 85.5180339887499 11.5978869674097 -398.8 85.3668907277118 11.5552601592046 -398.8 85.2128689300805 11.5246233188097 -398.8 85.0569181914557 11.5061653325337 -398.8 84.9 11.5 -398.8 84.7430818085443 11.5061653325337 -398.8 84.5871310699196 11.5246233188097 -398.8 84.4331092722882 11.5552601592046 -398.8 84.2819660112501 11.5978869674097 -398.8 84.1346331352698 11.6522409349774 -398.8 83.9920190005209 11.7179869516233 -398.8 83.8550028705681 11.7947196712918 -398.8 83.7244294954151 11.8819660112501 -398.8 83.6011039033396 11.9791880687999 -398.8 83.4857864376269 12.0857864376269 -398.8 83.3791880687999 12.2011039033396 -398.8 83.2819660112501 12.3244294954151 -398.8 83.1947196712918 12.4550028705681 -398.8 83.1179869516233 12.5920190005209 -398.8 83.0522409349774 12.7346331352698 -398.8 82.9978869674097 12.8819660112501 -398.8 82.9552601592047 13.0331092722882 -398.8 82.9246233188097 13.1871310699195 -398.8 82.9061653325337 13.3430818085443 -398.8 82.9 13.5 -398.8 82.9061653325337 13.6569181914557 -398.8 82.9246233188097 13.8128689300805 -398.8 82.9552601592047 13.9668907277118 -398.8 82.9978869674097 14.1180339887499 -398.8 83.0522409349774 14.2653668647302 -398.8 83.1179869516233 14.4079809994791 -398.8 83.1947196712918 14.5449971294319 -398.8 83.2819660112501 14.6755705045849 -398.8 83.3791880687999 14.7988960966604 -398.8 83.4857864376269 14.9142135623731 -398.8 83.6011039033396 15.0208119312001 -398.8 83.7244294954151 15.1180339887499 -398.8 83.8550028705681 15.2052803287082 -398.8 83.9920190005209 15.2820130483767 -398.8 84.1346331352698 15.3477590650226 -398.8 84.2819660112501 15.4021130325903 -398.8 84.4331092722882 15.4447398407954 -398.8 84.5871310699196 15.4753766811903 -398.8 84.7430818085443 15.4938346674663 -398.8 84.9 15.5 -398.8 85.0569181914557 15.4938346674663 -398.8 85.2128689300805 15.4753766811903 -398.8 85.3668907277118 15.4447398407954 -398.8 85.5180339887499 15.4021130325903 -398.8 85.6653668647302 15.3477590650226 -398.8 85.8079809994791 15.2820130483767 -398.8 85.9449971294319 15.2052803287082 -398.8 86.0755705045849 15.1180339887499 -398.8 86.1988960966604 15.0208119312001 -398.8 86.3142135623731 14.9142135623731 -398.8 86.4208119312001 14.7988960966604 -398.8 86.5180339887499 14.6755705045849 -398.8 86.6052803287082 14.5449971294319 -398.8 86.6820130483767 14.4079809994791 -398.8 86.7477590650226 14.2653668647302 -398.8 86.8021130325903 14.1180339887499 -398.8 86.8447398407954 13.9668907277118 -398.8 86.8753766811903 13.8128689300805 -398.8 86.8938346674663 13.6569181914557 -398.8 37.9 13.5 -398.8 37.8938346674663 13.3430818085443 -398.8 37.8753766811903 13.1871310699195 -398.8 37.8447398407953 13.0331092722882 -398.8 37.8021130325903 12.8819660112501 -398.8 37.7477590650226 12.7346331352698 -398.8 37.6820130483767 12.5920190005209 -398.8 37.6052803287082 12.4550028705681 -398.8 37.5180339887499 12.3244294954151 -398.8 37.4208119312001 12.2011039033396 -398.8 37.3142135623731 12.0857864376269 -398.8 37.1988960966604 11.9791880687999 -398.8 37.0755705045849 11.8819660112501 -398.8 36.9449971294319 11.7947196712918 -398.8 36.8079809994791 11.7179869516233 -398.8 36.6653668647302 11.6522409349774 -398.8 36.5180339887499 11.5978869674097 -398.8 36.3668907277118 11.5552601592046 -398.8 36.2128689300805 11.5246233188097 -398.8 36.0569181914557 11.5061653325337 -398.8 35.9 11.5 -398.8 35.7430818085443 11.5061653325337 -398.8 35.5871310699195 11.5246233188097 -398.8 35.4331092722882 11.5552601592046 -398.8 35.2819660112501 11.5978869674097 -398.8 35.1346331352698 11.6522409349774 -398.8 34.9920190005209 11.7179869516233 -398.8 34.8550028705681 11.7947196712918 -398.8 34.7244294954151 11.8819660112501 -398.8 34.6011039033396 11.9791880687999 -398.8 34.4857864376269 12.0857864376269 -398.8 34.3791880687999 12.2011039033396 -398.8 34.2819660112501 12.3244294954151 -398.8 34.1947196712918 12.4550028705681 -398.8 34.1179869516233 12.5920190005209 -398.8 34.0522409349774 12.7346331352698 -398.8 33.9978869674097 12.8819660112501 -398.8 33.9552601592046 13.0331092722882 -398.8 33.9246233188097 13.1871310699195 -398.8 33.9061653325337 13.3430818085443 -398.8 33.9 13.5 -398.8 33.9061653325337 13.6569181914557 -398.8 33.9246233188097 13.8128689300805 -398.8 33.9552601592046 13.9668907277118 -398.8 33.9978869674097 14.1180339887499 -398.8 34.0522409349774 14.2653668647302 -398.8 34.1179869516233 14.4079809994791 -398.8 34.1947196712918 14.5449971294319 -398.8 34.2819660112501 14.6755705045849 -398.8 34.3791880687999 14.7988960966604 -398.8 34.4857864376269 14.9142135623731 -398.8 34.6011039033396 15.0208119312001 -398.8 34.7244294954151 15.1180339887499 -398.8 34.8550028705681 15.2052803287082 -398.8 34.9920190005209 15.2820130483767 -398.8 35.1346331352698 15.3477590650226 -398.8 35.2819660112501 15.4021130325903 -398.8 35.4331092722882 15.4447398407954 -398.8 35.5871310699195 15.4753766811903 -398.8 35.7430818085443 15.4938346674663 -398.8 35.9 15.5 -398.8 36.0569181914557 15.4938346674663 -398.8 36.2128689300805 15.4753766811903 -398.8 36.3668907277118 15.4447398407954 -398.8 36.5180339887499 15.4021130325903 -398.8 36.6653668647302 15.3477590650226 -398.8 36.8079809994791 15.2820130483767 -398.8 36.9449971294319 15.2052803287082 -398.8 37.0755705045849 15.1180339887499 -398.8 37.1988960966604 15.0208119312001 -398.8 37.3142135623731 14.9142135623731 -398.8 37.4208119312001 14.7988960966604 -398.8 37.5180339887499 14.6755705045849 -398.8 37.6052803287082 14.5449971294319 -398.8 37.6820130483767 14.4079809994791 -398.8 37.7477590650226 14.2653668647302 -398.8 37.8021130325903 14.1180339887499 -398.8 37.8447398407953 13.9668907277118 -398.8 37.8753766811903 13.8128689300805 -398.8 37.8938346674663 13.6569181914557 -398.8 -33.9 13.5 -398.8 -33.9061653325337 13.3430818085443 -398.8 -33.9246233188097 13.1871310699195 -398.8 -33.9552601592046 13.0331092722882 -398.8 -33.9978869674097 12.8819660112501 -398.8 -34.0522409349774 12.7346331352698 -398.8 -34.1179869516233 12.5920190005209 -398.8 -34.1947196712918 12.4550028705681 -398.8 -34.2819660112501 12.3244294954151 -398.8 -34.3791880687999 12.2011039033396 -398.8 -34.4857864376269 12.0857864376269 -398.8 -34.6011039033396 11.9791880687999 -398.8 -34.7244294954151 11.8819660112501 -398.8 -34.8550028705681 11.7947196712918 -398.8 -34.9920190005209 11.7179869516233 -398.8 -35.1346331352698 11.6522409349774 -398.8 -35.2819660112501 11.5978869674097 -398.8 -35.4331092722882 11.5552601592046 -398.8 -35.5871310699195 11.5246233188097 -398.8 -35.7430818085443 11.5061653325337 -398.8 -35.9 11.5 -398.8 -36.0569181914557 11.5061653325337 -398.8 -36.2128689300805 11.5246233188097 -398.8 -36.3668907277118 11.5552601592046 -398.8 -36.5180339887499 11.5978869674097 -398.8 -36.6653668647302 11.6522409349774 -398.8 -36.8079809994791 11.7179869516233 -398.8 -36.9449971294319 11.7947196712918 -398.8 -37.0755705045849 11.8819660112501 -398.8 -37.1988960966604 11.9791880687999 -398.8 -37.3142135623731 12.0857864376269 -398.8 -37.4208119312001 12.2011039033396 -398.8 -37.5180339887499 12.3244294954151 -398.8 -37.6052803287082 12.4550028705681 -398.8 -37.6820130483767 12.5920190005209 -398.8 -37.7477590650226 12.7346331352698 -398.8 -37.8021130325903 12.8819660112501 -398.8 -37.8447398407953 13.0331092722882 -398.8 -37.8753766811903 13.1871310699195 -398.8 -37.8938346674663 13.3430818085443 -398.8 -37.9 13.5 -398.8 -37.8938346674663 13.6569181914557 -398.8 -37.8753766811903 13.8128689300805 -398.8 -37.8447398407953 13.9668907277118 -398.8 -37.8021130325903 14.1180339887499 -398.8 -37.7477590650226 14.2653668647302 -398.8 -37.6820130483767 14.4079809994791 -398.8 -37.6052803287082 14.5449971294319 -398.8 -37.5180339887499 14.6755705045849 -398.8 -37.4208119312001 14.7988960966604 -398.8 -37.3142135623731 14.9142135623731 -398.8 -37.1988960966604 15.0208119312001 -398.8 -37.0755705045849 15.1180339887499 -398.8 -36.9449971294319 15.2052803287082 -398.8 -36.8079809994791 15.2820130483767 -398.8 -36.6653668647302 15.3477590650226 -398.8 -36.5180339887499 15.4021130325903 -398.8 -36.3668907277118 15.4447398407954 -398.8 -36.2128689300805 15.4753766811903 -398.8 -36.0569181914557 15.4938346674663 -398.8 -35.9 15.5 -398.8 -35.7430818085443 15.4938346674663 -398.8 -35.5871310699195 15.4753766811903 -398.8 -35.4331092722882 15.4447398407954 -398.8 -35.2819660112501 15.4021130325903 -398.8 -35.1346331352698 15.3477590650226 -398.8 -34.9920190005209 15.2820130483767 -398.8 -34.8550028705681 15.2052803287082 -398.8 -34.7244294954151 15.1180339887499 -398.8 -34.6011039033396 15.0208119312001 -398.8 -34.4857864376269 14.9142135623731 -398.8 -34.3791880687999 14.7988960966604 -398.8 -34.2819660112501 14.6755705045849 -398.8 -34.1947196712918 14.5449971294319 -398.8 -34.1179869516233 14.4079809994791 -398.8 -34.0522409349774 14.2653668647302 -398.8 -33.9978869674097 14.1180339887499 -398.8 -33.9552601592046 13.9668907277118 -398.8 -33.9246233188097 13.8128689300805 -398.8 -33.9061653325337 13.6569181914557 -398.8 -82.9 13.5 -398.8 -82.9061653325337 13.3430818085443 -398.8 -82.9246233188097 13.1871310699195 -398.8 -82.9552601592047 13.0331092722882 -398.8 -82.9978869674097 12.8819660112501 -398.8 -83.0522409349774 12.7346331352698 -398.8 -83.1179869516233 12.5920190005209 -398.8 -83.1947196712918 12.4550028705681 -398.8 -83.2819660112501 12.3244294954151 -398.8 -83.3791880687999 12.2011039033396 -398.8 -83.4857864376269 12.0857864376269 -398.8 -83.6011039033396 11.9791880687999 -398.8 -83.7244294954151 11.8819660112501 -398.8 -83.8550028705681 11.7947196712918 -398.8 -83.9920190005209 11.7179869516233 -398.8 -84.1346331352698 11.6522409349774 -398.8 -84.2819660112501 11.5978869674097 -398.8 -84.4331092722882 11.5552601592046 -398.8 -84.5871310699196 11.5246233188097 -398.8 -84.7430818085443 11.5061653325337 -398.8 -84.9 11.5 -398.8 -85.0569181914557 11.5061653325337 -398.8 -85.2128689300805 11.5246233188097 -398.8 -85.3668907277118 11.5552601592046 -398.8 -85.5180339887499 11.5978869674097 -398.8 -85.6653668647302 11.6522409349774 -398.8 -85.8079809994791 11.7179869516233 -398.8 -85.9449971294319 11.7947196712918 -398.8 -86.0755705045849 11.8819660112501 -398.8 -86.1988960966604 11.9791880687999 -398.8 -86.3142135623731 12.0857864376269 -398.8 -86.4208119312001 12.2011039033396 -398.8 -86.5180339887499 12.3244294954151 -398.8 -86.6052803287082 12.4550028705681 -398.8 -86.6820130483767 12.5920190005209 -398.8 -86.7477590650226 12.7346331352698 -398.8 -86.8021130325903 12.8819660112501 -398.8 -86.8447398407954 13.0331092722882 -398.8 -86.8753766811903 13.1871310699195 -398.8 -86.8938346674663 13.3430818085443 -398.8 -86.9 13.5 -398.8 -86.8938346674663 13.6569181914557 -398.8 -86.8753766811903 13.8128689300805 -398.8 -86.8447398407954 13.9668907277118 -398.8 -86.8021130325903 14.1180339887499 -398.8 -86.7477590650226 14.2653668647302 -398.8 -86.6820130483767 14.4079809994791 -398.8 -86.6052803287082 14.5449971294319 -398.8 -86.5180339887499 14.6755705045849 -398.8 -86.4208119312001 14.7988960966604 -398.8 -86.3142135623731 14.9142135623731 -398.8 -86.1988960966604 15.0208119312001 -398.8 -86.0755705045849 15.1180339887499 -398.8 -85.9449971294319 15.2052803287082 -398.8 -85.8079809994791 15.2820130483767 -398.8 -85.6653668647302 15.3477590650226 -398.8 -85.5180339887499 15.4021130325903 -398.8 -85.3668907277118 15.4447398407954 -398.8 -85.2128689300805 15.4753766811903 -398.8 -85.0569181914557 15.4938346674663 -398.8 -84.9 15.5 -398.8 -84.7430818085443 15.4938346674663 -398.8 -84.5871310699196 15.4753766811903 -398.8 -84.4331092722882 15.4447398407954 -398.8 -84.2819660112501 15.4021130325903 -398.8 -84.1346331352698 15.3477590650226 -398.8 -83.9920190005209 15.2820130483767 -398.8 -83.8550028705681 15.2052803287082 -398.8 -83.7244294954151 15.1180339887499 -398.8 -83.6011039033396 15.0208119312001 -398.8 -83.4857864376269 14.9142135623731 -398.8 -83.3791880687999 14.7988960966604 -398.8 -83.2819660112501 14.6755705045849 -398.8 -83.1947196712918 14.5449971294319 -398.8 -83.1179869516233 14.4079809994791 -398.8 -83.0522409349774 14.2653668647302 -398.8 -82.9978869674097 14.1180339887499 -398.8 -82.9552601592047 13.9668907277118 -398.8 -82.9246233188097 13.8128689300805 -398.8 -82.9061653325337 13.6569181914557 -398.8 -99.6 13.5 -398.8 -99.6061653325337 13.3430818085443 -398.8 -99.6246233188097 13.1871310699195 -398.8 -99.6552601592046 13.0331092722882 -398.8 -99.6978869674097 12.8819660112501 -398.8 -99.7522409349774 12.7346331352698 -398.8 -99.8179869516233 12.5920190005209 -398.8 -99.8947196712918 12.4550028705681 -398.8 -99.9819660112501 12.3244294954151 -398.8 -100.0791880688 12.2011039033396 -398.8 -100.185786437627 12.0857864376269 -398.8 -100.30110390334 11.9791880687999 -398.8 -100.424429495415 11.8819660112501 -398.8 -100.555002870568 11.7947196712918 -398.8 -100.692019000521 11.7179869516233 -398.8 -100.83463313527 11.6522409349774 -398.8 -100.98196601125 11.5978869674097 -398.8 -101.133109272288 11.5552601592046 -398.8 -101.28713106992 11.5246233188097 -398.8 -101.443081808544 11.5061653325337 -398.8 -101.6 11.5 -398.8 -101.756918191456 11.5061653325337 -398.8 -101.91286893008 11.5246233188097 -398.8 -102.066890727712 11.5552601592046 -398.8 -102.21803398875 11.5978869674097 -398.8 -102.36536686473 11.6522409349774 -398.8 -102.507980999479 11.7179869516233 -398.8 -102.644997129432 11.7947196712918 -398.8 -102.775570504585 11.8819660112501 -398.8 -102.89889609666 11.9791880687999 -398.8 -103.014213562373 12.0857864376269 -398.8 -103.1208119312 12.2011039033396 -398.8 -103.21803398875 12.3244294954151 -398.8 -103.305280328708 12.4550028705681 -398.8 -103.382013048377 12.5920190005209 -398.8 -103.447759065023 12.7346331352698 -398.8 -103.50211303259 12.8819660112501 -398.8 -103.544739840795 13.0331092722882 -398.8 -103.57537668119 13.1871310699195 -398.8 -103.593834667466 13.3430818085443 -398.8 -103.6 13.5 -398.8 -103.593834667466 13.6569181914557 -398.8 -103.57537668119 13.8128689300805 -398.8 -103.544739840795 13.9668907277118 -398.8 -103.50211303259 14.1180339887499 -398.8 -103.447759065023 14.2653668647302 -398.8 -103.382013048377 14.4079809994791 -398.8 -103.305280328708 14.5449971294319 -398.8 -103.21803398875 14.6755705045849 -398.8 -103.1208119312 14.7988960966604 -398.8 -103.014213562373 14.9142135623731 -398.8 -102.89889609666 15.0208119312001 -398.8 -102.775570504585 15.1180339887499 -398.8 -102.644997129432 15.2052803287082 -398.8 -102.507980999479 15.2820130483767 -398.8 -102.36536686473 15.3477590650226 -398.8 -102.21803398875 15.4021130325903 -398.8 -102.066890727712 15.4447398407954 -398.8 -101.91286893008 15.4753766811903 -398.8 -101.756918191456 15.4938346674663 -398.8 -101.6 15.5 -398.8 -101.443081808544 15.4938346674663 -398.8 -101.28713106992 15.4753766811903 -398.8 -101.133109272288 15.4447398407954 -398.8 -100.98196601125 15.4021130325903 -398.8 -100.83463313527 15.3477590650226 -398.8 -100.692019000521 15.2820130483767 -398.8 -100.555002870568 15.2052803287082 -398.8 -100.424429495415 15.1180339887499 -398.8 -100.30110390334 15.0208119312001 -398.8 -100.185786437627 14.9142135623731 -398.8 -100.0791880688 14.7988960966604 -398.8 -99.9819660112501 14.6755705045849 -398.8 -99.8947196712918 14.5449971294319 -398.8 -99.8179869516233 14.4079809994791 -398.8 -99.7522409349774 14.2653668647302 -398.8 -99.6978869674097 14.1180339887499 -398.8 -99.6552601592046 13.9668907277118 -398.8 -99.6246233188097 13.8128689300805 -398.8 -99.6061653325337 13.6569181914557 -398.8 -148.6 13.5 -398.8 -148.606165332534 13.3430818085443 -398.8 -148.62462331881 13.1871310699195 -398.8 -148.655260159205 13.0331092722882 -398.8 -148.69788696741 12.8819660112501 -398.8 -148.752240934977 12.7346331352698 -398.8 -148.817986951623 12.5920190005209 -398.8 -148.894719671292 12.4550028705681 -398.8 -148.98196601125 12.3244294954151 -398.8 -149.0791880688 12.2011039033396 -398.8 -149.185786437627 12.0857864376269 -398.8 -149.30110390334 11.9791880687999 -398.8 -149.424429495415 11.8819660112501 -398.8 -149.555002870568 11.7947196712918 -398.8 -149.692019000521 11.7179869516233 -398.8 -149.83463313527 11.6522409349774 -398.8 -149.98196601125 11.5978869674097 -398.8 -150.133109272288 11.5552601592046 -398.8 -150.28713106992 11.5246233188097 -398.8 -150.443081808544 11.5061653325337 -398.8 -150.6 11.5 -398.8 -150.756918191456 11.5061653325337 -398.8 -150.91286893008 11.5246233188097 -398.8 -151.066890727712 11.5552601592046 -398.8 -151.21803398875 11.5978869674097 -398.8 -151.36536686473 11.6522409349774 -398.8 -151.507980999479 11.7179869516233 -398.8 -151.644997129432 11.7947196712918 -398.8 -151.775570504585 11.8819660112501 -398.8 -151.89889609666 11.9791880687999 -398.8 -152.014213562373 12.0857864376269 -398.8 -152.1208119312 12.2011039033396 -398.8 -152.21803398875 12.3244294954151 -398.8 -152.305280328708 12.4550028705681 -398.8 -152.382013048377 12.5920190005209 -398.8 -152.447759065023 12.7346331352698 -398.8 -152.50211303259 12.8819660112501 -398.8 -152.544739840795 13.0331092722882 -398.8 -152.57537668119 13.1871310699195 -398.8 -152.593834667466 13.3430818085443 -398.8 -152.6 13.5 -398.8 -152.593834667466 13.6569181914557 -398.8 -152.57537668119 13.8128689300805 -398.8 -152.544739840795 13.9668907277118 -398.8 -152.50211303259 14.1180339887499 -398.8 -152.447759065023 14.2653668647302 -398.8 -152.382013048377 14.4079809994791 -398.8 -152.305280328708 14.5449971294319 -398.8 -152.21803398875 14.6755705045849 -398.8 -152.1208119312 14.7988960966604 -398.8 -152.014213562373 14.9142135623731 -398.8 -151.89889609666 15.0208119312001 -398.8 -151.775570504585 15.1180339887499 -398.8 -151.644997129432 15.2052803287082 -398.8 -151.507980999479 15.2820130483767 -398.8 -151.36536686473 15.3477590650226 -398.8 -151.21803398875 15.4021130325903 -398.8 -151.066890727712 15.4447398407954 -398.8 -150.91286893008 15.4753766811903 -398.8 -150.756918191456 15.4938346674663 -398.8 -150.6 15.5 -398.8 -150.443081808544 15.4938346674663 -398.8 -150.28713106992 15.4753766811903 -398.8 -150.133109272288 15.4447398407954 -398.8 -149.98196601125 15.4021130325903 -398.8 -149.83463313527 15.3477590650226 -398.8 -149.692019000521 15.2820130483767 -398.8 -149.555002870568 15.2052803287082 -398.8 -149.424429495415 15.1180339887499 -398.8 -149.30110390334 15.0208119312001 -398.8 -149.185786437627 14.9142135623731 -398.8 -149.0791880688 14.7988960966604 -398.8 -148.98196601125 14.6755705045849 -398.8 -148.894719671292 14.5449971294319 -398.8 -148.817986951623 14.4079809994791 -398.8 -148.752240934977 14.2653668647302 -398.8 -148.69788696741 14.1180339887499 -398.8 -148.655260159205 13.9668907277118 -398.8 -148.62462331881 13.8128689300805 -398.8 -148.606165332534 13.6569181914557 -398.8 -204 13.5 -398.8 -204.006165332534 13.3430818085443 -398.8 -204.02462331881 13.1871310699195 -398.8 -204.055260159205 13.0331092722882 -398.8 -204.09788696741 12.8819660112501 -398.8 -204.152240934977 12.7346331352698 -398.8 -204.217986951623 12.5920190005209 -398.8 -204.294719671292 12.4550028705681 -398.8 -204.38196601125 12.3244294954151 -398.8 -204.4791880688 12.2011039033396 -398.8 -204.585786437627 12.0857864376269 -398.8 -204.70110390334 11.9791880687999 -398.8 -204.824429495415 11.8819660112501 -398.8 -204.955002870568 11.7947196712918 -398.8 -205.092019000521 11.7179869516233 -398.8 -205.23463313527 11.6522409349774 -398.8 -205.38196601125 11.5978869674097 -398.8 -205.533109272288 11.5552601592046 -398.8 -205.68713106992 11.5246233188097 -398.8 -205.843081808544 11.5061653325337 -398.8 -206 11.5 -398.8 -206.156918191456 11.5061653325337 -398.8 -206.31286893008 11.5246233188097 -398.8 -206.466890727712 11.5552601592046 -398.8 -206.61803398875 11.5978869674097 -398.8 -206.76536686473 11.6522409349774 -398.8 -206.907980999479 11.7179869516233 -398.8 -207.044997129432 11.7947196712918 -398.8 -207.175570504585 11.8819660112501 -398.8 -207.29889609666 11.9791880687999 -398.8 -207.414213562373 12.0857864376269 -398.8 -207.5208119312 12.2011039033396 -398.8 -207.61803398875 12.3244294954151 -398.8 -207.705280328708 12.4550028705681 -398.8 -207.782013048377 12.5920190005209 -398.8 -207.847759065023 12.7346331352698 -398.8 -207.90211303259 12.8819660112501 -398.8 -207.944739840795 13.0331092722882 -398.8 -207.97537668119 13.1871310699195 -398.8 -207.993834667466 13.3430818085443 -398.8 -208 13.5 -398.8 -207.993834667466 13.6569181914557 -398.8 -207.97537668119 13.8128689300805 -398.8 -207.944739840795 13.9668907277118 -398.8 -207.90211303259 14.1180339887499 -398.8 -207.847759065023 14.2653668647302 -398.8 -207.782013048377 14.4079809994791 -398.8 -207.705280328708 14.5449971294319 -398.8 -207.61803398875 14.6755705045849 -398.8 -207.5208119312 14.7988960966604 -398.8 -207.414213562373 14.9142135623731 -398.8 -207.29889609666 15.0208119312001 -398.8 -207.175570504585 15.1180339887499 -398.8 -207.044997129432 15.2052803287082 -398.8 -206.907980999479 15.2820130483767 -398.8 -206.76536686473 15.3477590650226 -398.8 -206.61803398875 15.4021130325903 -398.8 -206.466890727712 15.4447398407954 -398.8 -206.31286893008 15.4753766811903 -398.8 -206.156918191456 15.4938346674663 -398.8 -206 15.5 -398.8 -205.843081808544 15.4938346674663 -398.8 -205.68713106992 15.4753766811903 -398.8 -205.533109272288 15.4447398407954 -398.8 -205.38196601125 15.4021130325903 -398.8 -205.23463313527 15.3477590650226 -398.8 -205.092019000521 15.2820130483767 -398.8 -204.955002870568 15.2052803287082 -398.8 -204.824429495415 15.1180339887499 -398.8 -204.70110390334 15.0208119312001 -398.8 -204.585786437627 14.9142135623731 -398.8 -204.4791880688 14.7988960966604 -398.8 -204.38196601125 14.6755705045849 -398.8 -204.294719671292 14.5449971294319 -398.8 -204.217986951623 14.4079809994791 -398.8 -204.152240934977 14.2653668647302 -398.8 -204.09788696741 14.1180339887499 -398.8 -204.055260159205 13.9668907277118 -398.8 -204.02462331881 13.8128689300805 -398.8 -204.006165332534 13.6569181914557 -398.8 -253 13.5 -398.8 -253.006165332534 13.3430818085443 -398.8 -253.02462331881 13.1871310699195 -398.8 -253.055260159205 13.0331092722882 -398.8 -253.09788696741 12.8819660112501 -398.8 -253.152240934977 12.7346331352698 -398.8 -253.217986951623 12.5920190005209 -398.8 -253.294719671292 12.4550028705681 -398.8 -253.38196601125 12.3244294954151 -398.8 -253.4791880688 12.2011039033396 -398.8 -253.585786437627 12.0857864376269 -398.8 -253.70110390334 11.9791880687999 -398.8 -253.824429495415 11.8819660112501 -398.8 -253.955002870568 11.7947196712918 -398.8 -254.092019000521 11.7179869516233 -398.8 -254.23463313527 11.6522409349774 -398.8 -254.38196601125 11.5978869674097 -398.8 -254.533109272288 11.5552601592046 -398.8 -254.68713106992 11.5246233188097 -398.8 -254.843081808544 11.5061653325337 -398.8 -255 11.5 -398.8 -255.156918191456 11.5061653325337 -398.8 -255.31286893008 11.5246233188097 -398.8 -255.466890727712 11.5552601592046 -398.8 -255.61803398875 11.5978869674097 -398.8 -255.76536686473 11.6522409349774 -398.8 -255.907980999479 11.7179869516233 -398.8 -256.044997129432 11.7947196712918 -398.8 -256.175570504585 11.8819660112501 -398.8 -256.29889609666 11.9791880687999 -398.8 -256.414213562373 12.0857864376269 -398.8 -256.5208119312 12.2011039033396 -398.8 -256.61803398875 12.3244294954151 -398.8 -256.705280328708 12.4550028705681 -398.8 -256.782013048377 12.5920190005209 -398.8 -256.847759065023 12.7346331352698 -398.8 -256.90211303259 12.8819660112501 -398.8 -256.944739840795 13.0331092722882 -398.8 -256.97537668119 13.1871310699195 -398.8 -256.993834667466 13.3430818085443 -398.8 -257 13.5 -398.8 -256.993834667466 13.6569181914557 -398.8 -256.97537668119 13.8128689300805 -398.8 -256.944739840795 13.9668907277118 -398.8 -256.90211303259 14.1180339887499 -398.8 -256.847759065023 14.2653668647302 -398.8 -256.782013048377 14.4079809994791 -398.8 -256.705280328708 14.5449971294319 -398.8 -256.61803398875 14.6755705045849 -398.8 -256.5208119312 14.7988960966604 -398.8 -256.414213562373 14.9142135623731 -398.8 -256.29889609666 15.0208119312001 -398.8 -256.175570504585 15.1180339887499 -398.8 -256.044997129432 15.2052803287082 -398.8 -255.907980999479 15.2820130483767 -398.8 -255.76536686473 15.3477590650226 -398.8 -255.61803398875 15.4021130325903 -398.8 -255.466890727712 15.4447398407954 -398.8 -255.31286893008 15.4753766811903 -398.8 -255.156918191456 15.4938346674663 -398.8 -255 15.5 -398.8 -254.843081808544 15.4938346674663 -398.8 -254.68713106992 15.4753766811903 -398.8 -254.533109272288 15.4447398407954 -398.8 -254.38196601125 15.4021130325903 -398.8 -254.23463313527 15.3477590650226 -398.8 -254.092019000521 15.2820130483767 -398.8 -253.955002870568 15.2052803287082 -398.8 -253.824429495415 15.1180339887499 -398.8 -253.70110390334 15.0208119312001 -398.8 -253.585786437627 14.9142135623731 -398.8 -253.4791880688 14.7988960966604 -398.8 -253.38196601125 14.6755705045849 -398.8 -253.294719671292 14.5449971294319 -398.8 -253.217986951623 14.4079809994791 -398.8 -253.152240934977 14.2653668647302 -398.8 -253.09788696741 14.1180339887499 -398.8 -253.055260159205 13.9668907277118 -398.8 -253.02462331881 13.8128689300805 -398.8 -253.006165332534 13.6569181914557 -398.8 156.467284194 65.76170668001 -398.7441421356 156.467284194 60.05390222667 -398.7441421356 156.467284194 48.63829331999 -398.7441421356 155.7875368919 69.22834011083 -398.7482842712 156.19284379004 68.2244004043673 -398.794991851781 156.29770788021 67.8817499493768 -398.808849716774 156.379756587798 67.5212876387068 -398.813438920159 156.434483699564 67.1649889466056 -398.808087213319 156.463961920986 66.8080191347675 -398.792725605087 156.472014953169 66.2856073709867 -398.761131519117 141.0882136677 85.50873122519 -398.7482842712 142.203606158242 84.894968633763 -398.751029848171 143.290011468364 84.2479225294743 -398.758244124455 144.347932322322 83.5640160210003 -398.768393418108 145.377871444368 82.8396722170173 -398.779944047186 147.125263838813 81.4547565902654 -398.799018706782 148.617789391268 80.0867567763742 -398.809699389329 150.027698958111 78.6108990503563 -398.812910571841 151.337198361144 77.0468908838249 -398.808651919709 152.528540745078 75.414406185236 -398.796932670753 153.593095909333 73.7264465591718 -398.779501337995 154.542037021459 71.9815199067519 -398.761884520631 155.19089984139 70.6229009378204 -398.752117615489 136.7685284833 86.58585786438 -398.7441421356 137.797417447655 86.5687366975878 -398.778802159088 138.295946860915 86.5249034069019 -398.801040409529 138.681422368699 86.4637963111119 -398.810871781836 139.145913377489 86.3566380549668 -398.812966375348 139.566463930389 86.226280376092 -398.80564218707 139.972499858314 86.0672807467211 -398.790010595342 140.53456656621 85.7997330859451 -398.762381242005 115.4314715167 86.58585786438 -398.7441421356 122.5438238389 86.58585786438 -398.7441421356 111.1117863323 85.50873122519 -398.7482842712 112.065170244542 85.9948170706953 -398.782030732995 112.527105905438 86.1878736896832 -398.802348595624 112.912400658306 86.3164015631998 -398.811493105617 113.344503566064 86.4279892998601 -398.812895488395 113.794893160544 86.5101336391964 -398.804583039416 114.245438353586 86.5586843466606 -398.786513237632 114.836749636253 86.5832020855638 -398.758243468781 96.41246310814 69.22834011083 -398.7482842712 96.9094831008184 70.4004220418608 -398.75102984817 97.4425647432905 71.5470558635096 -398.758244124452 98.01521516197 72.6691058370344 -398.768393418103 98.6309414832706 73.7674362236934 -398.779944047179 99.8307664230251 75.6467423688553 -398.799018706777 101.039710415113 77.2707837597909 -398.809699389326 102.364362722343 78.8236189986557 -398.812910571842 103.786929822005 80.2855400220078 -398.808651919712 105.289646762401 81.6368892603665 -398.796932670759 106.86045809801 82.8677577118892 -398.779501338003 108.499710679593 83.9894123959941 -398.761884520637 109.785212500504 84.7732194713368 -398.752117615491 95.73271580597 65.76170668001 -398.7441421356 95.7369732461073 66.8265559905247 -398.793751303934 95.767741278014 67.1835745584481 -398.808611425416 95.8243654191173 67.5427651018935 -398.813447229891 95.9055670832606 67.8939736854854 -398.808516481339 96.011271639389 68.2362557304695 -398.794352543999 96.2054210594456 68.7341005926799 -398.76445281786 95.73271580597 48.63829331999 -398.7441421356 95.73271580597 54.34609777333 -398.7441421356 96.41246310814 45.17165988917 -398.7482842712 96.0071562098893 46.1755995958155 -398.794991851791 95.9022921197367 46.5182500508117 -398.808849716779 95.820243412157 46.8787123615502 -398.813438920159 95.7655163004139 47.2350110536533 -398.808087213311 95.7360380790049 47.5919808654908 -398.792725605073 95.7279850468148 48.1143926291422 -398.76113151911 111.1117863323 28.89126877481 -398.7482842712 109.996393841758 29.505031366237 -398.751029848171 108.909988531636 30.1520774705256 -398.758244124455 107.852067677678 30.8359839789996 -398.768393418108 106.82212855563 31.5603277829826 -398.779944047186 105.07473616118 32.9452434097345 -398.799018706782 103.582210608726 34.3132432236193 -398.809699389329 102.172301041881 35.78910094963 -398.812910571841 100.862801638846 37.3531091161534 -398.808651919709 99.6714592549108 38.9855938147341 -398.796932670753 98.6069040906601 40.6735534407895 -398.779501337996 97.6579629785485 42.4184800932001 -398.761884520631 97.0091001586261 43.777099062155 -398.752117615489 115.4314715167 27.81414213562 -398.7441421356 114.402582552345 27.8312633024122 -398.778802159088 113.904053139085 27.8750965930981 -398.801040409529 113.518577631301 27.9362036888881 -398.810871781836 113.054086622511 28.0433619450332 -398.812966375348 112.633536069611 28.173719623908 -398.80564218707 112.227500141686 28.3327192532789 -398.790010595342 111.66543343379 28.6002669140549 -398.762381242005 136.7685284833 27.81414213562 -398.7441421356 129.6561761611 27.81414213562 -398.7441421356 141.0882136677 28.89126877481 -398.7482842712 140.134829755458 28.4051829293047 -398.782030732995 139.672894094562 28.2121263103168 -398.802348595624 139.287599341694 28.0835984368001 -398.811493105617 138.855496433936 27.9720107001399 -398.812895488395 138.405106839456 27.8898663608036 -398.804583039416 137.954561646414 27.8413156533394 -398.786513237632 137.363250363747 27.8167979144362 -398.758243468781 155.7875368919 45.17165988917 -398.7482842712 155.290516899127 43.9995779579953 -398.751029848171 154.757435256561 42.8529441362088 -398.758244124454 154.184784837785 41.7308941625522 -398.768393418107 153.569058516382 40.6325637757669 -398.779944047185 152.369233576583 38.7532576306244 -398.799018706781 151.160289584496 37.1292162397519 -398.809699389328 149.83563727728 35.5763810009519 -398.812910571842 148.413070177643 34.1144599776648 -398.80865191971 146.910353237279 32.7631107393694 -398.796932670756 145.339541901704 31.5322422879029 -398.779501337999 143.700289320156 30.4105876038456 -398.761884520635 142.414787499366 29.6267805285881 -398.75211761549 156.463026753905 47.5734440096395 -398.793751303925 156.432258722014 47.2164254417165 -398.808611425412 156.375634580929 46.8572348983249 -398.813447229891 156.294432916794 46.5060263147287 -398.808516481345 156.188728360676 46.1637442697381 -398.79435254401 155.994578940599 45.6658994074213 -398.764452817866 90.76728419403 65.76170668001 -398.7441421356 90.76728419403 60.05390222667 -398.7441421356 90.76728419403 48.63829331999 -398.7441421356 90.08753689186 69.22834011083 -398.7482842712 90.4928437901107 68.2244004041845 -398.794991851791 90.5977078802633 67.8817499491883 -398.808849716779 90.679756587843 67.5212876384498 -398.813438920159 90.7344836995861 67.1649889463467 -398.808087213311 90.7639619209951 66.8080191345093 -398.792725605073 90.7720149531852 66.2856073708578 -398.76113151911 75.38821366766 85.50873122519 -398.7482842712 76.5036061580979 84.8949686338399 -398.75102984817 77.5900114681069 84.2479225296367 -398.758244124452 78.6479323219456 83.5640160212581 -398.768393418104 79.6778714438724 82.8396722173816 -398.779944047181 81.4252638383282 81.4547565906703 -398.799018706778 82.9177893908099 80.0867567768118 -398.809699389326 84.3276989576942 78.61089905082 -398.812910571842 85.6371983607779 77.0468908843084 -398.808651919712 86.8285407447653 75.4144061857329 -398.796932670758 87.893095909062 73.7264465596808 -398.779501338001 88.8420370212117 71.9815199072737 -398.761884520636 89.4908998412641 70.6229009380882 -398.752117615491 71.06852848335 86.58585786438 -398.7441421356 72.097417447659 86.5687366975878 -398.778802159088 72.5959468609363 86.5249034069019 -398.801040409529 72.9814223687284 86.4637963111119 -398.810871781836 73.4459133775195 86.3566380549668 -398.812966375348 73.8664639304127 86.226280376092 -398.80564218707 74.2724998583248 86.0672807467211 -398.790010595342 74.8345665661962 85.7997330859451 -398.762381242005 49.73147151665 86.58585786438 -398.7441421356 56.8438238388833 86.58585786438 -398.7441421356 45.41178633234 85.50873122519 -398.7482842712 46.3651702445311 85.9948170706923 -398.782030732994 46.8271059054101 86.1878736896807 -398.802348595624 47.2124006582675 86.316401563197 -398.811493105617 47.6445035660204 86.4279892998573 -398.812895488395 48.0948931605035 86.5101336391942 -398.804583039416 48.5454383535581 86.5586843466592 -398.786513237633 49.1367496362429 86.5832020855636 -398.758243468781 30.71246310814 69.22834011083 -398.7482842712 31.2094831008185 70.4004220418608 -398.75102984817 31.7425647432908 71.5470558635095 -398.758244124452 32.3152151619711 72.6691058370343 -398.768393418103 32.9309414832732 73.7674362236933 -398.779944047179 34.1307664230329 75.6467423688552 -398.799018706777 35.3397104151386 77.2707837598038 -398.809699389326 36.6643627223885 78.8236189986804 -398.812910571842 38.0869298220652 80.2855400220424 -398.808651919712 39.5896467624675 81.6368892604087 -398.796932670759 41.1604580980767 82.8677577119372 -398.779501338002 42.7997106796688 83.9894123960467 -398.761884520636 44.085212500552 84.7732194713614 -398.752117615491 30.03271580597 65.76170668001 -398.7441421356 30.0369732461073 66.8265559905247 -398.793751303934 30.0677412780141 67.1835745584481 -398.808611425416 30.1243654191173 67.5427651018935 -398.813447229891 30.2055670832606 67.8939736854855 -398.808516481339 30.311271639389 68.2362557304695 -398.794352543999 30.5054210594456 68.7341005926799 -398.76445281786 30.03271580597 48.63829331999 -398.7441421356 30.03271580597 54.34609777333 -398.7441421356 30.71246310814 45.17165988917 -398.7482842712 30.3071562098893 46.1755995958155 -398.794991851791 30.2022921197367 46.5182500508117 -398.808849716779 30.120243412157 46.8787123615502 -398.813438920159 30.065516300414 47.2350110536533 -398.808087213311 30.0360380790049 47.5919808654907 -398.792725605073 30.0279850468148 48.1143926291422 -398.76113151911 45.41178633234 28.89126877481 -398.7482842712 44.2963938419021 29.5050313661601 -398.75102984817 43.2099885318931 30.1520774703633 -398.758244124452 42.1520676780545 30.8359839787419 -398.768393418104 41.1221285561276 31.5603277826183 -398.779944047181 39.3747361616719 32.9452434093296 -398.799018706778 37.8822106091902 34.3132432231882 -398.809699389326 36.4723010423058 35.78910094918 -398.812910571842 35.1628016392221 37.3531091156916 -398.808651919712 33.9714592552348 38.9855938142671 -398.796932670758 32.906904090938 40.6735534403192 -398.779501338001 31.9579629787883 42.4184800927262 -398.761884520636 31.309100158736 43.7770990619118 -398.752117615491 49.73147151665 27.81414213562 -398.7441421356 48.7025825523411 27.8312633024122 -398.778802159088 48.2040531390637 27.8750965930981 -398.801040409529 47.8185776312716 27.9362036888881 -398.810871781836 47.3540866224805 28.0433619450332 -398.812966375348 46.9335360695873 28.173719623908 -398.80564218707 46.5275001416752 28.3327192532789 -398.790010595342 45.9654334338038 28.6002669140549 -398.762381242005 71.06852848335 27.81414213562 -398.7441421356 63.9561761611167 27.81414213562 -398.7441421356 75.38821366766 28.89126877481 -398.7482842712 74.4348297554688 28.4051829293076 -398.782030732994 73.9728940945899 28.2121263103193 -398.802348595624 73.5875993417325 28.083598436803 -398.811493105617 73.1554964339796 27.9720107001427 -398.812895488395 72.7051068394965 27.8898663608058 -398.804583039416 72.2545616464419 27.8413156533408 -398.786513237633 71.6632503637571 27.8167979144364 -398.758243468781 90.08753689186 45.17165988917 -398.7482842712 89.5905168991815 43.9995779581392 -398.75102984817 89.0574352567092 42.8529441364904 -398.758244124452 88.4847848380289 41.7308941629656 -398.768393418103 87.8690585167267 40.6325637763066 -398.779944047179 86.669233576967 38.7532576311447 -398.799018706777 85.4602895848613 37.1292162401961 -398.809699389326 84.1356372776115 35.5763810013195 -398.812910571842 82.7130701779348 34.1144599779575 -398.808651919712 81.2103532375324 32.7631107395912 -398.796932670759 79.6395419019232 31.5322422880628 -398.779501338002 78.0002893203311 30.4105876039532 -398.761884520636 76.7147874994479 29.6267805286385 -398.752117615491 90.7630267538927 47.5734440094753 -398.793751303934 90.732258721986 47.2164254415519 -398.808611425416 90.6756345808827 46.8572348981065 -398.813447229891 90.5944329167394 46.5060263145145 -398.808516481339 90.488728360611 46.1637442695305 -398.794352543999 90.2945789405544 45.6658994073201 -398.76445281786 -30.03271580597 65.76170668001 -398.7441421356 -30.03271580597 60.05390222667 -398.7441421356 -30.03271580597 48.63829331999 -398.7441421356 -30.71246310813 69.22834011083 -398.7482842712 -30.3071562099104 68.2244004042457 -398.794991851788 -30.2022921197535 67.8817499492514 -398.808849716778 -30.1202434121733 67.5212876385358 -398.813438920159 -30.0655163004242 67.1649889464334 -398.808087213314 -30.0360380790091 66.8080191345957 -398.792725605077 -30.0279850468144 66.2856073709009 -398.761131519112 -45.41178633234 85.50873122519 -398.7482842712 -44.2963938419021 84.8949686338399 -398.75102984817 -43.2099885318931 84.2479225296367 -398.758244124452 -42.1520676780544 83.564016021258 -398.768393418104 -41.1221285561275 82.8396722173816 -398.779944047181 -39.3747361616718 81.4547565906703 -398.799018706778 -37.8822106091901 80.0867567768118 -398.809699389326 -36.4723010423058 78.6108990508199 -398.812910571842 -35.162801639222 77.0468908843083 -398.808651919712 -33.9714592552347 75.4144061857328 -398.796932670758 -32.9069040909376 73.7264465596807 -398.779501338001 -31.9579629787862 71.9815199072737 -398.761884520636 -31.3091001587309 70.6229009380882 -398.752117615491 -49.73147151665 86.58585786438 -398.7441421356 -48.7025825523411 86.5687366975878 -398.778802159088 -48.2040531390637 86.5249034069019 -398.801040409529 -47.8185776312716 86.4637963111119 -398.810871781836 -47.3540866224805 86.3566380549668 -398.812966375348 -46.9335360695873 86.226280376092 -398.80564218707 -46.5275001416752 86.0672807467211 -398.790010595342 -45.9654334338038 85.7997330859451 -398.762381242005 -71.06852848335 86.58585786438 -398.7441421356 -63.9561761611167 86.58585786438 -398.7441421356 -75.38821366766 85.50873122519 -398.7482842712 -74.4348297554689 85.9948170706923 -398.782030732994 -73.9728940945899 86.1878736896807 -398.802348595624 -73.5875993417325 86.316401563197 -398.811493105617 -73.1554964339796 86.4279892998573 -398.812895488395 -72.7051068394965 86.5101336391942 -398.804583039416 -72.2545616464419 86.5586843466592 -398.786513237633 -71.6632503637571 86.5832020855636 -398.758243468781 -90.08753689186 69.22834011083 -398.7482842712 -89.5905168991815 70.4004220418608 -398.75102984817 -89.0574352567092 71.5470558635096 -398.758244124452 -88.4847848380289 72.6691058370344 -398.768393418103 -87.8690585167267 73.7674362236934 -398.779944047179 -86.6692335769671 75.6467423688553 -398.799018706777 -85.4602895848613 77.2707837598039 -398.809699389326 -84.1356372776115 78.8236189986805 -398.812910571842 -82.7130701779348 80.2855400220424 -398.808651919712 -81.2103532375324 81.6368892604088 -398.796932670759 -79.6395419019233 82.8677577119372 -398.779501338002 -78.0002893203311 83.9894123960467 -398.761884520636 -76.7147874994479 84.7732194713615 -398.752117615491 -90.76728419403 65.76170668001 -398.7441421356 -90.7630267538927 66.8265559905247 -398.793751303934 -90.732258721986 67.1835745584481 -398.808611425416 -90.6756345808827 67.5427651018935 -398.813447229891 -90.5944329167394 67.8939736854854 -398.808516481339 -90.488728360611 68.2362557304695 -398.794352543999 -90.2945789405544 68.7341005926799 -398.76445281786 -90.76728419403 48.63829331999 -398.7441421356 -90.76728419403 54.34609777333 -398.7441421356 -90.08753689186 45.17165988917 -398.7482842712 -90.4928437901107 46.1755995958155 -398.794991851791 -90.5977078802633 46.5182500508117 -398.808849716779 -90.679756587843 46.8787123615502 -398.813438920159 -90.7344836995861 47.2350110536533 -398.808087213311 -90.7639619209951 47.5919808654908 -398.792725605073 -90.7720149531852 48.1143926291422 -398.76113151911 -75.38821366766 28.89126877481 -398.7482842712 -76.5036061580979 29.5050313661601 -398.75102984817 -77.5900114681068 30.1520774703633 -398.758244124452 -78.6479323219455 30.8359839787419 -398.768393418104 -79.6778714438723 31.5603277826183 -398.779944047181 -81.4252638383281 32.9452434093296 -398.799018706778 -82.9177893908098 34.3132432231881 -398.809699389326 -84.3276989576941 35.7891009491799 -398.812910571842 -85.6371983607779 37.3531091156916 -398.808651919712 -86.8285407447652 38.985593814267 -398.796932670758 -87.893095909062 40.6735534403191 -398.779501338001 -88.8420370212117 42.4184800927262 -398.761884520636 -89.490899841264 43.7770990619118 -398.752117615491 -71.06852848335 27.81414213562 -398.7441421356 -72.0974174476589 27.8312633024122 -398.778802159088 -72.5959468609363 27.8750965930981 -398.801040409529 -72.9814223687284 27.9362036888881 -398.810871781836 -73.4459133775195 28.0433619450332 -398.812966375348 -73.8664639304127 28.173719623908 -398.80564218707 -74.2724998583248 28.3327192532789 -398.790010595342 -74.8345665661962 28.6002669140549 -398.762381242005 -49.73147151665 27.81414213562 -398.7441421356 -56.8438238388833 27.81414213562 -398.7441421356 -45.41178633234 28.89126877481 -398.7482842712 -46.3651702445311 28.4051829293076 -398.782030732994 -46.8271059054101 28.2121263103193 -398.802348595624 -47.2124006582676 28.083598436803 -398.811493105617 -47.6445035660204 27.9720107001427 -398.812895488395 -48.0948931605036 27.8898663608058 -398.804583039416 -48.5454383535581 27.8413156533408 -398.786513237633 -49.1367496362429 27.8167979144364 -398.758243468781 -30.71246310814 45.17165988917 -398.7482842712 -31.2094831008185 43.9995779581392 -398.75102984817 -31.7425647432908 42.8529441364905 -398.758244124452 -32.3152151619711 41.7308941629657 -398.768393418103 -32.9309414832733 40.6325637763067 -398.779944047179 -34.1307664230329 38.7532576311448 -398.799018706777 -35.3397104151386 37.1292162401961 -398.809699389326 -36.6643627223885 35.5763810013196 -398.812910571842 -38.0869298220652 34.1144599779576 -398.808651919712 -39.5896467624675 32.7631107395913 -398.796932670759 -41.1604580980767 31.5322422880628 -398.779501338002 -42.7997106796688 30.4105876039533 -398.761884520636 -44.085212500552 29.6267805286386 -398.752117615491 -30.0369732461073 47.5734440094753 -398.793751303934 -30.0677412780141 47.2164254415518 -398.808611425416 -30.1243654191173 46.8572348981065 -398.813447229891 -30.2055670832606 46.5060263145145 -398.808516481339 -30.311271639389 46.1637442695304 -398.794352543999 -30.5054210594456 45.6658994073201 -398.76445281786 -95.73271580597 65.76170668001 -398.7441421356 -95.73271580597 60.05390222667 -398.7441421356 -95.73271580597 48.63829331999 -398.7441421356 -96.41246310813 69.22834011083 -398.7482842712 -96.0071562099104 68.2244004042457 -398.794991851788 -95.9022921197535 67.8817499492514 -398.808849716778 -95.8202434121733 67.5212876385358 -398.813438920159 -95.7655163004242 67.1649889464334 -398.808087213314 -95.7360380790091 66.8080191345957 -398.792725605077 -95.7279850468144 66.2856073709009 -398.761131519112 -111.1117863323 85.50873122519 -398.7482842712 -109.996393841758 84.894968633763 -398.751029848171 -108.909988531636 84.2479225294743 -398.758244124455 -107.852067677678 83.5640160210003 -398.768393418108 -106.82212855563 82.8396722170174 -398.779944047186 -105.07473616118 81.4547565902655 -398.799018706782 -103.582210608726 80.0867567763806 -398.809699389329 -102.172301041881 78.61089905037 -398.812910571841 -100.862801638846 77.0468908838466 -398.808651919709 -99.6714592549108 75.4144061852659 -398.796932670753 -98.6069040906597 73.7264465592104 -398.779501337996 -97.6579629785464 71.9815199067998 -398.761884520631 -97.009100158621 70.622900937845 -398.752117615489 -115.4314715167 86.58585786438 -398.7441421356 -114.402582552345 86.5687366975878 -398.778802159088 -113.904053139085 86.5249034069019 -398.801040409529 -113.518577631301 86.4637963111119 -398.810871781836 -113.054086622511 86.3566380549668 -398.812966375348 -112.633536069611 86.226280376092 -398.80564218707 -112.227500141686 86.0672807467211 -398.790010595342 -111.66543343379 85.7997330859451 -398.762381242005 -136.7685284833 86.58585786438 -398.7441421356 -129.6561761611 86.58585786438 -398.7441421356 -141.0882136677 85.50873122519 -398.7482842712 -140.134829755458 85.9948170706953 -398.782030732995 -139.672894094562 86.1878736896832 -398.802348595624 -139.287599341694 86.3164015631998 -398.811493105617 -138.855496433936 86.4279892998601 -398.812895488395 -138.405106839456 86.5101336391964 -398.804583039416 -137.954561646414 86.5586843466606 -398.786513237632 -137.363250363747 86.5832020855638 -398.758243468781 -155.7875368919 69.22834011083 -398.7482842712 -155.290516899127 70.4004220420047 -398.751029848171 -154.757435256561 71.5470558637912 -398.758244124454 -154.184784837785 72.6691058374478 -398.768393418107 -153.569058516382 73.7674362242331 -398.779944047185 -152.369233576583 75.6467423693756 -398.799018706781 -151.160289584496 77.2707837602481 -398.809699389328 -149.83563727728 78.8236189990481 -398.812910571842 -148.413070177643 80.2855400223352 -398.80865191971 -146.910353237279 81.6368892606306 -398.796932670756 -145.339541901704 82.8677577120971 -398.779501337999 -143.700289320156 83.9894123961544 -398.761884520635 -142.414787499366 84.7732194714119 -398.75211761549 -156.467284194 65.76170668001 -398.7441421356 -156.463026753905 66.8265559903605 -398.793751303925 -156.432258722014 67.1835745582835 -398.808611425412 -156.375634580929 67.5427651016751 -398.813447229891 -156.294432916794 67.8939736852713 -398.808516481345 -156.188728360676 68.2362557302619 -398.79435254401 -155.994578940599 68.7341005925787 -398.764452817866 -156.467284194 48.63829331999 -398.7441421356 -156.467284194 54.34609777333 -398.7441421356 -155.7875368919 45.17165988917 -398.7482842712 -156.19284379004 46.1755995956328 -398.794991851781 -156.29770788021 46.5182500506233 -398.808849716774 -156.379756587798 46.8787123612932 -398.813438920159 -156.434483699564 47.2350110533944 -398.808087213319 -156.463961920986 47.5919808652325 -398.792725605087 -156.472014953169 48.1143926290133 -398.761131519117 -141.0882136677 28.89126877481 -398.7482842712 -142.203606158241 29.505031366237 -398.751029848171 -143.290011468364 30.1520774705257 -398.758244124455 -144.347932322322 30.8359839789996 -398.768393418108 -145.377871444368 31.5603277829826 -398.779944047186 -147.125263838813 32.9452434097345 -398.799018706782 -148.617789391268 34.3132432236257 -398.809699389329 -150.027698958111 35.7891009496437 -398.812910571841 -151.337198361143 37.353109116175 -398.808651919709 -152.528540745078 38.985593814764 -398.796932670753 -153.593095909332 40.6735534408281 -398.779501337995 -154.542037021459 42.418480093248 -398.761884520631 -155.19089984139 43.7770990621795 -398.752117615489 -136.7685284833 27.81414213562 -398.7441421356 -137.797417447655 27.8312633024122 -398.778802159088 -138.295946860915 27.8750965930981 -398.801040409529 -138.681422368699 27.9362036888881 -398.810871781836 -139.145913377489 28.0433619450332 -398.812966375348 -139.566463930389 28.173719623908 -398.80564218707 -139.972499858314 28.3327192532789 -398.790010595342 -140.53456656621 28.6002669140549 -398.762381242005 -115.4314715167 27.81414213562 -398.7441421356 -122.5438238389 27.81414213562 -398.7441421356 -111.1117863323 28.89126877481 -398.7482842712 -112.065170244542 28.4051829293047 -398.782030732995 -112.527105905438 28.2121263103168 -398.802348595624 -112.912400658306 28.0835984368001 -398.811493105617 -113.344503566064 27.9720107001399 -398.812895488395 -113.794893160544 27.8898663608036 -398.804583039416 -114.245438353586 27.8413156533394 -398.786513237632 -114.836749636253 27.8167979144362 -398.758243468781 -96.41246310814 45.17165988917 -398.7482842712 -96.9094831008372 43.9995779581056 -398.75102984817 -97.4425647433282 42.8529441364247 -398.758244124452 -98.0152151620275 41.7308941628691 -398.768393418104 -98.6309414833497 40.6325637761806 -398.779944047181 -99.8307664231118 38.7532576310233 -398.799018706778 -101.039710415205 37.1292162400949 -398.809699389326 -102.36436272244 35.5763810012384 -398.812910571842 -103.786929822105 34.1144599778958 -398.808651919712 -105.289646762503 32.7631107395475 -398.796932670758 -106.860458098114 31.5322422880346 -398.779501338001 -108.499710679699 30.4105876039381 -398.761884520636 -109.785212500559 29.6267805286315 -398.752117615491 -95.7369732461073 47.5734440094753 -398.793751303934 -95.767741278014 47.2164254415519 -398.808611425416 -95.8243654191173 46.8572348981065 -398.813447229891 -95.9055670832606 46.5060263145145 -398.808516481339 -96.011271639389 46.1637442695305 -398.794352543999 -96.2054210594456 45.6658994073201 -398.76445281786 -200.132715806 65.76170668001 -398.7441421356 -200.132715806 60.05390222667 -398.7441421356 -200.132715806 48.63829331999 -398.7441421356 -200.8124631081 69.22834011083 -398.7482842712 -200.40715620996 68.2244004043673 -398.794991851781 -200.30229211979 67.8817499493768 -398.808849716774 -200.220243412202 67.5212876387068 -398.813438920159 -200.165516300436 67.1649889466056 -398.808087213319 -200.136038079014 66.8080191347675 -398.792725605087 -200.127985046831 66.2856073709867 -398.761131519117 -215.5117863323 85.50873122519 -398.7482842712 -214.396393841758 84.894968633763 -398.751029848171 -213.309988531636 84.2479225294743 -398.758244124455 -212.252067677678 83.5640160210003 -398.768393418108 -211.222128555632 82.8396722170173 -398.779944047186 -209.474736161187 81.4547565902654 -398.799018706782 -207.982210608732 80.0867567763742 -398.809699389329 -206.572301041889 78.6108990503563 -398.812910571841 -205.262801638856 77.0468908838249 -398.808651919709 -204.071459254922 75.414406185236 -398.796932670753 -203.006904090668 73.7264465591718 -398.779501337995 -202.057962978541 71.9815199067519 -398.761884520631 -201.40910015861 70.6229009378204 -398.752117615489 -219.8314715167 86.58585786438 -398.7441421356 -218.802582552345 86.5687366975878 -398.778802159088 -218.304053139085 86.5249034069019 -398.801040409529 -217.918577631301 86.4637963111119 -398.810871781836 -217.454086622511 86.3566380549668 -398.812966375348 -217.033536069611 86.226280376092 -398.80564218707 -216.627500141686 86.0672807467211 -398.790010595342 -216.06543343379 85.7997330859451 -398.762381242005 -241.1685284833 86.58585786438 -398.7441421356 -234.0561761611 86.58585786438 -398.7441421356 -245.4882136677 85.50873122519 -398.7482842712 -244.534829755458 85.9948170706953 -398.782030732995 -244.072894094562 86.1878736896832 -398.802348595624 -243.687599341694 86.3164015631998 -398.811493105617 -243.255496433936 86.4279892998601 -398.812895488395 -242.805106839456 86.5101336391964 -398.804583039416 -242.354561646414 86.5586843466606 -398.786513237632 -241.763250363747 86.5832020855638 -398.758243468781 -260.1875368919 69.22834011083 -398.7482842712 -259.690516899127 70.4004220420047 -398.751029848171 -259.157435256561 71.5470558637912 -398.758244124454 -258.584784837785 72.6691058374479 -398.768393418107 -257.969058516382 73.7674362242332 -398.779944047185 -256.769233576583 75.6467423693757 -398.799018706781 -255.560289584496 77.2707837602482 -398.809699389328 -254.23563727728 78.8236189990482 -398.812910571842 -252.813070177643 80.2855400223353 -398.80865191971 -251.310353237279 81.6368892606307 -398.796932670756 -249.739541901703 82.8677577120972 -398.779501337999 -248.100289320156 83.9894123961545 -398.761884520635 -246.814787499366 84.7732194714119 -398.75211761549 -260.867284194 65.76170668001 -398.7441421356 -260.863026753905 66.8265559903605 -398.793751303925 -260.832258722014 67.1835745582835 -398.808611425412 -260.775634580929 67.5427651016751 -398.813447229891 -260.694432916794 67.8939736852713 -398.808516481345 -260.588728360676 68.2362557302619 -398.79435254401 -260.394578940599 68.7341005925787 -398.764452817866 -260.867284194 48.63829331999 -398.7441421356 -260.867284194 54.34609777333 -398.7441421356 -260.1875368919 45.17165988917 -398.7482842712 -260.59284379004 46.1755995956319 -398.794991851781 -260.69770788021 46.5182500506208 -398.808849716774 -260.779756587799 46.878712361289 -398.813438920159 -260.834483699564 47.2350110533891 -398.808087213318 -260.863961920986 47.5919808652278 -398.792725605087 -260.872014953169 48.1143926290115 -398.761131519117 -245.4882136677 28.89126877481 -398.7482842712 -246.603606158241 29.505031366237 -398.751029848171 -247.690011468364 30.1520774705257 -398.758244124455 -248.747932322322 30.8359839789996 -398.768393418108 -249.777871444368 31.5603277829826 -398.779944047186 -251.525263838813 32.9452434097345 -398.799018706782 -253.017789391268 34.3132432236257 -398.809699389329 -254.427698958111 35.7891009496437 -398.812910571841 -255.737198361143 37.353109116175 -398.808651919709 -256.928540745078 38.985593814764 -398.796932670753 -257.993095909332 40.6735534408281 -398.779501337995 -258.942037021459 42.418480093248 -398.761884520631 -259.59089984139 43.7770990621795 -398.752117615489 -241.1685284833 27.81414213562 -398.7441421356 -242.197417447655 27.8312633024122 -398.778802159088 -242.695946860915 27.8750965930981 -398.801040409529 -243.081422368699 27.9362036888881 -398.810871781836 -243.545913377489 28.0433619450332 -398.812966375348 -243.966463930389 28.173719623908 -398.80564218707 -244.372499858314 28.3327192532789 -398.790010595342 -244.93456656621 28.6002669140549 -398.762381242005 -219.8314715167 27.81414213562 -398.7441421356 -226.9438238389 27.81414213562 -398.7441421356 -215.5117863323 28.89126877481 -398.7482842712 -216.465170244542 28.4051829293047 -398.782030732995 -216.927105905438 28.2121263103168 -398.802348595624 -217.312400658306 28.0835984368001 -398.811493105617 -217.744503566064 27.9720107001399 -398.812895488395 -218.194893160544 27.8898663608036 -398.804583039416 -218.645438353586 27.8413156533394 -398.786513237632 -219.236749636253 27.8167979144362 -398.758243468781 -200.8124631081 45.17165988917 -398.7482842712 -201.309483100873 43.9995779579952 -398.751029848171 -201.842564743439 42.8529441362086 -398.758244124454 -202.415215162215 41.7308941625519 -398.768393418107 -203.030941483618 40.6325637757666 -398.779944047185 -204.230766423417 38.753257630624 -398.799018706781 -205.439710415504 37.1292162397516 -398.809699389328 -206.76436272272 35.5763810009516 -398.812910571842 -208.186929822357 34.1144599776646 -398.80865191971 -209.689646762721 32.7631107393692 -398.796932670756 -211.260458098297 31.5322422879027 -398.779501337999 -212.899710679844 30.4105876038454 -398.761884520635 -214.185212500634 29.626780528588 -398.75211761549 -200.136973246095 47.5734440096395 -398.793751303925 -200.167741277986 47.2164254417165 -398.808611425412 -200.224365419071 46.8572348983249 -398.813447229891 -200.305567083206 46.5060263147287 -398.808516481345 -200.411271639324 46.1637442697381 -398.79435254401 -200.605421059401 45.6658994074213 -398.764452817866 209.35 7.5 -398.8 198.8 7.5 -398.8 198.8 4 -398.8 209.35 4 -398.8 262.2 7.5 -398.8 251.65 7.5 -398.8 251.65 4 -398.8 262.2 4 -398.8 104.95 7.5 -398.8 94.4 7.5 -398.8 94.4 4 -398.8 104.95 4 -398.8 157.8 7.5 -398.8 147.25 7.5 -398.8 147.25 4 -398.8 157.8 4 -398.8 39.25 7.5 -398.8 28.7 7.5 -398.8 28.7 4 -398.8 39.25 4 -398.8 92.1 7.5 -398.8 81.55 7.5 -398.8 81.55 4 -398.8 92.1 4 -398.8 -81.55 7.5 -398.8 -92.1 7.5 -398.8 -92.1 4 -398.8 -81.55 4 -398.8 -28.7 7.5 -398.8 -39.25 7.5 -398.8 -39.25 4 -398.8 -28.7 4 -398.8 -147.25 7.5 -398.8 -157.8 7.5 -398.8 -157.8 4 -398.8 -147.25 4 -398.8 -94.4 7.5 -398.8 -104.95 7.5 -398.8 -104.95 4 -398.8 -94.4 4 -398.8 -251.65 7.5 -398.8 -262.2 7.5 -398.8 -262.2 4 -398.8 -251.65 4 -398.8 -198.8 7.5 -398.8 -209.35 7.5 -398.8 -209.35 4 -398.8 -198.8 4 -398.8 207.45 30.3 -398.8 207.44491360066 30.1705424920491 -398.8 207.429685761982 30.0418831326836 -398.8 207.404410368656 29.9148151496378 -398.8 207.369243251887 29.7901219592813 -398.8 207.324401228644 29.6685723365976 -398.8 207.270160764911 29.5509156754297 -398.8 207.206856271184 29.4378773682187 -398.8 207.134878040719 29.3301543337174 -398.8 207.05466984324 29.2284107202552 -398.8 206.966726188958 29.1332738110422 -398.8 206.871589279745 29.0453301567599 -398.8 206.769845666283 28.9651219592813 -398.8 206.662122631781 28.8931437288157 -398.8 206.54908432457 28.8298392350892 -398.8 206.431427663402 28.7755987713564 -398.8 206.309878040719 28.730756748113 -398.8 206.185184850362 28.6955896313438 -398.8 206.058116867316 28.670314238018 -398.8 205.929457507951 28.6550863993403 -398.8 205.8 28.65 -398.8 205.670542492049 28.6550863993403 -398.8 205.541883132684 28.670314238018 -398.8 205.414815149638 28.6955896313438 -398.8 205.290121959281 28.730756748113 -398.8 205.168572336598 28.7755987713564 -398.8 205.05091567543 28.8298392350892 -398.8 204.937877368219 28.8931437288157 -398.8 204.830154333717 28.9651219592813 -398.8 204.728410720255 29.0453301567599 -398.8 204.633273811042 29.1332738110422 -398.8 204.54533015676 29.2284107202552 -398.8 204.465121959281 29.3301543337174 -398.8 204.393143728816 29.4378773682187 -398.8 204.329839235089 29.5509156754297 -398.8 204.275598771356 29.6685723365976 -398.8 204.230756748113 29.7901219592813 -398.8 204.195589631344 29.9148151496378 -398.8 204.170314238018 30.0418831326836 -398.8 204.15508639934 30.1705424920491 -398.8 204.15 30.3 -398.8 204.15508639934 30.4294575079509 -398.8 204.170314238018 30.5581168673164 -398.8 204.195589631344 30.6851848503622 -398.8 204.230756748113 30.8098780407187 -398.8 204.275598771356 30.9314276634024 -398.8 204.329839235089 31.0490843245703 -398.8 204.393143728816 31.1621226317813 -398.8 204.465121959281 31.2698456662826 -398.8 204.54533015676 31.3715892797448 -398.8 204.633273811042 31.4667261889578 -398.8 204.728410720255 31.5546698432401 -398.8 204.830154333717 31.6348780407187 -398.8 204.937877368219 31.7068562711843 -398.8 205.05091567543 31.7701607649108 -398.8 205.168572336598 31.8244012286436 -398.8 205.290121959281 31.869243251887 -398.8 205.414815149638 31.9044103686562 -398.8 205.541883132684 31.929685761982 -398.8 205.670542492049 31.9449136006597 -398.8 205.8 31.95 -398.8 205.929457507951 31.9449136006597 -398.8 206.058116867316 31.929685761982 -398.8 206.185184850362 31.9044103686562 -398.8 206.309878040719 31.869243251887 -398.8 206.431427663402 31.8244012286436 -398.8 206.54908432457 31.7701607649108 -398.8 206.662122631781 31.7068562711843 -398.8 206.769845666283 31.6348780407187 -398.8 206.871589279745 31.5546698432401 -398.8 206.966726188958 31.4667261889578 -398.8 207.05466984324 31.3715892797448 -398.8 207.134878040719 31.2698456662826 -398.8 207.206856271184 31.1621226317813 -398.8 207.270160764911 31.0490843245703 -398.8 207.324401228644 30.9314276634024 -398.8 207.369243251887 30.8098780407187 -398.8 207.404410368656 30.6851848503622 -398.8 207.429685761982 30.5581168673164 -398.8 207.44491360066 30.4294575079509 -398.8 103.05 30.3 -398.8 103.04491360066 30.1705424920491 -398.8 103.029685761982 30.0418831326836 -398.8 103.004410368656 29.9148151496378 -398.8 102.969243251887 29.7901219592813 -398.8 102.924401228644 29.6685723365976 -398.8 102.870160764911 29.5509156754297 -398.8 102.806856271184 29.4378773682187 -398.8 102.734878040719 29.3301543337174 -398.8 102.65466984324 29.2284107202552 -398.8 102.566726188958 29.1332738110422 -398.8 102.471589279745 29.0453301567599 -398.8 102.369845666283 28.9651219592813 -398.8 102.262122631781 28.8931437288157 -398.8 102.14908432457 28.8298392350892 -398.8 102.031427663402 28.7755987713564 -398.8 101.909878040719 28.730756748113 -398.8 101.785184850362 28.6955896313438 -398.8 101.658116867316 28.670314238018 -398.8 101.529457507951 28.6550863993403 -398.8 101.4 28.65 -398.8 101.270542492049 28.6550863993403 -398.8 101.141883132684 28.670314238018 -398.8 101.014815149638 28.6955896313438 -398.8 100.890121959281 28.730756748113 -398.8 100.768572336598 28.7755987713564 -398.8 100.65091567543 28.8298392350892 -398.8 100.537877368219 28.8931437288157 -398.8 100.430154333717 28.9651219592813 -398.8 100.328410720255 29.0453301567599 -398.8 100.233273811042 29.1332738110422 -398.8 100.14533015676 29.2284107202552 -398.8 100.065121959281 29.3301543337174 -398.8 99.9931437288158 29.4378773682187 -398.8 99.9298392350892 29.5509156754297 -398.8 99.8755987713564 29.6685723365976 -398.8 99.830756748113 29.7901219592813 -398.8 99.7955896313438 29.9148151496378 -398.8 99.770314238018 30.0418831326836 -398.8 99.7550863993403 30.1705424920491 -398.8 99.75 30.3 -398.8 99.7550863993403 30.4294575079509 -398.8 99.770314238018 30.5581168673164 -398.8 99.7955896313438 30.6851848503622 -398.8 99.830756748113 30.8098780407187 -398.8 99.8755987713564 30.9314276634024 -398.8 99.9298392350892 31.0490843245703 -398.8 99.9931437288158 31.1621226317813 -398.8 100.065121959281 31.2698456662826 -398.8 100.14533015676 31.3715892797448 -398.8 100.233273811042 31.4667261889578 -398.8 100.328410720255 31.5546698432401 -398.8 100.430154333717 31.6348780407187 -398.8 100.537877368219 31.7068562711843 -398.8 100.65091567543 31.7701607649108 -398.8 100.768572336598 31.8244012286436 -398.8 100.890121959281 31.869243251887 -398.8 101.014815149638 31.9044103686562 -398.8 101.141883132684 31.929685761982 -398.8 101.270542492049 31.9449136006597 -398.8 101.4 31.95 -398.8 101.529457507951 31.9449136006597 -398.8 101.658116867316 31.929685761982 -398.8 101.785184850362 31.9044103686562 -398.8 101.909878040719 31.869243251887 -398.8 102.031427663402 31.8244012286436 -398.8 102.14908432457 31.7701607649108 -398.8 102.262122631781 31.7068562711843 -398.8 102.369845666283 31.6348780407187 -398.8 102.471589279745 31.5546698432401 -398.8 102.566726188958 31.4667261889578 -398.8 102.65466984324 31.3715892797448 -398.8 102.734878040719 31.2698456662826 -398.8 102.806856271184 31.1621226317813 -398.8 102.870160764911 31.0490843245703 -398.8 102.924401228644 30.9314276634024 -398.8 102.969243251887 30.8098780407187 -398.8 103.004410368656 30.6851848503622 -398.8 103.029685761982 30.5581168673164 -398.8 103.04491360066 30.4294575079509 -398.8 37.35 30.3 -398.8 37.3449136006597 30.1705424920491 -398.8 37.329685761982 30.0418831326836 -398.8 37.3044103686562 29.9148151496378 -398.8 37.269243251887 29.7901219592813 -398.8 37.2244012286436 29.6685723365976 -398.8 37.1701607649108 29.5509156754297 -398.8 37.1068562711843 29.4378773682187 -398.8 37.0348780407187 29.3301543337174 -398.8 36.9546698432401 29.2284107202552 -398.8 36.8667261889578 29.1332738110422 -398.8 36.7715892797448 29.0453301567599 -398.8 36.6698456662826 28.9651219592813 -398.8 36.5621226317813 28.8931437288157 -398.8 36.4490843245703 28.8298392350892 -398.8 36.3314276634024 28.7755987713564 -398.8 36.2098780407187 28.730756748113 -398.8 36.0851848503622 28.6955896313438 -398.8 35.9581168673164 28.670314238018 -398.8 35.8294575079509 28.6550863993403 -398.8 35.7 28.65 -398.8 35.5705424920491 28.6550863993403 -398.8 35.4418831326836 28.670314238018 -398.8 35.3148151496378 28.6955896313438 -398.8 35.1901219592813 28.730756748113 -398.8 35.0685723365976 28.7755987713564 -398.8 34.9509156754297 28.8298392350892 -398.8 34.8378773682187 28.8931437288157 -398.8 34.7301543337174 28.9651219592813 -398.8 34.6284107202552 29.0453301567599 -398.8 34.5332738110422 29.1332738110422 -398.8 34.44533015676 29.2284107202552 -398.8 34.3651219592813 29.3301543337174 -398.8 34.2931437288157 29.4378773682187 -398.8 34.2298392350892 29.5509156754297 -398.8 34.1755987713564 29.6685723365976 -398.8 34.130756748113 29.7901219592813 -398.8 34.0955896313438 29.9148151496378 -398.8 34.070314238018 30.0418831326836 -398.8 34.0550863993403 30.1705424920491 -398.8 34.05 30.3 -398.8 34.0550863993403 30.4294575079509 -398.8 34.070314238018 30.5581168673164 -398.8 34.0955896313438 30.6851848503622 -398.8 34.130756748113 30.8098780407187 -398.8 34.1755987713564 30.9314276634024 -398.8 34.2298392350892 31.0490843245703 -398.8 34.2931437288157 31.1621226317813 -398.8 34.3651219592813 31.2698456662826 -398.8 34.44533015676 31.3715892797448 -398.8 34.5332738110422 31.4667261889578 -398.8 34.6284107202552 31.5546698432401 -398.8 34.7301543337174 31.6348780407187 -398.8 34.8378773682187 31.7068562711843 -398.8 34.9509156754297 31.7701607649108 -398.8 35.0685723365976 31.8244012286436 -398.8 35.1901219592813 31.869243251887 -398.8 35.3148151496378 31.9044103686562 -398.8 35.4418831326836 31.929685761982 -398.8 35.5705424920491 31.9449136006597 -398.8 35.7 31.95 -398.8 35.8294575079509 31.9449136006597 -398.8 35.9581168673164 31.929685761982 -398.8 36.0851848503622 31.9044103686562 -398.8 36.2098780407187 31.869243251887 -398.8 36.3314276634024 31.8244012286436 -398.8 36.4490843245703 31.7701607649108 -398.8 36.5621226317813 31.7068562711843 -398.8 36.6698456662826 31.6348780407187 -398.8 36.7715892797448 31.5546698432401 -398.8 36.8667261889578 31.4667261889578 -398.8 36.9546698432401 31.3715892797448 -398.8 37.0348780407187 31.2698456662826 -398.8 37.1068562711843 31.1621226317813 -398.8 37.1701607649108 31.0490843245703 -398.8 37.2244012286436 30.9314276634024 -398.8 37.269243251887 30.8098780407187 -398.8 37.3044103686562 30.6851848503622 -398.8 37.329685761982 30.5581168673164 -398.8 37.3449136006597 30.4294575079509 -398.8 -83.45 30.3 -398.8 -83.4550863993403 30.1705424920491 -398.8 -83.470314238018 30.0418831326836 -398.8 -83.4955896313438 29.9148151496378 -398.8 -83.530756748113 29.7901219592813 -398.8 -83.5755987713564 29.6685723365976 -398.8 -83.6298392350892 29.5509156754297 -398.8 -83.6931437288157 29.4378773682187 -398.8 -83.7651219592813 29.3301543337174 -398.8 -83.8453301567599 29.2284107202552 -398.8 -83.9332738110422 29.1332738110422 -398.8 -84.0284107202552 29.0453301567599 -398.8 -84.1301543337174 28.9651219592813 -398.8 -84.2378773682187 28.8931437288157 -398.8 -84.3509156754297 28.8298392350892 -398.8 -84.4685723365976 28.7755987713564 -398.8 -84.5901219592813 28.730756748113 -398.8 -84.7148151496377 28.6955896313438 -398.8 -84.8418831326836 28.670314238018 -398.8 -84.970542492049 28.6550863993403 -398.8 -85.1 28.65 -398.8 -85.2294575079509 28.6550863993403 -398.8 -85.3581168673164 28.670314238018 -398.8 -85.4851848503622 28.6955896313438 -398.8 -85.6098780407187 28.730756748113 -398.8 -85.7314276634024 28.7755987713564 -398.8 -85.8490843245702 28.8298392350892 -398.8 -85.9621226317813 28.8931437288157 -398.8 -86.0698456662826 28.9651219592813 -398.8 -86.1715892797448 29.0453301567599 -398.8 -86.2667261889578 29.1332738110422 -398.8 -86.35466984324 29.2284107202552 -398.8 -86.4348780407187 29.3301543337174 -398.8 -86.5068562711842 29.4378773682187 -398.8 -86.5701607649108 29.5509156754297 -398.8 -86.6244012286436 29.6685723365976 -398.8 -86.669243251887 29.7901219592813 -398.8 -86.7044103686562 29.9148151496378 -398.8 -86.729685761982 30.0418831326836 -398.8 -86.7449136006597 30.1705424920491 -398.8 -86.75 30.3 -398.8 -86.7449136006597 30.4294575079509 -398.8 -86.729685761982 30.5581168673164 -398.8 -86.7044103686562 30.6851848503622 -398.8 -86.669243251887 30.8098780407187 -398.8 -86.6244012286436 30.9314276634024 -398.8 -86.5701607649108 31.0490843245703 -398.8 -86.5068562711842 31.1621226317813 -398.8 -86.4348780407187 31.2698456662826 -398.8 -86.35466984324 31.3715892797448 -398.8 -86.2667261889578 31.4667261889578 -398.8 -86.1715892797448 31.5546698432401 -398.8 -86.0698456662826 31.6348780407187 -398.8 -85.9621226317813 31.7068562711843 -398.8 -85.8490843245702 31.7701607649108 -398.8 -85.7314276634024 31.8244012286436 -398.8 -85.6098780407187 31.869243251887 -398.8 -85.4851848503622 31.9044103686562 -398.8 -85.3581168673164 31.929685761982 -398.8 -85.2294575079509 31.9449136006597 -398.8 -85.1 31.95 -398.8 -84.970542492049 31.9449136006597 -398.8 -84.8418831326836 31.929685761982 -398.8 -84.7148151496377 31.9044103686562 -398.8 -84.5901219592813 31.869243251887 -398.8 -84.4685723365976 31.8244012286436 -398.8 -84.3509156754297 31.7701607649108 -398.8 -84.2378773682187 31.7068562711843 -398.8 -84.1301543337174 31.6348780407187 -398.8 -84.0284107202552 31.5546698432401 -398.8 -83.9332738110422 31.4667261889578 -398.8 -83.8453301567599 31.3715892797448 -398.8 -83.7651219592813 31.2698456662826 -398.8 -83.6931437288157 31.1621226317813 -398.8 -83.6298392350892 31.0490843245703 -398.8 -83.5755987713564 30.9314276634024 -398.8 -83.530756748113 30.8098780407187 -398.8 -83.4955896313438 30.6851848503622 -398.8 -83.470314238018 30.5581168673164 -398.8 -83.4550863993403 30.4294575079509 -398.8 -149.15 30.3 -398.8 -149.15508639934 30.1705424920491 -398.8 -149.170314238018 30.0418831326836 -398.8 -149.195589631344 29.9148151496378 -398.8 -149.230756748113 29.7901219592813 -398.8 -149.275598771356 29.6685723365976 -398.8 -149.329839235089 29.5509156754297 -398.8 -149.393143728816 29.4378773682187 -398.8 -149.465121959281 29.3301543337174 -398.8 -149.54533015676 29.2284107202552 -398.8 -149.633273811042 29.1332738110422 -398.8 -149.728410720255 29.0453301567599 -398.8 -149.830154333717 28.9651219592813 -398.8 -149.937877368219 28.8931437288157 -398.8 -150.05091567543 28.8298392350892 -398.8 -150.168572336598 28.7755987713564 -398.8 -150.290121959281 28.730756748113 -398.8 -150.414815149638 28.6955896313438 -398.8 -150.541883132684 28.670314238018 -398.8 -150.670542492049 28.6550863993403 -398.8 -150.8 28.65 -398.8 -150.929457507951 28.6550863993403 -398.8 -151.058116867316 28.670314238018 -398.8 -151.185184850362 28.6955896313438 -398.8 -151.309878040719 28.730756748113 -398.8 -151.431427663402 28.7755987713564 -398.8 -151.54908432457 28.8298392350892 -398.8 -151.662122631781 28.8931437288157 -398.8 -151.769845666283 28.9651219592813 -398.8 -151.871589279745 29.0453301567599 -398.8 -151.966726188958 29.1332738110422 -398.8 -152.05466984324 29.2284107202552 -398.8 -152.134878040719 29.3301543337174 -398.8 -152.206856271184 29.4378773682187 -398.8 -152.270160764911 29.5509156754297 -398.8 -152.324401228644 29.6685723365976 -398.8 -152.369243251887 29.7901219592813 -398.8 -152.404410368656 29.9148151496378 -398.8 -152.429685761982 30.0418831326836 -398.8 -152.44491360066 30.1705424920491 -398.8 -152.45 30.3 -398.8 -152.44491360066 30.4294575079509 -398.8 -152.429685761982 30.5581168673164 -398.8 -152.404410368656 30.6851848503622 -398.8 -152.369243251887 30.8098780407187 -398.8 -152.324401228644 30.9314276634024 -398.8 -152.270160764911 31.0490843245703 -398.8 -152.206856271184 31.1621226317813 -398.8 -152.134878040719 31.2698456662826 -398.8 -152.05466984324 31.3715892797448 -398.8 -151.966726188958 31.4667261889578 -398.8 -151.871589279745 31.5546698432401 -398.8 -151.769845666283 31.6348780407187 -398.8 -151.662122631781 31.7068562711843 -398.8 -151.54908432457 31.7701607649108 -398.8 -151.431427663402 31.8244012286436 -398.8 -151.309878040719 31.869243251887 -398.8 -151.185184850362 31.9044103686562 -398.8 -151.058116867316 31.929685761982 -398.8 -150.929457507951 31.9449136006597 -398.8 -150.8 31.95 -398.8 -150.670542492049 31.9449136006597 -398.8 -150.541883132684 31.929685761982 -398.8 -150.414815149638 31.9044103686562 -398.8 -150.290121959281 31.869243251887 -398.8 -150.168572336598 31.8244012286436 -398.8 -150.05091567543 31.7701607649108 -398.8 -149.937877368219 31.7068562711843 -398.8 -149.830154333717 31.6348780407187 -398.8 -149.728410720255 31.5546698432401 -398.8 -149.633273811042 31.4667261889578 -398.8 -149.54533015676 31.3715892797448 -398.8 -149.465121959281 31.2698456662826 -398.8 -149.393143728816 31.1621226317813 -398.8 -149.329839235089 31.0490843245703 -398.8 -149.275598771356 30.9314276634024 -398.8 -149.230756748113 30.8098780407187 -398.8 -149.195589631344 30.6851848503622 -398.8 -149.170314238018 30.5581168673164 -398.8 -149.15508639934 30.4294575079509 -398.8 -253.55 30.3 -398.8 -253.55508639934 30.1705424920491 -398.8 -253.570314238018 30.0418831326836 -398.8 -253.595589631344 29.9148151496378 -398.8 -253.630756748113 29.7901219592813 -398.8 -253.675598771356 29.6685723365976 -398.8 -253.729839235089 29.5509156754297 -398.8 -253.793143728816 29.4378773682187 -398.8 -253.865121959281 29.3301543337174 -398.8 -253.94533015676 29.2284107202552 -398.8 -254.033273811042 29.1332738110422 -398.8 -254.128410720255 29.0453301567599 -398.8 -254.230154333717 28.9651219592813 -398.8 -254.337877368219 28.8931437288157 -398.8 -254.45091567543 28.8298392350892 -398.8 -254.568572336598 28.7755987713564 -398.8 -254.690121959281 28.730756748113 -398.8 -254.814815149638 28.6955896313438 -398.8 -254.941883132684 28.670314238018 -398.8 -255.070542492049 28.6550863993403 -398.8 -255.2 28.65 -398.8 -255.329457507951 28.6550863993403 -398.8 -255.458116867316 28.670314238018 -398.8 -255.585184850362 28.6955896313438 -398.8 -255.709878040719 28.730756748113 -398.8 -255.831427663402 28.7755987713564 -398.8 -255.94908432457 28.8298392350892 -398.8 -256.062122631781 28.8931437288157 -398.8 -256.169845666283 28.9651219592813 -398.8 -256.271589279745 29.0453301567599 -398.8 -256.366726188958 29.1332738110422 -398.8 -256.45466984324 29.2284107202552 -398.8 -256.534878040719 29.3301543337174 -398.8 -256.606856271184 29.4378773682187 -398.8 -256.670160764911 29.5509156754297 -398.8 -256.724401228644 29.6685723365976 -398.8 -256.769243251887 29.7901219592813 -398.8 -256.804410368656 29.9148151496378 -398.8 -256.829685761982 30.0418831326836 -398.8 -256.84491360066 30.1705424920491 -398.8 -256.85 30.3 -398.8 -256.84491360066 30.4294575079509 -398.8 -256.829685761982 30.5581168673164 -398.8 -256.804410368656 30.6851848503622 -398.8 -256.769243251887 30.8098780407187 -398.8 -256.724401228644 30.9314276634024 -398.8 -256.670160764911 31.0490843245703 -398.8 -256.606856271184 31.1621226317813 -398.8 -256.534878040719 31.2698456662826 -398.8 -256.45466984324 31.3715892797448 -398.8 -256.366726188958 31.4667261889578 -398.8 -256.271589279745 31.5546698432401 -398.8 -256.169845666283 31.6348780407187 -398.8 -256.062122631781 31.7068562711843 -398.8 -255.94908432457 31.7701607649108 -398.8 -255.831427663402 31.8244012286436 -398.8 -255.709878040719 31.869243251887 -398.8 -255.585184850362 31.9044103686562 -398.8 -255.458116867316 31.929685761982 -398.8 -255.329457507951 31.9449136006597 -398.8 -255.2 31.95 -398.8 -255.070542492049 31.9449136006597 -398.8 -254.941883132684 31.929685761982 -398.8 -254.814815149638 31.9044103686562 -398.8 -254.690121959281 31.869243251887 -398.8 -254.568572336598 31.8244012286436 -398.8 -254.45091567543 31.7701607649108 -398.8 -254.337877368219 31.7068562711843 -398.8 -254.230154333717 31.6348780407187 -398.8 -254.128410720255 31.5546698432401 -398.8 -254.033273811042 31.4667261889578 -398.8 -253.94533015676 31.3715892797448 -398.8 -253.865121959281 31.2698456662826 -398.8 -253.793143728816 31.1621226317813 -398.8 -253.729839235089 31.0490843245703 -398.8 -253.675598771356 30.9314276634024 -398.8 -253.630756748113 30.8098780407187 -398.8 -253.595589631344 30.6851848503622 -398.8 -253.570314238018 30.5581168673164 -398.8 -253.55508639934 30.4294575079509 -398.8 222.19 25.35 -398.8 222.19 21.4 -398.8 219.06 25.35 -398.8 219.06 21.4 -398.8 218.628474973497 21.3830453355322 -398.8 218.199610442279 21.3322858732733 -398.8 217.776050498793 21.2480345621872 -398.8 217.360406530938 21.1308108396233 -398.8 216.955241121992 20.9813374288121 -398.8 216.563052251433 20.800535883036 -398.8 216.186257894062 20.5895209039475 -398.8 215.827181112391 20.3495934690622 -398.8 215.488035734184 20.0822328108002 -398.8 215.170912703474 19.789087296526 -398.8 214.8777671892 19.471964265816 -398.8 214.610406530938 19.1328188876086 -398.8 214.370479096052 18.7737421059377 -398.8 214.159464116964 18.3969477485675 -398.8 213.978662571188 18.004758878008 -398.8 213.829189160377 17.5995934690622 -398.8 213.711965437813 17.1839495012075 -398.8 213.627714126727 16.7603895577213 -398.8 213.576954664468 16.3315250265031 -398.8 213.56 15.9 -398.8 213.576954664468 15.4684749734969 -398.8 213.627714126727 15.0396104422787 -398.8 213.711965437813 14.6160504987925 -398.8 213.829189160377 14.2004065309378 -398.8 213.978662571188 13.795241121992 -398.8 214.159464116964 13.4030522514325 -398.8 214.370479096052 13.0262578940623 -398.8 214.610406530938 12.6671811123914 -398.8 214.8777671892 12.328035734184 -398.8 215.170912703474 12.010912703474 -398.8 215.488035734184 11.7177671891998 -398.8 215.827181112391 11.4504065309378 -398.8 216.186257894062 11.2104790960525 -398.8 216.563052251432 10.999464116964 -398.8 216.955241121992 10.8186625711879 -398.8 217.360406530938 10.6691891603767 -398.8 217.776050498793 10.5519654378128 -398.8 218.199610442279 10.4677141267267 -398.8 218.628474973497 10.4169546644678 -398.8 219.06 10.4 -398.8 219.06 6.45 -398.8 222.19 6.45 -398.8 222.19 8.6 -398.8 228.29 8.6 -398.8 228.29 6.45 -398.8 231.41 6.45 -398.8 231.41 10.4 -398.8 236.78 10.4 -398.8 237.211525026503 10.4169546644678 -398.8 237.640389557721 10.4677141267267 -398.8 238.063949501207 10.5519654378128 -398.8 238.479593469062 10.6691891603767 -398.8 238.884758878008 10.8186625711879 -398.8 239.276947748568 10.999464116964 -398.8 239.653742105938 11.2104790960525 -398.8 240.012818887609 11.4504065309378 -398.8 240.351964265816 11.7177671891998 -398.8 240.669087296526 12.010912703474 -398.8 240.9622328108 12.328035734184 -398.8 241.229593469062 12.6671811123914 -398.8 241.469520903948 13.0262578940623 -398.8 241.680535883036 13.4030522514325 -398.8 241.861337428812 13.795241121992 -398.8 242.010810839623 14.2004065309378 -398.8 242.128034562187 14.6160504987925 -398.8 242.212285873273 15.0396104422787 -398.8 242.263045335532 15.4684749734969 -398.8 242.28 15.9 -398.8 242.263045335532 16.3315250265031 -398.8 242.212285873273 16.7603895577213 -398.8 242.128034562187 17.1839495012075 -398.8 242.010810839623 17.5995934690622 -398.8 241.861337428812 18.004758878008 -398.8 241.680535883036 18.3969477485675 -398.8 241.469520903948 18.7737421059377 -398.8 241.229593469062 19.1328188876086 -398.8 240.9622328108 19.471964265816 -398.8 240.669087296526 19.789087296526 -398.8 240.351964265816 20.0822328108002 -398.8 240.012818887609 20.3495934690622 -398.8 239.653742105938 20.5895209039475 -398.8 239.276947748568 20.800535883036 -398.8 238.884758878008 20.9813374288121 -398.8 238.479593469062 21.1308108396233 -398.8 238.063949501207 21.2480345621872 -398.8 237.640389557721 21.3322858732733 -398.8 237.211525026503 21.3830453355322 -398.8 236.78 21.4 -398.8 231.41 21.4 -398.8 231.41 25.35 -398.8 228.29 25.35 -398.8 228.29 21.4 -398.8 114.66 21.4 -398.8 114.66 25.35 -398.8 114.228474973497 21.3830453355322 -398.8 113.799610442279 21.3322858732733 -398.8 113.376050498793 21.2480345621872 -398.8 112.960406530938 21.1308108396233 -398.8 112.555241121992 20.9813374288121 -398.8 112.163052251432 20.800535883036 -398.8 111.786257894062 20.5895209039475 -398.8 111.427181112391 20.3495934690622 -398.8 111.088035734184 20.0822328108002 -398.8 110.770912703474 19.789087296526 -398.8 110.4777671892 19.471964265816 -398.8 110.210406530938 19.1328188876086 -398.8 109.970479096052 18.7737421059377 -398.8 109.759464116964 18.3969477485675 -398.8 109.578662571188 18.004758878008 -398.8 109.429189160377 17.5995934690622 -398.8 109.311965437813 17.1839495012075 -398.8 109.227714126727 16.7603895577213 -398.8 109.176954664468 16.3315250265031 -398.8 109.16 15.9 -398.8 109.176954664468 15.4684749734969 -398.8 109.227714126727 15.0396104422787 -398.8 109.311965437813 14.6160504987925 -398.8 109.429189160377 14.2004065309378 -398.8 109.578662571188 13.795241121992 -398.8 109.759464116964 13.4030522514325 -398.8 109.970479096052 13.0262578940623 -398.8 110.210406530938 12.6671811123914 -398.8 110.4777671892 12.328035734184 -398.8 110.770912703474 12.010912703474 -398.8 111.088035734184 11.7177671891998 -398.8 111.427181112391 11.4504065309378 -398.8 111.786257894062 11.2104790960525 -398.8 112.163052251432 10.999464116964 -398.8 112.555241121992 10.8186625711879 -398.8 112.960406530938 10.6691891603767 -398.8 113.376050498793 10.5519654378128 -398.8 113.799610442279 10.4677141267267 -398.8 114.228474973497 10.4169546644678 -398.8 114.66 10.4 -398.8 114.66 6.45 -398.8 117.79 6.45 -398.8 117.79 8.6 -398.8 123.89 8.6 -398.8 123.89 6.45 -398.8 127.01 6.45 -398.8 127.01 10.4 -398.8 132.38 10.4 -398.8 132.811525026503 10.4169546644678 -398.8 133.240389557721 10.4677141267267 -398.8 133.663949501207 10.5519654378128 -398.8 134.079593469062 10.6691891603767 -398.8 134.484758878008 10.8186625711879 -398.8 134.876947748567 10.999464116964 -398.8 135.253742105938 11.2104790960525 -398.8 135.612818887609 11.4504065309378 -398.8 135.951964265816 11.7177671891998 -398.8 136.269087296526 12.010912703474 -398.8 136.5622328108 12.328035734184 -398.8 136.829593469062 12.6671811123914 -398.8 137.069520903948 13.0262578940623 -398.8 137.280535883036 13.4030522514325 -398.8 137.461337428812 13.795241121992 -398.8 137.610810839623 14.2004065309378 -398.8 137.728034562187 14.6160504987925 -398.8 137.812285873273 15.0396104422787 -398.8 137.863045335532 15.4684749734969 -398.8 137.88 15.9 -398.8 137.863045335532 16.3315250265031 -398.8 137.812285873273 16.7603895577213 -398.8 137.728034562187 17.1839495012075 -398.8 137.610810839623 17.5995934690622 -398.8 137.461337428812 18.004758878008 -398.8 137.280535883036 18.3969477485675 -398.8 137.069520903948 18.7737421059377 -398.8 136.829593469062 19.1328188876086 -398.8 136.5622328108 19.471964265816 -398.8 136.269087296526 19.789087296526 -398.8 135.951964265816 20.0822328108002 -398.8 135.612818887609 20.3495934690622 -398.8 135.253742105938 20.5895209039475 -398.8 134.876947748568 20.800535883036 -398.8 134.484758878008 20.9813374288121 -398.8 134.079593469062 21.1308108396233 -398.8 133.663949501207 21.2480345621872 -398.8 133.240389557721 21.3322858732733 -398.8 132.811525026503 21.3830453355322 -398.8 132.38 21.4 -398.8 127.01 21.4 -398.8 127.01 25.35 -398.8 123.89 25.35 -398.8 123.89 21.4 -398.8 117.79 21.4 -398.8 117.79 25.35 -398.8 48.96 21.4 -398.8 48.96 25.35 -398.8 48.5284749734969 21.3830453355322 -398.8 48.0996104422787 21.3322858732733 -398.8 47.6760504987925 21.2480345621872 -398.8 47.2604065309378 21.1308108396233 -398.8 46.855241121992 20.9813374288121 -398.8 46.4630522514325 20.800535883036 -398.8 46.0862578940623 20.5895209039475 -398.8 45.7271811123914 20.3495934690622 -398.8 45.388035734184 20.0822328108002 -398.8 45.070912703474 19.789087296526 -398.8 44.7777671891998 19.471964265816 -398.8 44.5104065309378 19.1328188876086 -398.8 44.2704790960525 18.7737421059377 -398.8 44.059464116964 18.3969477485675 -398.8 43.8786625711879 18.004758878008 -398.8 43.7291891603767 17.5995934690622 -398.8 43.6119654378128 17.1839495012075 -398.8 43.5277141267267 16.7603895577213 -398.8 43.4769546644678 16.3315250265031 -398.8 43.46 15.9 -398.8 43.4769546644678 15.4684749734969 -398.8 43.5277141267267 15.0396104422787 -398.8 43.6119654378128 14.6160504987925 -398.8 43.7291891603767 14.2004065309378 -398.8 43.8786625711879 13.795241121992 -398.8 44.059464116964 13.4030522514325 -398.8 44.2704790960525 13.0262578940623 -398.8 44.5104065309378 12.6671811123914 -398.8 44.7777671891998 12.328035734184 -398.8 45.070912703474 12.010912703474 -398.8 45.388035734184 11.7177671891998 -398.8 45.7271811123914 11.4504065309378 -398.8 46.0862578940623 11.2104790960525 -398.8 46.4630522514325 10.999464116964 -398.8 46.855241121992 10.8186625711879 -398.8 47.2604065309378 10.6691891603767 -398.8 47.6760504987925 10.5519654378128 -398.8 48.0996104422787 10.4677141267267 -398.8 48.5284749734969 10.4169546644678 -398.8 48.96 10.4 -398.8 48.96 6.45 -398.8 52.09 6.45 -398.8 52.09 8.6 -398.8 58.19 8.6 -398.8 58.19 6.45 -398.8 61.31 6.45 -398.8 61.31 10.4 -398.8 66.68 10.4 -398.8 67.1115250265032 10.4169546644678 -398.8 67.5403895577213 10.4677141267267 -398.8 67.9639495012075 10.5519654378128 -398.8 68.3795934690622 10.6691891603767 -398.8 68.784758878008 10.8186625711879 -398.8 69.1769477485675 10.999464116964 -398.8 69.5537421059377 11.2104790960525 -398.8 69.9128188876086 11.4504065309378 -398.8 70.251964265816 11.7177671891998 -398.8 70.569087296526 12.010912703474 -398.8 70.8622328108002 12.328035734184 -398.8 71.1295934690622 12.6671811123914 -398.8 71.3695209039475 13.0262578940623 -398.8 71.580535883036 13.4030522514325 -398.8 71.7613374288121 13.795241121992 -398.8 71.9108108396234 14.2004065309378 -398.8 72.0280345621872 14.6160504987925 -398.8 72.1122858732733 15.0396104422787 -398.8 72.1630453355322 15.4684749734969 -398.8 72.18 15.9 -398.8 72.1630453355322 16.3315250265031 -398.8 72.1122858732733 16.7603895577213 -398.8 72.0280345621872 17.1839495012075 -398.8 71.9108108396234 17.5995934690622 -398.8 71.7613374288121 18.004758878008 -398.8 71.580535883036 18.3969477485675 -398.8 71.3695209039475 18.7737421059377 -398.8 71.1295934690622 19.1328188876086 -398.8 70.8622328108002 19.471964265816 -398.8 70.569087296526 19.789087296526 -398.8 70.251964265816 20.0822328108002 -398.8 69.9128188876086 20.3495934690622 -398.8 69.5537421059377 20.5895209039475 -398.8 69.1769477485675 20.800535883036 -398.8 68.784758878008 20.9813374288121 -398.8 68.3795934690622 21.1308108396233 -398.8 67.9639495012075 21.2480345621872 -398.8 67.5403895577213 21.3322858732733 -398.8 67.1115250265032 21.3830453355322 -398.8 66.68 21.4 -398.8 61.31 21.4 -398.8 61.31 25.35 -398.8 58.19 25.35 -398.8 58.19 21.4 -398.8 52.09 21.4 -398.8 52.09 25.35 -398.8 -71.84 21.4 -398.8 -71.84 25.35 -398.8 -72.2715250265032 21.3830453355322 -398.8 -72.7003895577213 21.3322858732733 -398.8 -73.1239495012075 21.2480345621872 -398.8 -73.5395934690622 21.1308108396233 -398.8 -73.944758878008 20.9813374288121 -398.8 -74.3369477485675 20.800535883036 -398.8 -74.7137421059377 20.5895209039475 -398.8 -75.0728188876086 20.3495934690622 -398.8 -75.411964265816 20.0822328108002 -398.8 -75.729087296526 19.789087296526 -398.8 -76.0222328108002 19.471964265816 -398.8 -76.2895934690622 19.1328188876086 -398.8 -76.5295209039475 18.7737421059377 -398.8 -76.740535883036 18.3969477485675 -398.8 -76.9213374288121 18.004758878008 -398.8 -77.0708108396233 17.5995934690622 -398.8 -77.1880345621872 17.1839495012075 -398.8 -77.2722858732733 16.7603895577213 -398.8 -77.3230453355322 16.3315250265031 -398.8 -77.34 15.9 -398.8 -77.3230453355322 15.4684749734969 -398.8 -77.2722858732733 15.0396104422787 -398.8 -77.1880345621872 14.6160504987925 -398.8 -77.0708108396233 14.2004065309378 -398.8 -76.9213374288121 13.795241121992 -398.8 -76.740535883036 13.4030522514325 -398.8 -76.5295209039475 13.0262578940623 -398.8 -76.2895934690622 12.6671811123914 -398.8 -76.0222328108002 12.328035734184 -398.8 -75.729087296526 12.010912703474 -398.8 -75.411964265816 11.7177671891998 -398.8 -75.0728188876086 11.4504065309378 -398.8 -74.7137421059377 11.2104790960525 -398.8 -74.3369477485675 10.999464116964 -398.8 -73.944758878008 10.8186625711879 -398.8 -73.5395934690622 10.6691891603767 -398.8 -73.1239495012075 10.5519654378128 -398.8 -72.7003895577213 10.4677141267267 -398.8 -72.2715250265032 10.4169546644678 -398.8 -71.84 10.4 -398.8 -71.84 6.45 -398.8 -68.71 6.45 -398.8 -68.71 8.6 -398.8 -62.61 8.6 -398.8 -62.61 6.45 -398.8 -59.49 6.45 -398.8 -59.49 10.4 -398.8 -54.12 10.4 -398.8 -53.6884749734969 10.4169546644678 -398.8 -53.2596104422787 10.4677141267267 -398.8 -52.8360504987925 10.5519654378128 -398.8 -52.4204065309378 10.6691891603767 -398.8 -52.015241121992 10.8186625711879 -398.8 -51.6230522514325 10.999464116964 -398.8 -51.2462578940623 11.2104790960525 -398.8 -50.8871811123914 11.4504065309378 -398.8 -50.548035734184 11.7177671891998 -398.8 -50.230912703474 12.010912703474 -398.8 -49.9377671891998 12.328035734184 -398.8 -49.6704065309378 12.6671811123914 -398.8 -49.4304790960525 13.0262578940623 -398.8 -49.219464116964 13.4030522514325 -398.8 -49.0386625711879 13.795241121992 -398.8 -48.8891891603767 14.2004065309378 -398.8 -48.7719654378128 14.6160504987925 -398.8 -48.6877141267267 15.0396104422787 -398.8 -48.6369546644678 15.4684749734969 -398.8 -48.62 15.9 -398.8 -48.6369546644678 16.3315250265031 -398.8 -48.6877141267267 16.7603895577213 -398.8 -48.7719654378128 17.1839495012075 -398.8 -48.8891891603767 17.5995934690622 -398.8 -49.0386625711879 18.004758878008 -398.8 -49.219464116964 18.3969477485675 -398.8 -49.4304790960525 18.7737421059377 -398.8 -49.6704065309378 19.1328188876086 -398.8 -49.9377671891998 19.471964265816 -398.8 -50.230912703474 19.789087296526 -398.8 -50.548035734184 20.0822328108002 -398.8 -50.8871811123914 20.3495934690622 -398.8 -51.2462578940623 20.5895209039475 -398.8 -51.6230522514325 20.800535883036 -398.8 -52.015241121992 20.9813374288121 -398.8 -52.4204065309378 21.1308108396233 -398.8 -52.8360504987925 21.2480345621872 -398.8 -53.2596104422787 21.3322858732733 -398.8 -53.6884749734969 21.3830453355322 -398.8 -54.12 21.4 -398.8 -59.49 21.4 -398.8 -59.49 25.35 -398.8 -62.61 25.35 -398.8 -62.61 21.4 -398.8 -68.71 21.4 -398.8 -68.71 25.35 -398.8 -137.54 21.4 -398.8 -137.54 25.35 -398.8 -137.971525026503 21.3830453355322 -398.8 -138.400389557721 21.3322858732733 -398.8 -138.823949501207 21.2480345621872 -398.8 -139.239593469062 21.1308108396233 -398.8 -139.644758878008 20.9813374288121 -398.8 -140.036947748568 20.800535883036 -398.8 -140.413742105938 20.5895209039475 -398.8 -140.772818887609 20.3495934690622 -398.8 -141.111964265816 20.0822328108002 -398.8 -141.429087296526 19.789087296526 -398.8 -141.7222328108 19.471964265816 -398.8 -141.989593469062 19.1328188876086 -398.8 -142.229520903948 18.7737421059377 -398.8 -142.440535883036 18.3969477485675 -398.8 -142.621337428812 18.004758878008 -398.8 -142.770810839623 17.5995934690622 -398.8 -142.888034562187 17.1839495012075 -398.8 -142.972285873273 16.7603895577213 -398.8 -143.023045335532 16.3315250265031 -398.8 -143.04 15.9 -398.8 -143.023045335532 15.4684749734969 -398.8 -142.972285873273 15.0396104422787 -398.8 -142.888034562187 14.6160504987925 -398.8 -142.770810839623 14.2004065309378 -398.8 -142.621337428812 13.795241121992 -398.8 -142.440535883036 13.4030522514325 -398.8 -142.229520903948 13.0262578940623 -398.8 -141.989593469062 12.6671811123914 -398.8 -141.7222328108 12.328035734184 -398.8 -141.429087296526 12.010912703474 -398.8 -141.111964265816 11.7177671891998 -398.8 -140.772818887609 11.4504065309378 -398.8 -140.413742105938 11.2104790960525 -398.8 -140.036947748568 10.999464116964 -398.8 -139.644758878008 10.8186625711879 -398.8 -139.239593469062 10.6691891603767 -398.8 -138.823949501207 10.5519654378128 -398.8 -138.400389557721 10.4677141267267 -398.8 -137.971525026503 10.4169546644678 -398.8 -137.54 10.4 -398.8 -137.54 6.45 -398.8 -134.41 6.45 -398.8 -134.41 8.6 -398.8 -128.31 8.6 -398.8 -128.31 6.45 -398.8 -125.19 6.45 -398.8 -125.19 10.4 -398.8 -119.82 10.4 -398.8 -119.388474973497 10.4169546644678 -398.8 -118.959610442279 10.4677141267267 -398.8 -118.536050498793 10.5519654378128 -398.8 -118.120406530938 10.6691891603767 -398.8 -117.715241121992 10.8186625711879 -398.8 -117.323052251432 10.999464116964 -398.8 -116.946257894062 11.2104790960525 -398.8 -116.587181112391 11.4504065309378 -398.8 -116.248035734184 11.7177671891998 -398.8 -115.930912703474 12.010912703474 -398.8 -115.6377671892 12.328035734184 -398.8 -115.370406530938 12.6671811123914 -398.8 -115.130479096052 13.0262578940623 -398.8 -114.919464116964 13.4030522514325 -398.8 -114.738662571188 13.795241121992 -398.8 -114.589189160377 14.2004065309378 -398.8 -114.471965437813 14.6160504987925 -398.8 -114.387714126727 15.0396104422787 -398.8 -114.336954664468 15.4684749734969 -398.8 -114.32 15.9 -398.8 -114.336954664468 16.3315250265031 -398.8 -114.387714126727 16.7603895577213 -398.8 -114.471965437813 17.1839495012075 -398.8 -114.589189160377 17.5995934690622 -398.8 -114.738662571188 18.004758878008 -398.8 -114.919464116964 18.3969477485675 -398.8 -115.130479096052 18.7737421059377 -398.8 -115.370406530938 19.1328188876086 -398.8 -115.6377671892 19.471964265816 -398.8 -115.930912703474 19.789087296526 -398.8 -116.248035734184 20.0822328108002 -398.8 -116.587181112391 20.3495934690622 -398.8 -116.946257894062 20.5895209039475 -398.8 -117.323052251432 20.800535883036 -398.8 -117.715241121992 20.9813374288121 -398.8 -118.120406530938 21.1308108396233 -398.8 -118.536050498793 21.2480345621872 -398.8 -118.959610442279 21.3322858732733 -398.8 -119.388474973497 21.3830453355322 -398.8 -119.82 21.4 -398.8 -125.19 21.4 -398.8 -125.19 25.35 -398.8 -128.31 25.35 -398.8 -128.31 21.4 -398.8 -134.41 21.4 -398.8 -134.41 25.35 -398.8 -241.94 21.4 -398.8 -241.94 25.35 -398.8 -242.371525026503 21.3830453355322 -398.8 -242.800389557721 21.3322858732733 -398.8 -243.223949501207 21.2480345621872 -398.8 -243.639593469062 21.1308108396233 -398.8 -244.044758878008 20.9813374288121 -398.8 -244.436947748567 20.800535883036 -398.8 -244.813742105938 20.5895209039475 -398.8 -245.172818887609 20.3495934690622 -398.8 -245.511964265816 20.0822328108002 -398.8 -245.829087296526 19.789087296526 -398.8 -246.1222328108 19.471964265816 -398.8 -246.389593469062 19.1328188876086 -398.8 -246.629520903948 18.7737421059377 -398.8 -246.840535883036 18.3969477485675 -398.8 -247.021337428812 18.004758878008 -398.8 -247.170810839623 17.5995934690622 -398.8 -247.288034562187 17.1839495012075 -398.8 -247.372285873273 16.7603895577213 -398.8 -247.423045335532 16.3315250265031 -398.8 -247.44 15.9 -398.8 -247.423045335532 15.4684749734969 -398.8 -247.372285873273 15.0396104422787 -398.8 -247.288034562187 14.6160504987925 -398.8 -247.170810839623 14.2004065309378 -398.8 -247.021337428812 13.795241121992 -398.8 -246.840535883036 13.4030522514325 -398.8 -246.629520903948 13.0262578940623 -398.8 -246.389593469062 12.6671811123914 -398.8 -246.1222328108 12.328035734184 -398.8 -245.829087296526 12.010912703474 -398.8 -245.511964265816 11.7177671891998 -398.8 -245.172818887609 11.4504065309378 -398.8 -244.813742105938 11.2104790960525 -398.8 -244.436947748568 10.999464116964 -398.8 -244.044758878008 10.8186625711879 -398.8 -243.639593469062 10.6691891603767 -398.8 -243.223949501207 10.5519654378128 -398.8 -242.800389557721 10.4677141267267 -398.8 -242.371525026503 10.4169546644678 -398.8 -241.94 10.4 -398.8 -241.94 6.45 -398.8 -238.81 6.45 -398.8 -238.81 8.6 -398.8 -232.71 8.6 -398.8 -232.71 6.45 -398.8 -229.59 6.45 -398.8 -229.59 10.4 -398.8 -224.22 10.4 -398.8 -223.788474973497 10.4169546644678 -398.8 -223.359610442279 10.4677141267267 -398.8 -222.936050498793 10.5519654378128 -398.8 -222.520406530938 10.6691891603767 -398.8 -222.115241121992 10.8186625711879 -398.8 -221.723052251432 10.999464116964 -398.8 -221.346257894062 11.2104790960525 -398.8 -220.987181112391 11.4504065309378 -398.8 -220.648035734184 11.7177671891998 -398.8 -220.330912703474 12.010912703474 -398.8 -220.0377671892 12.328035734184 -398.8 -219.770406530938 12.6671811123914 -398.8 -219.530479096052 13.0262578940623 -398.8 -219.319464116964 13.4030522514325 -398.8 -219.138662571188 13.795241121992 -398.8 -218.989189160377 14.2004065309378 -398.8 -218.871965437813 14.6160504987925 -398.8 -218.787714126727 15.0396104422787 -398.8 -218.736954664468 15.4684749734969 -398.8 -218.72 15.9 -398.8 -218.736954664468 16.3315250265031 -398.8 -218.787714126727 16.7603895577213 -398.8 -218.871965437813 17.1839495012075 -398.8 -218.989189160377 17.5995934690622 -398.8 -219.138662571188 18.004758878008 -398.8 -219.319464116964 18.3969477485675 -398.8 -219.530479096052 18.7737421059377 -398.8 -219.770406530938 19.1328188876086 -398.8 -220.0377671892 19.471964265816 -398.8 -220.330912703474 19.789087296526 -398.8 -220.648035734184 20.0822328108002 -398.8 -220.987181112391 20.3495934690622 -398.8 -221.346257894062 20.5895209039475 -398.8 -221.723052251432 20.800535883036 -398.8 -222.115241121992 20.9813374288121 -398.8 -222.520406530938 21.1308108396233 -398.8 -222.936050498793 21.2480345621872 -398.8 -223.359610442279 21.3322858732733 -398.8 -223.788474973497 21.3830453355322 -398.8 -224.22 21.4 -398.8 -229.59 21.4 -398.8 -229.59 25.35 -398.8 -232.71 25.35 -398.8 -232.71 21.4 -398.8 -238.81 21.4 -398.8 -238.81 25.35 -398.8 14 33 -398.8 14 29 -398.8 18 25 -398.8 17.6861636170886 25.0123306650675 -398.8 17.3742621398391 25.0492466376194 -398.8 17.0662185445764 25.1105203184093 -398.8 16.7639320225002 25.1957739348194 -398.8 16.4692662705396 25.3044818699549 -398.8 16.1840380010418 25.4359739032465 -398.8 15.9100057411362 25.5894393425836 -398.8 15.6488589908301 25.7639320225002 -398.8 15.4022078066793 25.9583761375999 -398.8 15.1715728752538 26.1715728752538 -398.8 14.9583761375999 26.4022078066793 -398.8 14.7639320225002 26.6488589908301 -398.8 14.5894393425836 26.9100057411362 -398.8 14.4359739032465 27.1840380010418 -398.8 14.3044818699549 27.4692662705396 -398.8 14.1957739348194 27.7639320225002 -398.8 14.1105203184093 28.0662185445764 -398.8 14.0492466376194 28.3742621398391 -398.8 14.0123306650675 28.6861636170886 -398.8 22 25 -398.8 26 29 -398.8 25.9876693349325 28.6861636170886 -398.8 25.9507533623806 28.3742621398391 -398.8 25.8894796815907 28.0662185445764 -398.8 25.8042260651806 27.7639320225002 -398.8 25.6955181300451 27.4692662705396 -398.8 25.5640260967535 27.1840380010418 -398.8 25.4105606574164 26.9100057411362 -398.8 25.2360679774998 26.6488589908301 -398.8 25.0416238624001 26.4022078066793 -398.8 24.8284271247462 26.1715728752538 -398.8 24.5977921933207 25.9583761375999 -398.8 24.3511410091699 25.7639320225002 -398.8 24.0899942588638 25.5894393425836 -398.8 23.8159619989582 25.4359739032465 -398.8 23.5307337294604 25.3044818699549 -398.8 23.2360679774998 25.1957739348194 -398.8 22.9337814554236 25.1105203184093 -398.8 22.6257378601609 25.0492466376194 -398.8 22.3138363829114 25.0123306650675 -398.8 26 33 -398.8 22 37 -398.8 22.3138363829114 36.9876693349325 -398.8 22.6257378601609 36.9507533623806 -398.8 22.9337814554236 36.8894796815907 -398.8 23.2360679774998 36.8042260651806 -398.8 23.5307337294604 36.6955181300451 -398.8 23.8159619989582 36.5640260967535 -398.8 24.0899942588638 36.4105606574164 -398.8 24.3511410091699 36.2360679774998 -398.8 24.5977921933207 36.0416238624001 -398.8 24.8284271247462 35.8284271247462 -398.8 25.0416238624001 35.5977921933207 -398.8 25.2360679774998 35.3511410091699 -398.8 25.4105606574164 35.0899942588638 -398.8 25.5640260967535 34.8159619989582 -398.8 25.6955181300451 34.5307337294604 -398.8 25.8042260651806 34.2360679774998 -398.8 25.8894796815907 33.9337814554236 -398.8 25.9507533623806 33.6257378601609 -398.8 25.9876693349325 33.3138363829114 -398.8 18 37 -398.8 14.0123306650675 33.3138363829114 -398.8 14.0492466376194 33.6257378601609 -398.8 14.1105203184093 33.9337814554236 -398.8 14.1957739348194 34.2360679774998 -398.8 14.3044818699549 34.5307337294604 -398.8 14.4359739032465 34.8159619989582 -398.8 14.5894393425836 35.0899942588638 -398.8 14.7639320225002 35.3511410091699 -398.8 14.9583761375999 35.5977921933207 -398.8 15.1715728752538 35.8284271247462 -398.8 15.4022078066793 36.0416238624001 -398.8 15.6488589908301 36.2360679774998 -398.8 15.9100057411362 36.4105606574164 -398.8 16.1840380010418 36.5640260967535 -398.8 16.4692662705396 36.6955181300451 -398.8 16.7639320225002 36.8042260651806 -398.8 17.0662185445764 36.8894796815907 -398.8 17.3742621398391 36.9507533623806 -398.8 17.6861636170886 36.9876693349325 -398.8 -26 33 -398.8 -26 29 -398.8 -22 25 -398.8 -22.3138363829114 25.0123306650675 -398.8 -22.6257378601609 25.0492466376194 -398.8 -22.9337814554236 25.1105203184093 -398.8 -23.2360679774998 25.1957739348194 -398.8 -23.5307337294604 25.3044818699549 -398.8 -23.8159619989582 25.4359739032465 -398.8 -24.0899942588638 25.5894393425836 -398.8 -24.3511410091699 25.7639320225002 -398.8 -24.5977921933207 25.9583761375999 -398.8 -24.8284271247462 26.1715728752538 -398.8 -25.0416238624001 26.4022078066793 -398.8 -25.2360679774998 26.6488589908301 -398.8 -25.4105606574164 26.9100057411362 -398.8 -25.5640260967535 27.1840380010418 -398.8 -25.6955181300451 27.4692662705396 -398.8 -25.8042260651806 27.7639320225002 -398.8 -25.8894796815907 28.0662185445764 -398.8 -25.9507533623806 28.3742621398391 -398.8 -25.9876693349325 28.6861636170886 -398.8 -18 25 -398.8 -14 29 -398.8 -14.0123306650675 28.6861636170886 -398.8 -14.0492466376194 28.3742621398391 -398.8 -14.1105203184093 28.0662185445764 -398.8 -14.1957739348194 27.7639320225002 -398.8 -14.3044818699549 27.4692662705396 -398.8 -14.4359739032465 27.1840380010418 -398.8 -14.5894393425836 26.9100057411362 -398.8 -14.7639320225002 26.6488589908301 -398.8 -14.9583761375999 26.4022078066793 -398.8 -15.1715728752538 26.1715728752538 -398.8 -15.4022078066793 25.9583761375999 -398.8 -15.6488589908301 25.7639320225002 -398.8 -15.9100057411362 25.5894393425836 -398.8 -16.1840380010418 25.4359739032465 -398.8 -16.4692662705396 25.3044818699549 -398.8 -16.7639320225002 25.1957739348194 -398.8 -17.0662185445764 25.1105203184093 -398.8 -17.3742621398391 25.0492466376194 -398.8 -17.6861636170886 25.0123306650675 -398.8 -14 33 -398.8 -18 37 -398.8 -17.6861636170886 36.9876693349325 -398.8 -17.3742621398391 36.9507533623806 -398.8 -17.0662185445764 36.8894796815907 -398.8 -16.7639320225002 36.8042260651806 -398.8 -16.4692662705396 36.6955181300451 -398.8 -16.1840380010418 36.5640260967535 -398.8 -15.9100057411362 36.4105606574164 -398.8 -15.6488589908301 36.2360679774998 -398.8 -15.4022078066793 36.0416238624001 -398.8 -15.1715728752538 35.8284271247462 -398.8 -14.9583761375999 35.5977921933207 -398.8 -14.7639320225002 35.3511410091699 -398.8 -14.5894393425836 35.0899942588638 -398.8 -14.4359739032465 34.8159619989582 -398.8 -14.3044818699549 34.5307337294604 -398.8 -14.1957739348194 34.2360679774998 -398.8 -14.1105203184093 33.9337814554236 -398.8 -14.0492466376194 33.6257378601609 -398.8 -14.0123306650675 33.3138363829114 -398.8 -22 37 -398.8 -25.9876693349325 33.3138363829114 -398.8 -25.9507533623806 33.6257378601609 -398.8 -25.8894796815907 33.9337814554236 -398.8 -25.8042260651806 34.2360679774998 -398.8 -25.6955181300451 34.5307337294604 -398.8 -25.5640260967535 34.8159619989582 -398.8 -25.4105606574164 35.0899942588638 -398.8 -25.2360679774998 35.3511410091699 -398.8 -25.0416238624001 35.5977921933207 -398.8 -24.8284271247462 35.8284271247462 -398.8 -24.5977921933207 36.0416238624001 -398.8 -24.3511410091699 36.2360679774998 -398.8 -24.0899942588638 36.4105606574164 -398.8 -23.8159619989582 36.5640260967535 -398.8 -23.5307337294604 36.6955181300451 -398.8 -23.2360679774998 36.8042260651806 -398.8 -22.9337814554236 36.8894796815907 -398.8 -22.6257378601609 36.9507533623806 -398.8 -22.3138363829114 36.9876693349325 -398.8 3.8 43.4 -398.8 3.8015413331334 43.3607704521365 -398.8 3.80615582970237 43.3217827674803 -398.8 3.81381503980108 43.2832773180724 -398.8 3.82447174185232 43.2454915028128 -398.8 3.83806023374423 43.2086582838177 -398.8 3.85449673790568 43.1730047501305 -398.8 3.87367991782281 43.1387507176423 -398.8 3.89549150281238 43.106107373854 -398.8 3.91979701719983 43.0752759758351 -398.8 3.94644660940658 43.0464466094069 -398.8 3.97527597583476 43.0197970172001 -398.8 4.00610737385363 42.9954915028126 -398.8 4.0387507176419 42.973679917823 -398.8 4.07300475013011 42.9544967379059 -398.8 4.10865828381736 42.9380602337444 -398.8 4.14549150281244 42.9244717418525 -398.8 4.18327731807199 42.9138150398012 -398.8 4.22178276747984 42.9061558297024 -398.8 4.26077045213606 42.9015413331334 -398.8 4.3 42.9 -398.8 3.8 48.45 -398.8 3.3 48.95 -398.8 3.33922954786392 48.9484586668666 -398.8 3.37821723252012 48.9438441702976 -398.8 3.41672268192795 48.9361849601988 -398.8 3.45450849718747 48.9255282581476 -398.8 3.49134171618254 48.9119397662556 -398.8 3.52699524986977 48.8955032620942 -398.8 3.56124928235797 48.8763200821771 -398.8 3.59389262614624 48.8545084971875 -398.8 3.62472402416509 48.8302029828 -398.8 3.65355339059327 48.8035533905933 -398.8 3.68020298280002 48.7747240241651 -398.8 3.70450849718747 48.7438926261462 -398.8 3.72632008217705 48.711249282358 -398.8 3.74550326209418 48.6769952498698 -398.8 3.76193976625564 48.6413417161825 -398.8 3.77552825814758 48.6045084971875 -398.8 3.78618496019884 48.566722681928 -398.8 3.79384417029757 48.5282172325201 -398.8 3.79845866686656 48.4892295478639 -398.8 -3.3 48.95 -398.8 -3.8 48.45 -398.8 -3.79845866686656 48.4892295478639 -398.8 -3.79384417029757 48.5282172325201 -398.8 -3.78618496019884 48.566722681928 -398.8 -3.77552825814758 48.6045084971875 -398.8 -3.76193976625564 48.6413417161825 -398.8 -3.74550326209418 48.6769952498698 -398.8 -3.72632008217705 48.711249282358 -398.8 -3.70450849718747 48.7438926261462 -398.8 -3.68020298280002 48.7747240241651 -398.8 -3.65355339059327 48.8035533905933 -398.8 -3.62472402416509 48.8302029828 -398.8 -3.59389262614624 48.8545084971875 -398.8 -3.56124928235797 48.876320082177 -398.8 -3.52699524986977 48.8955032620942 -398.8 -3.49134171618254 48.9119397662556 -398.8 -3.45450849718747 48.9255282581476 -398.8 -3.41672268192795 48.9361849601988 -398.8 -3.37821723252012 48.9438441702976 -398.8 -3.33922954786392 48.9484586668666 -398.8 -3.8 43.4 -398.8 -4.3 42.9 -398.8 -4.26077045213651 42.9015413331334 -398.8 -4.22178276748029 42.9061558297024 -398.8 -4.18327731807242 42.9138150398011 -398.8 -4.14549150281287 42.9244717418523 -398.8 -4.10865828381777 42.9380602337442 -398.8 -4.07300475013051 42.9544967379057 -398.8 -4.03875071764228 42.9736799178228 -398.8 -4.00610737385398 42.9954915028124 -398.8 -3.9752759758351 43.0197970171998 -398.8 -3.94644660940689 43.0464466094066 -398.8 -3.91979701720012 43.0752759758347 -398.8 -3.89549150281263 43.1061073738536 -398.8 -3.87367991782304 43.1387507176419 -398.8 -3.85449673790588 43.1730047501301 -398.8 -3.8380602337444 43.2086582838173 -398.8 -3.82447174185245 43.2454915028124 -398.8 -3.81381503980118 43.283277318072 -398.8 -3.80615582970244 43.3217827674798 -398.8 -3.80154133313344 43.3607704521361 -398.8 -9.3 42.9 -398.8 -9.8 42.4 -398.8 -9.79845866686656 42.4392295478639 -398.8 -9.79384417029757 42.4782172325201 -398.8 -9.78618496019884 42.516722681928 -398.8 -9.77552825814758 42.5545084971875 -398.8 -9.76193976625564 42.5913417161825 -398.8 -9.74550326209418 42.6269952498698 -398.8 -9.72632008217705 42.661249282358 -398.8 -9.70450849718747 42.6938926261462 -398.8 -9.68020298280002 42.7247240241651 -398.8 -9.65355339059327 42.7535533905933 -398.8 -9.62472402416509 42.7802029828 -398.8 -9.59389262614624 42.8045084971875 -398.8 -9.56124928235798 42.826320082177 -398.8 -9.52699524986977 42.8455032620942 -398.8 -9.49134171618255 42.8619397662556 -398.8 -9.45450849718747 42.8755282581476 -398.8 -9.41672268192795 42.8861849601988 -398.8 -9.37821723252012 42.8938441702976 -398.8 -9.33922954786392 42.8984586668666 -398.8 -9.8 19.6 -398.8 -9.3 19.1 -398.8 -9.33922954786392 19.1015413331334 -398.8 -9.37821723252012 19.1061558297024 -398.8 -9.41672268192795 19.1138150398012 -398.8 -9.45450849718747 19.1244717418524 -398.8 -9.49134171618255 19.1380602337444 -398.8 -9.52699524986977 19.1544967379058 -398.8 -9.56124928235798 19.173679917823 -398.8 -9.59389262614624 19.1954915028125 -398.8 -9.62472402416509 19.2197970172 -398.8 -9.65355339059327 19.2464466094067 -398.8 -9.68020298280002 19.2752759758349 -398.8 -9.70450849718747 19.3061073738538 -398.8 -9.72632008217705 19.338750717642 -398.8 -9.74550326209418 19.3730047501302 -398.8 -9.76193976625564 19.4086582838175 -398.8 -9.77552825814758 19.4454915028125 -398.8 -9.78618496019884 19.483277318072 -398.8 -9.79384417029757 19.5217827674799 -398.8 -9.79845866686656 19.5607704521361 -398.8 9.3 19.1 -398.8 9.8 19.6 -398.8 9.79845866686656 19.5607704521361 -398.8 9.79384417029757 19.5217827674799 -398.8 9.78618496019884 19.483277318072 -398.8 9.77552825814758 19.4454915028125 -398.8 9.76193976625564 19.4086582838175 -398.8 9.74550326209418 19.3730047501302 -398.8 9.72632008217705 19.338750717642 -398.8 9.70450849718747 19.3061073738538 -398.8 9.68020298280002 19.2752759758349 -398.8 9.65355339059327 19.2464466094067 -398.8 9.62472402416509 19.2197970172 -398.8 9.59389262614624 19.1954915028125 -398.8 9.56124928235798 19.173679917823 -398.8 9.52699524986977 19.1544967379058 -398.8 9.49134171618255 19.1380602337444 -398.8 9.45450849718747 19.1244717418524 -398.8 9.41672268192795 19.1138150398012 -398.8 9.37821723252012 19.1061558297024 -398.8 9.33922954786392 19.1015413331334 -398.8 9.8 42.4 -398.8 9.3 42.9 -398.8 9.33922954786392 42.8984586668666 -398.8 9.37821723252012 42.8938441702976 -398.8 9.41672268192795 42.8861849601988 -398.8 9.45450849718747 42.8755282581476 -398.8 9.49134171618255 42.8619397662556 -398.8 9.52699524986977 42.8455032620942 -398.8 9.56124928235798 42.826320082177 -398.8 9.59389262614624 42.8045084971875 -398.8 9.62472402416509 42.7802029828 -398.8 9.65355339059327 42.7535533905933 -398.8 9.68020298280002 42.7247240241651 -398.8 9.70450849718747 42.6938926261462 -398.8 9.72632008217705 42.661249282358 -398.8 9.74550326209418 42.6269952498698 -398.8 9.76193976625564 42.5913417161825 -398.8 9.77552825814758 42.5545084971875 -398.8 9.78618496019884 42.516722681928 -398.8 9.79384417029757 42.4782172325201 -398.8 9.79845866686656 42.4392295478639 -398.8 260.867284194 65.76170668001 -398.7441421356 260.867284194 60.05390222667 -398.7441421356 260.867284194 48.63829331999 -398.7441421356 260.1875368919 69.22834011083 -398.7482842712 260.59284379004 68.2244004043668 -398.794991851781 260.69770788021 67.8817499493763 -398.808849716774 260.779756587799 67.5212876387062 -398.813438920159 260.834483699564 67.164988946605 -398.808087213318 260.863961920986 66.8080191347669 -398.792725605087 260.872014953169 66.2856073709864 -398.761131519117 245.4882136677 85.50873122519 -398.7482842712 246.603606158242 84.894968633763 -398.751029848171 247.690011468364 84.2479225294743 -398.758244124455 248.747932322322 83.5640160210003 -398.768393418108 249.777871444368 82.8396722170173 -398.779944047186 251.525263838813 81.4547565902654 -398.799018706782 253.017789391268 80.0867567763742 -398.809699389329 254.427698958111 78.6108990503563 -398.812910571841 255.737198361144 77.0468908838249 -398.808651919709 256.928540745078 75.414406185236 -398.796932670753 257.993095909333 73.7264465591718 -398.779501337995 258.942037021459 71.9815199067519 -398.761884520631 259.59089984139 70.6229009378204 -398.752117615489 241.1685284833 86.58585786438 -398.7441421356 242.197417447655 86.5687366975878 -398.778802159088 242.695946860915 86.5249034069019 -398.801040409529 243.081422368699 86.4637963111119 -398.810871781836 243.545913377489 86.3566380549668 -398.812966375348 243.966463930389 86.226280376092 -398.80564218707 244.372499858314 86.0672807467211 -398.790010595342 244.93456656621 85.7997330859451 -398.762381242005 219.8314715167 86.58585786438 -398.7441421356 226.9438238389 86.58585786438 -398.7441421356 215.5117863323 85.50873122519 -398.7482842712 216.465170244542 85.9948170706953 -398.782030732995 216.927105905438 86.1878736896832 -398.802348595624 217.312400658306 86.3164015631998 -398.811493105617 217.744503566064 86.4279892998601 -398.812895488395 218.194893160544 86.5101336391964 -398.804583039416 218.645438353586 86.5586843466606 -398.786513237632 219.236749636253 86.5832020855638 -398.758243468781 200.8124631081 69.22834011083 -398.7482842712 201.309483100873 70.4004220420048 -398.751029848171 201.842564743439 71.5470558637914 -398.758244124454 202.415215162215 72.6691058374481 -398.768393418107 203.030941483618 73.7674362242334 -398.779944047185 204.230766423417 75.646742369376 -398.799018706781 205.439710415504 77.2707837602484 -398.809699389328 206.76436272272 78.8236189990484 -398.812910571842 208.186929822357 80.2855400223354 -398.80865191971 209.689646762721 81.6368892606308 -398.796932670756 211.260458098297 82.8677577120973 -398.779501337999 212.899710679844 83.9894123961546 -398.761884520635 214.185212500634 84.773219471412 -398.75211761549 200.132715806 65.76170668001 -398.7441421356 200.136973246095 66.8265559903605 -398.793751303925 200.167741277986 67.1835745582835 -398.808611425412 200.224365419071 67.5427651016751 -398.813447229891 200.305567083206 67.8939736852713 -398.808516481345 200.411271639324 68.2362557302619 -398.79435254401 200.605421059401 68.7341005925787 -398.764452817866 200.132715806 48.63829331999 -398.7441421356 200.132715806 54.34609777333 -398.7441421356 200.8124631081 45.17165988917 -398.7482842712 200.40715620996 46.1755995956328 -398.794991851781 200.30229211979 46.5182500506233 -398.808849716774 200.220243412202 46.8787123612932 -398.813438920159 200.165516300436 47.2350110533944 -398.808087213319 200.136038079014 47.5919808652325 -398.792725605087 200.127985046831 48.1143926290133 -398.761131519117 215.5117863323 28.89126877481 -398.7482842712 214.396393841759 29.505031366237 -398.751029848171 213.309988531636 30.1520774705257 -398.758244124455 212.252067677678 30.8359839789996 -398.768393418108 211.222128555632 31.5603277829826 -398.779944047186 209.474736161187 32.9452434097345 -398.799018706782 207.982210608732 34.3132432236257 -398.809699389329 206.572301041889 35.7891009496437 -398.812910571841 205.262801638857 37.353109116175 -398.808651919709 204.071459254922 38.985593814764 -398.796932670753 203.006904090668 40.6735534408281 -398.779501337995 202.057962978541 42.418480093248 -398.761884520631 201.40910015861 43.7770990621795 -398.752117615489 219.8314715167 27.81414213562 -398.7441421356 218.802582552345 27.8312633024122 -398.778802159088 218.304053139085 27.8750965930981 -398.801040409529 217.918577631301 27.9362036888881 -398.810871781836 217.454086622511 28.0433619450332 -398.812966375348 217.033536069611 28.173719623908 -398.80564218707 216.627500141686 28.3327192532789 -398.790010595342 216.06543343379 28.6002669140549 -398.762381242005 241.1685284833 27.81414213562 -398.7441421356 234.0561761611 27.81414213562 -398.7441421356 245.4882136677 28.89126877481 -398.7482842712 244.534829755458 28.4051829293047 -398.782030732995 244.072894094562 28.2121263103168 -398.802348595624 243.687599341694 28.0835984368001 -398.811493105617 243.255496433936 27.9720107001399 -398.812895488395 242.805106839456 27.8898663608036 -398.804583039416 242.354561646414 27.8413156533394 -398.786513237632 241.763250363747 27.8167979144362 -398.758243468781 260.1875368919 45.17165988917 -398.7482842712 259.690516899127 43.9995779579952 -398.751029848171 259.157435256561 42.8529441362087 -398.758244124454 258.584784837785 41.7308941625521 -398.768393418107 257.969058516382 40.6325637757668 -398.779944047185 256.769233576583 38.7532576306242 -398.799018706781 255.560289584496 37.1292162397518 -398.809699389328 254.23563727728 35.5763810009518 -398.812910571842 252.813070177643 34.1144599776647 -398.80865191971 251.310353237279 32.7631107393693 -398.796932670756 249.739541901703 31.5322422879028 -398.779501337999 248.100289320156 30.4105876038455 -398.761884520635 246.814787499366 29.6267805285881 -398.75211761549 260.863026753905 47.5734440096395 -398.793751303925 260.832258722014 47.2164254417165 -398.808611425412 260.775634580929 46.8572348983249 -398.813447229891 260.694432916794 46.5060263147287 -398.808516481345 260.588728360676 46.1637442697381 -398.79435254401 260.394578940599 45.6658994074213 -398.764452817866 532.5 75.73710678119 534.300028426309 75.7371067816512 532.499999999946 78.3371067811826 533.000028385451 78.33711412256 532.999999999595 89.2999926576949 532.8 89.3 531.000000000026 89.3 530.999821285502 89.6 451.8 89.6 451.8 87.8 451.3 87.3 451.339229547864 87.3015413331334 451.37821723252 87.3061558297024 451.416722681928 87.3138150398011 451.454508497187 87.3244717418524 451.491341716183 87.3380602337443 451.52699524987 87.3544967379058 451.561249282358 87.3736799178229 451.593892626146 87.3954915028125 451.624724024165 87.4197970172 451.653553390593 87.4464466094067 451.6802029828 87.4752759758349 451.704508497187 87.5061073738538 451.726320082177 87.538750717642 451.745503262094 87.5730047501302 451.761939766256 87.6086582838174 451.775528258148 87.6454915028125 451.786184960199 87.683277318072 451.793844170298 87.7217827674799 451.798458666867 87.7607704521361 444.3 87.3 443.8 87.8 443.801541333133 87.7607704521361 443.806155829702 87.7217827674799 443.813815039801 87.683277318072 443.824471741852 87.6454915028125 443.838060233744 87.6086582838174 443.854496737906 87.5730047501302 443.873679917823 87.538750717642 443.895491502813 87.5061073738538 443.9197970172 87.4752759758349 443.946446609407 87.4464466094067 443.975275975835 87.4197970172 444.006107373854 87.3954915028125 444.038750717642 87.3736799178229 444.07300475013 87.3544967379058 444.108658283817 87.3380602337443 444.145491502813 87.3244717418524 444.183277318072 87.3138150398011 444.22178276748 87.3061558297024 444.260770452136 87.3015413331334 443.8 89.6 272.5 89.6 272.5 87.8 272 87.3 272.039229547864 87.3015413331334 272.07821723252 87.3061558297024 272.116722681928 87.3138150398011 272.154508497187 87.3244717418524 272.191341716183 87.3380602337443 272.22699524987 87.3544967379058 272.261249282358 87.3736799178229 272.293892626146 87.3954915028125 272.324724024165 87.4197970172 272.353553390593 87.4464466094067 272.3802029828 87.4752759758349 272.404508497187 87.5061073738538 272.426320082177 87.538750717642 272.445503262094 87.5730047501302 272.461939766256 87.6086582838174 272.475528258148 87.6454915028125 272.486184960199 87.683277318072 272.493844170298 87.7217827674799 272.498458666867 87.7607704521361 265 87.3 264.5 87.8 264.501541333133 87.7607704521361 264.506155829702 87.7217827674799 264.513815039801 87.683277318072 264.524471741852 87.6454915028125 264.538060233744 87.6086582838174 264.554496737906 87.5730047501302 264.573679917823 87.538750717642 264.595491502813 87.5061073738538 264.6197970172 87.4752759758349 264.646446609407 87.4464466094067 264.675275975835 87.4197970172 264.706107373854 87.3954915028125 264.738750717642 87.3736799178229 264.77300475013 87.3544967379058 264.808658283817 87.3380602337443 264.845491502813 87.3244717418524 264.883277318072 87.3138150398011 264.92178276748 87.3061558297024 264.960770452136 87.3015413331334 264.5 89.6 93.2 89.6 93.2 87.8 92.7 87.3 92.7392295478639 87.3015413331334 92.7782172325201 87.3061558297024 92.8167226819279 87.3138150398011 92.8545084971875 87.3244717418524 92.8913417161825 87.3380602337443 92.9269952498698 87.3544967379058 92.961249282358 87.3736799178229 92.9938926261462 87.3954915028125 93.0247240241651 87.4197970172 93.0535533905933 87.4464466094067 93.0802029828 87.4752759758349 93.1045084971875 87.5061073738538 93.126320082177 87.538750717642 93.1455032620942 87.5730047501302 93.1619397662556 87.6086582838174 93.1755282581476 87.6454915028125 93.1861849601988 87.683277318072 93.1938441702976 87.7217827674799 93.1984586668666 87.7607704521361 85.7 87.3 85.2000000000001 87.8 85.2015413331334 87.7607704521361 85.2061558297024 87.7217827674799 85.2138150398011 87.683277318072 85.2244717418524 87.6454915028125 85.2380602337443 87.6086582838174 85.2544967379058 87.5730047501302 85.2736799178229 87.538750717642 85.2954915028125 87.5061073738538 85.3197970172 87.4752759758349 85.3464466094067 87.4464466094067 85.3752759758349 87.4197970172 85.4061073738538 87.3954915028125 85.438750717642 87.3736799178229 85.4730047501302 87.3544967379058 85.5086582838174 87.3380602337443 85.5454915028125 87.3244717418524 85.583277318072 87.3138150398011 85.6217827674799 87.3061558297024 85.6607704521361 87.3015413331334 85.2000000002017 89.6 6.00017873184561 89.5999999999999 6 89.3 4.200000000135 89.2999999999974 3.99997161454903 89.3000000000001 3.99997157294594 78.6371141245387 4.5 78.63710678119 4.50000000001488 76.0371067811875 2.69997161526933 76.037106781653 2.69999999999999 53.53453643763 2.69999999999999 45.53453643763 2.69999999999999 5.3 2.24207885713711 5.00028898819904 2.44105622741234 5.17306491420674 2.49020113137099 5.21041044657001 2.54023974806669 5.24402473149143 2.56901411665827 5.26086991518856 2.59093362926594 5.27212596196519 2.61524823257219 5.28269883545433 2.63579549862478 5.28985597696496 2.65505897800152 5.29493623874386 2.66966069207397 5.29766128081492 2.68475815929668 5.29940199350307 1.69999999999999 5 2.18000000000014 3.12273151202176 2.24662574280497 3.16262296586132 2.30995515872123 3.20756406924639 2.36960635125145 3.25728381304586 2.42521960475386 3.31148237140896 2.47645955364187 3.36983290981022 2.52301720474505 3.43198355596548 2.56461180063619 3.49755952173355 2.60099251268772 3.56616536320777 2.63193995364804 3.63738736536841 2.65726750061635 3.71079603691564 2.67682242043803 3.78594870023857 2.69048679073408 3.86239216090183 2.69817821101053 3.939665440552 2.6998502995596 4.01730255676355 2.69549297315611 4.09483533306091 2.68513250786259 4.17179622217131 2.6688313805762 4.24772112548343 2.64668789227326 4.32215219170944 2.61883557522306 4.39464057787369 2.58544238774594 4.46474915597851 2.54670970137119 4.53205514902488 2.50287108650278 4.59615268049202 2.45419090391562 4.65665522190181 2.40096271057611 4.71319792370826 2.34350748940034 4.76543981545622 2.28217171362517 4.81306586194153 2.21732525746452 4.85578886297337 2.14935916565035 4.8933511852827 2.0786832953087 4.92552631613268 2.00572384439103 4.95212022926244 1.93092078156511 4.97297255492709 1.85472519306427 4.98795754697822 1.77759656249402 4.99698484115312 1.39999999999998 1.806828780054 1.40438002134097 1.92137518740063 1.41749450591467 2.03525264046899 1.43926686475801 2.14779609169279 1.46956994667582 2.25834828411452 1.50822678080744 2.36626358978471 1.55501161014156 2.47091178024754 1.60965120994363 2.571681707093 1.67182648339606 2.66798487108092 1.7411743251327 2.75925885899334 1.81728974178455 2.8449706281437 1.89972821715253 2.92461961936124 1.98800830819472 2.99774068027088 2.08161445666746 3.06390678179627 1.39999999999998 1.4 72.2729234186 1.4 72.6528493719 3.299629766702 75.3471506280611 3.29962976669423 75.2939385354867 3.53549503299309 75.2407264428672 3.71766460594773 75.1976246478415 3.83275543994967 75.1577155783709 3.91842457964017 75.1217974158457 3.98194556554098 75.0894710695721 4.03076401162116 75.0571447232978 4.07400634473865 74.8748388270974 4.29088952469612 74.7433097782151 4.43172513216768 74.6637748440012 4.50484677970431 74.5974957321571 4.55693348384217 74.536126184154 4.59821295177636 74.4747566361513 4.63325259687976 74.4133870881491 4.66248281320746 74.3520175401474 4.68633399481453 74.2906479921459 4.70523653575605 74.2292784441448 4.71962083008709 74.1679088961439 4.72991727186274 74.1065393481431 4.73655625513806 74.0451698001425 4.73996817396815 73.9633437361417 4.74021083951714 73.8712894141407 4.73455262494175 73.7884405243396 4.7229944406773 73.7138765235183 4.70644604491863 73.6467689227787 4.68591173370208 73.5863720821128 4.66237890081809 73.5259752414464 4.6336345614199 73.4655784007796 4.5992684640295 73.4051815601123 4.55887035716891 73.3447847194445 4.51202998936013 73.284387878776 4.45842813882021 73.2239910381069 4.3986985743491 73.0226682358742 4.17082081095871 72.9320729748692 4.06006382693379 72.8907955090747 4.0017697989409 72.8525756333402 3.9377925553488 72.8149615426376 3.86172946945182 72.7719641824405 3.75428704704135 72.7289668222465 3.61990581183211 72.6909080970716 3.47423323653514 75.7270765814 1.4 102.2729234186 1.4 102.6528493719 3.299629766702 105.347150628061 3.29962976669423 105.293938535487 3.53549503299309 105.240726442867 3.71766460594773 105.197624647842 3.83275543994967 105.157715578371 3.91842457964017 105.121797415846 3.98194556554098 105.089471069572 4.03076401162116 105.057144723298 4.07400634473865 104.874838827097 4.29088952469612 104.743309778215 4.43172513216768 104.663774844001 4.50484677970431 104.597495732157 4.55693348384217 104.536126184154 4.59821295177636 104.474756636151 4.63325259687976 104.413387088149 4.66248281320746 104.352017540147 4.68633399481453 104.290647992146 4.70523653575605 104.229278444145 4.71962083008709 104.167908896144 4.72991727186274 104.106539348143 4.73655625513806 104.045169800143 4.73996817396815 103.963343736142 4.74021083951714 103.871289414141 4.73455262494175 103.78844052434 4.7229944406773 103.713876523518 4.70644604491863 103.646768922779 4.68591173370208 103.586372082113 4.66237890081809 103.525975241446 4.6336345614199 103.46557840078 4.5992684640295 103.405181560112 4.55887035716891 103.344784719444 4.51202998936013 103.284387878776 4.45842813882021 103.223991038107 4.3986985743491 103.022668235874 4.17082081095871 102.932072974869 4.06006382693379 102.890795509075 4.0017697989409 102.85257563334 3.9377925553488 102.814961542638 3.86172946945182 102.77196418244 3.75428704704135 102.728966822247 3.61990581183211 102.690908097072 3.47423323653514 105.7270765814 1.4 252.27292341855 1.4 252.65284937189 3.299629766702 255.34715062811 3.29962976670192 255.293938535476 3.53549503301239 255.240726442841 3.71766460597727 255.197624647807 3.83275543998279 255.157715578331 3.91842457967424 255.121797415802 3.98194556557496 255.089471069526 4.03076401165504 255.05714472325 4.07400634477307 254.874838827032 4.29088952475805 254.743309778155 4.4317251322231 254.663774843937 4.50484677975821 254.597495732089 4.55693348389282 254.536126184082 4.59821295182322 254.474756636074 4.6332525969222 254.413387088067 4.66248281324496 254.352017540059 4.68633399484669 254.290647992052 4.70523653578261 254.229278444044 4.7196208301079 254.167908896037 4.72991727187776 254.10653934803 4.73655625514739 254.045169800022 4.73996817397198 253.963343736012 4.74021083951387 253.871289414001 4.73455262492799 253.788440524191 4.72299444065104 253.713876523362 4.70644604487839 253.646768922616 4.68591173364687 253.586372081944 4.66237890074733 253.525975241273 4.63363456133151 253.465578400601 4.59926846392128 253.40518155993 4.55887035703854 253.344784719258 4.51202998920519 253.284387878586 4.45842813863941 253.223991037915 4.3986985741449 253.022668235675 4.17082081070041 252.932072974666 4.06006382663862 252.890795508869 4.00176979859089 252.852575633131 3.93779255492301 252.814961542423 3.86172946892693 252.771964182218 3.75428704637213 252.728966822014 3.61990581098399 252.690908096952 3.47423323602433 255.72707658145 1.4 282.27292341855 1.4 282.65284937189 3.299629766702 285.34715062811 3.29962976670192 285.293938535476 3.53549503301239 285.240726442841 3.71766460597727 285.197624647807 3.83275543998279 285.157715578331 3.91842457967424 285.121797415802 3.98194556557496 285.089471069526 4.03076401165504 285.05714472325 4.07400634477306 284.874838827032 4.29088952475813 284.743309778155 4.4317251322231 284.663774843937 4.50484677975821 284.597495732089 4.55693348389282 284.536126184082 4.59821295182321 284.474756636074 4.63325259692219 284.413387088067 4.66248281324495 284.352017540059 4.68633399484669 284.290647992052 4.70523653578261 284.229278444044 4.7196208301079 284.167908896037 4.72991727187776 284.10653934803 4.73655625514739 284.045169800022 4.73996817397198 283.963343736012 4.74021083951387 283.871289414001 4.73455262492799 283.788440524191 4.72299444065104 283.713876523362 4.7064460448784 283.646768922616 4.68591173364687 283.586372081944 4.66237890074734 283.525975241273 4.63363456133152 283.465578400601 4.59926846392129 283.40518155993 4.55887035703856 283.344784719258 4.51202998920521 283.284387878586 4.45842813863943 283.223991037915 4.39869857414492 283.022668235675 4.17082081070043 282.932072974666 4.06006382663865 282.890795508869 4.00176979859092 282.852575633131 3.93779255492304 282.814961542423 3.86172946892698 282.771964182218 3.75428704637218 282.728966822014 3.61990581098406 282.690908096952 3.47423323602437 285.72707658145 1.4 432.2729234186 1.4 432.6528493719 3.299629766702 435.347150628061 3.29962976669423 435.293938535487 3.53549503299309 435.240726442867 3.71766460594773 435.197624647842 3.83275543994967 435.157715578371 3.91842457964017 435.121797415846 3.98194556554098 435.089471069572 4.03076401162116 435.057144723298 4.07400634473865 434.874838827097 4.29088952469612 434.743309778215 4.43172513216768 434.663774844001 4.50484677970431 434.597495732157 4.55693348384217 434.536126184154 4.59821295177636 434.474756636151 4.63325259687976 434.413387088149 4.66248281320746 434.352017540147 4.68633399481453 434.290647992146 4.70523653575605 434.229278444145 4.71962083008709 434.167908896144 4.72991727186274 434.106539348143 4.73655625513806 434.045169800143 4.73996817396815 433.963343736142 4.74021083951714 433.871289414141 4.73455262494175 433.78844052434 4.7229944406773 433.713876523518 4.70644604491863 433.646768922779 4.68591173370208 433.586372082113 4.66237890081809 433.525975241446 4.6336345614199 433.46557840078 4.5992684640295 433.405181560112 4.55887035716891 433.344784719444 4.51202998936013 433.284387878776 4.45842813882021 433.223991038107 4.3986985743491 433.022668235874 4.17082081095871 432.932072974869 4.06006382693379 432.890795509075 4.0017697989409 432.85257563334 3.9377925553488 432.814961542638 3.86172946945182 432.771964182441 3.75428704704135 432.728966822247 3.61990581183211 432.690908097072 3.47423323653514 435.7270765814 1.4 462.2729234186 1.4 462.6528493719 3.299629766702 465.347150628061 3.29962976669423 465.293938535487 3.53549503299309 465.240726442867 3.71766460594773 465.197624647842 3.83275543994967 465.157715578371 3.91842457964017 465.121797415846 3.98194556554098 465.089471069572 4.03076401162116 465.057144723298 4.07400634473865 464.874838827097 4.29088952469612 464.743309778215 4.43172513216768 464.663774844001 4.50484677970431 464.597495732157 4.55693348384217 464.536126184154 4.59821295177636 464.474756636151 4.63325259687976 464.413387088149 4.66248281320746 464.352017540147 4.68633399481453 464.290647992146 4.70523653575605 464.229278444145 4.71962083008709 464.167908896144 4.72991727186274 464.106539348143 4.73655625513806 464.045169800143 4.73996817396815 463.963343736142 4.74021083951714 463.871289414141 4.73455262494175 463.78844052434 4.7229944406773 463.713876523518 4.70644604491863 463.646768922779 4.68591173370208 463.586372082113 4.66237890081809 463.525975241446 4.6336345614199 463.46557840078 4.5992684640295 463.405181560112 4.55887035716891 463.344784719444 4.51202998936013 463.284387878776 4.45842813882021 463.223991038107 4.3986985743491 463.022668235874 4.17082081095871 462.932072974869 4.06006382693379 462.890795509075 4.0017697989409 462.85257563334 3.9377925553488 462.814961542638 3.86172946945182 462.771964182441 3.75428704704135 462.728966822247 3.61990581183211 462.690908097072 3.47423323653514 465.7270765814 1.4 535.6 1.4 535.6 1.806828780054 534.82 3.12273151202166 534.918385543333 3.0639067817962 535.011991691805 2.9977406802708 535.100271782848 2.92461961936116 535.182710258215 2.84497062814362 535.258825674867 2.75925885899327 535.328173516604 2.66798487108085 535.390348790056 2.57168170709293 535.444988389859 2.47091178024749 535.491773219193 2.36626358978466 535.530430053324 2.25834828411448 535.560733135242 2.14779609169276 535.582505494085 2.03525264046897 535.595619978659 1.92137518740062 535.3 5 535.222403437506 4.99698484115312 535.145274806936 4.98795754697822 535.069079218435 4.9729725549271 534.994276155609 4.95212022926245 534.921316704691 4.92552631613269 534.85064083435 4.89335118528272 534.782674742536 4.85578886297339 534.717828286375 4.81306586194156 534.6564925106 4.76543981545626 534.599037289424 4.71319792370831 534.545809096084 4.65665522190186 534.497128913497 4.59615268049208 534.453290298629 4.53205514902494 534.414557612254 4.46474915597859 534.381164424777 4.39464057787377 534.353312107727 4.32215219170953 534.331168619424 4.24772112548354 534.314867492137 4.17179622217142 534.304507026844 4.09483533306102 534.30014970044 4.01730255676368 534.301821788989 3.93966544055213 534.309513209266 3.86239216090196 534.323177579562 3.78594870023871 534.342732499384 3.71079603691578 534.368060046352 3.63738736536855 534.399007487312 3.56616536320791 534.435388199364 3.49755952173369 534.476982795255 3.43198355596562 534.523540446358 3.36983290981036 534.574780395246 3.31148237140909 534.630393648748 3.25728381304598 534.690044841279 3.20756406924651 534.753374257195 3.16262296586142 534.7578773021 5.000326090751 534.3 5.3 534.314931246356 5.29942176739339 534.329740949403 5.29773745359951 534.344430279906 5.29502263465731 534.359000408635 5.29135288660571 534.373452506355 5.28680378548365 534.387787743834 5.28145090733006 534.406721634758 5.27319404188429 534.427779877305 5.26258069543012 534.455464913934 5.24667441175933 534.486108603873 5.2269810458519 534.526404231722 5.19824003544249 534.639587424986 5.10581485655101 534.3 45.53453643763 534.300000000031 53.5345364376288 11.5 13.5 11.5061653325337 13.3430818085443 11.5246233188097 13.1871310699195 11.5552601592046 13.0331092722882 11.5978869674097 12.8819660112501 11.6522409349774 12.7346331352698 11.7179869516233 12.5920190005209 11.7947196712918 12.4550028705681 11.8819660112501 12.3244294954151 11.9791880687999 12.2011039033396 12.0857864376269 12.0857864376269 12.2011039033396 11.9791880687999 12.3244294954151 11.8819660112501 12.4550028705681 11.7947196712918 12.5920190005209 11.7179869516233 12.7346331352698 11.6522409349774 12.8819660112501 11.5978869674097 13.0331092722882 11.5552601592046 13.1871310699195 11.5246233188097 13.3430818085443 11.5061653325337 13.5 11.5 13.6569181914557 11.5061653325337 13.8128689300805 11.5246233188097 13.9668907277118 11.5552601592046 14.1180339887499 11.5978869674097 14.2653668647302 11.6522409349774 14.4079809994791 11.7179869516233 14.5449971294319 11.7947196712918 14.6755705045849 11.8819660112501 14.7988960966604 11.9791880687999 14.9142135623731 12.0857864376269 15.0208119312001 12.2011039033396 15.1180339887499 12.3244294954151 15.2052803287082 12.4550028705681 15.2820130483767 12.5920190005209 15.3477590650226 12.7346331352698 15.4021130325903 12.8819660112501 15.4447398407954 13.0331092722882 15.4753766811903 13.1871310699195 15.4938346674663 13.3430818085443 15.5 13.5 15.4938346674663 13.6569181914557 15.4753766811903 13.8128689300805 15.4447398407954 13.9668907277118 15.4021130325903 14.1180339887499 15.3477590650226 14.2653668647302 15.2820130483767 14.4079809994791 15.2052803287082 14.5449971294319 15.1180339887499 14.6755705045849 15.0208119312001 14.7988960966604 14.9142135623731 14.9142135623731 14.7988960966604 15.0208119312001 14.6755705045849 15.1180339887499 14.5449971294319 15.2052803287082 14.4079809994791 15.2820130483767 14.2653668647302 15.3477590650226 14.1180339887499 15.4021130325903 13.9668907277118 15.4447398407954 13.8128689300805 15.4753766811903 13.6569181914557 15.4938346674663 13.5 15.5 13.3430818085443 15.4938346674663 13.1871310699195 15.4753766811903 13.0331092722882 15.4447398407954 12.8819660112501 15.4021130325903 12.7346331352698 15.3477590650226 12.5920190005209 15.2820130483767 12.4550028705681 15.2052803287082 12.3244294954151 15.1180339887499 12.2011039033396 15.0208119312001 12.0857864376269 14.9142135623731 11.9791880687999 14.7988960966604 11.8819660112501 14.6755705045849 11.7947196712918 14.5449971294319 11.7179869516233 14.4079809994791 11.6522409349774 14.2653668647302 11.5978869674097 14.1180339887499 11.5552601592046 13.9668907277118 11.5246233188097 13.8128689300805 11.5061653325337 13.6569181914557 60.5 13.5 60.5061653325337 13.3430818085443 60.5246233188097 13.1871310699195 60.5552601592046 13.0331092722882 60.5978869674097 12.8819660112501 60.6522409349774 12.7346331352698 60.7179869516233 12.5920190005209 60.7947196712918 12.4550028705681 60.8819660112501 12.3244294954151 60.9791880687999 12.2011039033396 61.0857864376269 12.0857864376269 61.2011039033396 11.9791880687999 61.3244294954151 11.8819660112501 61.4550028705681 11.7947196712918 61.5920190005209 11.7179869516233 61.7346331352698 11.6522409349774 61.8819660112501 11.5978869674097 62.0331092722882 11.5552601592046 62.1871310699195 11.5246233188097 62.3430818085443 11.5061653325337 62.5 11.5 62.6569181914557 11.5061653325337 62.8128689300805 11.5246233188097 62.9668907277118 11.5552601592046 63.1180339887499 11.5978869674097 63.2653668647302 11.6522409349774 63.4079809994791 11.7179869516233 63.5449971294319 11.7947196712918 63.6755705045849 11.8819660112501 63.7988960966604 11.9791880687999 63.9142135623731 12.0857864376269 64.0208119312001 12.2011039033396 64.1180339887499 12.3244294954151 64.2052803287082 12.4550028705681 64.2820130483767 12.5920190005209 64.3477590650226 12.7346331352698 64.4021130325903 12.8819660112501 64.4447398407954 13.0331092722882 64.4753766811903 13.1871310699195 64.4938346674663 13.3430818085443 64.5 13.5 64.4938346674663 13.6569181914557 64.4753766811903 13.8128689300805 64.4447398407954 13.9668907277118 64.4021130325903 14.1180339887499 64.3477590650226 14.2653668647302 64.2820130483767 14.4079809994791 64.2052803287082 14.5449971294319 64.1180339887499 14.6755705045849 64.0208119312001 14.7988960966604 63.9142135623731 14.9142135623731 63.7988960966604 15.0208119312001 63.6755705045849 15.1180339887499 63.5449971294319 15.2052803287082 63.4079809994791 15.2820130483767 63.2653668647302 15.3477590650226 63.1180339887499 15.4021130325903 62.9668907277118 15.4447398407954 62.8128689300805 15.4753766811903 62.6569181914557 15.4938346674663 62.5 15.5 62.3430818085443 15.4938346674663 62.1871310699195 15.4753766811903 62.0331092722882 15.4447398407954 61.8819660112501 15.4021130325903 61.7346331352698 15.3477590650226 61.5920190005209 15.2820130483767 61.4550028705681 15.2052803287082 61.3244294954151 15.1180339887499 61.2011039033396 15.0208119312001 61.0857864376269 14.9142135623731 60.9791880687999 14.7988960966604 60.8819660112501 14.6755705045849 60.7947196712918 14.5449971294319 60.7179869516233 14.4079809994791 60.6522409349774 14.2653668647302 60.5978869674097 14.1180339887499 60.5552601592046 13.9668907277118 60.5246233188097 13.8128689300805 60.5061653325337 13.6569181914557 115.9 13.5 115.906165332534 13.3430818085443 115.92462331881 13.1871310699195 115.955260159205 13.0331092722882 115.99788696741 12.8819660112501 116.052240934977 12.7346331352698 116.117986951623 12.5920190005209 116.194719671292 12.4550028705681 116.28196601125 12.3244294954151 116.3791880688 12.2011039033396 116.485786437627 12.0857864376269 116.60110390334 11.9791880687999 116.724429495415 11.8819660112501 116.855002870568 11.7947196712918 116.992019000521 11.7179869516233 117.13463313527 11.6522409349774 117.28196601125 11.5978869674097 117.433109272288 11.5552601592046 117.58713106992 11.5246233188097 117.743081808544 11.5061653325337 117.9 11.5 118.056918191456 11.5061653325337 118.21286893008 11.5246233188097 118.366890727712 11.5552601592046 118.51803398875 11.5978869674097 118.66536686473 11.6522409349774 118.807980999479 11.7179869516233 118.944997129432 11.7947196712918 119.075570504585 11.8819660112501 119.19889609666 11.9791880687999 119.314213562373 12.0857864376269 119.4208119312 12.2011039033396 119.51803398875 12.3244294954151 119.605280328708 12.4550028705681 119.682013048377 12.5920190005209 119.747759065023 12.7346331352698 119.80211303259 12.8819660112501 119.844739840795 13.0331092722882 119.87537668119 13.1871310699195 119.893834667466 13.3430818085443 119.9 13.5 119.893834667466 13.6569181914557 119.87537668119 13.8128689300805 119.844739840795 13.9668907277118 119.80211303259 14.1180339887499 119.747759065023 14.2653668647302 119.682013048377 14.4079809994791 119.605280328708 14.5449971294319 119.51803398875 14.6755705045849 119.4208119312 14.7988960966604 119.314213562373 14.9142135623731 119.19889609666 15.0208119312001 119.075570504585 15.1180339887499 118.944997129432 15.2052803287082 118.807980999479 15.2820130483767 118.66536686473 15.3477590650226 118.51803398875 15.4021130325903 118.366890727712 15.4447398407954 118.21286893008 15.4753766811903 118.056918191456 15.4938346674663 117.9 15.5 117.743081808544 15.4938346674663 117.58713106992 15.4753766811903 117.433109272288 15.4447398407954 117.28196601125 15.4021130325903 117.13463313527 15.3477590650226 116.992019000521 15.2820130483767 116.855002870568 15.2052803287082 116.724429495415 15.1180339887499 116.60110390334 15.0208119312001 116.485786437627 14.9142135623731 116.3791880688 14.7988960966604 116.28196601125 14.6755705045849 116.194719671292 14.5449971294319 116.117986951623 14.4079809994791 116.052240934977 14.2653668647302 115.99788696741 14.1180339887499 115.955260159205 13.9668907277118 115.92462331881 13.8128689300805 115.906165332534 13.6569181914557 164.9 13.5 164.906165332534 13.3430818085443 164.92462331881 13.1871310699195 164.955260159205 13.0331092722882 164.99788696741 12.8819660112501 165.052240934977 12.7346331352698 165.117986951623 12.5920190005209 165.194719671292 12.4550028705681 165.28196601125 12.3244294954151 165.3791880688 12.2011039033396 165.485786437627 12.0857864376269 165.60110390334 11.9791880687999 165.724429495415 11.8819660112501 165.855002870568 11.7947196712918 165.992019000521 11.7179869516233 166.13463313527 11.6522409349774 166.28196601125 11.5978869674097 166.433109272288 11.5552601592046 166.58713106992 11.5246233188097 166.743081808544 11.5061653325337 166.9 11.5 167.056918191456 11.5061653325337 167.21286893008 11.5246233188097 167.366890727712 11.5552601592046 167.51803398875 11.5978869674097 167.66536686473 11.6522409349774 167.807980999479 11.7179869516233 167.944997129432 11.7947196712918 168.075570504585 11.8819660112501 168.19889609666 11.9791880687999 168.314213562373 12.0857864376269 168.4208119312 12.2011039033396 168.51803398875 12.3244294954151 168.605280328708 12.4550028705681 168.682013048377 12.5920190005209 168.747759065023 12.7346331352698 168.80211303259 12.8819660112501 168.844739840795 13.0331092722882 168.87537668119 13.1871310699195 168.893834667466 13.3430818085443 168.9 13.5 168.893834667466 13.6569181914557 168.87537668119 13.8128689300805 168.844739840795 13.9668907277118 168.80211303259 14.1180339887499 168.747759065023 14.2653668647302 168.682013048377 14.4079809994791 168.605280328708 14.5449971294319 168.51803398875 14.6755705045849 168.4208119312 14.7988960966604 168.314213562373 14.9142135623731 168.19889609666 15.0208119312001 168.075570504585 15.1180339887499 167.944997129432 15.2052803287082 167.807980999479 15.2820130483767 167.66536686473 15.3477590650226 167.51803398875 15.4021130325903 167.366890727712 15.4447398407954 167.21286893008 15.4753766811903 167.056918191456 15.4938346674663 166.9 15.5 166.743081808544 15.4938346674663 166.58713106992 15.4753766811903 166.433109272288 15.4447398407954 166.28196601125 15.4021130325903 166.13463313527 15.3477590650226 165.992019000521 15.2820130483767 165.855002870568 15.2052803287082 165.724429495415 15.1180339887499 165.60110390334 15.0208119312001 165.485786437627 14.9142135623731 165.3791880688 14.7988960966604 165.28196601125 14.6755705045849 165.194719671292 14.5449971294319 165.117986951623 14.4079809994791 165.052240934977 14.2653668647302 164.99788696741 14.1180339887499 164.955260159205 13.9668907277118 164.92462331881 13.8128689300805 164.906165332534 13.6569181914557 181.6 13.5 181.606165332534 13.3430818085443 181.62462331881 13.1871310699195 181.655260159205 13.0331092722882 181.69788696741 12.8819660112501 181.752240934977 12.7346331352698 181.817986951623 12.5920190005209 181.894719671292 12.4550028705681 181.98196601125 12.3244294954151 182.0791880688 12.2011039033396 182.185786437627 12.0857864376269 182.30110390334 11.9791880687999 182.424429495415 11.8819660112501 182.555002870568 11.7947196712918 182.692019000521 11.7179869516233 182.83463313527 11.6522409349774 182.98196601125 11.5978869674097 183.133109272288 11.5552601592046 183.28713106992 11.5246233188097 183.443081808544 11.5061653325337 183.6 11.5 183.756918191456 11.5061653325337 183.91286893008 11.5246233188097 184.066890727712 11.5552601592046 184.21803398875 11.5978869674097 184.36536686473 11.6522409349774 184.507980999479 11.7179869516233 184.644997129432 11.7947196712918 184.775570504585 11.8819660112501 184.89889609666 11.9791880687999 185.014213562373 12.0857864376269 185.1208119312 12.2011039033396 185.21803398875 12.3244294954151 185.305280328708 12.4550028705681 185.382013048377 12.5920190005209 185.447759065023 12.7346331352698 185.50211303259 12.8819660112501 185.544739840795 13.0331092722882 185.57537668119 13.1871310699195 185.593834667466 13.3430818085443 185.6 13.5 185.593834667466 13.6569181914557 185.57537668119 13.8128689300805 185.544739840795 13.9668907277118 185.50211303259 14.1180339887499 185.447759065023 14.2653668647302 185.382013048377 14.4079809994791 185.305280328708 14.5449971294319 185.21803398875 14.6755705045849 185.1208119312 14.7988960966604 185.014213562373 14.9142135623731 184.89889609666 15.0208119312001 184.775570504585 15.1180339887499 184.644997129432 15.2052803287082 184.507980999479 15.2820130483767 184.36536686473 15.3477590650226 184.21803398875 15.4021130325903 184.066890727712 15.4447398407954 183.91286893008 15.4753766811903 183.756918191456 15.4938346674663 183.6 15.5 183.443081808544 15.4938346674663 183.28713106992 15.4753766811903 183.133109272288 15.4447398407954 182.98196601125 15.4021130325903 182.83463313527 15.3477590650226 182.692019000521 15.2820130483767 182.555002870568 15.2052803287082 182.424429495415 15.1180339887499 182.30110390334 15.0208119312001 182.185786437627 14.9142135623731 182.0791880688 14.7988960966604 181.98196601125 14.6755705045849 181.894719671292 14.5449971294319 181.817986951623 14.4079809994791 181.752240934977 14.2653668647302 181.69788696741 14.1180339887499 181.655260159205 13.9668907277118 181.62462331881 13.8128689300805 181.606165332534 13.6569181914557 230.6 13.5 230.606165332534 13.3430818085443 230.62462331881 13.1871310699195 230.655260159205 13.0331092722882 230.69788696741 12.8819660112501 230.752240934977 12.7346331352698 230.817986951623 12.5920190005209 230.894719671292 12.4550028705681 230.98196601125 12.3244294954151 231.0791880688 12.2011039033396 231.185786437627 12.0857864376269 231.30110390334 11.9791880687999 231.424429495415 11.8819660112501 231.555002870568 11.7947196712918 231.692019000521 11.7179869516233 231.83463313527 11.6522409349774 231.98196601125 11.5978869674097 232.133109272288 11.5552601592046 232.28713106992 11.5246233188097 232.443081808544 11.5061653325337 232.6 11.5 232.756918191456 11.5061653325337 232.91286893008 11.5246233188097 233.066890727712 11.5552601592046 233.21803398875 11.5978869674097 233.36536686473 11.6522409349774 233.507980999479 11.7179869516233 233.644997129432 11.7947196712918 233.775570504585 11.8819660112501 233.89889609666 11.9791880687999 234.014213562373 12.0857864376269 234.1208119312 12.2011039033396 234.21803398875 12.3244294954151 234.305280328708 12.4550028705681 234.382013048377 12.5920190005209 234.447759065023 12.7346331352698 234.50211303259 12.8819660112501 234.544739840795 13.0331092722882 234.57537668119 13.1871310699195 234.593834667466 13.3430818085443 234.6 13.5 234.593834667466 13.6569181914557 234.57537668119 13.8128689300805 234.544739840795 13.9668907277118 234.50211303259 14.1180339887499 234.447759065023 14.2653668647302 234.382013048377 14.4079809994791 234.305280328708 14.5449971294319 234.21803398875 14.6755705045849 234.1208119312 14.7988960966604 234.014213562373 14.9142135623731 233.89889609666 15.0208119312001 233.775570504585 15.1180339887499 233.644997129432 15.2052803287082 233.507980999479 15.2820130483767 233.36536686473 15.3477590650226 233.21803398875 15.4021130325903 233.066890727712 15.4447398407954 232.91286893008 15.4753766811903 232.756918191456 15.4938346674663 232.6 15.5 232.443081808544 15.4938346674663 232.28713106992 15.4753766811903 232.133109272288 15.4447398407954 231.98196601125 15.4021130325903 231.83463313527 15.3477590650226 231.692019000521 15.2820130483767 231.555002870568 15.2052803287082 231.424429495415 15.1180339887499 231.30110390334 15.0208119312001 231.185786437627 14.9142135623731 231.0791880688 14.7988960966604 230.98196601125 14.6755705045849 230.894719671292 14.5449971294319 230.817986951623 14.4079809994791 230.752240934977 14.2653668647302 230.69788696741 14.1180339887499 230.655260159205 13.9668907277118 230.62462331881 13.8128689300805 230.606165332534 13.6569181914557 302.4 13.5 302.406165332534 13.3430818085443 302.42462331881 13.1871310699195 302.455260159205 13.0331092722882 302.49788696741 12.8819660112501 302.552240934977 12.7346331352698 302.617986951623 12.5920190005209 302.694719671292 12.4550028705681 302.78196601125 12.3244294954151 302.8791880688 12.2011039033396 302.985786437627 12.0857864376269 303.10110390334 11.9791880687999 303.224429495415 11.8819660112501 303.355002870568 11.7947196712918 303.492019000521 11.7179869516233 303.63463313527 11.6522409349774 303.78196601125 11.5978869674097 303.933109272288 11.5552601592046 304.08713106992 11.5246233188097 304.243081808544 11.5061653325337 304.4 11.5 304.556918191456 11.5061653325337 304.71286893008 11.5246233188097 304.866890727712 11.5552601592046 305.01803398875 11.5978869674097 305.16536686473 11.6522409349774 305.307980999479 11.7179869516233 305.444997129432 11.7947196712918 305.575570504585 11.8819660112501 305.69889609666 11.9791880687999 305.814213562373 12.0857864376269 305.9208119312 12.2011039033396 306.01803398875 12.3244294954151 306.105280328708 12.4550028705681 306.182013048377 12.5920190005209 306.247759065023 12.7346331352698 306.30211303259 12.8819660112501 306.344739840795 13.0331092722882 306.37537668119 13.1871310699195 306.393834667466 13.3430818085443 306.4 13.5 306.393834667466 13.6569181914557 306.37537668119 13.8128689300805 306.344739840795 13.9668907277118 306.30211303259 14.1180339887499 306.247759065023 14.2653668647302 306.182013048377 14.4079809994791 306.105280328708 14.5449971294319 306.01803398875 14.6755705045849 305.9208119312 14.7988960966604 305.814213562373 14.9142135623731 305.69889609666 15.0208119312001 305.575570504585 15.1180339887499 305.444997129432 15.2052803287082 305.307980999479 15.2820130483767 305.16536686473 15.3477590650226 305.01803398875 15.4021130325903 304.866890727712 15.4447398407954 304.71286893008 15.4753766811903 304.556918191456 15.4938346674663 304.4 15.5 304.243081808544 15.4938346674663 304.08713106992 15.4753766811903 303.933109272288 15.4447398407954 303.78196601125 15.4021130325903 303.63463313527 15.3477590650226 303.492019000521 15.2820130483767 303.355002870568 15.2052803287082 303.224429495415 15.1180339887499 303.10110390334 15.0208119312001 302.985786437627 14.9142135623731 302.8791880688 14.7988960966604 302.78196601125 14.6755705045849 302.694719671292 14.5449971294319 302.617986951623 14.4079809994791 302.552240934977 14.2653668647302 302.49788696741 14.1180339887499 302.455260159205 13.9668907277118 302.42462331881 13.8128689300805 302.406165332534 13.6569181914557 351.4 13.5 351.406165332534 13.3430818085443 351.42462331881 13.1871310699195 351.455260159205 13.0331092722882 351.49788696741 12.8819660112501 351.552240934977 12.7346331352698 351.617986951623 12.5920190005209 351.694719671292 12.4550028705681 351.78196601125 12.3244294954151 351.8791880688 12.2011039033396 351.985786437627 12.0857864376269 352.10110390334 11.9791880687999 352.224429495415 11.8819660112501 352.355002870568 11.7947196712918 352.492019000521 11.7179869516233 352.63463313527 11.6522409349774 352.78196601125 11.5978869674097 352.933109272288 11.5552601592046 353.08713106992 11.5246233188097 353.243081808544 11.5061653325337 353.4 11.5 353.556918191456 11.5061653325337 353.71286893008 11.5246233188097 353.866890727712 11.5552601592046 354.01803398875 11.5978869674097 354.16536686473 11.6522409349774 354.307980999479 11.7179869516233 354.444997129432 11.7947196712918 354.575570504585 11.8819660112501 354.69889609666 11.9791880687999 354.814213562373 12.0857864376269 354.9208119312 12.2011039033396 355.01803398875 12.3244294954151 355.105280328708 12.4550028705681 355.182013048377 12.5920190005209 355.247759065023 12.7346331352698 355.30211303259 12.8819660112501 355.344739840795 13.0331092722882 355.37537668119 13.1871310699195 355.393834667466 13.3430818085443 355.4 13.5 355.393834667466 13.6569181914557 355.37537668119 13.8128689300805 355.344739840795 13.9668907277118 355.30211303259 14.1180339887499 355.247759065023 14.2653668647302 355.182013048377 14.4079809994791 355.105280328708 14.5449971294319 355.01803398875 14.6755705045849 354.9208119312 14.7988960966604 354.814213562373 14.9142135623731 354.69889609666 15.0208119312001 354.575570504585 15.1180339887499 354.444997129432 15.2052803287082 354.307980999479 15.2820130483767 354.16536686473 15.3477590650226 354.01803398875 15.4021130325903 353.866890727712 15.4447398407954 353.71286893008 15.4753766811903 353.556918191456 15.4938346674663 353.4 15.5 353.243081808544 15.4938346674663 353.08713106992 15.4753766811903 352.933109272288 15.4447398407954 352.78196601125 15.4021130325903 352.63463313527 15.3477590650226 352.492019000521 15.2820130483767 352.355002870568 15.2052803287082 352.224429495415 15.1180339887499 352.10110390334 15.0208119312001 351.985786437627 14.9142135623731 351.8791880688 14.7988960966604 351.78196601125 14.6755705045849 351.694719671292 14.5449971294319 351.617986951623 14.4079809994791 351.552240934977 14.2653668647302 351.49788696741 14.1180339887499 351.455260159205 13.9668907277118 351.42462331881 13.8128689300805 351.406165332534 13.6569181914557 368.1 13.5 368.106165332534 13.3430818085443 368.12462331881 13.1871310699195 368.155260159205 13.0331092722882 368.19788696741 12.8819660112501 368.252240934977 12.7346331352698 368.317986951623 12.5920190005209 368.394719671292 12.4550028705681 368.48196601125 12.3244294954151 368.5791880688 12.2011039033396 368.685786437627 12.0857864376269 368.80110390334 11.9791880687999 368.924429495415 11.8819660112501 369.055002870568 11.7947196712918 369.192019000521 11.7179869516233 369.33463313527 11.6522409349774 369.48196601125 11.5978869674097 369.633109272288 11.5552601592046 369.78713106992 11.5246233188097 369.943081808544 11.5061653325337 370.1 11.5 370.256918191456 11.5061653325337 370.41286893008 11.5246233188097 370.566890727712 11.5552601592046 370.71803398875 11.5978869674097 370.86536686473 11.6522409349774 371.007980999479 11.7179869516233 371.144997129432 11.7947196712918 371.275570504585 11.8819660112501 371.39889609666 11.9791880687999 371.514213562373 12.0857864376269 371.6208119312 12.2011039033396 371.71803398875 12.3244294954151 371.805280328708 12.4550028705681 371.882013048377 12.5920190005209 371.947759065023 12.7346331352698 372.00211303259 12.8819660112501 372.044739840795 13.0331092722882 372.07537668119 13.1871310699195 372.093834667466 13.3430818085443 372.1 13.5 372.093834667466 13.6569181914557 372.07537668119 13.8128689300805 372.044739840795 13.9668907277118 372.00211303259 14.1180339887499 371.947759065023 14.2653668647302 371.882013048377 14.4079809994791 371.805280328708 14.5449971294319 371.71803398875 14.6755705045849 371.6208119312 14.7988960966604 371.514213562373 14.9142135623731 371.39889609666 15.0208119312001 371.275570504585 15.1180339887499 371.144997129432 15.2052803287082 371.007980999479 15.2820130483767 370.86536686473 15.3477590650226 370.71803398875 15.4021130325903 370.566890727712 15.4447398407954 370.41286893008 15.4753766811903 370.256918191456 15.4938346674663 370.1 15.5 369.943081808544 15.4938346674663 369.78713106992 15.4753766811903 369.633109272288 15.4447398407954 369.48196601125 15.4021130325903 369.33463313527 15.3477590650226 369.192019000521 15.2820130483767 369.055002870568 15.2052803287082 368.924429495415 15.1180339887499 368.80110390334 15.0208119312001 368.685786437627 14.9142135623731 368.5791880688 14.7988960966604 368.48196601125 14.6755705045849 368.394719671292 14.5449971294319 368.317986951623 14.4079809994791 368.252240934977 14.2653668647302 368.19788696741 14.1180339887499 368.155260159205 13.9668907277118 368.12462331881 13.8128689300805 368.106165332534 13.6569181914557 417.1 13.5 417.106165332534 13.3430818085443 417.12462331881 13.1871310699195 417.155260159205 13.0331092722882 417.19788696741 12.8819660112501 417.252240934977 12.7346331352698 417.317986951623 12.5920190005209 417.394719671292 12.4550028705681 417.48196601125 12.3244294954151 417.5791880688 12.2011039033396 417.685786437627 12.0857864376269 417.80110390334 11.9791880687999 417.924429495415 11.8819660112501 418.055002870568 11.7947196712918 418.192019000521 11.7179869516233 418.33463313527 11.6522409349774 418.48196601125 11.5978869674097 418.633109272288 11.5552601592046 418.78713106992 11.5246233188097 418.943081808544 11.5061653325337 419.1 11.5 419.256918191456 11.5061653325337 419.41286893008 11.5246233188097 419.566890727712 11.5552601592046 419.71803398875 11.5978869674097 419.86536686473 11.6522409349774 420.007980999479 11.7179869516233 420.144997129432 11.7947196712918 420.275570504585 11.8819660112501 420.39889609666 11.9791880687999 420.514213562373 12.0857864376269 420.6208119312 12.2011039033396 420.71803398875 12.3244294954151 420.805280328708 12.4550028705681 420.882013048377 12.5920190005209 420.947759065023 12.7346331352698 421.00211303259 12.8819660112501 421.044739840795 13.0331092722882 421.07537668119 13.1871310699195 421.093834667466 13.3430818085443 421.1 13.5 421.093834667466 13.6569181914557 421.07537668119 13.8128689300805 421.044739840795 13.9668907277118 421.00211303259 14.1180339887499 420.947759065023 14.2653668647302 420.882013048377 14.4079809994791 420.805280328708 14.5449971294319 420.71803398875 14.6755705045849 420.6208119312 14.7988960966604 420.514213562373 14.9142135623731 420.39889609666 15.0208119312001 420.275570504585 15.1180339887499 420.144997129432 15.2052803287082 420.007980999479 15.2820130483767 419.86536686473 15.3477590650226 419.71803398875 15.4021130325903 419.566890727712 15.4447398407954 419.41286893008 15.4753766811903 419.256918191456 15.4938346674663 419.1 15.5 418.943081808544 15.4938346674663 418.78713106992 15.4753766811903 418.633109272288 15.4447398407954 418.48196601125 15.4021130325903 418.33463313527 15.3477590650226 418.192019000521 15.2820130483767 418.055002870568 15.2052803287082 417.924429495415 15.1180339887499 417.80110390334 15.0208119312001 417.685786437627 14.9142135623731 417.5791880688 14.7988960966604 417.48196601125 14.6755705045849 417.394719671292 14.5449971294319 417.317986951623 14.4079809994791 417.252240934977 14.2653668647302 417.19788696741 14.1180339887499 417.155260159205 13.9668907277118 417.12462331881 13.8128689300805 417.106165332534 13.6569181914557 472.5 13.5 472.506165332534 13.3430818085443 472.52462331881 13.1871310699195 472.555260159205 13.0331092722882 472.59788696741 12.8819660112501 472.652240934977 12.7346331352698 472.717986951623 12.5920190005209 472.794719671292 12.4550028705681 472.88196601125 12.3244294954151 472.9791880688 12.2011039033396 473.085786437627 12.0857864376269 473.20110390334 11.9791880687999 473.324429495415 11.8819660112501 473.455002870568 11.7947196712918 473.592019000521 11.7179869516233 473.73463313527 11.6522409349774 473.88196601125 11.5978869674097 474.033109272288 11.5552601592046 474.18713106992 11.5246233188097 474.343081808544 11.5061653325337 474.5 11.5 474.656918191456 11.5061653325337 474.81286893008 11.5246233188097 474.966890727712 11.5552601592046 475.11803398875 11.5978869674097 475.26536686473 11.6522409349774 475.407980999479 11.7179869516233 475.544997129432 11.7947196712918 475.675570504585 11.8819660112501 475.79889609666 11.9791880687999 475.914213562373 12.0857864376269 476.0208119312 12.2011039033396 476.11803398875 12.3244294954151 476.205280328708 12.4550028705681 476.282013048377 12.5920190005209 476.347759065023 12.7346331352698 476.40211303259 12.8819660112501 476.444739840795 13.0331092722882 476.47537668119 13.1871310699195 476.493834667466 13.3430818085443 476.5 13.5 476.493834667466 13.6569181914557 476.47537668119 13.8128689300805 476.444739840795 13.9668907277118 476.40211303259 14.1180339887499 476.347759065023 14.2653668647302 476.282013048377 14.4079809994791 476.205280328708 14.5449971294319 476.11803398875 14.6755705045849 476.0208119312 14.7988960966604 475.914213562373 14.9142135623731 475.79889609666 15.0208119312001 475.675570504585 15.1180339887499 475.544997129432 15.2052803287082 475.407980999479 15.2820130483767 475.26536686473 15.3477590650226 475.11803398875 15.4021130325903 474.966890727712 15.4447398407954 474.81286893008 15.4753766811903 474.656918191456 15.4938346674663 474.5 15.5 474.343081808544 15.4938346674663 474.18713106992 15.4753766811903 474.033109272288 15.4447398407954 473.88196601125 15.4021130325903 473.73463313527 15.3477590650226 473.592019000521 15.2820130483767 473.455002870568 15.2052803287082 473.324429495415 15.1180339887499 473.20110390334 15.0208119312001 473.085786437627 14.9142135623731 472.9791880688 14.7988960966604 472.88196601125 14.6755705045849 472.794719671292 14.5449971294319 472.717986951623 14.4079809994791 472.652240934977 14.2653668647302 472.59788696741 14.1180339887499 472.555260159205 13.9668907277118 472.52462331881 13.8128689300805 472.506165332534 13.6569181914557 521.5 13.5 521.506165332534 13.3430818085443 521.52462331881 13.1871310699195 521.555260159205 13.0331092722882 521.59788696741 12.8819660112501 521.652240934977 12.7346331352698 521.717986951623 12.5920190005209 521.794719671292 12.4550028705681 521.88196601125 12.3244294954151 521.9791880688 12.2011039033396 522.085786437627 12.0857864376269 522.20110390334 11.9791880687999 522.324429495415 11.8819660112501 522.455002870568 11.7947196712918 522.592019000521 11.7179869516233 522.73463313527 11.6522409349774 522.88196601125 11.5978869674097 523.033109272288 11.5552601592046 523.18713106992 11.5246233188097 523.343081808544 11.5061653325337 523.5 11.5 523.656918191456 11.5061653325337 523.81286893008 11.5246233188097 523.966890727712 11.5552601592046 524.11803398875 11.5978869674097 524.26536686473 11.6522409349774 524.407980999479 11.7179869516233 524.544997129432 11.7947196712918 524.675570504585 11.8819660112501 524.79889609666 11.9791880687999 524.914213562373 12.0857864376269 525.0208119312 12.2011039033396 525.11803398875 12.3244294954151 525.205280328708 12.4550028705681 525.282013048377 12.5920190005209 525.347759065023 12.7346331352698 525.40211303259 12.8819660112501 525.444739840795 13.0331092722882 525.47537668119 13.1871310699195 525.493834667466 13.3430818085443 525.5 13.5 525.493834667466 13.6569181914557 525.47537668119 13.8128689300805 525.444739840795 13.9668907277118 525.40211303259 14.1180339887499 525.347759065023 14.2653668647302 525.282013048377 14.4079809994791 525.205280328708 14.5449971294319 525.11803398875 14.6755705045849 525.0208119312 14.7988960966604 524.914213562373 14.9142135623731 524.79889609666 15.0208119312001 524.675570504585 15.1180339887499 524.544997129432 15.2052803287082 524.407980999479 15.2820130483767 524.26536686473 15.3477590650226 524.11803398875 15.4021130325903 523.966890727712 15.4447398407954 523.81286893008 15.4753766811903 523.656918191456 15.4938346674663 523.5 15.5 523.343081808544 15.4938346674663 523.18713106992 15.4753766811903 523.033109272288 15.4447398407954 522.88196601125 15.4021130325903 522.73463313527 15.3477590650226 522.592019000521 15.2820130483767 522.455002870568 15.2052803287082 522.324429495415 15.1180339887499 522.20110390334 15.0208119312001 522.085786437627 14.9142135623731 521.9791880688 14.7988960966604 521.88196601125 14.6755705045849 521.794719671292 14.5449971294319 521.717986951623 14.4079809994791 521.652240934977 14.2653668647302 521.59788696741 14.1180339887499 521.555260159205 13.9668907277118 521.52462331881 13.8128689300805 521.506165332534 13.6569181914557 112.032715806 65.76170668001 112.032715806 60.05390222667 112.032715806 48.63829331999 112.7124631081 69.22834011083 112.30715620996 68.2244004043673 112.20229211979 67.8817499493768 112.120243412202 67.5212876387068 112.065516300436 67.1649889466056 112.036038079014 66.8080191347675 112.027985046831 66.2856073709867 127.4117863323 85.50873122519 126.296393841759 84.894968633763 125.209988531636 84.2479225294743 124.152067677678 83.5640160210003 123.122128555632 82.8396722170173 121.374736161187 81.4547565902654 119.882210608732 80.0867567763742 118.472301041889 78.6108990503563 117.162801638856 77.0468908838249 115.971459254922 75.414406185236 114.906904090668 73.7264465591718 113.957962978541 71.9815199067519 113.30910015861 70.6229009378204 131.7314715167 86.58585786438 130.702582552345 86.5687366975878 130.204053139085 86.5249034069019 129.818577631301 86.4637963111119 129.354086622511 86.3566380549668 128.933536069611 86.2262803760919 128.527500141686 86.0672807467211 127.96543343379 85.7997330859451 153.0685284833 86.58585786438 145.9561761611 86.58585786438 157.3882136677 85.50873122519 156.434829755458 85.9948170706953 155.972894094562 86.1878736896832 155.587599341694 86.3164015631998 155.155496433936 86.4279892998601 154.705106839456 86.5101336391964 154.254561646414 86.5586843466606 153.663250363747 86.5832020855638 172.08753689186 69.22834011083 171.590516899182 70.4004220418608 171.057435256709 71.5470558635096 170.48478483803 72.6691058370344 169.869058516729 73.7674362236934 168.669233576975 75.6467423688553 167.460289584887 77.2707837597909 166.135637277657 78.8236189986557 164.713070177995 80.2855400220078 163.210353237599 81.6368892603665 161.63954190199 82.8677577118891 160.000289320407 83.9894123959941 158.714787499496 84.7732194713368 172.76728419403 65.76170668001 172.763026753893 66.8265559905247 172.732258721986 67.1835745584481 172.675634580883 67.5427651018935 172.594432916739 67.8939736854854 172.488728360611 68.2362557304695 172.294578940554 68.7341005926799 172.76728419403 48.63829331999 172.76728419403 54.34609777333 172.08753689186 45.17165988917 172.492843790111 46.1755995958155 172.597707880263 46.5182500508117 172.679756587843 46.8787123615502 172.734483699586 47.2350110536533 172.763961920995 47.5919808654908 172.772014953185 48.1143926291422 157.3882136677 28.89126877481 158.503606158241 29.505031366237 159.590011468364 30.1520774705256 160.647932322322 30.8359839789996 161.67787144437 31.5603277829826 163.425263838819 32.9452434097345 164.917789391274 34.3132432236193 166.327698958119 35.78910094963 167.637198361154 37.3531091161534 168.828540745089 38.9855938147341 169.89309590934 40.6735534407895 170.842037021451 42.4184800932001 171.490899841374 43.777099062155 153.0685284833 27.81414213562 154.097417447655 27.8312633024122 154.595946860915 27.8750965930981 154.981422368699 27.9362036888881 155.445913377489 28.0433619450332 155.866463930389 28.173719623908 156.272499858314 28.3327192532789 156.83456656621 28.6002669140549 131.7314715167 27.81414213562 138.8438238389 27.81414213562 127.4117863323 28.89126877481 128.365170244542 28.4051829293047 128.827105905438 28.2121263103168 129.212400658306 28.0835984368001 129.644503566064 27.9720107001399 130.094893160544 27.8898663608036 130.545438353586 27.8413156533394 131.136749636253 27.8167979144362 112.7124631081 45.17165988917 113.209483100873 43.9995779579953 113.742564743439 42.8529441362088 114.315215162215 41.7308941625522 114.930941483618 40.6325637757669 116.130766423417 38.7532576306244 117.339710415504 37.1292162397519 118.66436272272 35.5763810009519 120.086929822357 34.1144599776648 121.589646762721 32.7631107393694 123.160458098296 31.5322422879029 124.799710679844 30.4105876038456 126.085212500634 29.6267805285881 112.036973246095 47.5734440096395 112.067741277986 47.2164254417165 112.124365419071 46.8572348983249 112.205567083206 46.5060263147287 112.311271639324 46.1637442697381 112.505421059401 45.6658994074213 177.73271580597 65.76170668001 177.73271580597 60.05390222667 177.73271580597 48.63829331999 178.41246310814 69.22834011083 178.007156209889 68.2244004041845 177.902292119737 67.8817499491883 177.820243412157 67.5212876384498 177.765516300414 67.1649889463467 177.736038079005 66.8080191345093 177.727985046815 66.2856073708578 193.11178633234 85.50873122519 191.996393841902 84.8949686338399 190.909988531893 84.2479225296367 189.852067678054 83.5640160212581 188.822128556128 82.8396722173816 187.074736161672 81.4547565906703 185.58221060919 80.0867567768118 184.172301042306 78.61089905082 182.862801639222 77.0468908843084 181.671459255235 75.4144061857329 180.606904090938 73.7264465596808 179.657962978788 71.9815199072737 179.009100158736 70.6229009380882 197.43147151665 86.58585786438 196.402582552341 86.5687366975878 195.904053139064 86.5249034069019 195.518577631272 86.4637963111119 195.05408662248 86.3566380549668 194.633536069587 86.2262803760919 194.227500141675 86.0672807467211 193.665433433804 85.7997330859451 218.76852848335 86.58585786438 211.656176161117 86.58585786438 223.08821366766 85.50873122519 222.134829755469 85.9948170706923 221.67289409459 86.1878736896807 221.287599341732 86.316401563197 220.85549643398 86.4279892998573 220.405106839496 86.5101336391941 219.954561646442 86.5586843466592 219.363250363757 86.5832020855636 237.78753689186 69.22834011083 237.290516899182 70.4004220418608 236.757435256709 71.5470558635095 236.184784838029 72.6691058370343 235.569058516727 73.7674362236933 234.369233576967 75.6467423688552 233.160289584861 77.2707837598038 231.835637277612 78.8236189986804 230.413070177935 80.2855400220424 228.910353237533 81.6368892604087 227.339541901923 82.8677577119372 225.700289320331 83.9894123960467 224.414787499448 84.7732194713614 238.46728419403 65.76170668001 238.463026753893 66.8265559905247 238.432258721986 67.1835745584481 238.375634580883 67.5427651018935 238.294432916739 67.8939736854855 238.188728360611 68.2362557304695 237.994578940554 68.7341005926799 238.46728419403 48.63829331999 238.46728419403 54.34609777333 237.78753689186 45.17165988917 238.192843790111 46.1755995958155 238.297707880263 46.5182500508117 238.379756587843 46.8787123615502 238.434483699586 47.2350110536533 238.463961920995 47.5919808654907 238.472014953185 48.1143926291422 223.08821366766 28.89126877481 224.203606158098 29.5050313661601 225.290011468107 30.1520774703633 226.347932321946 30.8359839787419 227.377871443872 31.5603277826183 229.125263838328 32.9452434093296 230.61778939081 34.3132432231882 232.027698957694 35.78910094918 233.337198360778 37.3531091156916 234.528540744765 38.9855938142671 235.593095909062 40.6735534403192 236.542037021212 42.4184800927262 237.190899841264 43.7770990619118 218.76852848335 27.81414213562 219.797417447659 27.8312633024122 220.295946860936 27.8750965930981 220.681422368728 27.9362036888881 221.14591337752 28.0433619450332 221.566463930413 28.173719623908 221.972499858325 28.3327192532789 222.534566566196 28.6002669140549 197.43147151665 27.81414213562 204.543823838883 27.81414213562 193.11178633234 28.89126877481 194.065170244531 28.4051829293076 194.52710590541 28.2121263103193 194.912400658268 28.083598436803 195.34450356602 27.9720107001427 195.794893160504 27.8898663608058 196.245438353558 27.8413156533408 196.836749636243 27.8167979144364 178.41246310814 45.17165988917 178.909483100818 43.9995779581392 179.442564743291 42.8529441364904 180.015215161971 41.7308941629656 180.630941483273 40.6325637763066 181.830766423033 38.7532576311447 183.039710415139 37.1292162401961 184.364362722389 35.5763810013195 185.786929822065 34.1144599779575 187.289646762468 32.7631107395912 188.860458098077 31.5322422880628 190.499710679669 30.4105876039532 191.785212500552 29.6267805286385 177.736973246107 47.5734440094753 177.767741278014 47.2164254415519 177.824365419117 46.8572348981065 177.905567083261 46.5060263145145 178.011271639389 46.1637442695305 178.205421059446 45.6658994073201 298.53271580597 65.76170668001 298.53271580597 60.05390222667 298.53271580597 48.63829331999 299.21246310813 69.22834011083 298.80715620991 68.2244004042457 298.702292119753 67.8817499492514 298.620243412173 67.5212876385358 298.565516300424 67.1649889464334 298.536038079009 66.8080191345957 298.527985046814 66.2856073709009 313.91178633234 85.50873122519 312.796393841902 84.8949686338399 311.709988531893 84.2479225296367 310.652067678054 83.564016021258 309.622128556128 82.8396722173816 307.874736161672 81.4547565906703 306.38221060919 80.0867567768118 304.972301042306 78.6108990508199 303.662801639222 77.0468908843083 302.471459255235 75.4144061857328 301.406904090938 73.7264465596807 300.457962978786 71.9815199072737 299.809100158731 70.6229009380882 318.23147151665 86.58585786438 317.202582552341 86.5687366975878 316.704053139064 86.5249034069019 316.318577631272 86.4637963111119 315.85408662248 86.3566380549668 315.433536069587 86.2262803760919 315.027500141675 86.0672807467211 314.465433433804 85.7997330859451 339.56852848335 86.58585786438 332.456176161117 86.58585786438 343.88821366766 85.50873122519 342.934829755469 85.9948170706923 342.47289409459 86.1878736896807 342.087599341732 86.316401563197 341.65549643398 86.4279892998573 341.205106839496 86.5101336391941 340.754561646442 86.5586843466592 340.163250363757 86.5832020855636 358.58753689186 69.22834011083 358.090516899182 70.4004220418608 357.557435256709 71.5470558635096 356.984784838029 72.6691058370344 356.369058516727 73.7674362236934 355.169233576967 75.6467423688553 353.960289584861 77.2707837598039 352.635637277611 78.8236189986805 351.213070177935 80.2855400220424 349.710353237532 81.6368892604088 348.139541901923 82.8677577119372 346.500289320331 83.9894123960467 345.214787499448 84.7732194713615 359.26728419403 65.76170668001 359.263026753893 66.8265559905247 359.232258721986 67.1835745584481 359.175634580883 67.5427651018935 359.094432916739 67.8939736854854 358.988728360611 68.2362557304695 358.794578940554 68.7341005926799 359.26728419403 48.63829331999 359.26728419403 54.34609777333 358.58753689186 45.17165988917 358.992843790111 46.1755995958155 359.097707880263 46.5182500508117 359.179756587843 46.8787123615502 359.234483699586 47.2350110536533 359.263961920995 47.5919808654908 359.272014953185 48.1143926291422 343.88821366766 28.89126877481 345.003606158098 29.5050313661601 346.090011468107 30.1520774703633 347.147932321946 30.8359839787419 348.177871443872 31.5603277826183 349.925263838328 32.9452434093296 351.41778939081 34.3132432231881 352.827698957694 35.7891009491799 354.137198360778 37.3531091156916 355.328540744765 38.985593814267 356.393095909062 40.6735534403191 357.342037021212 42.4184800927262 357.990899841264 43.7770990619118 339.56852848335 27.81414213562 340.597417447659 27.8312633024122 341.095946860936 27.8750965930981 341.481422368728 27.9362036888881 341.94591337752 28.0433619450332 342.366463930413 28.173719623908 342.772499858325 28.3327192532789 343.334566566196 28.6002669140549 318.23147151665 27.81414213562 325.343823838883 27.81414213562 313.91178633234 28.89126877481 314.865170244531 28.4051829293076 315.32710590541 28.2121263103193 315.712400658268 28.083598436803 316.14450356602 27.9720107001427 316.594893160504 27.8898663608058 317.045438353558 27.8413156533408 317.636749636243 27.8167979144364 299.21246310814 45.17165988917 299.709483100818 43.9995779581392 300.242564743291 42.8529441364905 300.815215161971 41.7308941629657 301.430941483273 40.6325637763067 302.630766423033 38.7532576311448 303.839710415139 37.1292162401961 305.164362722388 35.5763810013196 306.586929822065 34.1144599779576 308.089646762468 32.7631107395913 309.660458098077 31.5322422880628 311.299710679669 30.4105876039533 312.585212500552 29.6267805286386 298.536973246107 47.5734440094753 298.567741278014 47.2164254415518 298.624365419117 46.8572348981065 298.705567083261 46.5060263145145 298.811271639389 46.1637442695304 299.005421059446 45.6658994073201 364.23271580597 65.76170668001 364.23271580597 60.05390222667 364.23271580597 48.63829331999 364.91246310813 69.22834011083 364.50715620991 68.2244004042457 364.402292119753 67.8817499492514 364.320243412173 67.5212876385358 364.265516300424 67.1649889464334 364.236038079009 66.8080191345957 364.227985046814 66.2856073709009 379.6117863323 85.50873122519 378.496393841758 84.894968633763 377.409988531636 84.2479225294743 376.352067677677 83.5640160210003 375.32212855563 82.8396722170174 373.57473616118 81.4547565902654 372.082210608726 80.0867567763806 370.672301041881 78.61089905037 369.362801638846 77.0468908838466 368.171459254911 75.4144061852659 367.10690409066 73.7264465592104 366.157962978546 71.9815199067998 365.509100158621 70.622900937845 383.9314715167 86.58585786438 382.902582552345 86.5687366975878 382.404053139085 86.5249034069019 382.018577631301 86.4637963111119 381.554086622511 86.3566380549668 381.133536069611 86.2262803760919 380.727500141686 86.0672807467211 380.16543343379 85.7997330859451 405.2685284833 86.58585786438 398.1561761611 86.58585786438 409.5882136677 85.50873122519 408.634829755458 85.9948170706953 408.172894094562 86.1878736896832 407.787599341694 86.3164015631998 407.355496433936 86.4279892998601 406.905106839456 86.5101336391964 406.454561646414 86.5586843466606 405.863250363747 86.5832020855638 424.2875368919 69.22834011083 423.790516899127 70.4004220420047 423.257435256561 71.5470558637912 422.684784837785 72.6691058374478 422.069058516382 73.7674362242331 420.869233576583 75.6467423693756 419.660289584496 77.2707837602481 418.33563727728 78.8236189990481 416.913070177643 80.2855400223352 415.410353237279 81.6368892606306 413.839541901704 82.8677577120971 412.200289320156 83.9894123961544 410.914787499366 84.7732194714119 424.967284194 65.76170668001 424.963026753905 66.8265559903605 424.932258722014 67.1835745582835 424.875634580929 67.5427651016751 424.794432916794 67.8939736852713 424.688728360676 68.2362557302619 424.494578940599 68.7341005925787 424.967284194 48.63829331999 424.967284194 54.34609777333 424.2875368919 45.17165988917 424.69284379004 46.1755995956328 424.79770788021 46.5182500506233 424.879756587798 46.8787123612932 424.934483699564 47.2350110533944 424.963961920986 47.5919808652325 424.972014953169 48.1143926290133 409.5882136677 28.89126877481 410.703606158241 29.505031366237 411.790011468364 30.1520774705257 412.847932322321 30.8359839789996 413.877871444368 31.5603277829826 415.625263838813 32.9452434097345 417.117789391268 34.3132432236257 418.527698958111 35.7891009496437 419.837198361143 37.353109116175 421.028540745078 38.985593814764 422.093095909332 40.6735534408282 423.042037021459 42.418480093248 423.69089984139 43.7770990621795 405.2685284833 27.81414213562 406.297417447655 27.8312633024122 406.795946860915 27.8750965930981 407.181422368699 27.9362036888881 407.645913377489 28.0433619450332 408.066463930389 28.173719623908 408.472499858314 28.3327192532789 409.03456656621 28.6002669140549 383.9314715167 27.81414213562 391.0438238389 27.81414213562 379.6117863323 28.89126877481 380.565170244542 28.4051829293047 381.027105905438 28.2121263103168 381.412400658306 28.0835984368001 381.844503566064 27.9720107001399 382.294893160544 27.8898663608036 382.745438353586 27.8413156533394 383.336749636253 27.8167979144362 364.91246310814 45.17165988917 365.409483100837 43.9995779581056 365.942564743328 42.8529441364247 366.515215162028 41.7308941628691 367.13094148335 40.6325637761807 368.330766423112 38.7532576310233 369.539710415205 37.1292162400949 370.86436272244 35.5763810012384 372.286929822105 34.1144599778958 373.789646762503 32.7631107395475 375.360458098114 31.5322422880346 376.999710679699 30.4105876039381 378.285212500559 29.6267805286315 364.236973246107 47.5734440094753 364.267741278014 47.2164254415519 364.324365419117 46.8572348981065 364.405567083261 46.5060263145145 364.511271639389 46.1637442695305 364.705421059446 45.6658994073201 468.632715806 65.76170668001 468.632715806 60.05390222667 468.632715806 48.63829331999 469.3124631081 69.22834011083 468.90715620996 68.2244004043673 468.80229211979 67.8817499493768 468.720243412202 67.5212876387068 468.665516300436 67.1649889466056 468.636038079014 66.8080191347675 468.627985046831 66.2856073709867 484.0117863323 85.50873122519 482.896393841758 84.894968633763 481.809988531636 84.2479225294743 480.752067677678 83.5640160210003 479.722128555632 82.8396722170173 477.974736161187 81.4547565902654 476.482210608732 80.0867567763742 475.072301041889 78.6108990503563 473.762801638856 77.0468908838249 472.571459254922 75.414406185236 471.506904090667 73.7264465591718 470.557962978541 71.9815199067519 469.90910015861 70.6229009378204 488.3314715167 86.58585786438 487.302582552345 86.5687366975878 486.804053139085 86.5249034069019 486.418577631301 86.4637963111119 485.954086622511 86.3566380549668 485.533536069611 86.2262803760919 485.127500141686 86.0672807467211 484.56543343379 85.7997330859451 509.6685284833 86.58585786438 502.5561761611 86.58585786438 513.9882136677 85.50873122519 513.034829755458 85.9948170706953 512.572894094562 86.1878736896832 512.187599341694 86.3164015631998 511.755496433936 86.4279892998601 511.305106839456 86.5101336391964 510.854561646414 86.5586843466606 510.263250363747 86.5832020855638 528.6875368919 69.22834011083 528.190516899127 70.4004220420047 527.657435256561 71.5470558637912 527.084784837785 72.6691058374479 526.469058516382 73.7674362242332 525.269233576583 75.6467423693757 524.060289584496 77.2707837602482 522.73563727728 78.8236189990482 521.313070177643 80.2855400223353 519.810353237279 81.6368892606307 518.239541901703 82.8677577120972 516.600289320156 83.9894123961545 515.314787499366 84.7732194714119 529.367284194 65.76170668001 529.363026753905 66.8265559903605 529.332258722014 67.1835745582835 529.275634580929 67.5427651016751 529.194432916794 67.8939736852713 529.088728360676 68.2362557302619 528.894578940599 68.7341005925787 529.367284194 48.63829331999 529.367284194 54.34609777333 528.6875368919 45.17165988917 529.09284379004 46.1755995956319 529.19770788021 46.5182500506208 529.279756587798 46.878712361289 529.334483699564 47.2350110533891 529.363961920986 47.5919808652278 529.372014953169 48.1143926290115 513.9882136677 28.89126877481 515.103606158242 29.505031366237 516.190011468364 30.1520774705257 517.247932322322 30.8359839789996 518.277871444368 31.5603277829826 520.025263838813 32.9452434097345 521.517789391268 34.3132432236257 522.927698958111 35.7891009496437 524.237198361144 37.353109116175 525.428540745078 38.985593814764 526.493095909333 40.6735534408282 527.442037021459 42.418480093248 528.09089984139 43.7770990621795 509.6685284833 27.81414213562 510.697417447655 27.8312633024122 511.195946860915 27.8750965930981 511.581422368699 27.9362036888881 512.045913377489 28.0433619450332 512.466463930389 28.173719623908 512.872499858314 28.3327192532789 513.43456656621 28.6002669140549 488.3314715167 27.81414213562 495.4438238389 27.81414213562 484.0117863323 28.89126877481 484.965170244542 28.4051829293047 485.427105905438 28.2121263103168 485.812400658306 28.0835984368001 486.244503566064 27.9720107001399 486.694893160544 27.8898663608036 487.145438353586 27.8413156533394 487.736749636253 27.8167979144362 469.3124631081 45.17165988917 469.809483100873 43.9995779579952 470.342564743439 42.8529441362086 470.915215162215 41.7308941625519 471.530941483618 40.6325637757666 472.730766423417 38.753257630624 473.939710415504 37.1292162397516 475.26436272272 35.5763810009516 476.686929822357 34.1144599776646 478.189646762721 32.7631107393692 479.760458098297 31.5322422879027 481.399710679844 30.4105876038454 482.685212500634 29.626780528588 468.636973246095 47.5734440096395 468.667741277986 47.2164254417165 468.724365419071 46.8572348983249 468.805567083206 46.5060263147287 468.911271639324 46.1637442697381 469.105421059401 45.6658994074213 59.15 7.5 69.7 7.5 69.7 4 59.15 4 6.30000000000001 7.5 16.85 7.5 16.85 4 6.30000000000001 4 163.55 7.5 174.1 7.5 174.1 4 163.55 4 110.7 7.5 121.25 7.5 121.25 4 110.7 4 229.25 7.5 239.8 7.5 239.8 4 229.25 4 176.4 7.5 186.95 7.5 186.95 4 176.4 4 350.05 7.5 360.6 7.5 360.6 4 350.05 4 297.2 7.5 307.75 7.5 307.75 4 297.2 4 415.75 7.5 426.3 7.5 426.3 4 415.75 4 362.9 7.5 373.45 7.5 373.45 4 362.9 4 520.15 7.5 530.7 7.5 530.7 4 520.15 4 467.3 7.5 477.85 7.5 477.85 4 467.3 4 61.05 30.3 61.0550863993403 30.1705424920491 61.070314238018 30.0418831326836 61.0955896313438 29.9148151496378 61.130756748113 29.7901219592813 61.1755987713564 29.6685723365976 61.2298392350892 29.5509156754297 61.2931437288157 29.4378773682187 61.3651219592813 29.3301543337174 61.4453301567599 29.2284107202552 61.5332738110422 29.1332738110422 61.6284107202552 29.0453301567599 61.7301543337174 28.9651219592813 61.8378773682187 28.8931437288157 61.9509156754297 28.8298392350892 62.0685723365976 28.7755987713564 62.1901219592813 28.730756748113 62.3148151496377 28.6955896313438 62.4418831326836 28.670314238018 62.570542492049 28.6550863993403 62.7 28.65 62.8294575079509 28.6550863993403 62.9581168673164 28.670314238018 63.0851848503622 28.6955896313438 63.2098780407187 28.730756748113 63.3314276634024 28.7755987713564 63.4490843245702 28.8298392350892 63.5621226317813 28.8931437288157 63.6698456662826 28.9651219592813 63.7715892797448 29.0453301567599 63.8667261889578 29.1332738110422 63.95466984324 29.2284107202552 64.0348780407187 29.3301543337174 64.1068562711842 29.4378773682187 64.1701607649108 29.5509156754297 64.2244012286436 29.6685723365976 64.269243251887 29.7901219592813 64.3044103686562 29.9148151496378 64.329685761982 30.0418831326836 64.3449136006597 30.1705424920491 64.35 30.3 64.3449136006597 30.4294575079509 64.329685761982 30.5581168673164 64.3044103686562 30.6851848503622 64.269243251887 30.8098780407187 64.2244012286436 30.9314276634024 64.1701607649108 31.0490843245703 64.1068562711842 31.1621226317813 64.0348780407187 31.2698456662826 63.95466984324 31.3715892797448 63.8667261889578 31.4667261889578 63.7715892797448 31.5546698432401 63.6698456662826 31.6348780407187 63.5621226317813 31.7068562711843 63.4490843245702 31.7701607649108 63.3314276634024 31.8244012286436 63.2098780407187 31.869243251887 63.0851848503622 31.9044103686562 62.9581168673164 31.929685761982 62.8294575079509 31.9449136006597 62.7 31.95 62.570542492049 31.9449136006597 62.4418831326836 31.929685761982 62.3148151496377 31.9044103686562 62.1901219592813 31.869243251887 62.0685723365976 31.8244012286436 61.9509156754297 31.7701607649108 61.8378773682187 31.7068562711843 61.7301543337174 31.6348780407187 61.6284107202552 31.5546698432401 61.5332738110422 31.4667261889578 61.4453301567599 31.3715892797448 61.3651219592813 31.2698456662826 61.2931437288157 31.1621226317813 61.2298392350892 31.0490843245703 61.1755987713564 30.9314276634024 61.130756748113 30.8098780407187 61.0955896313438 30.6851848503622 61.070314238018 30.5581168673164 61.0550863993403 30.4294575079509 165.45 30.3 165.45508639934 30.1705424920491 165.470314238018 30.0418831326836 165.495589631344 29.9148151496378 165.530756748113 29.7901219592813 165.575598771356 29.6685723365976 165.629839235089 29.5509156754297 165.693143728816 29.4378773682187 165.765121959281 29.3301543337174 165.84533015676 29.2284107202552 165.933273811042 29.1332738110422 166.028410720255 29.0453301567599 166.130154333717 28.9651219592813 166.237877368219 28.8931437288157 166.35091567543 28.8298392350892 166.468572336598 28.7755987713564 166.590121959281 28.730756748113 166.714815149638 28.6955896313438 166.841883132684 28.670314238018 166.970542492049 28.6550863993403 167.1 28.65 167.229457507951 28.6550863993403 167.358116867316 28.670314238018 167.485184850362 28.6955896313438 167.609878040719 28.730756748113 167.731427663402 28.7755987713564 167.84908432457 28.8298392350892 167.962122631781 28.8931437288157 168.069845666283 28.9651219592813 168.171589279745 29.0453301567599 168.266726188958 29.1332738110422 168.35466984324 29.2284107202552 168.434878040719 29.3301543337174 168.506856271184 29.4378773682187 168.570160764911 29.5509156754297 168.624401228644 29.6685723365976 168.669243251887 29.7901219592813 168.704410368656 29.9148151496378 168.729685761982 30.0418831326836 168.74491360066 30.1705424920491 168.75 30.3 168.74491360066 30.4294575079509 168.729685761982 30.5581168673164 168.704410368656 30.6851848503622 168.669243251887 30.8098780407187 168.624401228644 30.9314276634024 168.570160764911 31.0490843245703 168.506856271184 31.1621226317813 168.434878040719 31.2698456662826 168.35466984324 31.3715892797448 168.266726188958 31.4667261889578 168.171589279745 31.5546698432401 168.069845666283 31.6348780407187 167.962122631781 31.7068562711843 167.84908432457 31.7701607649108 167.731427663402 31.8244012286436 167.609878040719 31.869243251887 167.485184850362 31.9044103686562 167.358116867316 31.929685761982 167.229457507951 31.9449136006597 167.1 31.95 166.970542492049 31.9449136006597 166.841883132684 31.929685761982 166.714815149638 31.9044103686562 166.590121959281 31.869243251887 166.468572336598 31.8244012286436 166.35091567543 31.7701607649108 166.237877368219 31.7068562711843 166.130154333717 31.6348780407187 166.028410720255 31.5546698432401 165.933273811042 31.4667261889578 165.84533015676 31.3715892797448 165.765121959281 31.2698456662826 165.693143728816 31.1621226317813 165.629839235089 31.0490843245703 165.575598771356 30.9314276634024 165.530756748113 30.8098780407187 165.495589631344 30.6851848503622 165.470314238018 30.5581168673164 165.45508639934 30.4294575079509 231.15 30.3 231.15508639934 30.1705424920491 231.170314238018 30.0418831326836 231.195589631344 29.9148151496378 231.230756748113 29.7901219592813 231.275598771356 29.6685723365976 231.329839235089 29.5509156754297 231.393143728816 29.4378773682187 231.465121959281 29.3301543337174 231.54533015676 29.2284107202552 231.633273811042 29.1332738110422 231.728410720255 29.04533015676 231.830154333717 28.9651219592813 231.937877368219 28.8931437288158 232.05091567543 28.8298392350892 232.168572336598 28.7755987713564 232.290121959281 28.730756748113 232.414815149638 28.6955896313438 232.541883132684 28.670314238018 232.670542492049 28.6550863993403 232.8 28.65 232.929457507951 28.6550863993403 233.058116867316 28.670314238018 233.185184850362 28.6955896313438 233.309878040719 28.730756748113 233.431427663402 28.7755987713564 233.54908432457 28.8298392350892 233.662122631781 28.8931437288158 233.769845666283 28.9651219592813 233.871589279745 29.04533015676 233.966726188958 29.1332738110422 234.05466984324 29.2284107202552 234.134878040719 29.3301543337174 234.206856271184 29.4378773682187 234.270160764911 29.5509156754297 234.324401228644 29.6685723365976 234.369243251887 29.7901219592813 234.404410368656 29.9148151496378 234.429685761982 30.0418831326836 234.44491360066 30.1705424920491 234.45 30.3 234.44491360066 30.4294575079509 234.429685761982 30.5581168673164 234.404410368656 30.6851848503622 234.369243251887 30.8098780407187 234.324401228644 30.9314276634024 234.270160764911 31.0490843245703 234.206856271184 31.1621226317813 234.134878040719 31.2698456662826 234.05466984324 31.3715892797448 233.966726188958 31.4667261889578 233.871589279745 31.55466984324 233.769845666283 31.6348780407187 233.662122631781 31.7068562711843 233.54908432457 31.7701607649108 233.431427663402 31.8244012286436 233.309878040719 31.869243251887 233.185184850362 31.9044103686562 233.058116867316 31.929685761982 232.929457507951 31.9449136006597 232.8 31.95 232.670542492049 31.9449136006597 232.541883132684 31.929685761982 232.414815149638 31.9044103686562 232.290121959281 31.869243251887 232.168572336598 31.8244012286436 232.05091567543 31.7701607649108 231.937877368219 31.7068562711843 231.830154333717 31.6348780407187 231.728410720255 31.55466984324 231.633273811042 31.4667261889578 231.54533015676 31.3715892797448 231.465121959281 31.2698456662826 231.393143728816 31.1621226317813 231.329839235089 31.0490843245703 231.275598771356 30.9314276634024 231.230756748113 30.8098780407187 231.195589631344 30.6851848503622 231.170314238018 30.5581168673164 231.15508639934 30.4294575079509 351.95 30.3 351.95508639934 30.1705424920491 351.970314238018 30.0418831326836 351.995589631344 29.9148151496378 352.030756748113 29.7901219592813 352.075598771356 29.6685723365976 352.129839235089 29.5509156754297 352.193143728816 29.4378773682187 352.265121959281 29.3301543337174 352.34533015676 29.2284107202552 352.433273811042 29.1332738110422 352.528410720255 29.0453301567599 352.630154333717 28.9651219592813 352.737877368219 28.8931437288157 352.85091567543 28.8298392350892 352.968572336598 28.7755987713564 353.090121959281 28.730756748113 353.214815149638 28.6955896313438 353.341883132684 28.670314238018 353.470542492049 28.6550863993403 353.6 28.65 353.729457507951 28.6550863993403 353.858116867316 28.670314238018 353.985184850362 28.6955896313438 354.109878040719 28.730756748113 354.231427663402 28.7755987713564 354.34908432457 28.8298392350892 354.462122631781 28.8931437288157 354.569845666283 28.9651219592813 354.671589279745 29.0453301567599 354.766726188958 29.1332738110422 354.85466984324 29.2284107202552 354.934878040719 29.3301543337174 355.006856271184 29.4378773682187 355.070160764911 29.5509156754297 355.124401228644 29.6685723365976 355.169243251887 29.7901219592813 355.204410368656 29.9148151496378 355.229685761982 30.0418831326836 355.24491360066 30.1705424920491 355.25 30.3 355.24491360066 30.4294575079509 355.229685761982 30.5581168673164 355.204410368656 30.6851848503622 355.169243251887 30.8098780407187 355.124401228644 30.9314276634024 355.070160764911 31.0490843245703 355.006856271184 31.1621226317813 354.934878040719 31.2698456662826 354.85466984324 31.3715892797448 354.766726188958 31.4667261889578 354.671589279745 31.5546698432401 354.569845666283 31.6348780407187 354.462122631781 31.7068562711843 354.34908432457 31.7701607649108 354.231427663402 31.8244012286436 354.109878040719 31.869243251887 353.985184850362 31.9044103686562 353.858116867316 31.929685761982 353.729457507951 31.9449136006597 353.6 31.95 353.470542492049 31.9449136006597 353.341883132684 31.929685761982 353.214815149638 31.9044103686562 353.090121959281 31.869243251887 352.968572336598 31.8244012286436 352.85091567543 31.7701607649108 352.737877368219 31.7068562711843 352.630154333717 31.6348780407187 352.528410720255 31.5546698432401 352.433273811042 31.4667261889578 352.34533015676 31.3715892797448 352.265121959281 31.2698456662826 352.193143728816 31.1621226317813 352.129839235089 31.0490843245703 352.075598771356 30.9314276634024 352.030756748113 30.8098780407187 351.995589631344 30.6851848503622 351.970314238018 30.5581168673164 351.95508639934 30.4294575079509 417.65 30.3 417.65508639934 30.1705424920491 417.670314238018 30.0418831326836 417.695589631344 29.9148151496378 417.730756748113 29.7901219592813 417.775598771356 29.6685723365976 417.829839235089 29.5509156754297 417.893143728816 29.4378773682187 417.965121959281 29.3301543337174 418.04533015676 29.2284107202552 418.133273811042 29.1332738110422 418.228410720255 29.0453301567599 418.330154333717 28.9651219592813 418.437877368219 28.8931437288157 418.55091567543 28.8298392350892 418.668572336598 28.7755987713564 418.790121959281 28.730756748113 418.914815149638 28.6955896313438 419.041883132684 28.670314238018 419.170542492049 28.6550863993403 419.3 28.65 419.429457507951 28.6550863993403 419.558116867316 28.670314238018 419.685184850362 28.6955896313438 419.809878040719 28.730756748113 419.931427663402 28.7755987713564 420.04908432457 28.8298392350892 420.162122631781 28.8931437288157 420.269845666283 28.9651219592813 420.371589279745 29.0453301567599 420.466726188958 29.1332738110422 420.55466984324 29.2284107202552 420.634878040719 29.3301543337174 420.706856271184 29.4378773682187 420.770160764911 29.5509156754297 420.824401228644 29.6685723365976 420.869243251887 29.7901219592813 420.904410368656 29.9148151496378 420.929685761982 30.0418831326836 420.94491360066 30.1705424920491 420.95 30.3 420.94491360066 30.4294575079509 420.929685761982 30.5581168673164 420.904410368656 30.6851848503622 420.869243251887 30.8098780407187 420.824401228644 30.9314276634024 420.770160764911 31.0490843245703 420.706856271184 31.1621226317813 420.634878040719 31.2698456662826 420.55466984324 31.3715892797448 420.466726188958 31.4667261889578 420.371589279745 31.5546698432401 420.269845666283 31.6348780407187 420.162122631781 31.7068562711843 420.04908432457 31.7701607649108 419.931427663402 31.8244012286436 419.809878040719 31.869243251887 419.685184850362 31.9044103686562 419.558116867316 31.929685761982 419.429457507951 31.9449136006597 419.3 31.95 419.170542492049 31.9449136006597 419.041883132684 31.929685761982 418.914815149638 31.9044103686562 418.790121959281 31.869243251887 418.668572336598 31.8244012286436 418.55091567543 31.7701607649108 418.437877368219 31.7068562711843 418.330154333717 31.6348780407187 418.228410720255 31.5546698432401 418.133273811042 31.4667261889578 418.04533015676 31.3715892797448 417.965121959281 31.2698456662826 417.893143728816 31.1621226317813 417.829839235089 31.0490843245703 417.775598771356 30.9314276634024 417.730756748113 30.8098780407187 417.695589631344 30.6851848503622 417.670314238018 30.5581168673164 417.65508639934 30.4294575079509 522.05 30.3 522.05508639934 30.1705424920491 522.070314238018 30.0418831326836 522.095589631344 29.9148151496378 522.130756748113 29.7901219592813 522.175598771356 29.6685723365976 522.229839235089 29.5509156754297 522.293143728816 29.4378773682187 522.365121959281 29.3301543337174 522.44533015676 29.2284107202552 522.533273811042 29.1332738110422 522.628410720255 29.0453301567599 522.730154333717 28.9651219592813 522.837877368219 28.8931437288157 522.95091567543 28.8298392350892 523.068572336598 28.7755987713564 523.190121959281 28.730756748113 523.314815149638 28.6955896313438 523.441883132684 28.670314238018 523.570542492049 28.6550863993403 523.7 28.65 523.829457507951 28.6550863993403 523.958116867316 28.670314238018 524.085184850362 28.6955896313438 524.209878040719 28.730756748113 524.331427663402 28.7755987713564 524.44908432457 28.8298392350892 524.562122631781 28.8931437288157 524.669845666283 28.9651219592813 524.771589279745 29.0453301567599 524.866726188958 29.1332738110422 524.95466984324 29.2284107202552 525.034878040719 29.3301543337174 525.106856271184 29.4378773682187 525.170160764911 29.5509156754297 525.224401228644 29.6685723365976 525.269243251887 29.7901219592813 525.304410368656 29.9148151496378 525.329685761982 30.0418831326836 525.34491360066 30.1705424920491 525.35 30.3 525.34491360066 30.4294575079509 525.329685761982 30.5581168673164 525.304410368656 30.6851848503622 525.269243251887 30.8098780407187 525.224401228644 30.9314276634024 525.170160764911 31.0490843245702 525.106856271184 31.1621226317813 525.034878040719 31.2698456662826 524.95466984324 31.3715892797448 524.866726188958 31.4667261889578 524.771589279745 31.55466984324 524.669845666283 31.6348780407186 524.562122631781 31.7068562711842 524.44908432457 31.7701607649108 524.331427663402 31.8244012286436 524.209878040719 31.869243251887 524.085184850362 31.9044103686561 523.958116867316 31.929685761982 523.829457507951 31.9449136006596 523.7 31.95 523.570542492049 31.9449136006596 523.441883132684 31.929685761982 523.314815149638 31.9044103686561 523.190121959281 31.869243251887 523.068572336598 31.8244012286436 522.95091567543 31.7701607649108 522.837877368219 31.7068562711842 522.730154333717 31.6348780407186 522.628410720255 31.55466984324 522.533273811042 31.4667261889578 522.44533015676 31.3715892797448 522.365121959281 31.2698456662826 522.293143728816 31.1621226317813 522.229839235089 31.0490843245702 522.175598771356 30.9314276634024 522.130756748113 30.8098780407187 522.095589631344 30.6851848503622 522.070314238018 30.5581168673164 522.05508639934 30.4294575079509 46.31 25.35 46.31 21.4 49.44 25.35 49.44 21.4 49.8715250265031 21.3830453355322 50.3003895577213 21.3322858732733 50.7239495012075 21.2480345621872 51.1395934690622 21.1308108396233 51.544758878008 20.9813374288121 51.9369477485675 20.800535883036 52.3137421059377 20.5895209039475 52.6728188876086 20.3495934690622 53.011964265816 20.0822328108002 53.329087296526 19.789087296526 53.6222328108002 19.471964265816 53.8895934690622 19.1328188876086 54.1295209039475 18.7737421059377 54.340535883036 18.3969477485675 54.5213374288121 18.004758878008 54.6708108396233 17.5995934690622 54.7880345621872 17.1839495012075 54.8722858732733 16.7603895577213 54.9230453355322 16.3315250265031 54.94 15.9 54.9230453355322 15.4684749734969 54.8722858732733 15.0396104422787 54.7880345621872 14.6160504987925 54.6708108396233 14.2004065309378 54.5213374288121 13.795241121992 54.340535883036 13.4030522514325 54.1295209039475 13.0262578940623 53.8895934690622 12.6671811123914 53.6222328108002 12.328035734184 53.329087296526 12.010912703474 53.011964265816 11.7177671891998 52.6728188876086 11.4504065309378 52.3137421059377 11.2104790960525 51.9369477485675 10.999464116964 51.544758878008 10.8186625711879 51.1395934690622 10.6691891603767 50.7239495012075 10.5519654378128 50.3003895577213 10.4677141267267 49.8715250265031 10.4169546644678 49.44 10.4 49.44 6.45 46.31 6.45 46.31 8.6 40.21 8.6 40.21 6.45 37.09 6.45 37.09 10.4 31.72 10.4 31.2884749734969 10.4169546644678 30.8596104422787 10.4677141267267 30.4360504987925 10.5519654378128 30.0204065309378 10.6691891603767 29.615241121992 10.8186625711879 29.2230522514325 10.999464116964 28.8462578940623 11.2104790960525 28.4871811123914 11.4504065309378 28.148035734184 11.7177671891998 27.830912703474 12.010912703474 27.5377671891998 12.328035734184 27.2704065309378 12.6671811123914 27.0304790960525 13.0262578940623 26.819464116964 13.4030522514325 26.6386625711879 13.795241121992 26.4891891603767 14.2004065309378 26.3719654378128 14.6160504987925 26.2877141267267 15.0396104422787 26.2369546644678 15.4684749734969 26.22 15.9 26.2369546644678 16.3315250265031 26.2877141267267 16.7603895577213 26.3719654378128 17.1839495012075 26.4891891603767 17.5995934690622 26.6386625711879 18.004758878008 26.819464116964 18.3969477485675 27.0304790960525 18.7737421059377 27.2704065309378 19.1328188876086 27.5377671891998 19.471964265816 27.830912703474 19.789087296526 28.148035734184 20.0822328108002 28.4871811123914 20.3495934690622 28.8462578940623 20.5895209039475 29.2230522514325 20.800535883036 29.615241121992 20.9813374288121 30.0204065309378 21.1308108396233 30.4360504987925 21.2480345621872 30.8596104422787 21.3322858732733 31.2884749734969 21.3830453355322 31.72 21.4 37.09 21.4 37.09 25.35 40.21 25.35 40.21 21.4 153.84 21.4 153.84 25.35 154.271525026503 21.3830453355322 154.700389557721 21.3322858732733 155.123949501207 21.2480345621872 155.539593469062 21.1308108396233 155.944758878008 20.9813374288121 156.336947748567 20.800535883036 156.713742105938 20.5895209039475 157.072818887609 20.3495934690622 157.411964265816 20.0822328108002 157.729087296526 19.789087296526 158.0222328108 19.471964265816 158.289593469062 19.1328188876086 158.529520903948 18.7737421059377 158.740535883036 18.3969477485675 158.921337428812 18.004758878008 159.070810839623 17.5995934690622 159.188034562187 17.1839495012075 159.272285873273 16.7603895577213 159.323045335532 16.3315250265031 159.34 15.9 159.323045335532 15.4684749734969 159.272285873273 15.0396104422787 159.188034562187 14.6160504987925 159.070810839623 14.2004065309378 158.921337428812 13.795241121992 158.740535883036 13.4030522514325 158.529520903948 13.0262578940623 158.289593469062 12.6671811123914 158.0222328108 12.328035734184 157.729087296526 12.010912703474 157.411964265816 11.7177671891998 157.072818887609 11.4504065309378 156.713742105938 11.2104790960525 156.336947748568 10.999464116964 155.944758878008 10.8186625711879 155.539593469062 10.6691891603767 155.123949501207 10.5519654378128 154.700389557721 10.4677141267267 154.271525026503 10.4169546644678 153.84 10.4 153.84 6.45 150.71 6.45 150.71 8.6 144.61 8.6 144.61 6.45 141.49 6.45 141.49 10.4 136.12 10.4 135.688474973497 10.4169546644678 135.259610442279 10.4677141267267 134.836050498793 10.5519654378128 134.420406530938 10.6691891603767 134.015241121992 10.8186625711879 133.623052251433 10.999464116964 133.246257894062 11.2104790960525 132.887181112391 11.4504065309378 132.548035734184 11.7177671891998 132.230912703474 12.010912703474 131.9377671892 12.328035734184 131.670406530938 12.6671811123914 131.430479096052 13.0262578940623 131.219464116964 13.4030522514325 131.038662571188 13.795241121992 130.889189160377 14.2004065309378 130.771965437813 14.6160504987925 130.687714126727 15.0396104422787 130.636954664468 15.4684749734969 130.62 15.9 130.636954664468 16.3315250265031 130.687714126727 16.7603895577213 130.771965437813 17.1839495012075 130.889189160377 17.5995934690622 131.038662571188 18.004758878008 131.219464116964 18.3969477485675 131.430479096052 18.7737421059377 131.670406530938 19.1328188876086 131.9377671892 19.471964265816 132.230912703474 19.789087296526 132.548035734184 20.0822328108002 132.887181112391 20.3495934690622 133.246257894062 20.5895209039475 133.623052251432 20.800535883036 134.015241121992 20.9813374288121 134.420406530938 21.1308108396233 134.836050498793 21.2480345621872 135.259610442279 21.3322858732733 135.688474973497 21.3830453355322 136.12 21.4 141.49 21.4 141.49 25.35 144.61 25.35 144.61 21.4 150.71 21.4 150.71 25.35 219.54 21.4 219.54 25.35 219.971525026503 21.3830453355322 220.400389557721 21.3322858732733 220.823949501207 21.2480345621872 221.239593469062 21.1308108396233 221.644758878008 20.9813374288121 222.036947748567 20.800535883036 222.413742105938 20.5895209039475 222.772818887609 20.3495934690622 223.111964265816 20.0822328108002 223.429087296526 19.789087296526 223.7222328108 19.471964265816 223.989593469062 19.1328188876086 224.229520903948 18.7737421059377 224.440535883036 18.3969477485675 224.621337428812 18.004758878008 224.770810839623 17.5995934690622 224.888034562187 17.1839495012075 224.972285873273 16.7603895577213 225.023045335532 16.3315250265031 225.04 15.9 225.023045335532 15.4684749734969 224.972285873273 15.0396104422787 224.888034562187 14.6160504987925 224.770810839623 14.2004065309378 224.621337428812 13.795241121992 224.440535883036 13.4030522514325 224.229520903948 13.0262578940623 223.989593469062 12.6671811123914 223.7222328108 12.328035734184 223.429087296526 12.010912703474 223.111964265816 11.7177671891998 222.772818887609 11.4504065309378 222.413742105938 11.2104790960525 222.036947748568 10.999464116964 221.644758878008 10.8186625711879 221.239593469062 10.6691891603767 220.823949501207 10.5519654378128 220.400389557721 10.4677141267267 219.971525026503 10.4169546644678 219.54 10.4 219.54 6.45 216.41 6.45 216.41 8.6 210.31 8.6 210.31 6.45 207.19 6.45 207.19 10.4 201.82 10.4 201.388474973497 10.4169546644678 200.959610442279 10.4677141267267 200.536050498793 10.5519654378128 200.120406530938 10.6691891603767 199.715241121992 10.8186625711879 199.323052251433 10.999464116964 198.946257894062 11.2104790960525 198.587181112391 11.4504065309378 198.248035734184 11.7177671891998 197.930912703474 12.010912703474 197.6377671892 12.328035734184 197.370406530938 12.6671811123914 197.130479096052 13.0262578940623 196.919464116964 13.4030522514325 196.738662571188 13.795241121992 196.589189160377 14.2004065309378 196.471965437813 14.6160504987925 196.387714126727 15.0396104422787 196.336954664468 15.4684749734969 196.32 15.9 196.336954664468 16.3315250265031 196.387714126727 16.7603895577213 196.471965437813 17.1839495012075 196.589189160377 17.5995934690622 196.738662571188 18.004758878008 196.919464116964 18.3969477485675 197.130479096052 18.7737421059377 197.370406530938 19.1328188876086 197.6377671892 19.471964265816 197.930912703474 19.789087296526 198.248035734184 20.0822328108002 198.587181112391 20.3495934690622 198.946257894062 20.5895209039475 199.323052251432 20.800535883036 199.715241121992 20.9813374288121 200.120406530938 21.1308108396233 200.536050498793 21.2480345621872 200.959610442279 21.3322858732733 201.388474973497 21.3830453355322 201.82 21.4 207.19 21.4 207.19 25.35 210.31 25.35 210.31 21.4 216.41 21.4 216.41 25.35 340.34 21.4 340.34 25.35 340.771525026503 21.3830453355322 341.200389557721 21.3322858732733 341.623949501208 21.2480345621872 342.039593469062 21.1308108396233 342.444758878008 20.9813374288121 342.836947748568 20.800535883036 343.213742105938 20.5895209039475 343.572818887609 20.3495934690622 343.911964265816 20.0822328108002 344.229087296526 19.789087296526 344.5222328108 19.471964265816 344.789593469062 19.1328188876086 345.029520903948 18.7737421059377 345.240535883036 18.3969477485675 345.421337428812 18.004758878008 345.570810839623 17.5995934690622 345.688034562187 17.1839495012075 345.772285873273 16.7603895577213 345.823045335532 16.3315250265031 345.84 15.9 345.823045335532 15.4684749734969 345.772285873273 15.0396104422787 345.688034562187 14.6160504987925 345.570810839623 14.2004065309378 345.421337428812 13.795241121992 345.240535883036 13.4030522514325 345.029520903948 13.0262578940623 344.789593469062 12.6671811123914 344.5222328108 12.328035734184 344.229087296526 12.010912703474 343.911964265816 11.7177671891998 343.572818887609 11.4504065309378 343.213742105938 11.2104790960525 342.836947748568 10.999464116964 342.444758878008 10.8186625711879 342.039593469062 10.6691891603767 341.623949501208 10.5519654378128 341.200389557721 10.4677141267267 340.771525026503 10.4169546644678 340.34 10.4 340.34 6.45 337.21 6.45 337.21 8.6 331.11 8.6 331.11 6.45 327.99 6.45 327.99 10.4 322.62 10.4 322.188474973497 10.4169546644678 321.759610442279 10.4677141267267 321.336050498793 10.5519654378128 320.920406530938 10.6691891603767 320.515241121992 10.8186625711879 320.123052251433 10.999464116964 319.746257894062 11.2104790960525 319.387181112391 11.4504065309378 319.048035734184 11.7177671891998 318.730912703474 12.010912703474 318.4377671892 12.328035734184 318.170406530938 12.6671811123914 317.930479096053 13.0262578940623 317.719464116964 13.4030522514325 317.538662571188 13.795241121992 317.389189160377 14.2004065309378 317.271965437813 14.6160504987925 317.187714126727 15.0396104422787 317.136954664468 15.4684749734969 317.12 15.9 317.136954664468 16.3315250265031 317.187714126727 16.7603895577213 317.271965437813 17.1839495012075 317.389189160377 17.5995934690622 317.538662571188 18.004758878008 317.719464116964 18.3969477485675 317.930479096053 18.7737421059377 318.170406530938 19.1328188876086 318.4377671892 19.471964265816 318.730912703474 19.789087296526 319.048035734184 20.0822328108002 319.387181112391 20.3495934690622 319.746257894062 20.5895209039475 320.123052251433 20.800535883036 320.515241121992 20.9813374288121 320.920406530938 21.1308108396233 321.336050498793 21.2480345621872 321.759610442279 21.3322858732733 322.188474973497 21.3830453355322 322.62 21.4 327.99 21.4 327.99 25.35 331.11 25.35 331.11 21.4 337.21 21.4 337.21 25.35 406.04 21.4 406.04 25.35 406.471525026503 21.3830453355322 406.900389557721 21.3322858732733 407.323949501207 21.2480345621872 407.739593469062 21.1308108396233 408.144758878008 20.9813374288121 408.536947748567 20.800535883036 408.913742105938 20.5895209039475 409.272818887609 20.3495934690622 409.611964265816 20.0822328108002 409.929087296526 19.789087296526 410.2222328108 19.471964265816 410.489593469062 19.1328188876086 410.729520903947 18.7737421059377 410.940535883036 18.3969477485675 411.121337428812 18.004758878008 411.270810839623 17.5995934690622 411.388034562187 17.1839495012075 411.472285873273 16.7603895577213 411.523045335532 16.3315250265031 411.54 15.9 411.523045335532 15.4684749734969 411.472285873273 15.0396104422787 411.388034562187 14.6160504987925 411.270810839623 14.2004065309378 411.121337428812 13.795241121992 410.940535883036 13.4030522514325 410.729520903947 13.0262578940623 410.489593469062 12.6671811123914 410.2222328108 12.328035734184 409.929087296526 12.010912703474 409.611964265816 11.7177671891998 409.272818887609 11.4504065309378 408.913742105938 11.2104790960525 408.536947748567 10.999464116964 408.144758878008 10.8186625711879 407.739593469062 10.6691891603767 407.323949501207 10.5519654378128 406.900389557721 10.4677141267267 406.471525026503 10.4169546644678 406.04 10.4 406.04 6.45 402.91 6.45 402.91 8.6 396.81 8.6 396.81 6.45 393.69 6.45 393.69 10.4 388.32 10.4 387.888474973497 10.4169546644678 387.459610442279 10.4677141267267 387.036050498793 10.5519654378128 386.620406530938 10.6691891603767 386.215241121992 10.8186625711879 385.823052251433 10.999464116964 385.446257894062 11.2104790960525 385.087181112391 11.4504065309378 384.748035734184 11.7177671891998 384.430912703474 12.010912703474 384.1377671892 12.328035734184 383.870406530938 12.6671811123914 383.630479096053 13.0262578940623 383.419464116964 13.4030522514325 383.238662571188 13.795241121992 383.089189160377 14.2004065309378 382.971965437813 14.6160504987925 382.887714126727 15.0396104422787 382.836954664468 15.4684749734969 382.82 15.9 382.836954664468 16.3315250265031 382.887714126727 16.7603895577213 382.971965437813 17.1839495012075 383.089189160377 17.5995934690622 383.238662571188 18.004758878008 383.419464116964 18.3969477485675 383.630479096053 18.7737421059377 383.870406530938 19.1328188876086 384.1377671892 19.471964265816 384.430912703474 19.789087296526 384.748035734184 20.0822328108002 385.087181112391 20.3495934690622 385.446257894062 20.5895209039475 385.823052251433 20.800535883036 386.215241121992 20.9813374288121 386.620406530938 21.1308108396233 387.036050498793 21.2480345621872 387.459610442279 21.3322858732733 387.888474973497 21.3830453355322 388.32 21.4 393.69 21.4 393.69 25.35 396.81 25.35 396.81 21.4 402.91 21.4 402.91 25.35 510.44 21.4 510.44 25.35 510.871525026503 21.3830453355322 511.300389557721 21.3322858732733 511.723949501207 21.2480345621872 512.139593469062 21.1308108396233 512.544758878008 20.9813374288121 512.936947748567 20.800535883036 513.313742105938 20.5895209039475 513.672818887609 20.3495934690622 514.011964265816 20.0822328108002 514.329087296526 19.789087296526 514.6222328108 19.471964265816 514.889593469062 19.1328188876086 515.129520903948 18.7737421059377 515.340535883036 18.3969477485675 515.521337428812 18.004758878008 515.670810839623 17.5995934690622 515.788034562187 17.1839495012075 515.872285873273 16.7603895577213 515.923045335532 16.3315250265031 515.94 15.9 515.923045335532 15.4684749734969 515.872285873273 15.0396104422787 515.788034562187 14.6160504987925 515.670810839623 14.2004065309378 515.521337428812 13.795241121992 515.340535883036 13.4030522514325 515.129520903948 13.0262578940623 514.889593469062 12.6671811123914 514.6222328108 12.328035734184 514.329087296526 12.010912703474 514.011964265816 11.7177671891998 513.672818887609 11.4504065309378 513.313742105938 11.2104790960525 512.936947748567 10.999464116964 512.544758878008 10.8186625711879 512.139593469062 10.6691891603767 511.723949501207 10.5519654378128 511.300389557721 10.4677141267267 510.871525026503 10.4169546644678 510.44 10.4 510.44 6.45 507.31 6.45 507.31 8.6 501.21 8.6 501.21 6.45 498.09 6.45 498.09 10.4 492.72 10.4 492.288474973497 10.4169546644678 491.859610442279 10.4677141267267 491.436050498793 10.5519654378128 491.020406530938 10.6691891603767 490.615241121992 10.8186625711879 490.223052251433 10.999464116964 489.846257894062 11.2104790960525 489.487181112391 11.4504065309378 489.148035734184 11.7177671891998 488.830912703474 12.010912703474 488.5377671892 12.328035734184 488.270406530938 12.6671811123914 488.030479096053 13.0262578940623 487.819464116964 13.4030522514325 487.638662571188 13.795241121992 487.489189160377 14.2004065309378 487.371965437813 14.6160504987925 487.287714126727 15.0396104422787 487.236954664468 15.4684749734969 487.22 15.9 487.236954664468 16.3315250265031 487.287714126727 16.7603895577213 487.371965437813 17.1839495012075 487.489189160377 17.5995934690622 487.638662571188 18.004758878008 487.819464116964 18.3969477485675 488.030479096053 18.7737421059377 488.270406530938 19.1328188876086 488.5377671892 19.471964265816 488.830912703474 19.789087296526 489.148035734184 20.0822328108002 489.487181112391 20.3495934690622 489.846257894062 20.5895209039475 490.223052251433 20.800535883036 490.615241121992 20.9813374288121 491.020406530938 21.1308108396233 491.436050498793 21.2480345621872 491.859610442279 21.3322858732733 492.288474973497 21.3830453355322 492.72 21.4 498.09 21.4 498.09 25.35 501.21 25.35 501.21 21.4 507.31 21.4 507.31 25.35 254.5 33 254.5 29 250.5 25 250.813836382911 25.0123306650675 251.125737860161 25.0492466376194 251.433781455424 25.1105203184093 251.7360679775 25.1957739348194 252.03073372946 25.3044818699549 252.315961998958 25.4359739032465 252.589994258864 25.5894393425836 252.85114100917 25.7639320225002 253.097792193321 25.9583761375999 253.328427124746 26.1715728752538 253.5416238624 26.4022078066793 253.7360679775 26.6488589908301 253.910560657416 26.9100057411362 254.064026096753 27.1840380010418 254.195518130045 27.4692662705396 254.304226065181 27.7639320225002 254.389479681591 28.0662185445764 254.450753362381 28.3742621398391 254.487669334933 28.6861636170886 246.5 25 242.5 29 242.512330665067 28.6861636170886 242.549246637619 28.3742621398391 242.610520318409 28.0662185445764 242.695773934819 27.7639320225002 242.804481869955 27.4692662705396 242.935973903247 27.1840380010418 243.089439342584 26.9100057411362 243.2639320225 26.6488589908301 243.4583761376 26.4022078066793 243.671572875254 26.1715728752538 243.902207806679 25.9583761375999 244.14885899083 25.7639320225002 244.410005741136 25.5894393425836 244.684038001042 25.4359739032465 244.96926627054 25.3044818699549 245.2639320225 25.1957739348194 245.566218544576 25.1105203184093 245.874262139839 25.0492466376194 246.186163617089 25.0123306650675 242.5 33 246.5 37 246.186163617089 36.9876693349325 245.874262139839 36.9507533623806 245.566218544576 36.8894796815907 245.2639320225 36.8042260651806 244.96926627054 36.6955181300451 244.684038001042 36.5640260967535 244.410005741136 36.4105606574164 244.14885899083 36.2360679774998 243.902207806679 36.0416238624001 243.671572875254 35.8284271247462 243.4583761376 35.5977921933207 243.2639320225 35.3511410091699 243.089439342584 35.0899942588638 242.935973903247 34.8159619989582 242.804481869955 34.5307337294604 242.695773934819 34.2360679774998 242.610520318409 33.9337814554236 242.549246637619 33.6257378601609 242.512330665067 33.3138363829114 250.5 37 254.487669334933 33.3138363829114 254.450753362381 33.6257378601609 254.389479681591 33.9337814554236 254.304226065181 34.2360679774998 254.195518130045 34.5307337294604 254.064026096753 34.8159619989582 253.910560657416 35.0899942588638 253.7360679775 35.3511410091699 253.5416238624 35.5977921933207 253.328427124746 35.8284271247462 253.097792193321 36.0416238624001 252.85114100917 36.2360679774998 252.589994258864 36.4105606574164 252.315961998958 36.5640260967535 252.03073372946 36.6955181300451 251.7360679775 36.8042260651806 251.433781455424 36.8894796815907 251.125737860161 36.9507533623806 250.813836382911 36.9876693349325 294.5 33 294.5 29 290.5 25 290.813836382911 25.0123306650675 291.125737860161 25.0492466376194 291.433781455424 25.1105203184093 291.7360679775 25.1957739348194 292.03073372946 25.3044818699549 292.315961998958 25.4359739032465 292.589994258864 25.5894393425836 292.85114100917 25.7639320225002 293.097792193321 25.9583761375999 293.328427124746 26.1715728752538 293.5416238624 26.4022078066793 293.7360679775 26.6488589908301 293.910560657416 26.9100057411362 294.064026096753 27.1840380010418 294.195518130045 27.4692662705396 294.304226065181 27.7639320225002 294.389479681591 28.0662185445764 294.450753362381 28.3742621398391 294.487669334932 28.6861636170886 286.5 25 282.5 29 282.512330665068 28.6861636170886 282.549246637619 28.3742621398391 282.610520318409 28.0662185445764 282.695773934819 27.7639320225002 282.804481869955 27.4692662705396 282.935973903247 27.1840380010418 283.089439342584 26.9100057411362 283.2639320225 26.6488589908301 283.4583761376 26.4022078066793 283.671572875254 26.1715728752538 283.902207806679 25.9583761375999 284.14885899083 25.7639320225002 284.410005741136 25.5894393425836 284.684038001042 25.4359739032465 284.96926627054 25.3044818699549 285.2639320225 25.1957739348194 285.566218544576 25.1105203184093 285.874262139839 25.0492466376194 286.186163617089 25.0123306650675 282.5 33 286.5 37 286.186163617089 36.9876693349325 285.874262139839 36.9507533623806 285.566218544576 36.8894796815907 285.2639320225 36.8042260651806 284.96926627054 36.6955181300451 284.684038001042 36.5640260967535 284.410005741136 36.4105606574164 284.14885899083 36.2360679774998 283.902207806679 36.0416238624001 283.671572875254 35.8284271247462 283.4583761376 35.5977921933207 283.2639320225 35.3511410091699 283.089439342584 35.0899942588638 282.935973903247 34.8159619989582 282.804481869955 34.5307337294604 282.695773934819 34.2360679774998 282.610520318409 33.9337814554236 282.549246637619 33.6257378601609 282.512330665068 33.3138363829114 290.5 37 294.487669334932 33.3138363829114 294.450753362381 33.6257378601609 294.389479681591 33.9337814554236 294.304226065181 34.2360679774998 294.195518130045 34.5307337294604 294.064026096753 34.8159619989582 293.910560657416 35.0899942588638 293.7360679775 35.3511410091699 293.5416238624 35.5977921933207 293.328427124746 35.8284271247462 293.097792193321 36.0416238624001 292.85114100917 36.2360679774998 292.589994258864 36.4105606574164 292.315961998958 36.5640260967535 292.03073372946 36.6955181300451 291.7360679775 36.8042260651806 291.433781455424 36.8894796815907 291.125737860161 36.9507533623806 290.813836382911 36.9876693349325 264.7 43.4 264.698458666867 43.3607704521365 264.693844170298 43.3217827674803 264.686184960199 43.2832773180724 264.675528258148 43.2454915028128 264.661939766256 43.2086582838177 264.645503262094 43.1730047501305 264.626320082177 43.1387507176423 264.604508497188 43.106107373854 264.5802029828 43.0752759758351 264.553553390593 43.0464466094069 264.524724024165 43.0197970172001 264.493892626146 42.9954915028126 264.461249282358 42.973679917823 264.42699524987 42.9544967379059 264.391341716183 42.9380602337444 264.354508497188 42.9244717418525 264.316722681928 42.9138150398012 264.27821723252 42.9061558297024 264.239229547864 42.9015413331334 264.2 42.9 264.7 48.45 265.2 48.95 265.160770452136 48.9484586668666 265.12178276748 48.9438441702976 265.083277318072 48.9361849601988 265.045491502813 48.9255282581476 265.008658283817 48.9119397662556 264.97300475013 48.8955032620942 264.938750717642 48.8763200821771 264.906107373854 48.8545084971875 264.875275975835 48.8302029828 264.846446609407 48.8035533905933 264.8197970172 48.7747240241651 264.795491502813 48.7438926261462 264.773679917823 48.711249282358 264.754496737906 48.6769952498698 264.738060233744 48.6413417161825 264.724471741852 48.6045084971875 264.713815039801 48.566722681928 264.706155829702 48.5282172325201 264.701541333133 48.4892295478639 271.8 48.95 272.3 48.45 272.298458666867 48.4892295478639 272.293844170298 48.5282172325201 272.286184960199 48.566722681928 272.275528258148 48.6045084971875 272.261939766256 48.6413417161825 272.245503262094 48.6769952498698 272.226320082177 48.711249282358 272.204508497187 48.7438926261462 272.1802029828 48.7747240241651 272.153553390593 48.8035533905933 272.124724024165 48.8302029828 272.093892626146 48.8545084971875 272.061249282358 48.876320082177 272.02699524987 48.8955032620942 271.991341716183 48.9119397662556 271.954508497187 48.9255282581476 271.916722681928 48.9361849601988 271.87821723252 48.9438441702976 271.839229547864 48.9484586668666 272.3 43.4 272.8 42.9 272.760770452137 42.9015413331334 272.72178276748 42.9061558297024 272.683277318072 42.9138150398011 272.645491502813 42.9244717418523 272.608658283818 42.9380602337442 272.573004750131 42.9544967379057 272.538750717642 42.9736799178228 272.506107373854 42.9954915028124 272.475275975835 43.0197970171998 272.446446609407 43.0464466094066 272.4197970172 43.0752759758347 272.395491502813 43.1061073738536 272.373679917823 43.1387507176419 272.354496737906 43.1730047501301 272.338060233744 43.2086582838173 272.324471741852 43.2454915028124 272.313815039801 43.283277318072 272.306155829702 43.3217827674798 272.301541333133 43.3607704521361 277.8 42.9 278.3 42.4 278.298458666867 42.4392295478639 278.293844170298 42.4782172325201 278.286184960199 42.516722681928 278.275528258148 42.5545084971875 278.261939766256 42.5913417161825 278.245503262094 42.6269952498698 278.226320082177 42.661249282358 278.204508497187 42.6938926261462 278.1802029828 42.7247240241651 278.153553390593 42.7535533905933 278.124724024165 42.7802029828 278.093892626146 42.8045084971875 278.061249282358 42.826320082177 278.02699524987 42.8455032620942 277.991341716183 42.8619397662556 277.954508497187 42.8755282581476 277.916722681928 42.8861849601988 277.87821723252 42.8938441702976 277.839229547864 42.8984586668666 278.3 19.6 277.8 19.1 277.839229547864 19.1015413331334 277.87821723252 19.1061558297024 277.916722681928 19.1138150398012 277.954508497187 19.1244717418524 277.991341716183 19.1380602337444 278.02699524987 19.1544967379058 278.061249282358 19.173679917823 278.093892626146 19.1954915028125 278.124724024165 19.2197970172 278.153553390593 19.2464466094067 278.1802029828 19.2752759758349 278.204508497187 19.3061073738538 278.226320082177 19.338750717642 278.245503262094 19.3730047501302 278.261939766256 19.4086582838175 278.275528258148 19.4454915028125 278.286184960199 19.4832773180721 278.293844170298 19.5217827674799 278.298458666867 19.5607704521361 259.2 19.1 258.7 19.6 258.701541333133 19.5607704521361 258.706155829702 19.5217827674799 258.713815039801 19.4832773180721 258.724471741852 19.4454915028125 258.738060233744 19.4086582838175 258.754496737906 19.3730047501302 258.773679917823 19.338750717642 258.795491502813 19.3061073738538 258.8197970172 19.2752759758349 258.846446609407 19.2464466094067 258.875275975835 19.2197970172 258.906107373854 19.1954915028125 258.938750717642 19.173679917823 258.97300475013 19.1544967379058 259.008658283817 19.1380602337444 259.045491502813 19.1244717418524 259.083277318072 19.1138150398012 259.12178276748 19.1061558297024 259.160770452136 19.1015413331334 258.7 42.4 259.2 42.9 259.160770452136 42.8984586668666 259.12178276748 42.8938441702976 259.083277318072 42.8861849601988 259.045491502813 42.8755282581476 259.008658283817 42.8619397662556 258.97300475013 42.8455032620942 258.938750717642 42.826320082177 258.906107373854 42.8045084971875 258.875275975835 42.7802029828 258.846446609407 42.7535533905933 258.8197970172 42.7247240241651 258.795491502813 42.6938926261462 258.773679917823 42.661249282358 258.754496737906 42.6269952498698 258.738060233744 42.5913417161825 258.724471741852 42.5545084971875 258.713815039801 42.516722681928 258.706155829702 42.4782172325201 258.701541333133 42.4392295478639 7.63271580600002 65.76170668001 7.63271580600002 60.05390222667 7.63271580600002 48.63829331999 8.31246310810002 69.22834011083 7.90715620995953 68.2244004043668 7.80229211978988 67.8817499493763 7.72024341220149 67.5212876387062 7.66551630043621 67.164988946605 7.63603807901412 66.8080191347669 7.62798504683092 66.2856073709864 23.0117863323 85.50873122519 21.8963938417585 84.894968633763 20.8099885316359 84.2479225294743 19.7520676776784 83.5640160210003 18.722128555632 82.8396722170173 16.9747361611867 81.4547565902654 15.4822106087317 80.0867567763742 14.0723010418894 78.6108990503563 12.7628016388564 77.0468908838249 11.5714592549219 75.414406185236 10.5069040906675 73.7264465591718 9.5579629785412 71.9815199067519 8.90910015861001 70.6229009378204 27.3314715167 86.58585786438 26.3025825523455 86.5687366975878 25.8040531390854 86.5249034069019 25.4185776313014 86.4637963111119 24.954086622511 86.3566380549668 24.5335360696111 86.2262803760919 24.1275001416864 86.0672807467211 23.5654334337903 85.7997330859451 48.6685284833 86.58585786438 41.5561761611 86.58585786438 52.9882136677 85.50873122519 52.0348297554577 85.9948170706953 51.5728940945621 86.1878736896832 51.1875993416939 86.3164015631998 50.7554964339359 86.4279892998601 50.3051068394561 86.5101336391964 49.8545616464137 86.5586843466606 49.2632503637471 86.5832020855638 67.6875368919 69.22834011083 67.1905168991273 70.4004220420048 66.6574352565611 71.5470558637914 66.0847848377849 72.6691058374481 65.4690585163819 73.7674362242334 64.2692335765831 75.646742369376 63.060289584496 77.2707837602484 61.7356372772796 78.8236189990484 60.3130701776429 80.2855400223354 58.8103532372788 81.6368892606308 57.2395419017033 82.8677577120973 55.6002893201561 83.9894123961546 54.3147874993663 84.773219471412 68.367284194 65.76170668001 68.3630267539051 66.8265559903605 68.3322587220141 67.1835745582835 68.2756345809289 67.5427651016751 68.1944329167937 67.8939736852713 68.0887283606761 68.2362557302619 67.8945789405994 68.7341005925787 68.367284194 48.63829331999 68.367284194 54.34609777333 67.6875368919 45.17165988917 68.0928437900403 46.1755995956328 68.19770788021 46.5182500506233 68.2797565877984 46.8787123612932 68.3344836995637 47.2350110533944 68.3639619209859 47.5919808652325 68.3720149531691 48.1143926290133 52.9882136677 28.89126877481 54.1036061582415 29.505031366237 55.190011468364 30.1520774705257 56.2479323223215 30.8359839789996 57.2778714443679 31.5603277829826 59.0252638388132 32.9452434097345 60.5177893912682 34.3132432236257 61.9276989581106 35.7891009496437 63.2371983611435 37.353109116175 64.428540745078 38.985593814764 65.4930959093324 40.6735534408282 66.4420370214588 42.418480093248 67.09089984139 43.7770990621795 48.6685284833 27.81414213562 49.6974174476545 27.8312633024122 50.1959468609146 27.8750965930981 50.5814223686986 27.9362036888881 51.045913377489 28.0433619450332 51.4664639303889 28.173719623908 51.8724998583136 28.3327192532789 52.4345665662097 28.6002669140549 27.3314715167 27.81414213562 34.4438238389 27.81414213562 23.0117863323 28.89126877481 23.9651702445423 28.4051829293047 24.4271059054379 28.2121263103168 24.8124006583061 28.0835984368001 25.2445035660642 27.9720107001399 25.694893160544 27.8898663608036 26.1454383535864 27.8413156533394 26.7367496362529 27.8167979144362 8.31246310810002 45.17165988917 8.80948310087272 43.9995779579952 9.34256474343881 42.8529441362087 9.915215162215 41.7308941625521 10.530941483618 40.6325637757668 11.7307664234167 38.7532576306243 12.9397104155038 37.1292162397518 14.2643627227202 35.5763810009518 15.6869298223569 34.1144599776647 17.1896467627211 32.7631107393693 18.7604580982966 31.5322422879028 20.3997106798437 30.4105876038455 21.6852125006336 29.6267805285881 7.63697324609491 47.5734440096395 7.66774127798588 47.2164254417165 7.72436541907112 46.8572348983249 7.80556708320632 46.5060263147287 7.9112716393239 46.1637442697381 8.10542105940061 45.6658994074213 209 208 207 211 204 203 211 205 204 211 206 205 211 207 206 211 210 209 211 209 207 211 199 198 211 200 199 211 201 200 211 202 201 211 203 202 164 211 198 165 198 212 165 164 198 166 165 212 167 166 212 168 167 212 152 190 189 152 191 190 152 192 191 152 193 192 152 194 193 152 195 194 153 152 189 153 189 188 154 153 188 154 188 187 155 154 187 151 155 187 151 156 155 151 157 156 151 158 157 151 159 158 151 160 159 151 161 160 151 162 161 151 182 181 151 183 182 151 184 183 151 185 184 151 186 185 151 187 186 2110 151 181 2110 169 168 2110 170 169 2110 171 170 2110 172 171 2110 168 212 2110 173 172 2110 174 173 2110 175 174 2110 176 175 2110 177 176 2110 178 177 2110 179 178 2110 180 179 2110 181 180 2107 151 2110 2109 2110 212 552 2107 553 554 553 2107 551 2107 552 555 554 2107 556 555 2107 550 2107 551 557 556 2107 549 2107 550 558 557 2107 548 2107 549 559 558 2107 547 2107 548 560 2107 2108 560 559 2107 546 2107 547 561 560 2108 545 2107 546 544 2107 545 562 561 2108 563 562 2108 543 2107 544 564 563 2108 622 2107 543 565 564 2108 621 2107 622 566 565 2108 620 2107 621 619 2107 620 567 566 2108 618 2107 619 568 567 2108 569 568 2108 570 569 2108 571 570 2108 572 571 2108 573 572 2108 574 573 2108 575 574 2108 576 575 2108 577 576 2108 578 577 2108 579 578 2108 580 579 2108 2693 2108 2692 2691 2692 2108 2690 2691 2108 2690 2108 2109 2694 2108 2693 2689 2690 2109 2695 2108 2694 2688 2689 2109 2696 2108 2695 2687 2688 2109 2697 2108 2696 2697 580 2108 2697 581 580 2686 2687 2109 2698 581 2697 2698 582 581 2699 582 2698 2699 583 582 2685 2686 2109 2700 583 2699 2700 584 583 2700 585 584 2701 585 2700 2701 586 585 2702 587 586 2702 588 587 2702 586 2701 2703 588 2702 2703 589 588 2704 590 589 2704 591 590 2704 589 2703 2680 2685 2109 2680 2682 2683 2680 2683 2684 2680 2684 2685 2705 591 2704 2705 592 591 2706 592 2705 2706 593 592 2706 594 593 2707 594 2706 2707 595 594 2708 595 2707 2681 2682 2680 150 616 615 150 617 616 3652 608 607 3652 609 608 3652 610 609 3651 611 610 3651 612 611 3651 610 3652 3653 607 606 3653 3652 607 3653 605 604 3653 606 605 3650 613 612 3650 614 613 3650 612 3651 3654 3653 604 3654 602 601 3654 603 602 3654 604 603 3649 615 614 3649 150 615 3649 614 3650 3655 3654 601 3655 600 599 3655 601 600 3648 150 3649 3656 3655 599 3656 597 596 3656 598 597 3656 599 598 3647 150 3648 3636 3656 596 3636 595 2708 3636 596 595 3646 150 3647 3637 2708 2709 3637 3636 2708 3638 3637 2709 3638 2709 2710 2676 2678 2679 3645 150 3646 3639 2710 2711 3639 3638 2710 3640 3639 2711 3640 2711 2712 3644 150 3645 3641 3640 2712 3641 2712 2713 3662 150 3644 3642 3641 2713 3642 2713 2714 3661 150 3662 3660 150 3661 3643 3642 2714 3643 2714 2715 3659 150 3660 3658 150 3659 2677 2678 2676 3634 2715 2716 3634 2716 2717 3634 3643 2715 3634 2717 2718 3634 2718 2719 3634 2719 2720 3634 2720 2721 3657 150 3658 3545 149 150 3545 150 3657 2673 2674 2675 2672 2673 2675 2671 2672 2675 2670 2671 2675 3635 3634 2721 3635 2721 2722 2669 2670 2675 2724 2722 2723 2724 3635 2722 2668 2669 2675 2106 2676 2679 2106 2675 2676 2106 2679 2680 2106 2680 2109 2725 3635 2724 2103 2675 2106 2103 2662 2663 2103 2663 2664 2103 2664 2665 2103 2665 2666 2103 2666 2667 2103 2667 2668 2103 2668 2675 2661 2662 2103 3544 149 3545 2632 2725 2726 2631 2725 2632 632 2103 633 634 633 2103 635 634 2103 631 2103 632 636 635 2103 630 2103 631 637 636 2103 629 2661 2103 629 2103 630 638 637 2103 628 2661 629 628 2660 2661 3543 149 3544 639 638 2103 627 2660 628 640 639 2103 626 2659 2660 626 2660 627 213 2106 2109 213 2109 212 2105 2106 213 641 640 2103 625 2659 626 642 641 2103 624 2659 625 624 2658 2659 643 642 2103 623 2658 624 623 2657 2658 644 643 2103 702 2657 623 645 644 2103 701 2656 2657 701 2657 702 646 645 2103 700 2656 701 699 2655 2656 699 2656 700 2633 2634 2635 2633 2635 2636 2633 2636 2637 2633 2637 2638 2633 2638 2639 698 2655 699 698 2654 2655 697 2654 698 696 2653 2654 696 2654 697 695 2653 696 694 2652 2653 694 2653 695 214 2105 213 693 2651 2652 693 2652 694 255 2105 214 692 2651 693 254 2105 255 691 2651 692 691 2650 2651 3626 2631 2633 3626 3635 2725 3626 2725 2631 253 2105 254 690 2649 2650 690 2650 691 252 2105 253 251 2105 252 689 2649 690 250 2105 251 249 2105 250 688 2648 2649 688 2649 689 248 2105 249 2104 2105 248 2104 647 646 2104 648 647 2104 649 648 2104 650 649 2104 651 650 2104 652 651 2104 653 652 2104 654 653 2104 655 654 2104 656 655 2104 657 656 2104 658 657 2104 646 2103 659 658 2104 687 2648 688 687 2647 2648 660 659 2104 686 2647 687 3627 3626 2633 247 2104 248 661 660 2104 246 2104 247 662 661 2104 245 2104 246 244 2104 245 663 662 2104 243 2104 244 3628 3627 2633 664 663 2104 242 2104 243 241 2104 242 665 664 2104 240 2104 241 666 665 2104 239 2104 240 238 2104 239 3629 3628 2633 667 666 2104 237 2104 238 668 667 2104 236 2104 237 148 3547 3546 148 3548 3547 148 3549 3548 148 3550 3549 148 3551 3550 148 3552 3551 148 3543 3552 148 149 3543 235 2104 236 234 2104 235 233 2104 234 232 2104 233 231 2104 232 230 2104 231 229 2104 230 3630 3629 2633 3631 3630 2633 3632 2639 2640 3632 3631 2633 3632 2633 2639 147 3546 3565 147 148 3546 3633 2640 2641 3633 3632 2640 3564 147 3565 3613 2641 2642 3613 3633 2641 3614 2642 2643 3614 2643 2644 3614 3613 2642 3563 147 3564 3562 146 147 3562 147 3563 3561 146 3562 2161 3615 3614 2160 3615 2161 2162 2161 3614 2162 3614 2644 2163 2644 2645 2163 2162 2644 2159 3616 3615 2159 3615 2160 2158 3616 2159 2164 2163 2645 2165 2645 2646 2165 2164 2645 2157 3616 2158 2166 2646 2647 2166 2165 2646 2156 3616 2157 2167 2647 686 2167 2166 2647 2155 3616 2156 2155 3617 3616 2168 2167 686 2168 686 685 2154 3617 2155 2169 2168 685 2169 685 684 2153 3617 2154 2152 3617 2153 2170 2169 684 2170 684 683 2151 3617 2152 2171 2170 683 2171 683 682 2172 2171 682 2172 682 681 2230 3617 2151 2229 3617 2230 2173 2172 681 2173 681 680 2174 2173 680 2174 680 679 2175 2174 679 2175 679 678 3618 2228 2227 3618 2229 2228 3618 3617 2229 2176 2175 678 2176 678 677 2226 3618 2227 2225 3618 2226 2177 2176 677 2177 677 676 2178 2177 676 2178 676 675 2224 3618 2225 2179 2178 675 2223 3618 2224 3560 146 3561 2180 2179 675 2180 675 674 2222 3618 2223 2221 3618 2222 2181 674 673 2181 2180 674 2182 673 672 2182 2181 673 2220 3618 2221 2183 672 671 2183 2182 672 143 144 145 143 145 146 2184 2183 671 2184 671 670 2185 670 669 2185 2184 670 2186 2104 229 2186 229 228 2186 2185 669 2186 669 668 2186 668 2104 2187 228 227 2187 2186 228 2188 227 226 2188 2187 227 2189 2188 226 3619 3618 2220 3619 2213 2212 3619 2214 2213 3619 2215 2214 3619 2216 2215 3619 2217 2216 3619 2218 2217 3619 2219 2218 3619 2220 2219 142 146 3560 142 143 146 3559 142 3560 3620 2206 2205 3620 2207 2206 3620 2208 2207 3620 2209 2208 3620 2210 2209 3620 2211 2210 3620 2212 2211 3620 3619 2212 3558 142 3559 3621 3620 2205 3621 2201 2200 3621 2202 2201 3621 2203 2202 3621 2204 2203 3621 2205 2204 3557 141 142 3557 142 3558 3556 141 3557 3622 3621 2200 3622 2197 2196 3622 2198 2197 3622 2199 2198 3622 2200 2199 3555 141 3556 258 215 256 258 256 257 299 216 215 299 215 258 3623 3622 2196 3623 2195 2194 3623 2196 2195 298 217 216 298 216 299 297 217 298 297 218 217 296 219 218 296 218 297 295 220 219 295 219 296 3554 141 3555 294 221 220 294 220 295 293 222 221 293 221 294 292 223 222 292 222 293 291 224 223 291 223 292 290 224 291 290 225 224 289 226 225 289 225 290 288 2189 226 288 226 289 287 2190 2189 287 2189 288 286 2190 287 3553 141 3554 3624 2193 2192 3624 2194 2193 3624 3623 2194 3573 141 3553 3572 141 3573 3571 141 3572 3625 3624 2192 3570 141 3571 3569 141 3570 3568 141 3569 3567 141 3568 3566 141 3567 2118 260 259 2118 261 260 2118 262 261 2118 263 262 2118 264 263 2118 259 300 2115 264 2118 2115 265 264 2115 266 265 2115 267 266 2115 268 267 2115 269 268 2115 270 269 2115 271 270 2115 272 271 2115 273 272 2115 274 273 2115 275 274 2115 276 275 2115 277 276 2115 278 277 2115 279 278 2115 280 279 2115 281 280 2115 282 281 2117 2118 300 3575 141 3566 712 2115 713 714 713 2115 711 2115 712 715 714 2115 716 715 2115 710 2115 711 717 716 2115 709 2115 710 708 2115 709 718 717 2115 719 718 2115 707 2115 708 720 719 2115 720 2115 2116 706 2115 707 721 720 2116 705 2115 706 722 721 2116 704 2115 705 703 2115 704 723 722 2116 782 2115 703 724 723 2116 725 724 2116 781 2115 782 780 2115 781 726 725 2116 779 2115 780 727 726 2116 778 282 2115 778 2115 779 728 727 2116 777 282 778 777 283 282 729 728 2116 776 284 283 776 283 777 730 729 2116 731 730 2116 732 731 2116 733 732 2116 734 733 2116 735 734 2116 736 735 2116 737 736 2116 738 737 2116 739 738 2116 740 739 2116 3574 141 3575 2787 2116 2786 2785 2786 2116 2784 2785 2116 2784 2116 2117 2788 2116 2787 2789 2116 2788 2783 2784 2117 2790 2116 2789 2782 2783 2117 2781 2782 2117 2791 740 2116 2791 741 740 2791 2116 2790 2780 2781 2117 2792 741 2791 2792 742 741 2793 743 742 2793 742 2792 2779 2780 2117 2794 744 743 2794 745 744 2794 743 2793 2795 746 745 2795 745 2794 2796 747 746 2796 748 747 2796 746 2795 2797 749 748 2797 748 2796 2798 750 749 2798 751 750 2798 749 2797 2774 2776 2777 2774 2777 2778 2774 2778 2779 2774 2779 2117 2799 751 2798 2799 752 751 2800 753 752 2800 754 753 2800 752 2799 2801 755 754 2801 754 2800 2802 755 2801 2775 2776 2774 1612 768 767 1612 769 768 1612 770 769 1611 771 770 1611 772 771 1611 770 1612 1613 765 764 1613 766 765 1613 767 766 1613 1612 767 1610 773 772 1610 774 773 1610 772 1611 1614 1613 764 1614 762 761 1614 763 762 1614 764 763 1609 774 1610 1609 775 774 1609 776 775 1609 284 776 1615 1614 761 1615 760 759 1615 761 760 1608 284 1609 1608 285 284 1608 286 285 1616 757 756 1616 758 757 1616 759 758 1616 1615 759 1607 2190 286 1607 286 1608 1607 2191 2190 1596 755 2802 1596 756 755 1596 1616 756 1606 2191 1607 1606 3625 2192 1606 2192 2191 1597 2802 2803 1597 1596 2802 1598 1597 2803 1598 2803 2804 1605 3625 1606 1605 3606 3625 1599 2804 2805 1599 1598 2804 1600 1599 2805 1600 2805 2806 1604 3606 1605 1601 2806 2807 1601 1600 2806 1622 3606 1604 1622 3607 3606 1602 1601 2807 1602 2807 2808 1621 3607 1622 1620 3607 1621 1620 3608 3607 1603 1602 2808 1603 2808 2809 1619 3608 1620 1619 3609 3608 1618 3609 1619 1618 3610 3609 2771 2772 2773 2771 2773 2770 1594 1603 2809 1594 2809 2810 1594 2810 2811 1594 2811 2812 1594 2812 2813 1594 2813 2814 1594 2814 2815 1617 3611 3610 1617 3612 3611 1617 3610 1618 1505 3612 1617 1505 3605 3604 1505 3604 3612 2767 2768 2769 2766 2767 2769 2765 2766 2769 2764 2765 2769 1595 1594 2815 1595 2815 2816 2763 2764 2769 2818 1595 2816 2818 2816 2817 2762 2763 2769 2114 2769 2770 2114 2773 2774 2114 2770 2773 2114 2117 300 2114 2774 2117 2819 1595 2818 2111 2762 2769 2111 2756 2757 2111 2769 2114 2111 2757 2758 2111 2758 2759 2111 2759 2760 2111 2760 2761 2111 2761 2762 2755 2756 2111 1504 3597 3605 1504 3605 1505 130 3588 3587 129 3588 130 131 130 3587 131 3587 3586 132 131 3586 128 3588 129 127 3589 3588 127 3588 128 133 132 3586 133 3586 3585 126 3589 127 134 133 3585 135 134 3585 135 3585 3584 135 3584 3603 125 3589 126 136 135 3603 136 3603 3602 124 3589 125 124 3590 3589 123 3590 124 137 136 3602 137 3602 3601 138 137 3601 122 3590 123 121 3590 122 121 3591 3590 139 3601 3600 139 138 3601 119 3599 3598 119 3600 3599 119 139 3600 120 3591 121 140 3577 3576 140 3578 3577 140 3579 3578 140 3580 3579 140 3581 3580 140 3582 3581 140 3583 3582 140 3574 3583 140 3592 3591 140 3593 3592 140 3594 3593 140 3595 3594 140 3596 3595 140 3576 3596 140 3591 120 140 141 3574 2822 2819 2820 2822 2820 2821 794 793 2111 792 2111 793 791 2111 792 795 794 2111 790 2111 791 796 795 2111 797 796 2111 789 2755 2111 789 2111 790 788 2755 789 788 2754 2755 798 797 2111 1503 3597 1504 787 2754 788 799 798 2111 786 2754 787 786 2753 2754 800 799 2111 2113 2114 300 785 2753 786 801 800 2111 784 2752 2753 784 2753 785 802 801 2111 803 802 2111 783 2751 2752 783 2752 784 862 2751 783 804 803 2111 861 2750 2751 861 2751 862 805 804 2111 860 2750 861 806 805 2111 859 2749 2750 859 2750 860 2728 2727 2729 2728 2729 2730 2728 2730 2731 2728 2731 2732 2728 2732 2733 858 2748 2749 858 2749 859 857 2748 858 856 2747 2748 856 2748 857 855 2747 856 99 3597 1503 99 3598 3597 99 119 3598 99 1511 1510 99 1512 1511 99 1503 1512 100 99 1510 101 100 1510 101 1510 1509 102 101 1509 102 1509 1508 854 2746 2747 854 2747 855 103 102 1508 2126 2113 300 853 2746 854 853 2745 2746 1507 104 103 1507 105 104 1507 103 1508 852 2745 853 851 2744 2745 851 2745 852 1586 1595 2819 1586 2819 2822 1586 2822 2728 850 2743 2744 850 2744 851 849 2743 850 848 2742 2743 848 2743 849 2112 809 808 2112 810 809 2112 811 810 2112 812 811 2112 813 812 2112 814 813 2112 815 814 2112 816 815 2112 817 816 2112 818 817 2112 806 2111 2112 807 806 2112 808 807 847 2742 848 847 2741 2742 819 818 2112 846 2741 847 820 819 2112 1587 1586 2728 1506 106 105 1506 105 1507 821 820 2112 822 821 2112 823 822 2112 1588 1587 2728 1589 1588 2728 1590 1589 2728 2123 2113 2126 2123 2112 2113 1525 107 106 1525 108 107 1525 106 1506 1591 1590 2728 1592 2733 2734 1592 1591 2728 1592 2728 2733 1593 2734 2735 1593 1592 2734 1524 109 108 1524 110 109 1524 108 1525 1573 2735 2736 1573 1593 2735 1574 2736 2737 1574 2737 2738 1574 1573 2736 1523 111 110 1523 112 111 1523 113 112 1523 110 1524 1522 114 113 1522 115 114 1522 113 1523 1521 116 115 1521 117 116 1521 118 117 1521 115 1522 872 2123 873 874 873 2123 875 874 2123 871 2123 872 876 875 2123 870 2123 871 877 876 2123 869 2123 870 878 877 2123 868 2123 869 867 2123 868 879 878 2123 880 2123 2124 880 879 2123 866 2123 867 881 880 2124 865 2123 866 882 881 2124 864 2123 865 2241 1575 1574 2242 1574 2738 2242 2241 1574 2240 1575 2241 2239 1576 1575 2239 1575 2240 2243 2738 2739 2243 2242 2738 883 882 2124 863 823 2112 863 2123 864 863 2112 2123 2238 1576 2239 2244 2243 2739 2237 1576 2238 2245 2739 2740 2245 2244 2739 2246 2740 2741 2246 2245 2740 2236 1576 2237 942 824 823 942 823 863 884 883 2124 2235 1576 2236 2235 1577 1576 2247 2741 846 2247 2246 2741 2234 1577 2235 2248 846 845 2248 2247 846 941 825 824 941 824 942 885 884 2124 2233 1577 2234 2249 845 844 2249 2248 845 940 826 825 940 827 826 940 825 941 886 885 2124 2250 844 843 2250 2249 844 2232 1577 2233 2231 1577 2232 2251 2250 843 2251 843 842 939 827 940 887 886 2124 2252 2251 842 2252 842 841 2310 1577 2231 938 828 827 938 827 939 888 887 2124 2309 1577 2310 2253 841 840 2253 2252 841 2254 2253 840 2254 840 839 937 829 828 937 828 938 889 888 2124 2255 2254 839 2255 839 838 1578 1577 2309 1578 2308 2307 1578 2309 2308 936 829 937 936 830 829 936 831 830 890 889 2124 2256 2255 838 2256 838 837 2306 1578 2307 935 832 831 935 831 936 891 890 2124 2305 1578 2306 2257 2256 837 2257 837 836 2304 1578 2305 2258 836 835 2258 2257 836 934 832 935 892 891 2124 2303 1578 2304 2259 2258 835 1520 98 118 1520 118 1521 1520 97 98 933 833 832 933 832 934 893 892 2124 2302 1578 2303 2260 835 834 2260 2259 835 894 893 2124 2261 933 932 2261 834 833 2261 833 933 2261 2260 834 2301 1578 2302 895 894 2124 2300 1578 2301 2262 932 931 2262 2261 932 896 895 2124 2263 931 930 2263 2262 931 2264 2263 930 929 2264 930 897 896 2124 2265 2264 929 928 2265 929 898 897 2124 2266 2265 928 899 898 2124 900 899 2124 1579 1578 2300 1579 2293 2292 1579 2294 2293 1579 2295 2294 1579 2296 2295 1579 2297 2296 1579 2298 2297 1579 2299 2298 1579 2300 2299 1519 97 1520 1580 2286 2285 1580 2287 2286 1580 2288 2287 1580 2289 2288 1580 2290 2289 1580 2291 2290 1580 2292 2291 1580 1579 2292 1518 97 1519 1581 2281 2280 1581 2282 2281 1581 2283 2282 1581 2284 2283 1581 2285 2284 1581 1580 2285 1517 97 1518 1516 97 1517 1582 1581 2280 1582 2278 2277 1582 2279 2278 1582 2280 2279 1515 97 1516 2883 2124 2882 2881 2882 2124 2880 2124 2125 2880 2881 2124 2884 2124 2883 2885 2124 2884 2879 2880 2125 2886 2124 2885 2878 2879 2125 2877 2878 2125 2887 2124 2886 2887 901 900 2887 900 2124 2876 2877 2125 2888 901 2887 2888 902 901 2889 902 2888 2889 903 902 2875 2876 2125 1514 97 1515 2890 903 2889 2890 904 903 2890 905 904 2891 906 905 2891 905 2890 2892 906 2891 2892 907 906 2892 908 907 2893 908 2892 2893 909 908 1513 97 1514 2894 910 909 2894 911 910 2894 909 2893 2870 2875 2125 2870 2872 2873 2870 2873 2874 2870 2874 2875 2895 912 911 2895 911 2894 1533 97 1513 2896 913 912 2896 914 913 2896 912 2895 1532 97 1533 2897 915 914 2897 914 2896 1531 97 1532 2898 915 2897 1530 97 1531 1529 97 1530 1528 97 1529 1527 97 1528 2871 2872 2870 1526 97 1527 1732 928 927 1732 2267 2266 1732 2268 2267 1732 2269 2268 1732 2266 928 1731 2269 1732 1731 2270 2269 1731 2271 2270 1731 2272 2271 1733 1732 927 1733 925 924 1733 926 925 1733 927 926 1730 2273 2272 1730 2274 2273 1730 2275 2274 1730 2272 1731 1734 922 921 1734 923 922 1734 924 923 1734 1733 924 1729 2275 1730 1729 2276 2275 1729 2277 2276 1729 1582 2277 1735 920 919 1735 921 920 1735 1734 921 1728 1583 1582 1728 1582 1729 1736 917 916 1736 918 917 1736 919 918 1736 1735 919 1727 1583 1728 1727 1584 1583 1716 916 915 1716 1736 916 1716 915 2898 1726 1585 1584 1726 1584 1727 1717 2898 2899 1717 1716 2898 1718 2899 2900 1718 1717 2899 1725 1566 1585 1725 1585 1726 1719 1718 2900 1719 2900 2901 1720 1719 2901 1720 2901 2902 1724 1566 1725 1721 2902 2903 1721 1720 2902 1742 1567 1566 1742 1566 1724 1722 2903 2904 1722 1721 2903 1741 1567 1742 1740 1568 1567 1740 1567 1741 1723 2904 2905 1723 1722 2904 1739 1569 1568 1739 1568 1740 1738 1569 1739 1738 1570 1569 2867 2868 2869 2867 2869 2866 1714 1723 2905 1714 2905 2906 1714 2906 2907 1714 2907 2908 1714 2908 2909 1714 2909 2910 1714 2910 2911 1737 1570 1738 1737 1571 1570 1737 1572 1571 1625 1572 1737 1625 1564 1572 1565 1564 1625 2863 2864 2865 2862 2863 2865 2861 2862 2865 2860 2861 2865 1715 1714 2911 1715 2911 2912 2859 2860 2865 2914 1715 2912 2914 2912 2913 2858 2859 2865 2122 2865 2866 2122 2869 2870 2122 2870 2125 2122 2866 2869 2915 1715 2914 2119 2865 2122 2119 2852 2853 2119 2853 2854 2119 2854 2855 2119 2855 2856 2119 2856 2857 2119 2857 2858 2119 2858 2865 2851 2852 2119 1624 1565 1625 1557 1565 1624 2918 2915 2916 2918 2916 2917 954 953 2119 952 2119 953 955 954 2119 951 2119 952 950 2119 951 956 955 2119 957 956 2119 949 2851 2119 949 2119 950 958 957 2119 948 2850 2851 948 2851 949 1623 1557 1624 959 958 2119 947 2850 948 960 959 2119 946 2849 2850 946 2850 947 961 960 2119 945 2849 946 962 961 2119 944 2848 2849 944 2849 945 1632 1557 1623 1632 1558 1557 963 962 2119 943 2847 2848 943 2848 944 1022 2847 943 964 963 2119 1021 2846 2847 1021 2847 1022 965 964 2119 1631 1558 1632 1020 2846 1021 966 965 2119 1019 2846 1020 1019 2845 2846 2824 2828 2829 2824 2823 2825 2824 2825 2826 2824 2826 2827 2824 2827 2828 1630 1558 1631 1630 1559 1558 1018 2844 2845 1018 2845 1019 1017 2844 1018 1629 1559 1630 1629 1560 1559 1016 2843 2844 1016 2844 1017 1015 2843 1016 1628 1561 1560 1628 1560 1629 1014 2842 2843 1014 2843 1015 1013 2841 2842 1013 2842 1014 1627 1562 1561 1627 1563 1562 1627 1561 1628 1012 2841 1013 1011 2840 2841 1011 2841 1012 1706 1715 2915 1706 2915 2918 1706 2918 2824 1010 2839 2840 1010 2840 1011 1009 2839 1010 1008 2838 2839 1008 2839 1009 2120 966 2119 2120 967 966 2120 968 967 2120 969 968 2120 970 969 2120 971 970 2120 972 971 2120 973 972 2120 974 973 2120 975 974 2120 976 975 2120 977 976 2120 978 977 1007 2837 2838 1007 2838 1008 979 978 2120 1006 2837 1007 980 979 2120 1707 1706 2824 1626 1545 1544 1626 1544 1563 1626 1563 1627 981 980 2120 982 981 2120 983 982 2120 1708 1707 2824 984 983 2120 985 984 2120 986 985 2120 1709 1708 2824 1710 1709 2824 1645 1546 1545 1645 1545 1626 1711 1710 2824 1712 2829 2830 1712 1711 2824 1712 2824 2829 1713 2830 2831 1713 1712 2830 1644 1547 1546 1644 1546 1645 1693 2831 2832 1693 1713 2831 301 2121 2122 301 2125 2126 301 2126 300 301 2122 2125 1694 2832 2833 1694 2833 2834 1694 1693 2832 1643 1548 1547 1643 1547 1644 302 2121 301 343 2121 302 342 2121 343 341 2121 342 341 2120 2121 340 2120 341 339 2120 340 338 2120 339 337 2120 338 1642 1548 1643 1642 1549 1548 336 2120 337 335 2120 336 334 2120 335 333 2120 334 332 2120 333 331 2120 332 330 2120 331 1641 1550 1549 1641 1549 1642 2321 1695 1694 2322 1694 2834 2322 2321 1694 2320 1695 2321 2319 1695 2320 2319 1696 1695 2323 2834 2835 2323 2322 2834 2324 2323 2835 2318 1696 2319 2325 2835 2836 2325 2324 2835 2317 1696 2318 2326 2836 2837 2326 2325 2836 2316 1696 2317 2327 2837 1006 2327 2326 2837 2315 1696 2316 2315 1697 1696 2328 2327 1006 2328 1006 1005 2314 1697 2315 2313 1697 2314 2329 2328 1005 2329 1005 1004 2312 1697 2313 2330 2329 1004 2330 1004 1003 2331 2330 1003 2331 1003 1002 2311 1697 2312 2390 1697 2311 2332 2331 1002 2332 1002 1001 2389 1697 2390 2333 2332 1001 2333 1001 1000 2334 2333 1000 2334 1000 999 2335 2334 999 2335 999 998 1698 1697 2389 1698 2388 2387 1698 2389 2388 2386 1698 2387 2336 2335 998 2336 998 997 2385 1698 2386 2337 2336 997 2384 1698 2385 2383 1698 2384 1640 1551 1550 1640 1550 1641 2382 1698 2383 2381 1698 2382 2380 1698 2381 1699 2373 2372 1699 2374 2373 1699 2375 2374 1699 2376 2375 1699 2377 2376 1699 2378 2377 1699 2379 2378 1699 2380 2379 1699 1698 2380 1639 1552 1551 1639 1551 1640 1700 2366 2365 1700 2367 2366 1700 2368 2367 1700 2369 2368 1700 2370 2369 1700 2371 2370 1700 2372 2371 1700 1699 2372 1638 1553 1552 1638 1552 1639 3240 995 994 3241 3240 994 3241 994 993 3239 995 3240 3239 996 995 3238 2338 2337 3238 2337 997 3238 996 3239 3238 997 996 3242 3241 993 3242 993 992 3243 3242 992 3243 991 990 3243 992 991 3237 2339 2338 3237 2338 3238 3236 2340 2339 3236 2341 2340 3236 2339 3237 3244 990 989 3244 3243 990 3245 989 988 3245 3244 989 3235 2342 2341 3235 2341 3236 3246 988 987 3246 3245 988 3234 2343 2342 3234 2342 3235 3247 986 2120 3247 987 986 3247 3246 987 3233 2344 2343 3233 2345 2344 3233 2343 3234 1701 1700 2365 1701 2362 2361 1701 2363 2362 1701 2364 2363 1701 2365 2364 3232 2346 2345 3232 2345 3233 3248 3247 2120 3231 2346 3232 3231 2347 2346 3249 3248 2120 3230 2348 2347 3230 2349 2348 3230 2350 2349 3230 2351 2350 3230 2352 2351 3230 2353 2352 3230 2347 3231 3229 2120 330 3229 3249 2120 1637 1554 1553 1637 1553 1638 1636 1555 1554 1636 1554 1637 1635 1556 1555 1635 1555 1636 3250 2353 3230 3250 2354 2353 3250 2355 2354 3250 2356 2355 3250 2357 2356 3250 2358 2357 3209 330 329 3209 3229 330 3270 2359 2358 3270 2358 3250 3269 2359 3270 3269 2360 2359 3268 2361 2360 3268 1701 2361 3268 2360 3269 3268 1702 1701 1634 1556 1635 1634 1536 1556 3267 1702 3268 3266 1702 3267 3265 1702 3266 3512 326 325 3513 3512 325 3513 325 324 3511 327 326 3511 326 3512 3514 323 322 3514 324 323 3514 3513 324 3510 328 327 3510 327 3511 3515 322 321 3515 3514 322 3509 329 328 3509 328 3510 3508 3209 329 3508 329 3509 3516 321 320 3516 3515 321 3507 3209 3508 3517 320 319 3517 3516 320 3506 3209 3507 3506 3210 3209 3518 319 318 3518 3517 319 3264 1702 3265 3264 1703 1702 3505 3210 3506 3505 3211 3210 3519 318 317 3519 3518 318 3504 3211 3505 3520 317 316 3520 3519 317 3521 316 315 3521 3520 316 3503 3212 3211 3503 3211 3504 3502 3213 3212 3502 3214 3213 3502 3215 3214 3502 3216 3215 3502 3212 3503 3501 306 305 3501 307 306 3501 308 307 3501 309 308 3501 3521 315 3501 310 309 3501 311 310 3501 312 311 3501 313 312 3501 314 313 3501 315 314 3217 3216 3502 3263 1703 3264 1633 1536 1634 3262 1703 3263 3218 3217 3502 1653 1537 1536 1653 1536 1633 3219 3218 3502 3261 1703 3262 3261 1704 1703 3260 1704 3261 3220 3219 3502 1652 1537 1653 1652 1538 1537 3221 3220 3502 3259 1704 3260 3258 1704 3259 3222 3221 3502 1651 1539 1538 1651 1538 1652 1705 1704 3258 3257 1705 3258 3223 3222 3502 1650 1539 1651 1650 1540 1539 3256 1705 3257 3224 3223 3502 1649 1540 1650 1649 1541 1540 3225 3224 3502 1648 1541 1649 1648 1542 1541 3226 3225 3502 3227 3226 3502 1686 3255 3254 1686 3256 3255 1686 1705 3256 1647 1542 1648 3228 3227 3502 3208 3228 3502 1687 3253 3252 1687 3254 3253 1687 1686 3254 1688 3252 3251 1688 1687 3252 1689 1688 3251 1690 1689 3251 346 303 344 346 344 345 1691 1690 3251 387 303 346 387 304 303 386 305 304 386 304 387 3271 1692 1691 3271 1691 3251 3481 3501 305 3481 378 377 3481 305 386 3481 379 378 3481 380 379 3481 381 380 3481 382 381 3481 383 382 3481 384 383 3481 385 384 3481 386 385 3482 377 376 3482 3481 377 3483 3482 376 3483 376 375 3484 3483 375 3484 375 374 3485 3484 374 3485 374 373 3486 3485 373 3486 373 372 3487 3486 372 3487 372 371 3488 3487 371 3488 371 370 3489 3488 370 3489 370 369 3490 3489 369 3490 369 368 3491 3490 368 3491 368 367 3492 3491 367 3492 366 365 3492 367 366 3493 3492 365 3493 365 364 3494 3493 364 3494 364 363 3495 3494 363 3495 363 362 3522 3275 3274 3522 3276 3275 3522 3277 3276 3522 3278 3277 3522 3279 3278 3522 3280 3279 3522 3281 3280 3522 3282 3281 3522 3283 3282 3522 3284 3283 3522 3285 3284 3522 3286 3285 3522 3287 3286 3522 3288 3287 3542 3288 3522 3542 3289 3288 3541 3289 3542 2134 348 347 2134 349 348 2134 347 388 3540 3290 3289 3540 3289 3541 3539 3290 3540 3539 3271 3290 3538 3271 3539 3537 1692 3271 3537 3271 3538 3536 1692 3537 3536 1684 1692 3535 1684 3536 3534 1684 3535 3533 1685 1684 3533 1684 3534 3532 1685 3533 3531 1685 3532 3530 1685 3531 3529 1685 3530 2131 349 2134 2131 350 349 2131 351 350 2131 352 351 2131 353 352 2131 354 353 2131 355 354 2131 356 355 2131 357 356 2131 358 357 2131 359 358 2131 360 359 2131 361 360 3392 3394 3393 3392 3395 3394 3391 3395 3392 3389 3391 3390 3388 3391 3389 3387 3391 3388 3386 3391 3387 3383 3391 3386 3383 3385 3384 3383 3386 3385 3380 3395 3391 3380 3391 3383 3380 3382 3381 3380 3383 3382 3378 3380 3379 3376 3380 3378 3376 3378 3377 3376 3395 3380 3375 3523 3395 3375 3395 3376 3325 3324 3480 3323 3480 3324 3326 3325 3480 3322 3480 3323 3321 3480 3322 3327 3326 3480 3320 3480 3321 3328 3327 3480 3319 3480 3320 3329 3328 3480 3330 3329 3480 3318 3480 3319 3331 3480 3500 3331 3330 3480 3317 3480 3318 3332 3331 3500 3332 3499 3498 3332 3500 3499 3316 3480 3317 3333 3498 3497 3333 3332 3498 3315 3480 3316 3314 3480 3315 3313 3333 3497 3313 3495 362 3313 362 361 3313 3496 3495 3313 3497 3496 2133 2134 388 3396 3523 3375 3396 3524 3523 3416 3524 3396 3416 3525 3524 3415 3525 3416 3415 3526 3525 3414 3526 3415 3414 3527 3526 3413 3527 3414 3413 3528 3527 3412 3528 3413 3412 3529 3528 3411 3529 3412 3411 1685 3529 3410 1685 3411 3409 1685 3410 3408 1685 3409 3407 1685 3408 3407 1677 1685 3406 1677 3407 3405 1677 3406 3404 1677 3405 3403 1677 3404 3402 1678 1677 3402 1677 3403 3401 1678 3402 1034 1033 2131 1032 2131 1033 1031 2131 1032 1035 1034 2131 1036 1035 2131 1030 2131 1031 1037 1036 2131 1029 2131 1030 1038 1037 2131 1028 2131 1029 1039 1038 2131 1027 2131 1028 1040 2131 2132 1040 1039 2131 1026 2131 1027 3293 3313 361 3293 361 2131 3451 3450 3449 3452 3448 3447 3452 3449 3448 3452 3451 3449 3445 3447 3446 3445 3452 3447 3444 3453 3452 3444 3452 3445 3456 3455 3454 1041 1040 2132 1025 2131 1026 3441 3443 3442 3441 3444 3443 3441 3454 3453 3441 3453 3444 3458 3457 3456 3440 3456 3454 3440 3454 3441 3439 3438 3458 3439 3458 3456 3439 3456 3440 1042 1041 2132 1024 2131 1025 3294 3293 2131 1023 2131 1024 1043 1042 2132 1102 2131 1023 1044 1043 2132 3295 3294 2131 1101 2131 1102 1045 1044 2132 1100 2131 1101 1046 1045 2132 3296 2131 1100 3296 3295 2131 1099 3296 1100 1047 1046 2132 1048 1047 2132 3297 3296 1099 3297 1099 1098 1049 1048 2132 1050 1049 2132 3298 3297 1098 3298 1098 1097 1051 1050 2132 1052 1051 2132 3299 3298 1097 3299 1097 1096 1053 1052 2132 1054 1053 2132 3300 3299 1096 3300 1095 1094 3300 1096 1095 1055 1054 2132 1056 1055 2132 3301 3300 1094 3301 1094 1093 1057 1056 2132 1058 1057 2132 3302 3301 1093 3302 1093 1092 1059 1058 2132 1060 1059 2132 3303 3302 1092 3303 1092 1091 3304 1091 1090 3304 3303 1091 3305 3304 1090 3305 1089 1088 3305 1090 1089 3460 3344 3343 3460 3345 3344 3460 3346 3345 3460 3347 3346 3460 3348 3347 3460 3349 3348 3460 3350 3349 3460 3351 3350 3460 3352 3351 3459 3438 3439 3418 3438 3459 3418 3459 3479 3419 3479 3478 3419 3418 3479 3306 3305 1088 3306 1088 1087 3342 3460 3343 3420 3478 3477 3420 3419 3478 3421 3477 3476 3421 3420 3477 3422 3476 3475 3422 3421 3476 3423 3475 3474 3423 3422 3475 3424 3423 3474 3307 3306 1087 3307 1087 1086 3341 3460 3342 3308 3307 1086 3308 1086 1085 3340 3460 3341 3309 3308 1085 3309 1085 1084 3339 3460 3340 3338 3461 3460 3338 3460 3339 3337 3461 3338 3337 3462 3461 3337 3463 3462 3336 3464 3463 3336 3463 3337 3335 3465 3464 3335 3466 3465 3335 3464 3336 2977 2978 2132 2979 2132 2978 2980 2132 2979 2976 2132 2133 2976 2977 2132 2975 2976 2133 2981 2132 2980 2982 2132 2981 2974 2975 2133 2973 2974 2133 2983 2132 2982 2983 1061 1060 2983 1060 2132 2984 1061 2983 2984 1062 1061 2972 2973 2133 2971 2972 2133 2985 1063 1062 2985 1062 2984 2986 1063 2985 2986 1064 1063 2986 1065 1064 2987 1066 1065 2987 1065 2986 2988 1066 2987 2988 1067 1066 2988 1068 1067 2989 1068 2988 2989 1069 1068 2990 1069 2989 2990 1070 1069 2990 1071 1070 2966 2971 2133 2966 2968 2969 2966 2969 2970 2966 2970 2971 2991 1071 2990 2991 1072 1071 2992 1073 1072 2992 1074 1073 2992 1072 2991 2993 1074 2992 2993 1075 1074 2994 1075 2993 2967 2968 2966 1852 3292 3312 1851 3291 3292 1851 3292 1852 1853 3310 3309 1853 3311 3310 1853 3312 3311 1853 1852 3312 1850 3356 3291 1850 3357 3356 1850 3358 3357 1850 3291 1851 1854 1853 3309 1854 3309 1084 1854 1082 1081 1854 1083 1082 1854 1084 1083 1849 3359 3358 1849 3360 3359 1849 3361 3360 1849 3358 1850 1855 1854 1081 1855 1080 1079 1855 1081 1080 1848 3362 3361 1848 3363 3362 1848 3364 3363 1848 3361 1849 1856 1855 1079 1856 1077 1076 1856 1078 1077 1856 1079 1078 1847 3365 3364 1847 3366 3365 1847 3364 1848 1836 1856 1076 1836 1075 2994 1836 1076 1075 1846 3367 3366 1846 3368 3367 1846 3366 1847 1837 1836 2994 1837 2994 2995 1838 1837 2995 1838 2995 2996 1845 3369 3368 1845 3370 3369 1845 3368 1846 1839 2996 2997 1839 1838 2996 1840 1839 2997 1840 2997 2998 1844 3371 3370 1844 3372 3371 1844 3370 1845 1841 2998 2999 1841 1840 2998 1862 3372 1844 1842 2999 3000 1842 1841 2999 1861 3373 3372 1861 3374 3373 1861 3372 1862 1860 3355 3374 1860 3374 1861 1843 3000 3001 1843 1842 3000 1859 3355 1860 1858 3355 1859 2963 2965 2962 2963 2964 2965 1834 1843 3001 1834 3001 3002 1834 3002 3003 1834 3003 3004 1834 3004 3005 1834 3005 3006 1834 3006 3007 1857 3335 3355 1857 3466 3335 1857 3467 3466 1857 3355 1858 1745 3468 3467 1745 3469 3468 1745 3470 3469 1745 3471 3470 1745 3472 3471 1745 3467 1857 2959 2960 2961 2958 2959 2961 86 1665 1664 86 1664 1683 87 86 1683 87 1683 1682 85 1665 86 88 87 1682 88 1682 1681 84 1666 1665 84 1665 85 89 88 1681 89 1681 1680 83 1667 1666 83 1666 84 90 89 1680 82 1667 83 91 1680 1679 91 90 1680 81 1668 1667 81 1667 82 80 1668 81 92 1679 1678 92 1678 3401 92 91 1679 2957 2958 2961 93 3401 3400 93 92 3401 79 1669 1668 79 1668 80 78 1669 79 94 3400 3399 94 93 3400 95 3399 3398 95 94 3399 77 1670 1669 77 1669 78 76 1670 77 75 3398 3397 75 95 3398 2956 2957 2961 1835 1834 3007 1835 3007 3008 2955 2956 2961 3010 1835 3008 3010 3008 3009 2954 2955 2961 2130 2966 2133 2130 2962 2965 2130 2961 2962 2130 2965 2966 2130 2133 388 96 1670 76 96 1657 1656 96 1658 1657 96 1659 1658 96 1660 1659 96 1661 1660 96 1662 1661 96 1663 1662 96 1671 1670 96 1672 1671 96 1673 1672 96 1674 1673 96 1675 1674 96 1676 1675 96 1656 1676 3011 1835 3010 2127 2954 2961 2127 2948 2949 2127 2949 2950 2127 2950 2951 2127 2951 2952 2127 2952 2953 2127 2953 2954 2127 2961 2130 2947 2948 2127 1744 3424 3474 1744 3473 3472 1744 3474 3473 1744 3472 1745 1744 3425 3424 1744 3426 3425 1744 3427 3426 1744 3428 3427 1744 3429 3428 1744 3430 3429 55 3417 3437 55 3397 3417 55 75 3397 56 3437 3436 56 55 3437 57 3436 3435 57 56 3436 58 57 3435 58 3435 3434 59 58 3434 3014 3011 3012 3014 3012 3013 1114 1113 2127 1112 2127 1113 1111 2127 1112 1115 1114 2127 1116 1115 2127 1110 2127 1111 1117 1116 2127 1109 2947 2127 1109 2127 1110 1118 1117 2127 1108 2946 2947 1108 2947 1109 1743 3430 1744 1743 3431 3430 1743 3432 3431 1119 1118 2127 1107 2946 1108 1120 1119 2127 1106 2945 2946 1106 2946 1107 2129 2130 388 1121 1120 2127 1105 2945 1106 1122 1121 2127 1104 2944 2945 1104 2945 1105 1752 3432 1743 1752 3433 3432 1123 1122 2127 1103 2943 2944 1103 2944 1104 1182 2943 1103 1124 1123 2127 1125 1124 2127 1181 2942 2943 1181 2943 1182 1751 3433 1752 1751 3434 3433 1751 59 3434 1180 2942 1181 1126 1125 2127 1179 2941 2942 1179 2942 1180 2920 2919 2921 2920 2921 2922 2920 2922 2923 2920 2923 2924 2920 2924 2925 1750 60 59 1750 59 1751 1178 2940 2941 1178 2941 1179 1177 2940 1178 1749 61 60 1749 62 61 1749 60 1750 1176 2940 1177 1176 2939 2940 1175 2939 1176 1748 63 62 1748 62 1749 1174 2938 2939 1174 2939 1175 1173 2937 2938 1173 2938 1174 1747 63 1748 1747 64 63 1172 2937 1173 1171 2936 2937 1171 2937 1172 1826 3011 3014 1826 1835 3011 1826 3014 2920 1170 2935 2936 1170 2936 1171 1169 2935 1170 1168 2934 2935 1168 2935 1169 2128 1126 2127 2128 1127 1126 2128 1128 1127 2128 1129 1128 2128 1130 1129 2128 1131 1130 2128 1132 1131 2128 1133 1132 2128 1134 1133 2128 1135 1134 2128 1136 1135 2128 1137 1136 2128 1138 1137 1167 2933 2934 1167 2934 1168 1139 1138 2128 1166 2933 1167 1140 1139 2128 1827 1826 2920 1746 65 64 1746 66 65 1746 64 1747 1141 1140 2128 1142 1141 2128 1143 1142 2128 1828 1827 2920 1829 1828 2920 1830 1829 2920 2139 2128 2129 2139 2129 2142 1765 66 1746 1765 67 66 1831 1830 2920 1832 2920 2925 1832 1831 2920 1832 2925 2926 1833 1832 2926 1833 2926 2927 1764 68 67 1764 69 68 1764 67 1765 1813 1833 2927 1813 2927 2928 1814 2929 2930 1814 1813 2928 1814 2928 2929 1763 70 69 1763 69 1764 1763 71 70 1763 72 71 1762 72 1763 1762 73 72 1762 74 73 1761 53 54 1761 54 74 1761 74 1762 1194 1193 2139 1192 2139 1193 1191 2139 1192 1195 1194 2139 1196 1195 2139 1190 2139 1191 1197 1196 2139 1189 2139 1190 1198 1197 2139 1188 2139 1189 1199 1198 2139 1187 2139 1188 1200 2139 2140 1200 1199 2139 1186 2139 1187 1201 1200 2140 1185 2139 1186 1202 1201 2140 1184 2139 1185 2401 1815 1814 2402 1814 2930 2402 2401 1814 2400 1815 2401 2403 2930 2931 2403 2402 2930 2399 1815 2400 2399 1816 1815 1203 1202 2140 1183 2139 1184 1183 2128 2139 1183 1143 2128 2404 2403 2931 2398 1816 2399 2405 2931 2932 2405 2404 2931 2397 1816 2398 2406 2932 2933 2406 2405 2932 2396 1816 2397 1262 1144 1143 1262 1143 1183 1204 1203 2140 2395 1816 2396 2395 1817 1816 2407 2406 2933 2407 2933 1166 2408 2407 1166 2408 1166 1165 2394 1817 2395 1261 1144 1262 1261 1145 1144 1261 1146 1145 1205 1204 2140 2409 2408 1165 2409 1165 1164 2393 1817 2394 1260 1147 1146 1260 1146 1261 1206 1205 2140 2410 2409 1164 2410 1164 1163 2392 1817 2393 2411 1163 1162 2411 2410 1163 2391 1817 2392 1259 1147 1260 1259 1148 1147 1207 1206 2140 2412 1162 1161 2412 2411 1162 2470 1817 2391 1258 1148 1259 1208 1207 2140 2413 2412 1161 2413 1161 1160 2469 1817 2470 2414 1160 1159 2414 2413 1160 1257 1148 1258 1257 1149 1148 1209 1208 2140 2415 1159 1158 2415 2414 1159 1818 2468 2467 1818 2469 2468 1818 1817 2469 1256 1150 1149 1256 1149 1257 1210 1209 2140 2416 1158 1157 2416 2415 1158 2466 1818 2467 1255 1151 1150 1255 1152 1151 1255 1150 1256 1211 1210 2140 2417 2416 1157 2417 1157 1156 2465 1818 2466 2418 2417 1156 2418 1156 1155 2464 1818 2465 1254 1152 1255 1212 1211 2140 2419 2418 1155 2463 1818 2464 1760 53 1761 1253 1152 1254 1253 1153 1152 1213 1212 2140 2420 2419 1155 2420 1155 1154 2462 1818 2463 1214 1213 2140 2421 1153 1253 2421 2420 1154 2421 1253 1252 2421 1154 1153 2461 1818 2462 1215 1214 2140 2422 2421 1252 2422 1252 1251 2460 1818 2461 1216 1215 2140 2423 1251 1250 2423 2422 1251 2424 2423 1250 1217 1216 2140 1249 2424 1250 2425 2424 1249 1248 2425 1249 1218 1217 2140 2426 2425 1248 1219 1218 2140 1220 1219 2140 1819 2453 2452 1819 2454 2453 1819 2455 2454 1819 2456 2455 1819 2457 2456 1819 2458 2457 1819 2459 2458 1819 2460 2459 1819 1818 2460 1759 53 1760 1820 2446 2445 1820 2447 2446 1820 2448 2447 1820 2449 2448 1820 2450 2449 1820 2451 2450 1820 2452 2451 1820 1819 2452 1758 53 1759 1821 2441 2440 1821 2442 2441 1821 2443 2442 1821 2444 2443 1821 2445 2444 1821 1820 2445 1757 53 1758 1756 53 1757 1822 2438 2437 1822 2439 2438 1822 2440 2439 1822 1821 2440 1755 53 1756 3073 3074 2140 3075 2140 3074 3072 2140 2141 3072 3073 2140 3076 2140 3075 3071 3072 2141 3077 2140 3076 3078 2140 3077 3070 3071 2141 3079 1221 1220 3079 2140 3078 3079 1220 2140 3069 3070 2141 3068 3069 2141 3080 1222 1221 3080 1221 3079 3067 3068 2141 3081 1223 1222 3081 1222 3080 1754 53 1755 3082 1224 1223 3082 1225 1224 3082 1223 3081 3083 1226 1225 3083 1225 3082 3084 1227 1226 3084 1228 1227 3084 1226 3083 3085 1229 1228 3085 1228 3084 1753 53 1754 3086 1230 1229 3086 1231 1230 3086 1229 3085 3062 3067 2141 3062 3064 3065 3062 3065 3066 3062 3066 3067 3087 1232 1231 3087 1231 3086 1773 53 1753 3088 1232 3087 3088 1233 1232 3088 1234 1233 1772 53 1773 3089 1235 1234 3089 1234 3088 1771 53 1772 3090 1235 3089 1770 53 1771 1769 53 1770 1768 53 1769 1767 53 1768 3063 3064 3062 1972 2427 2426 1972 2428 2427 1972 2429 2428 1972 2426 1248 1972 1248 1247 1971 2430 2429 1971 2431 2430 1971 2432 2431 1971 2429 1972 1973 1972 1247 1973 1245 1244 1973 1246 1245 1973 1247 1246 1970 2432 1971 1970 2433 2432 1970 2434 2433 1970 2435 2434 1974 1973 1244 1974 1242 1241 1974 1243 1242 1974 1244 1243 1969 2436 2435 1969 2437 2436 1969 2435 1970 1969 1822 2437 1975 1240 1239 1975 1241 1240 1975 1974 1241 1968 1823 1822 1968 1822 1969 1976 1237 1236 1976 1238 1237 1976 1239 1238 1976 1975 1239 1967 1824 1823 1967 1823 1968 1956 1976 1236 1956 1236 1235 1956 1235 3090 1966 1825 1824 1966 1824 1967 1957 1956 3090 1957 3090 3091 1958 1957 3091 1958 3091 3092 1965 1806 1825 1965 1825 1966 1959 3092 3093 1959 1958 3092 1960 1959 3093 1960 3093 3094 1964 1806 1965 1961 1960 3094 1961 3094 3095 1982 1806 1964 1982 1807 1806 1962 1961 3095 1962 3095 3096 1981 1807 1982 1980 1807 1981 1980 1808 1807 1963 3096 3097 1963 1962 3096 1979 1808 1980 1979 1809 1808 1978 1810 1809 1978 1809 1979 3059 3060 3061 3059 3061 3058 1954 3097 3098 1954 3098 3099 1954 3099 3100 1954 3100 3101 1954 3101 3102 1954 3102 3103 1954 1963 3097 1977 1810 1978 1977 1811 1810 1977 1812 1811 1865 1804 1812 1865 1812 1977 1805 1804 1865 3055 3056 3057 3054 3055 3057 3053 3054 3057 3052 3053 3057 1955 3103 3104 1955 1954 3103 3051 3052 3057 3106 1955 3104 3106 3104 3105 3050 3051 3057 2138 3057 3058 2138 3061 3062 2138 3062 2141 2138 3058 3061 3107 1955 3106 2135 3044 3045 2135 3045 3046 2135 3046 3047 2135 3047 3048 2135 3048 3049 2135 3049 3050 2135 3050 3057 2135 3057 2138 3043 3044 2135 1864 1805 1865 1797 1805 1864 3110 3107 3108 3110 3108 3109 1274 1273 2135 1272 2135 1273 1271 2135 1272 1275 1274 2135 1276 1275 2135 1270 2135 1271 1277 1276 2135 1269 3043 2135 1269 2135 1270 1278 1277 2135 1268 3042 3043 1268 3043 1269 1863 1797 1864 1279 1278 2135 1267 3042 1268 1280 1279 2135 1266 3041 3042 1266 3042 1267 1281 1280 2135 1265 3041 1266 1282 1281 2135 1264 3040 3041 1264 3041 1265 1872 1797 1863 1872 1798 1797 1283 1282 2135 1263 3039 3040 1263 3040 1264 1342 3039 1263 1284 1283 2135 1285 1284 2135 1341 3038 3039 1341 3039 1342 1871 1798 1872 1340 3038 1341 1286 1285 2135 1339 3038 1340 1339 3037 3038 3016 3015 3017 3016 3017 3018 3016 3018 3019 3016 3019 3020 3016 3020 3021 1870 1798 1871 1870 1799 1798 1338 3036 3037 1338 3037 1339 1337 3036 1338 1869 1799 1870 1869 1800 1799 1336 3035 3036 1336 3036 1337 1335 3035 1336 1868 1801 1800 1868 1800 1869 1334 3034 3035 1334 3035 1335 1333 3034 1334 1333 3033 3034 1867 1801 1868 1867 1802 1801 1867 1803 1802 1332 3033 1333 1331 3032 3033 1331 3033 1332 1946 1955 3107 1946 3110 3016 1946 3107 3110 1330 3031 3032 1330 3032 1331 1329 3031 1330 389 2137 2138 389 2141 2142 389 2129 388 389 2142 2129 389 2138 2141 1328 3030 3031 1328 3031 1329 2136 1286 2135 2136 1287 1286 2136 1288 1287 2136 1289 1288 2136 1290 1289 2136 1291 1290 2136 1292 1291 2136 1293 1292 2136 1294 1293 2136 1295 1294 2136 1296 1295 2136 1297 1296 2136 1298 1297 1327 3030 1328 1327 3029 3030 1299 1298 2136 1326 3029 1327 1300 1299 2136 1947 1946 3016 1866 1803 1867 1866 1785 1784 1866 1784 1803 1301 1300 2136 1302 1301 2136 1303 1302 2136 1948 1947 3016 1304 1303 2136 1305 1304 2136 1306 1305 2136 1949 1948 3016 1307 1306 2136 1308 1307 2136 1950 1949 3016 390 2137 389 1885 1786 1785 1885 1785 1866 431 2137 390 1951 1950 3016 430 2137 431 429 2137 430 428 2137 429 427 2136 2137 427 2137 428 1952 3016 3021 1952 1951 3016 1952 3021 3022 426 2136 427 425 2136 426 424 2136 425 423 2136 424 1953 3022 3023 1953 1952 3022 422 2136 423 421 2136 422 420 2136 421 419 2136 420 1884 1787 1786 1884 1786 1885 418 2136 419 417 2136 418 416 2136 417 415 2136 416 1933 1953 3023 1933 3023 3024 414 2136 415 413 2136 414 412 2136 413 411 2136 412 410 2136 411 410 1308 2136 409 1308 410 409 1309 1308 1934 1933 3024 1934 3024 3025 1934 3025 3026 1883 1787 1884 1883 1788 1787 1882 1789 1788 1882 1788 1883 1881 1789 1882 1881 1790 1789 2481 1935 1934 2482 1934 3026 2482 2481 1934 2480 1935 2481 2483 2482 3026 2483 3026 3027 2479 1936 1935 2479 1935 2480 2484 2483 3027 2478 1936 2479 2485 2484 3027 2485 3027 3028 2477 1936 2478 2486 2485 3028 2486 3028 3029 2476 1936 2477 2475 1937 1936 2475 1936 2476 2487 3029 1326 2487 2486 3029 2488 1326 1325 2488 2487 1326 2474 1937 2475 2489 1325 1324 2489 2488 1325 2473 1937 2474 2490 1324 1323 2490 2489 1324 2472 1937 2473 2471 1937 2472 2491 1323 1322 2491 2490 1323 2492 1322 1321 2492 2491 1322 2550 1937 2471 2549 1937 2550 2493 1321 1320 2493 2492 1321 2494 1320 1319 2494 2493 1320 2495 1319 1318 2495 2494 1319 1938 1937 2549 1938 2548 2547 1938 2549 2548 2546 1938 2547 2496 1318 1317 2496 2495 1318 2545 1938 2546 2497 1317 1316 2497 2496 1317 2544 1938 2545 2498 1316 1315 2498 2497 1316 2543 1938 2544 2499 2498 1315 1880 1791 1790 1880 1790 1881 2500 1315 1314 2500 2499 1315 2542 1938 2543 2541 1938 2542 2501 1314 1313 2501 2500 1314 2502 2501 1313 2502 1313 1312 2540 1938 2541 2503 2502 1312 2503 1312 1311 2504 2503 1311 2504 1311 1310 2505 1309 409 2505 2504 1310 2505 1310 1309 2506 408 407 2506 409 408 2506 2505 409 2507 407 406 2507 2506 407 2508 406 405 2508 2507 406 2509 2508 405 2509 405 404 2510 2509 404 1939 2533 2532 1939 2534 2533 1939 2535 2534 1939 2536 2535 1939 2537 2536 1939 2538 2537 1939 2539 2538 1939 2540 2539 1939 1938 2540 1879 1791 1880 1879 1792 1791 1940 2526 2525 1940 2527 2526 1940 2528 2527 1940 2529 2528 1940 2530 2529 1940 2531 2530 1940 2532 2531 1940 1939 2532 1878 1792 1879 1878 1793 1792 1941 1940 2525 1941 2521 2520 1941 2522 2521 1941 2523 2522 1941 2524 2523 1941 2525 2524 1877 1794 1793 1877 1793 1878 1876 1794 1877 1876 1795 1794 1942 1941 2520 1942 2517 2516 1942 2518 2517 1942 2519 2518 1942 2520 2519 1875 1795 1876 1875 1796 1795 1943 1942 2516 1943 2515 2514 1943 2516 2515 1874 1796 1875 1874 1776 1796 1873 1776 1874 1944 1943 2514 1944 2513 2512 1944 2514 2513 434 391 432 434 432 433 1893 1776 1873 1893 1777 1776 475 392 391 475 391 434 474 392 475 474 393 392 473 393 474 473 394 393 472 394 473 472 395 394 471 395 472 471 396 395 1892 1778 1777 1892 1777 1893 470 396 471 470 397 396 469 397 470 469 398 397 468 398 469 468 399 398 1891 1779 1778 1891 1778 1892 1945 1944 2512 467 399 468 467 400 399 466 400 467 466 401 400 465 401 466 465 402 401 1890 1779 1891 1890 1780 1779 464 402 465 464 403 402 463 403 464 1889 1780 1890 1889 1781 1780 1888 1781 1889 1888 1782 1781 1887 1782 1888 2150 436 435 2150 437 436 2150 438 437 2150 439 438 2150 440 439 2150 441 440 2150 442 441 2150 443 442 2150 444 443 2150 435 476 2147 444 2150 2147 445 444 2147 446 445 2147 447 446 2147 448 447 2147 449 448 2147 450 449 2147 451 450 2147 452 451 2147 453 452 2147 454 453 2147 455 454 2147 456 455 2147 457 456 2147 458 457 2147 459 458 2147 460 459 2147 461 460 2147 462 461 2147 463 462 2149 2150 476 1354 1353 2147 1352 2147 1353 1351 2147 1352 1355 1354 2147 1356 1355 2147 1350 2147 1351 1357 1356 2147 1349 2147 1350 1358 1357 2147 1348 2147 1349 1359 1358 2147 1347 2147 1348 1360 1359 2147 1360 2147 2148 1346 2147 1347 1361 1360 2148 1345 2147 1346 1362 1361 2148 1344 2147 1345 1363 1362 2148 1343 2147 1344 1422 2147 1343 1364 1363 2148 1421 2147 1422 1365 1364 2148 1420 2147 1421 1366 1365 2148 1419 2147 1420 1367 1366 2148 1418 2147 1419 1368 1367 2148 1369 1368 2148 1417 2147 1418 1370 1369 2148 1371 1370 2148 1372 1371 2148 1373 1372 2148 1374 1373 2148 1375 1374 2148 1376 1375 2148 1377 1376 2148 1378 1377 2148 1379 1378 2148 1380 1379 2148 3169 3170 2148 3171 2148 3170 3172 2148 3171 3168 2148 2149 3168 3169 2148 3167 3168 2149 3173 2148 3172 3174 2148 3173 3166 3167 2149 3165 3166 2149 3175 1381 1380 3175 2148 3174 3175 1380 2148 3176 1381 3175 3176 1382 1381 3164 3165 2149 3163 3164 2149 3177 1382 3176 3177 1383 1382 3178 1383 3177 3178 1384 1383 3178 1385 1384 3179 1385 3178 3179 1386 1385 3180 1386 3179 3180 1387 1386 3180 1388 1387 3181 1388 3180 3181 1389 1388 3182 1389 3181 3182 1390 1389 3182 1391 1390 3158 3163 2149 3158 3160 3161 3158 3161 3162 3158 3162 3163 3183 1391 3182 3183 1392 1391 3184 1392 3183 3184 1393 1392 3184 1394 1393 3185 1395 1394 3185 1394 3184 3186 1395 3185 3159 3160 3158 2092 1408 1407 2092 1409 1408 2092 1410 1409 2091 1410 2092 2091 1411 1410 2091 1412 1411 2093 2092 1407 2093 1405 1404 2093 1406 1405 2093 1407 1406 2090 1412 2091 2090 1413 1412 2090 1414 1413 2094 2093 1404 2094 1402 1401 2094 1403 1402 2094 1404 1403 2089 1415 1414 2089 1416 1415 2089 1414 2090 2095 2094 1401 2095 1400 1399 2095 1401 1400 2088 1417 1416 2088 2147 1417 2088 1416 2089 2088 463 2147 2088 2510 404 2088 403 463 2088 404 403 2096 1397 1396 2096 1398 1397 2096 1399 1398 2096 2095 1399 2087 2510 2088 2087 2511 2510 2076 2096 1396 2076 1395 3186 2076 1396 1395 2086 1945 2512 2086 2511 2087 2086 2512 2511 2077 2076 3186 2077 3186 3187 2078 2077 3187 2078 3187 3188 2085 1926 1945 2085 1945 2086 2079 2078 3188 2079 3188 3189 2080 3189 3190 2080 2079 3189 2084 1926 2085 2081 3190 3191 2081 2080 3190 2102 1927 1926 2102 1926 2084 2082 2081 3191 2082 3191 3192 2101 1927 2102 2100 1928 1927 2100 1927 2101 2083 3192 3193 2083 2082 3192 2099 1929 1928 2099 1928 2100 2098 1930 1929 2098 1929 2099 3155 3157 3154 3155 3156 3157 2074 3193 3194 2074 3194 3195 2074 3195 3196 2074 3196 3197 2074 3197 3198 2074 3198 3199 2074 2083 3193 2097 1931 1930 2097 1932 1931 2097 1930 2098 1985 1925 1924 1985 1924 1932 1985 1932 2097 3151 3152 3153 3150 3151 3153 3149 3150 3153 3148 3149 3153 2075 2074 3199 2075 3199 3200 3147 3148 3153 3202 2075 3200 3202 3200 3201 3146 3147 3153 2146 3154 3157 2146 3153 3154 2146 3157 3158 2146 3158 2149 2146 2149 476 3203 2075 3202 2143 3140 3141 2143 3141 3142 2143 3142 3143 2143 3143 3144 2143 3144 3145 2143 3145 3146 2143 3153 2146 2143 3146 3153 3139 3140 2143 1984 1917 1925 1984 1925 1985 42 1907 1906 43 42 1906 41 1907 42 44 43 1906 44 1906 1905 40 1907 41 40 1908 1907 45 1905 1904 45 44 1905 39 1908 40 46 1904 1923 46 45 1904 38 1908 39 38 1909 1908 47 1923 1922 47 46 1923 37 1909 38 48 1922 1921 48 47 1922 36 1909 37 49 1921 1920 49 48 1921 35 1909 36 35 1910 1909 50 49 1920 50 1920 1919 34 1910 35 33 1910 34 33 1911 1910 51 50 1919 31 51 1919 31 1918 1917 31 1919 1918 32 1911 33 3206 3203 3204 3206 3204 3205 52 1911 32 52 1897 1896 52 1898 1897 52 1899 1898 52 1900 1899 52 1901 1900 52 1902 1901 52 1903 1902 52 1894 1903 52 1912 1911 52 1913 1912 52 1914 1913 52 1915 1914 52 1916 1915 52 1896 1916 1432 2143 1433 1434 1433 2143 1435 1434 2143 1431 2143 1432 1430 2143 1431 1436 1435 2143 1437 1436 2143 1429 2143 1430 1429 3139 2143 1428 3138 3139 1428 3139 1429 1438 1437 2143 1983 31 1917 1983 1917 1984 1439 1438 2143 1427 3138 1428 1426 3137 3138 1426 3138 1427 1440 1439 2143 1425 3137 1426 1441 1440 2143 1442 1441 2143 1424 3136 3137 1424 3137 1425 1992 31 1983 1443 1442 2143 1423 3135 3136 1423 3136 1424 1444 1443 2143 1502 3135 1423 1501 3134 3135 1501 3135 1502 1445 1444 2143 1500 3134 1501 1446 1445 2143 1499 3133 3134 1499 3134 1500 3112 3111 3113 3112 3113 3114 3112 3114 3115 3112 3115 3116 3112 3116 3117 1498 3132 3133 1498 3133 1499 1497 3132 1498 1496 3131 3132 1496 3132 1497 1495 3131 1496 1494 3131 1495 1494 3130 3131 477 2145 2146 477 2146 476 1493 3130 1494 1493 3129 3130 1492 3129 1493 1491 3129 1492 1491 3128 3129 2066 3203 3206 2066 2075 3203 2066 3206 3112 491 478 492 1490 3128 1491 1490 3127 3128 490 478 491 488 490 489 1489 3127 1490 523 2145 477 524 523 477 522 2145 523 525 524 477 521 2145 522 487 490 488 487 478 490 526 525 477 526 477 478 520 2145 521 479 526 478 486 478 487 519 2145 520 485 478 486 518 2145 519 481 479 478 481 480 479 483 478 485 483 481 478 483 482 481 483 485 484 517 2145 518 1488 3127 1489 1488 3126 3127 516 2145 517 515 2145 516 2144 1447 1446 2144 1448 1447 2144 1449 1448 2144 1450 1449 2144 1451 1450 2144 1452 1451 2144 1453 1452 2144 1454 1453 2144 1455 1454 2144 1456 1455 2144 1457 1456 2144 1458 1457 2144 1446 2143 514 2145 515 1459 1458 2144 1487 3126 1488 1487 3125 3126 513 2145 514 512 2145 513 1460 1459 2144 1486 3125 1487 511 2145 512 2067 2066 3112 510 2145 511 11 31 1992 11 1990 1989 11 1991 1990 11 1992 1991 12 11 1989 12 1989 1988 1461 1460 2144 13 12 1988 14 13 1988 14 1988 1987 15 14 1987 15 1987 1986 16 15 1986 1462 1461 2144 17 16 1986 1463 1462 2144 2068 2067 3112 1464 1463 2144 1465 1464 2144 1466 1465 2144 2069 2068 3112 1467 1466 2144 528 507 506 528 508 507 528 509 508 528 510 509 528 2144 2145 528 2145 510 528 505 504 528 506 505 1468 1467 2144 530 529 528 531 530 528 532 531 528 533 532 528 534 533 528 535 534 528 536 535 528 537 536 528 537 528 504 538 537 504 539 538 504 539 504 503 540 539 503 540 502 501 540 503 502 527 540 501 527 500 499 527 501 500 498 527 499 497 527 498 496 527 497 2070 2069 3112 2005 17 1986 2005 18 17 2005 19 18 2071 2070 3112 2072 3112 3117 2072 2071 3112 2072 3117 3118 2073 2072 3118 2073 3118 3119 2004 20 19 2004 21 20 2004 19 2005 2053 2073 3119 2053 3119 3120 2054 3120 3121 2054 3121 3122 2054 2053 3120 2003 22 21 2003 23 22 2003 24 23 2003 21 2004 2002 25 24 2002 26 25 2002 27 26 2002 24 2003 2001 27 2002 2001 28 27 2001 29 28 2561 2055 2054 2562 2561 2054 2562 2054 3122 2560 2055 2561 2563 2562 3122 2563 3122 3123 2559 2056 2055 2559 2055 2560 2564 2563 3123 2558 2056 2559 2565 3123 3124 2565 2564 3123 2557 2056 2558 2556 2056 2557 2566 2565 3124 2566 3124 3125 2567 2566 3125 2567 3125 1486 2555 2056 2556 2555 2057 2056 2568 2567 1486 2568 1486 1485 2554 2057 2555 2569 2568 1485 2569 1485 1484 2553 2057 2554 2552 2057 2553 2570 2569 1484 2570 1484 1483 2571 2570 1483 2571 1483 1482 2551 2057 2552 2630 2057 2551 2572 2571 1482 2572 1482 1481 2629 2057 2630 2573 2572 1481 2573 1481 1480 2574 2573 1480 2574 1480 1479 2575 2574 1479 2575 1479 1478 2058 2628 2627 2058 2629 2628 2058 2057 2629 2626 2058 2627 2576 2575 1478 2576 1478 1477 2625 2058 2626 2577 2576 1477 2577 1477 1476 2624 2058 2625 2578 2577 1476 2578 1476 1475 2623 2058 2624 2579 2578 1475 2000 9 10 2000 30 29 2000 10 30 2000 29 2001 2580 2579 1475 2580 1475 1474 2622 2058 2623 2621 2058 2622 2581 1474 1473 2581 2580 1474 2620 2058 2621 2582 1473 1472 2582 2581 1473 2583 1472 1471 2583 2582 1472 2584 2583 1471 2584 1471 1470 2585 1470 1469 2585 2584 1470 2586 2585 1469 2059 2058 2620 2059 2613 2612 2059 2614 2613 2059 2615 2614 2059 2616 2615 2059 2617 2616 2059 2618 2617 2059 2619 2618 2059 2620 2619 1999 9 2000 2060 2606 2605 2060 2607 2606 2060 2608 2607 2060 2609 2608 2060 2610 2609 2060 2611 2610 2060 2612 2611 2060 2059 2612 1998 9 1999 2061 2060 2605 2061 2601 2600 2061 2602 2601 2061 2603 2602 2061 2604 2603 2061 2605 2604 1997 9 1998 1996 9 1997 2062 2061 2600 2062 2597 2596 2062 2598 2597 2062 2599 2598 2062 2600 2599 1995 9 1996 2063 2062 2596 2063 2596 2595 1994 9 1995 1993 9 1994 2013 9 1993 2012 9 2013 2011 9 2012 2010 9 2011 2009 9 2010 2008 9 2009 2007 9 2008 2006 9 2007 541 2047 2046 541 2048 2047 541 2049 2048 541 2050 2049 541 2051 2050 541 2052 2051 541 2044 2052 541 2064 2063 541 2065 2064 541 2046 2065 541 2590 2589 541 2591 2590 541 2592 2591 541 2593 2592 541 2594 2593 541 2595 2594 541 2063 2595 542 2044 541 542 2045 2044 2037 2045 542 1 2025 2024 1 2026 2025 1 2027 2026 1 2028 2027 1 2029 2028 1 2024 2043 2 2037 542 2 2038 2037 2 2039 2038 2 2040 2039 2 2041 2040 2 2042 2041 2 2043 2042 2 1 2043 3 2030 2029 3 2031 2030 3 2029 1 7 2032 2031 7 2033 2032 7 2034 2033 7 2031 3 8 2022 2021 8 2023 2022 8 2014 2023 8 2035 2034 8 2036 2035 8 2016 2036 8 9 2006 8 2034 7 8 2015 2014 8 2006 2015 8 2017 2016 8 2018 2017 8 2019 2018 8 2020 2019 8 2021 2020 6 3 4 6 7 3 5 6 4 52 53 1766 1766 53 1767 52 1766 1775 52 1775 1774 52 1774 1783 52 1783 1782 52 1782 1887 52 1887 1886 52 1886 1895 52 1895 1894 96 97 1526 96 1526 1535 96 1535 1534 96 1534 1543 96 1543 1542 96 1542 1647 96 1647 1646 96 1646 1655 96 1655 1654 96 1654 1663 150 151 2107 150 2107 618 150 618 617 152 163 197 152 197 196 152 196 195 493 527 494 494 527 495 495 527 496 528 541 2144 2144 541 1468 1468 541 1469 1469 541 2587 2587 541 2588 2588 541 2589 1469 2587 2586 3460 3480 3314 3460 3314 3334 3460 3334 3354 3460 3354 3353 3460 3353 3352 3502 3522 3207 3207 3522 3272 3272 3522 3273 3273 3522 3274 3502 3207 3208 

TShapes 6
Ve
0.0568710914424509
-30.03271580597 65.76170668001 -398.7441421356
0 0

0101101
*
Ve
0.0568710914424509
-30.03271580597 48.63829331999 -398.7441421356
0 0

0101101
*
Ed
 0.0358582229586425 1 1 0
1  1 0 0 17.12341336002
2  1 1 0 0 17.12341336002
4 C0 1 0 2 0
6  1 1 0
0

0101000
+6 0 -5 0 *
Ed
 0.0558584229786689 1 1 0
1  2 0 0 17.12341336002
2  2 1 0 0 17.12341336002
4 C0 3 0 1 0
6  2 2 0
0

0101000
+6 0 -5 0 *
Wi

0101100
-4 0 +3 0 *
Fa
0  1e-07 1 0

0111000
+2 0 *

-1 0 