DBRep_DrawableShape

CASCADE Topology V3, (c) Open Cascade
Locations 0
Curve2ds 719
1 4.7123889803846897 6.6299999999999999 0 -1 
1 4.7123889803849988 6.6299999999999999 -1 0 
1 4.7123889803843806 0.07071067811858385 1 0 
1 3.1415926535897931 1.1300000000000001 3.794944156900535e-14 1 
1 3.1415926535897931 1.1300000000000001 1 0 
1 0 0.084000000000000075 0 1 
1 4.6909423388672238 4.7123889803846888 1 1.1308638867425838e-15 
1 0 0.025100695454999933 0 1 
1 1.5858936879113941 1.5707963267948966 -1 0 
1 0 0.084000000000000075 0 1 
1 4.6909423388672238 4.7123889803846888 1 -1.1308638867425838e-15 
1 0 0.025100695454999933 0 1 
1 1.5858936879113941 1.5707963267948948 -1 0 
1 4.7123889803846897 1.1300000000000001 1 0 
1 0 1.1300000000000001 1 0 
1 0.7886343980613677 1.1300000000000001 1 0 
1 1.570796326795012 1.1300000000000001 1 0 
1 2.3529582555291322 1.1300000000000001 1 0 
1 3.1415926535897931 1.1320000000000001 1 0 
1 2.3529582555347184 1.1320000000000001 1 0 
1 1.5707963267950342 1.1320000000000001 1 0 
1 0.78863439809156066 1.1320000000000001 1 0 
1 0 1.1320000000000001 1 0 
1 4.7123889803847163 1.1320000000000001 1 0 
1 1.5707963267949996 1.1320000000000001 1 0 
1 3.1415926535898073 1.1320000000000001 1 0 
1 3.9189909876482671 1.1320000000000001 1 0 
1 4.7123889803846897 1.1320000000000001 1 0 
1 5.5057869731315776 1.1320000000000001 1 0 
1 0 1.1320000000000001 1 0 
1 0.98852272958878296 0.012912656183999924 0 1 
1 0.98852272958878296 0.012912656183999924 0 1 
1 0 0.084000000001000164 1 3.9014804092619139e-14 
1 4.6909423388667788 4.7123889803848442 1.3004934697540992e-14 1 
1 1.5707963267952965 4.2839999999990006 -9.8968452480894639e-14 -1 
1 1.570796326795 4.2839999999999785 -1 1.4135798584281365e-14 
1 0.01509736111648889 0 5.482039388465583e-15 1 
1 1.5858936879144976 0 -1 0 
1 1.5707963267980001 13.515000000000001 -1 0 
1 1.5858936879109498 1.5707963267938334 3.10987568854421e-15 -1 
1 0 0.025100695453999844 1 -6.2762945714213392e-14 
1 1.5707963267948966 1.0251006954489998 4.1522341120980855e-13 -1 
1 1.570796326795 1.0251006954540349 -1 -2.2334561763164557e-14 
1 6.2617386656621061 6.2831853071795862 9.0469110939406544e-15 -1 
1 4.6909423388672238 6.2831853071795862 1 0 
1 0 0.26500000000000001 1 0 
1 4.6909423388667788 4.7123889803828423 1.3004934697524418e-14 1 
1 0 0.084000000001000164 1 3.8732088120933493e-14 
1 1.5707963267952962 4.2839999999990006 -9.8968452480894639e-14 -1 
1 1.5707963267949996 4.2839999999999794 -1 1.3570366640910115e-14 
1 0.015097361116488855 0 5.4544304068570516e-15 1 
1 1.5859054805454977 0 -1 0 
1 1.5708081194290002 13.515000000000001 -1 0 
1 1.5858936879109495 1.5707963267950467 3.3925916602274269e-15 -1 
1 0 0.025100695453999844 1 -6.2480229742527752e-14 
1 1.5707963267928964 1.0250854521239998 4.1566750041965861e-13 -1 
1 1.5707963267949996 1.0251006954540349 -1 -2.2334561763164563e-14 
1 6.2617386656621061 6.2831853071795862 9.0469110939406749e-15 -1 
1 4.6909423388672238 6.2831853071795862 1 0 
1 0 0.26500000000000001 1 0 
1 7.2675816080958082 13.514999999999999 -1 0 
1 9.6248638290802813 0 -1 0 
1 0.78431043260531985 13.514999999999999 -1 0 
1 3.1415926535897931 0 -1 0 
1 0 0.26500000000000001 0 1 
1 1.570802414167191 8.1055856743329997 1.2702761876746107e-09 -1 
7 0 0  3 91 89  1.570802414167191 8.1055856743329997  1.5605500609486247 8.110008965099361  1.5399596175258286 8.1198269053123315  1.5088283678639147 8.1374310093956215  1.477463732261842 8.1578751097999707  1.4458759067531515 8.1811231121631689  1.4140746627525078 8.2071348249666336  1.3820642135066274 8.2358855455106337  1.3498126532396135 8.2674951737815849  1.3172897483728536 8.302072089928707  1.2844633532469993 8.339730227000997  1.2513021710208065 8.3805728262855883  1.2177693621546817 8.4247421393992497  1.183803566309112 8.4725267234522033  1.1493359639962619 8.5242025032176638  1.1143012651739936 8.580026638626169  1.0785892051286194 8.6403439813158602  1.0422467164842786 8.7051313277087683  1.0056707873141637 8.7735868096744198  0.96920958353363673 8.8450383222590858  0.93321809060189376 8.9187849465266158  0.89807759875065296 8.9941112562938468  0.86400619964391334 9.0704066041968847  0.83103186658501749 9.147199695507128  0.79923662674489748 9.2239859218352258  0.76869452699234686 9.3002896077542871  0.73951977602904484 9.3755526596483278  0.7116932296320696 9.449620703925353  0.68508939699888283 9.5226556061777288  0.6596106393321477 9.594749632249675  0.6351602761562769 9.6660099336714786  0.61163860287145555 9.7365537189772873  0.58901095671817916 9.8064098922927219  0.5672734887130727 9.8755646764039753  0.54641751547706219 9.9440143935606127  0.52643852827051762 10.011753500659673  0.50733328348159312 10.078773816544983  0.48910440759368778 10.145093247758647  0.471757091656343 10.210736552074161  0.45529777430204549 10.27572676578597  0.43973507945517237 10.340087278710378  0.42507718531689703 10.403841788055184  0.41136038925027096 10.467008237343432  0.39862491071260014 10.52960394002306  0.38691121342088647 10.591646370412819  0.3762608860152088 10.653152981277557  0.36671635786319773 10.714141150726936  0.35829252601698974 10.774437128121813  0.35100473804324778 10.833865956779775  0.34486847434607876 10.892257184016742  0.33990073575303309 10.94942354719867  0.33611464498000887 11.005241349395906  0.33348419081951974 11.060176024097773  0.33198604142617233 11.114650589216643  0.33159703738444679 11.169093504837665  0.33229086853130735 11.223953877931763  0.33405443341234181 11.2795884152182  0.33692570680234951 11.335993111783601  0.34093667587803411 11.393211042050819  0.34611936418196915 11.451270288007237  0.35251240378522203 11.510211822045846  0.36012582781967151 11.570036181864857  0.36890922502615747 11.630660823066743  0.37882299535472513 11.692016472104303  0.38982566652389861 11.754032930062239  0.40187626769745116 11.816630428647267  0.41493844627862297 11.879776287461407  0.42898221498168165 11.943498181631394  0.44397742082790465 12.007811744636767  0.45989621331172942 12.072735821441514  0.47670873888076526 12.138288452719079  0.49440229061142438 12.20448760984833  0.51297842942746108 12.27135099977515  0.53243778218702842 12.338896292302874  0.55278394502940131 12.407141531852197  0.57402109292723458 12.476103301516916  0.59616203496320685 12.54580682616198  0.61922565994516232 12.616281088710114  0.6432325180425762 12.687555181188474  0.66820765881220534 12.759654397533877  0.69417275367566511 12.83261911494006  0.72119686292119978 12.906371943489864  0.749367316598329 12.980805191453371  0.77877595283011436 13.055818244688648  0.80951843463100548 13.131311052358912  0.84170670687072369 13.207174232818844  0.8753036634011323 13.283430400795467  0.91026576383418933 13.360116431198408  0.94656306450369798 13.437265426478305  0.97164088467968512 13.489029478657976  0.98439639635384613 13.5149999899 
 0 4 0.011363636363636364 1 0.022727272727272728 1 0.034090909090909088 1 0.045454545454545456 1 0.056818181818181823 1 0.068181818181818177 1 0.079545454545454544 1 0.090909090909090912 1 0.10227272727272728 1 0.11363636363636365 1 0.125 1 0.13636363636363635 1 0.14772727272727273 1 0.15909090909090909 1 0.17045454545454547 1 0.18181818181818182 1 0.19318181818181818 1 0.20454545454545456 1 0.21590909090909091 1 0.22727272727272729 1 0.23863636363636365 1 0.25 1 0.26136363636363635 1 0.27272727272727271 1 0.28409090909090912 1 0.29545454545454547 1 0.30681818181818182 1 0.31818181818181818 1 0.32954545454545453 1 0.34090909090909094 1 0.35227272727272729 1 0.36363636363636365 1 0.375 1 0.38636363636363635 1 0.39772727272727276 1 0.40909090909090912 1 0.42045454545454547 1 0.43181818181818182 1 0.44318181818181818 1 0.45454545454545459 1 0.46590909090909094 1 0.47727272727272729 1 0.48863636363636365 1 0.5 1 0.51136363636363635 1 0.52272727272727271 1 0.53409090909090906 1 0.54545454545454541 1 0.55681818181818188 1 0.56818181818181823 1 0.57954545454545459 1 0.59090909090909094 1 0.60227272727272729 1 0.61363636363636365 1 0.625 1 0.63636363636363635 1 0.64772727272727271 1 0.65909090909090906 1 0.67045454545454553 1 0.68181818181818188 1 0.69318181818181823 1 0.70454545454545459 1 0.71590909090909094 1 0.72727272727272729 1 0.73863636363636365 1 0.75 1 0.76136363636363635 1 0.77272727272727271 1 0.78409090909090906 1 0.79545454545454553 1 0.80681818181818188 1 0.81818181818181823 1 0.82954545454545459 1 0.84090909090909094 1 0.85227272727272729 1 0.86363636363636365 1 0.875 1 0.88636363636363635 1 0.89772727272727271 1 0.90909090909090917 1 0.92045454545454553 1 0.93181818181818188 1 0.94318181818181823 1 0.95454545454545459 1 0.96590909090909094 1 0.97727272727272729 1 0.98863636363636365 1 1 4
7 0 0  3 91 89  0.063370285128368384 0.99575315471115822  0.063936294606132496 0.99223581086578172  0.065746974031731492 0.98515554211906908  0.070248152031393687 0.97438886448212214  0.076288460947609188 0.96346635086327737  0.083605091720834024 0.95237854520359388  0.091913008821299408 0.94111664293847785  0.10103565154368439 0.92967559512665388  0.11105341880555904 0.91803228424424477  0.12198556420999578 0.90616333470720034  0.13381592331697539 0.89404290619876614  0.14651231830682257 0.88164780367489359  0.16010808162820278 0.86895130197818782  0.17483578077973333 0.85590832375288006  0.19080870021202148 0.84246929619706434  0.20808176949229218 0.82859023954752564  0.22669596589163671 0.81420639055614097  0.24634801813187568 0.7993212209435101  0.26640545725658987 0.78409805096256013  0.28660994764054604 0.76867556140895532  0.3068660130456427 0.75319836488157099  0.32733511695961687 0.73781843976103312  0.34799154800659299 0.72263521599830338  0.36848837480302243 0.7076897330212466  0.3886251585831727 0.69304048313082489  0.40823658943214292 0.67874436950331762  0.42720488789723488 0.66487498983240001  0.44558326339325188 0.65143933734283654  0.46351229283068685 0.63838908074805756  0.4810200033440783 0.62569038324072568  0.49812649946219389 0.61330791596308021  0.5147717456340104 0.60120580018268577  0.53097865003814659 0.58937129239515851  0.54677389879918359 0.57780292312204484  0.56217610923309291 0.56649681113543626  0.57716902413902094 0.55545032866873489  0.59173379935431136 0.54466104748945532  0.60586793072009182 0.53412508896073174  0.61957062373328686 0.52383778205618214  0.6328158829160444 0.51379467058018957  0.64554704832669474 0.50399086606302368  0.65769412427131413 0.49442141121186328  0.66925321714087027 0.48508532650395725  0.68023947915650051 0.47598191827796343  0.69064419563948776 0.46710757749384152  0.70043348322908705 0.45845777830421552  0.70961724737680487 0.45002575234440367  0.71783948766850936 0.44181981721043057  0.72490323609189078 0.43385412408972385  0.73064982165711012 0.42613184985637498  0.73502712840853268 0.41866803871901326  0.73826204374989002 0.41146367967826863  0.74071782500364103 0.4044309749021528  0.74242780396525787 0.39749419552137921  0.74314822805101444 0.39058102295982589  0.7428724654615172 0.38361353213409327  0.74138741241382367 0.37652572989606242  0.738576178622811 0.36929327627690778  0.73436453829597448 0.36188970815991273  0.72900433538930931 0.35429851584449829  0.72268836343478537 0.34648850593079894  0.71548511109346657 0.33843736972587729  0.70730550476644438 0.33015056804654114  0.69822770105145637 0.32162394832013197  0.68827184264540209 0.31286312174925668  0.67761023560257527 0.30387175072698469  0.66630393669239862 0.29465137468881736  0.65443011006777385 0.28519655063400462  0.64201359801541635 0.27550446224341785  0.62908358040207435 0.26557312102774328  0.6156247239382846 0.25540164221061556  0.60167959578668406 0.24498710415320979  0.58730702467227103 0.23432397390383405  0.57254982003832511 0.22340738650441827  0.55740918180688082 0.21223184850170287  0.5418893986862674 0.20079238584952644  0.52595841851744185 0.18908119351557884  0.50960069152746812 0.17708925875170681  0.4927429312800114 0.16480681693194232  0.47533499282058739 0.15222416703727992  0.45721867409638406 0.1393302130624999  0.43858427251445725 0.12611487596866947  0.41966816812271246 0.11256435453240578  0.40067671372887437 0.098662379863821384  0.38178266150313234 0.084390264263888751  0.36315090322366017 0.069723063544925079  0.34418762698306171 0.054662821633873218  0.32417007546288007 0.039212343552253788  0.30237718066881381 0.023376536701607775  0.2861230115760946 0.012561874094531971  0.27743340974975111 0.0070903097892941356 
 0 4 0.011363636363636364 1 0.022727272727272728 1 0.034090909090909088 1 0.045454545454545456 1 0.056818181818181823 1 0.068181818181818177 1 0.079545454545454544 1 0.090909090909090912 1 0.10227272727272728 1 0.11363636363636365 1 0.125 1 0.13636363636363635 1 0.14772727272727273 1 0.15909090909090909 1 0.17045454545454547 1 0.18181818181818182 1 0.19318181818181818 1 0.20454545454545456 1 0.21590909090909091 1 0.22727272727272729 1 0.23863636363636365 1 0.25 1 0.26136363636363635 1 0.27272727272727271 1 0.28409090909090912 1 0.29545454545454547 1 0.30681818181818182 1 0.31818181818181818 1 0.32954545454545453 1 0.34090909090909094 1 0.35227272727272729 1 0.36363636363636365 1 0.375 1 0.38636363636363635 1 0.39772727272727276 1 0.40909090909090912 1 0.42045454545454547 1 0.43181818181818182 1 0.44318181818181818 1 0.45454545454545459 1 0.46590909090909094 1 0.47727272727272729 1 0.48863636363636365 1 0.5 1 0.51136363636363635 1 0.52272727272727271 1 0.53409090909090906 1 0.54545454545454541 1 0.55681818181818188 1 0.56818181818181823 1 0.57954545454545459 1 0.59090909090909094 1 0.60227272727272729 1 0.61363636363636365 1 0.625 1 0.63636363636363635 1 0.64772727272727271 1 0.65909090909090906 1 0.67045454545454553 1 0.68181818181818188 1 0.69318181818181823 1 0.70454545454545459 1 0.71590909090909094 1 0.72727272727272729 1 0.73863636363636365 1 0.75 1 0.76136363636363635 1 0.77272727272727271 1 0.78409090909090906 1 0.79545454545454553 1 0.80681818181818188 1 0.81818181818181823 1 0.82954545454545459 1 0.84090909090909094 1 0.85227272727272729 1 0.86363636363636365 1 0.875 1 0.88636363636363635 1 0.89772727272727271 1 0.90909090909090917 1 0.92045454545454553 1 0.93181818181818188 1 0.94318181818181823 1 0.95454545454545459 1 0.96590909090909094 1 0.97727272727272729 1 0.98863636363636365 1 1 4
7 0 0  3 25 23  0.93662600280654484 0.0070903899049861449  0.92604759643119983 0.0070903878011009166  0.90494095010741138 0.0070903874866153158  0.87344379316709253 0.0070903950944924063  0.84212546508822783 0.0070904072075325371  0.81098902150689922 0.0070904201609700854  0.78002931028236433 0.0070904304313362271  0.74922430411156238 0.0070904338580550872  0.7185640114142986 0.0070904291692641579  0.68806132466293846 0.0070904180058894341  0.65772285870458214 0.0070904014062113472  0.62755268429563305 0.0070903805815045948  0.59754910623724811 0.0070903567041447927  0.56770140391678059 0.0070903309584092926  0.53799927329107533 0.0070903059628028755  0.50844152532642184 0.0070902843072119439  0.47903246091162643 0.0070902686418819715  0.44977855672301637 0.0070902613065502709  0.42069181932348071 0.0070902656854588278  0.39176218180005457 0.0070902800715731953  0.36296893481809595 0.0070902977178196793  0.33430774606048508 0.0070903129925304785  0.30578199522708521 0.0070903200186927797  0.28686496843909265 0.007090315391414915  0.27743340974975339 0.0070903097892942623 
 0 4 0.045454545454545456 1 0.090909090909090912 1 0.13636363636363635 1 0.18181818181818182 1 0.22727272727272729 1 0.27272727272727271 1 0.31818181818181818 1 0.36363636363636365 1 0.40909090909090912 1 0.45454545454545459 1 0.5 1 0.54545454545454541 1 0.59090909090909094 1 0.63636363636363635 1 0.68181818181818188 1 0.72727272727272729 1 0.77272727272727271 1 0.81818181818181823 1 0.86363636363636365 1 0.90909090909090917 1 0.95454545454545459 1 1 4
7 0 0  1 2 2  0.92352383331546628 0.95687664809547668  0.076479693141388499 0.95687770589801224 
 0 2 1 2
7 0 0  1 2 2  0.93663173738690531 0.99575100484962153  0.9366260028065424 0.0070903899049860842 
 1.3829379952401389e-08 2 1 2
7 0 0  3 91 89  6.1211873526361051 1.9805737922545208  6.1113872297387433 1.9805706477465679  6.0917863014323981 1.9795729424592967  6.0624149194656418 1.9751813712249446  6.0331052047766738 1.9679741085800877  6.003890218499599 1.958030174079662  5.9748024606189336 1.9454297102483136  5.9458777262852198 1.9302486700698651  5.917136311776086 1.9125827520981615  5.8885845314290801 1.8925474002992806  5.8602333228956658 1.8702538692904993  5.8320939145037523 1.8458145359922162  5.8041787885089846 1.8193414774611472  5.7765011660451515 1.7909468479056185  5.7490575326834996 1.7607322165156465  5.7218455361421068 1.7287991104358305  5.6948640422386516 1.6952492338027731  5.6681125731582451 1.6601836248304975  5.6415931876609866 1.6237058084313161  5.615301684097342 1.5859075887635252  5.5892275109751131 1.5468690492443014  5.5633625053172171 1.5066727600951582  5.537698967648744 1.4654006252068925  5.5122301766679263 1.4231347269888155  5.4869502764463212 1.3799571001069069  5.4618471698397917 1.3359358135038453  5.4369092656298941 1.2911389341994508  5.4121256150190629 1.2456345245267257  5.3874856775379714 1.1994906674888031  5.362980297814552 1.1527753680950998  5.3385974487848449 1.1055569992538625  5.3143218559302383 1.0579043019289236  5.2901392428421703 1.0098859386162644  5.266035455878554 0.96157059422100721  5.2419967485376002 0.91302694247956873  5.2180098111059952 0.86432367939404853  5.1940540853497117 0.81554992705246132  5.1701088323644564 0.76679509666611634  5.146153451830914 0.71814752075362231  5.1221668986407067 0.66969955748108057  5.0981302175317245 0.62152854111733569  5.0740156208846914 0.57378261580703771  5.0497854597851974 0.52668072748790529  5.0254031652848621 0.48042682184315011  5.0008310395735416 0.43522878359415879  4.9760310673858088 0.39129374156412045  4.9509650056979639 0.34882790913084749  4.9255807895523924 0.30829043147382074  4.899823553005958 0.27012369668443614  4.8736414436459281 0.23483665309064311  4.8470019209710129 0.2031667694732574  4.8198531294679068 0.17579922659070665  4.7922118372977884 0.15352544055894884  4.7641683186408033 0.13719983835232369  4.7357783811337164 0.12775423181509948  4.7072194432252665 0.12543761892007543  4.6787053588911141 0.13028756685894785  4.6504403892689918 0.1423948564224039  4.6225193200800829 0.16094609715482322  4.5950484455164879 0.18512915512027983  4.568099382304486 0.21414124971897658  4.5416248678033257 0.24723297068766287  4.5155997824195877 0.28361082863712661  4.4899822340330653 0.32266251238710819  4.4647182435506858 0.36396204205043342  4.4397577554003131 0.40702389850142595  4.4150531328537994 0.45152483973373103  4.3905582198039701 0.49718531291422524  4.3662278270530974 0.54371479180527871  4.3420326304670018 0.59097137758270635  4.3179432781336278 0.63881254769573292  4.2939305318264305 0.68709537508414675  4.269965859769842 0.73567917445208741  4.246019737752877 0.7844146979557064  4.2220700651187606 0.83319312200677753  4.1981013929285824 0.88194605237925416  4.1740965189709485 0.93059651686422373  4.1500384355004343 0.97906984162701349  4.1259098785294483 1.0272907373188787  4.1016935795946363 1.0751840782730855  4.0773778981161595 1.1226836744587882  4.052950659228463 1.1697233290025293  4.0283991547323712 1.2162369116070415  4.0037104655111575 1.2621580325129127  3.9788704100860377 1.3074212732331256  3.9538685389524817 1.3519566364889279  3.9286978151033227 1.3956895461251524  3.9033495763863626 1.4385463975174533  3.8778147486669443 1.4804533256311649  3.8606604101703343 1.5077087989051161  3.8520488275038627 1.5211536133490005 
 1.3829379952401389e-08 4 0.011363650035864271 1 0.022727286242348592 1 0.034090922448832911 1 0.04545455865531723 1 0.056818194861801549 1 0.068181831068285861 1 0.079545467274770187 1 0.0909091034812545 1 0.10227273968773883 1 0.11363637589422314 1 0.12500001210070746 1 0.13636364830719178 1 0.14772728451367609 1 0.15909092072016043 1 0.17045455692664474 1 0.18181819313312905 1 0.19318182933961336 1 0.2045454655460977 1 0.21590910175258202 1 0.22727273795906633 1 0.23863637416555064 1 0.25000001037203495 1 0.26136364657851929 1 0.27272728278500363 1 0.28409091899148792 1 0.29545455519797226 1 0.30681819140445654 1 0.31818182761094088 1 0.32954546381742522 1 0.34090910002390951 1 0.35227273623039385 1 0.36363637243687819 1 0.37500000864336247 1 0.38636364484984681 1 0.39772728105633109 1 0.40909091726281543 1 0.42045455346929977 1 0.43181818967578406 1 0.4431818258822684 1 0.45454546208875274 1 0.46590909829523702 1 0.47727273450172136 1 0.48863637070820565 1 0.50000000691469004 1 0.51136364312117433 1 0.52272727932765861 1 0.5340909155341429 1 0.54545455174062729 1 0.55681818794711158 1 0.56818182415359586 1 0.57954546036008026 1 0.59090909656656454 1 0.60227273277304882 1 0.61363636897953322 1 0.6250000051860175 1 0.63636364139250179 1 0.64772727759898618 1 0.65909091380547047 1 0.67045455001195475 1 0.68181818621843915 1 0.69318182242492343 1 0.70454545863140772 1 0.715909094837892 1 0.7272727310443764 1 0.73863636725086068 1 0.75000000345734497 1 0.76136363966382936 1 0.77272727587031365 1 0.78409091207679793 1 0.79545454828328233 1 0.80681818448976661 1 0.81818182069625089 1 0.82954545690273529 1 0.84090909310921957 1 0.85227272931570386 1 0.86363636552218825 1 0.87500000172867254 1 0.88636363793515682 1 0.89772727414164111 1 0.9090909103481255 1 0.92045454655460979 1 0.93181818276109407 1 0.94318181896757847 1 0.95454545517406275 1 0.96590909138054704 1 0.97727272758703143 1 0.98863636379351572 1 1 4
7 0 0  3 25 23  0.93663173739140282 0.99575100484965129  0.92193664208835058 0.99575100630420377  0.89297671671363976 0.99575100923365034  0.85068041275376105 0.99575101365988816  0.80937566057868793 0.99575101808965294  0.76892730040989599 0.99575102249295211  0.7292086839246118 0.99575102683922967  0.69010170182657293 0.99575103109755903  0.65149483210113901 0.99575103523705943  0.61328193165675904 0.99575103922727837  0.57536099543285524 0.99575104303859741  0.5376330513168025 0.99575104664263692  0.50000111124989821 0.99575105001264408  0.46236916890904928 0.99575105312386492  0.42464121802848892 0.99575105595387814  0.38672027072170778 0.9957510584828918  0.34850735516498088 0.99575106069398345  0.30990046670594634 0.99575106257329327  0.27079346278464089 0.99575106411014436  0.23107482204727267 0.99575106529712054  0.19062643599332008 0.99575106613003972  0.14932165724645552 0.99575106660799706  0.10702532711344237 0.99575106673290092  0.078065385441375257 0.99575106658471768  0.06337028248732321 0.99575106645355371 
 0 4 0.071399856428059794 1 0.14279971285611959 1 0.21419956928417938 1 0.28559942571223917 1 0.35699928214029897 1 0.42839913856835876 1 0.49979899499641856 1 0.57119885142447835 1 0.64259870785253814 1 0.71399856428059794 1 0.78539842070865773 1 0.85679827713671752 1 0.92819813356477732 1 0.99959798999283711 1 1.0709978464208969 1 1.1423977028489567 1 1.2137975592770165 1 1.2851974157050763 1 1.3565972721331361 1 1.4279971285611959 1 1.4993969849892557 1 1.5707968414173155 4
1 0.010707709227053957 3.1415926535897931 -7.5030143841815525e-15 1 
7 0 0  1 2 2  0.076483376650149343 0.01812300521323559  0.076479693141388499 0.95687770589801224 
 0 2 1 2
7 0 0  3 25 23  3.9280784538098676 1.2403030395813273  3.9176703886983937 1.224623971804182  3.8970226111604847 1.1929420331153779  3.8665515702514446 1.1444633092041656  3.8365778580463075 1.0950472125564006  3.8070942019793397 1.0447022126578245  3.7780911008262423 0.99342955392586108  3.7495557667052464 0.94120796294835607  3.7214760987410869 0.88804513515962424  3.6938399757363185 0.83398518183728276  3.6666315310409328 0.77905294592639784  3.6398321808436469 0.72326131564260721  3.6134205303557221 0.66660506634592864  3.587372580763748 0.60905657563527793  3.5616703516051862 0.55069859752605743  3.5362930938114947 0.49161044705426687  3.5112173396846917 0.43185809453945939  3.4864169264867191 0.37149365269386087  3.4618628854088209 0.31053086484481157  3.4375237640311722 0.24902457843326137  3.4133677495368526 0.18710299835429803  3.3893624685934118 0.12488306490883883  3.3654748855297942 0.06248209500626533  3.3496052596030768 0.020825301258090064  3.3416786173383191 -2.0200091377375884e-08 
 0 4 0.045454545454545456 1 0.090909090909090912 1 0.13636363636363635 1 0.18181818181818182 1 0.22727272727272729 1 0.27272727272727271 1 0.31818181818181818 1 0.36363636363636365 1 0.40909090909090912 1 0.45454545454545459 1 0.5 1 0.54545454545454541 1 0.59090909090909094 1 0.63636363636363635 1 0.68181818181818188 1 0.72727272727272729 1 0.77272727272727271 1 0.81818181818181823 1 0.86363636363636365 1 0.90909090909090917 1 0.95454545454545459 1 1 4
7 0 0  1 2 2  0.33927110030624075 0.018122950227004709  0.076483376650149856 0.01812300521323534 
 0 2 1 2
7 0 0  1 2 2  0.82182727903519315 0.93835562397097105  0.17817114405177578 0.93835543183346992 
 0 2 1 2
7 0 0  3 25 23  0.3392711003062418 0.018122950227004934  0.35201014888540194 0.035768268915146041  0.37750814570804719 0.070563130379455774  0.4153343544373142 0.12134568117898498  0.45223208875033383 0.1707946783454321  0.48778886918410591 0.21899120465560212  0.52155412006274826 0.26602167213798728  0.55349761784822937 0.31197526527633573  0.5838633598894124 0.35692773262140431  0.61284979175012888 0.40093996941966414  0.64068827463499689 0.44406803627018354  0.66755431613968186 0.48637230601226794  0.69340759157124598 0.52793726703049826  0.71828443250486929 0.56883814962284329  0.74220745960678636 0.60915149674977787  0.76522547245870098 0.64895519552879588  0.78737109366672087 0.68831565223021596  0.80870786309079989 0.72729375529152296  0.82927489782063812 0.76594866928593919  0.84912557819114132 0.80433495272496625  0.86834273096146819 0.84252277299466738  0.88707953969492626 0.88060411390060722  0.90542037002329745 0.91867650114457478  0.91749798482481026 0.94412137767731608  0.92352383331546606 0.95687664809547646 
 0 4 0.045454545454545456 1 0.090909090909090912 1 0.13636363636363635 1 0.18181818181818182 1 0.22727272727272729 1 0.27272727272727271 1 0.31818181818181818 1 0.36363636363636365 1 0.40909090909090912 1 0.45454545454545459 1 0.5 1 0.54545454545454541 1 0.59090909090909094 1 0.63636363636363635 1 0.68181818181818188 1 0.72727272727272729 1 0.77272727272727271 1 0.81818181818181823 1 0.86363636363636365 1 0.90909090909090917 1 0.95454545454545459 1 1 4
7 0 0  3 25 23  3.3035906642118884 1.4739564148890003  3.3131008499503971 1.4874958133964999  3.3320196369253763 1.5133419035968174  3.3601001869116796 1.5483655656308468  3.3878909303306761 1.579594393688577  3.4153972380150348 1.6069860546662309  3.4426260952877104 1.6304721129232085  3.4695687828768906 1.6501228687169678  3.4962055454633991 1.6660985499970364  3.5225176684332911 1.6785372674536341  3.5484832331150629 1.6875879259686406  3.5740846370373847 1.6933775831908457  3.5993261593451109 1.6959428936500587  3.6242078881718403 1.6953313773037939  3.6487291043738987 1.6915870810695579  3.6728880845757574 1.6847570785971597  3.696677150305046 1.6748693635556502  3.720086002900032 1.661948019659498  3.7431039024879507 1.6460172477440025  3.7657166584013249 1.6271045268955433  3.7879183418312561 1.6052219967121708  3.8097163247076393 1.5803578750002796  3.831114177176814 1.5525048833803241  3.8451144457081399 1.531937981731728  3.8520488275038627 1.5211536133490005 
 0 4 0.045454545454545456 1 0.090909090909090912 1 0.13636363636363635 1 0.18181818181818182 1 0.22727272727272729 1 0.27272727272727271 1 0.31818181818181818 1 0.36363636363636365 1 0.40909090909090912 1 0.45454545454545459 1 0.5 1 0.54545454545454541 1 0.59090909090909094 1 0.63636363636363635 1 0.68181818181818188 1 0.72727272727272729 1 0.77272727272727271 1 0.81818181818181823 1 0.86363636363636365 1 0.90909090909090917 1 0.95454545454545459 1 1 4
7 0 0  1 2 2  3.9282709187587805 1.5707969364616419  3.9280784538098676 1.2403030395813273 
 7.1325350157607385e-06 2 1 2
7 0 0  1 2 2  1.5707970104748181 0.52470987739719277  1.2403030395813457 0.52509482248099992 
 7.1325350157607385e-06 2 1 2
1 3.1415926535900049 1.5707963267948957 1 1.1290018925950264e-15 
1 2.3572822209846218 1.5707963267948957 1 0 
1 2.3572822209839805 0 -4.5234555469697608e-15 1 
1 0 0.084000000001232866 1 -1.4814316916325959e-13 
1 1.5707963267946965 4.2840000000000007 4.4408920985016826e-14 -1 
1 1.5707963267949603 4.2840000000000007 -1 1.2439502754167916e-14 
1 0.015825484198132341 4.7123889803846257 5.2390803502994128e-15 1 
1 0 0.084000000002000252 0 1 
1 0 0.26500000000000057 0 1 
1 3.1415926535897931 0.97510069545500011 -1 0 
1 6.2831853071795862 0.97510069545500011 -1 0 
7 0 0  1 2 2  0.11687513122863476 0.27510069545530003  0.88331065331144876 0.27510069545530003 
 0 2 1 2
7 0 0  1 2 2  0.18652891482040856 0.27510069545530003  0.81348370880026699 0.27510069545530003 
 0 2 1 2
1 4.7404236229456229 0.27510069545530003 1 0 
1 3.1415926535897931 0.27510069545530003 -1 0 
1 5.977704369982713 0.27510069545530003 -1 0 
1 5.3664782720277637 0.27510069545530003 -1 0 
1 6.2831853071795862 0.27510069545530003 -1 0 
1 9.2344155635437346 0.27510069545530003 -1 0 
1 1.6059726201005775 0.255 -1 0 
7 0 0  1 2 2  0.18687439222647986 0.27510069545530003  0.81314099236597792 0.27510069545530003 
 0 2 1 2
1 1.5707963267964966 13.514999999999901 6.6529591060556553e-15 -1 
1 0 0.26500000000000057 1 0 
1 0.015825484198132265 6.2831853071795862 1 0 
1 1.5866218109930292 4.7123889803846888 -1 5.6543194337129169e-16 
1 1.5866218109930219 6.2831853071795862 4.6648135328131556e-15 -1 
1 0 0.025100695454982169 1 1.1308638867425838e-14 
1 1.5707963267948966 1.0251006954539998 -1.4210854715216216e-13 -1 
1 1.5707963267948966 1.0251006954539998 -1 -1.4135798584282296e-14 
1 6.2686687950589475 1.5707963267948974 5.6543194337129159e-15 -1 
1 0 0.025100695458999844 0 1 
1 1.5707963267968967 13.514999999999999 0 -1 
1 0 0.26500000000000001 0 1 
1 1.5707963267989999 13.514999999999999 -1 0 
1 6.2686687950630509 0 -1 0 
1 4.6978724682640003 1.5707963267948961 1 8.4814791505691046e-16 
1 4.6978724682640394 0 7.3506152638267907e-15 1 
1 0 0.08400000000002894 1 -1.8376538159566986e-14 
1 1.5707963267948966 4.2840000000000007 6.51330841113425e-14 -1 
1 1.5707963267941505 4.2840000000000007 -1 1.3570366640917451e-14 
1 0.015825484198132466 4.7123889803834356 5.3428901211486835e-15 1 
1 0 0.084000000001000164 0 1 
1 0 0.26500000000000057 0 1 
1 0 0.025100695455000377 1 0 
1 3.1415926535897931 0.025100695455000377 1 0 
1 1.5708022231116967 13.515000000000398 -7.0996844790608743e-09 -1 
1 0 0.26500000000000057 1 0 
1 0.015825484198132327 6.2831853071795862 1 0 
7 0 0  3 91 89  1.570802167445877 5.6744148450199994  1.5606252397982814 5.6700513684422837  1.5401822293321947 5.6603531475803015  1.509262288774077 5.642929544020487  1.4780993887921301 5.6226668849758994  1.4467045080863989 5.5996034864762052  1.4150862481365118 5.5737735816313281  1.3832549721403602 5.5452266359826776  1.3511861793971678 5.5138714853945858  1.3188479292524475 5.4795897714272641  1.2862090348270647 5.4422715751815591  1.2532368789905695 5.4017995895057673  1.2198994259007143 5.3580776207177676  1.1861592404049977 5.3108917708148846  1.151970820193571 5.2599701519811068  1.1172781161551453 5.2050454316597197  1.0820329313007042 5.1458834510603415  1.0461256282405538 5.0821128010679963  1.0096927146039516 5.0139953406186706  0.97316680024422531 4.9425113449050544  0.93693379987690206 4.868496808400713  0.90138849524797715 4.7928136473128751  0.86695513108373023 4.7163643716332757  0.83390493697747525 4.6398470335442266  0.80213790612947211 4.5634249131172586  0.77162414036966931 4.487345279014737  0.74232774810487878 4.4118308088440461  0.71422884733457748 4.3371185558416974  0.68731067160726722 4.2634121994123628  0.66150840153086743 4.190639963387742  0.63676331005492615 4.1187516488094786  0.61301858720957147 4.0476911409739724  0.59022145371287893 3.9774044109486519  0.56832113356219616 3.9078350024620701  0.54730843534785489 3.8389734059126654  0.52717817208814399 3.7708124682491517  0.50792661407081752 3.7033446144627278  0.48955280930831602 3.6365616104247849  0.47205587704130891 3.5704582804434191  0.45545186711057822 3.5050063661545781  0.43976245222525012 3.4401714856706112  0.42500940688705624 3.3759196650279666  0.41121671948810212 3.3122210868536937  0.39840714410705863 3.2490288994883105  0.38661710256493165 3.1863858604575181  0.37589215199530579 3.1243952586315737  0.36627728831331541 3.0631477760136883  0.35781646241221166 3.002732781350637  0.35056268366456256 2.9432575032820036  0.34453234477837796 2.8847471502187716  0.33968729347305848 2.8271053643782169  0.33599972571425241 2.7702602471781548  0.33344009991413776 2.714128953294396  0.33197643391584947 2.6586479651701871  0.33158976041785421 2.6036837890588749  0.33230796823886766 2.5488553079055736  0.33415269760520655 2.4938140735373255  0.33714715691194713 2.4382045971041983  0.34131475803655015 2.3816668835822319  0.34667673362629642 2.3238661046679812  0.35321119152282737 2.2649619242197723  0.36089848197166724 2.2050925171872842  0.36971901989040984 2.1444026410998802  0.37965336129118044 2.0830322120768052  0.39068420103406226 2.0211339292981227  0.40277259418680939 1.9587027377555644  0.4158780493823564 1.8957154677106312  0.42996146423826187 1.8321536928080315  0.44498563086989168 1.7679978636804063  0.46091073529996651 1.7032281796254551  0.47772243252466351 1.6378285581406149  0.4954174799345108 1.5717843749885037  0.51399194200069986 1.5050807913475373  0.53344455577314143 1.4377024834741017  0.55377447914593514 1.3696362818969152  0.57498826715175744 1.300858438168671  0.5971000043475736 1.23133616078771  0.62012494178189315 1.1610378397307553  0.64408240758510527 1.0899344636433692  0.6689892134351958 1.0179854450173389  0.69488460424023057 0.94519923235254699  0.72185241265995814 0.87167862149450615  0.74997681990453846 0.79751029895126602  0.77934787266555605 0.72278388527328219  0.81006782891793316 0.647593374178831  0.84221552701986946 0.57201167424827981  0.87573130461746473 0.49599920647297546  0.91058136333766115 0.4195286031729939  0.94673662697831462 0.34256922352876018  0.97170162144920669 0.29091727980998416  0.98439656058421565 0.2649998833999998 
 0 4 0.011363636363636364 1 0.022727272727272728 1 0.034090909090909088 1 0.045454545454545456 1 0.056818181818181823 1 0.068181818181818177 1 0.079545454545454544 1 0.090909090909090912 1 0.10227272727272728 1 0.11363636363636365 1 0.125 1 0.13636363636363635 1 0.14772727272727273 1 0.15909090909090909 1 0.17045454545454547 1 0.18181818181818182 1 0.19318181818181818 1 0.20454545454545456 1 0.21590909090909091 1 0.22727272727272729 1 0.23863636363636365 1 0.25 1 0.26136363636363635 1 0.27272727272727271 1 0.28409090909090912 1 0.29545454545454547 1 0.30681818181818182 1 0.31818181818181818 1 0.32954545454545453 1 0.34090909090909094 1 0.35227272727272729 1 0.36363636363636365 1 0.375 1 0.38636363636363635 1 0.39772727272727276 1 0.40909090909090912 1 0.42045454545454547 1 0.43181818181818182 1 0.44318181818181818 1 0.45454545454545459 1 0.46590909090909094 1 0.47727272727272729 1 0.48863636363636365 1 0.5 1 0.51136363636363635 1 0.52272727272727271 1 0.53409090909090906 1 0.54545454545454541 1 0.55681818181818188 1 0.56818181818181823 1 0.57954545454545459 1 0.59090909090909094 1 0.60227272727272729 1 0.61363636363636365 1 0.625 1 0.63636363636363635 1 0.64772727272727271 1 0.65909090909090906 1 0.67045454545454553 1 0.68181818181818188 1 0.69318181818181823 1 0.70454545454545459 1 0.71590909090909094 1 0.72727272727272729 1 0.73863636363636365 1 0.75 1 0.76136363636363635 1 0.77272727272727271 1 0.78409090909090906 1 0.79545454545454553 1 0.80681818181818188 1 0.81818181818181823 1 0.82954545454545459 1 0.84090909090909094 1 0.85227272727272729 1 0.86363636363636365 1 0.875 1 0.88636363636363635 1 0.89772727272727271 1 0.90909090909090917 1 0.92045454545454553 1 0.93181818181818188 1 0.94318181818181823 1 0.95454545454545459 1 0.96590909090909094 1 0.97727272727272729 1 0.98863636363636365 1 1 4
7 0 0  3 91 89  0.063368778787993296 0.004248006449607644  0.063864253435777008 0.0077398578930410198  0.06555448243165396 0.014770128979368576  0.069932012780936068 0.025464668301643865  0.075902025396386727 0.03631787882437594  0.083193998892134732 0.047338912608788253  0.091530245531061941 0.058537273990801157  0.10068114762143469 0.069915201272893607  0.1106767240785877 0.081491985995932034  0.12156025440596351 0.093291701026012946  0.13331308949842202 0.10533942388524957  0.14593101210422013 0.1176595334154337  0.15936358781600335 0.13027440681684802  0.17375976745636265 0.14321667142457364  0.18931488132291574 0.15652809695777523  0.20615651424529624 0.170250780883482  0.22432685907979041 0.18442344212360814  0.24389211160254157 0.19911531501785826  0.26438354072637382 0.21427724117073149  0.28506823505276246 0.22972395001870916  0.30562579279488622 0.24529211591533803  0.32593518004154842 0.26081206500244208  0.34610795719228554 0.27610554679138205  0.36627449888821367 0.29104951158676673  0.38628648800918458 0.30566273461506988  0.40600803690856302 0.31993490128347246  0.42531425747485502 0.33385937784015002  0.44407181515326943 0.34742277824215356  0.46218590504558055 0.36061255518919499  0.4798009554272416 0.37345364245503265  0.49696324533173269 0.38596626836679732  0.51372540305170977 0.39817159361237497  0.5300728006595069 0.41008866389699278  0.5459902883795329 0.42173659426318183  0.56148931467449037 0.43312033966146501  0.57659459164267313 0.4442442498949507  0.59128114793846043 0.45511227730713255  0.60553556322420499 0.46572832061006281  0.6192872151162252 0.47609588237135131  0.63255835826253159 0.48621821714206587  0.64535880876148011 0.49609869728966649  0.65768410858868465 0.50574189812736892  0.66948661655888808 0.51515219191189543  0.68073157836487697 0.52433754886460904  0.69126846204298498 0.53329502423435982  0.70101115200881758 0.5420135725138544  0.70981300386707558 0.5504884638925972  0.71767491952255236 0.55871157550743689  0.72461152857330935 0.56668224525797783  0.73062197771709791 0.57440673848241719  0.73558536392586382 0.58191982822159261  0.73941514935408637 0.5892571538985768  0.74189049097636317 0.59644424444607702  0.74298135593598735 0.60350621233336199  0.74295028465153079 0.61048444093119303  0.74204506289924843 0.61744956822559816  0.74013707482076585 0.62447020803345532  0.73735528553677077 0.63160884733722833  0.73370767445120699 0.63893130217955241  0.72891812591058358 0.64650787445717883  0.72279294318165033 0.65433448835104158  0.71538546607533315 0.66240092955398611  0.70685887985493456 0.67070591404033975  0.69738066435062829 0.67923891088260602  0.6872891086978985 0.68799325734558092  0.67660192035830324 0.6969739568248523  0.66535753953125398 0.70618607450008808  0.65355848459182386 0.71563288137070624  0.64120412903871704 0.72531570221100072  0.62826398815532258 0.73523468707166706  0.6147943450149691 0.7453926218516429  0.60087154670022835 0.7557941908282505  0.5865443536993713 0.76644337424859221  0.57182986317091555 0.77734461534904187  0.55674129139078488 0.78850172412114528  0.54125666803010808 0.79992109841063308  0.52536162796742414 0.81161126702151709  0.50899882652012263 0.82358091654944099  0.49211331630709815 0.83583911406538169  0.47457731518274909 0.84839544834278346  0.45639774737836525 0.86125960168083815  0.43783381472676841 0.87444376906370369  0.41910011047312223 0.88796250623835293  0.40036677900560513 0.90183362297031866  0.38182450856228528 0.91607773139475968  0.36346693552619058 0.93071502470431788  0.34459771544479922 0.94573903347490151  0.32455143312865931 0.96114771926600229  0.3026175815537242 0.97693575532978505  0.28621079250730852 0.98771441494191103  0.27743360865813932 0.99316688844782641 
 0 4 0.011363636363636364 1 0.022727272727272728 1 0.034090909090909088 1 0.045454545454545456 1 0.056818181818181823 1 0.068181818181818177 1 0.079545454545454544 1 0.090909090909090912 1 0.10227272727272728 1 0.11363636363636365 1 0.125 1 0.13636363636363635 1 0.14772727272727273 1 0.15909090909090909 1 0.17045454545454547 1 0.18181818181818182 1 0.19318181818181818 1 0.20454545454545456 1 0.21590909090909091 1 0.22727272727272729 1 0.23863636363636365 1 0.25 1 0.26136363636363635 1 0.27272727272727271 1 0.28409090909090912 1 0.29545454545454547 1 0.30681818181818182 1 0.31818181818181818 1 0.32954545454545453 1 0.34090909090909094 1 0.35227272727272729 1 0.36363636363636365 1 0.375 1 0.38636363636363635 1 0.39772727272727276 1 0.40909090909090912 1 0.42045454545454547 1 0.43181818181818182 1 0.44318181818181818 1 0.45454545454545459 1 0.46590909090909094 1 0.47727272727272729 1 0.48863636363636365 1 0.5 1 0.51136363636363635 1 0.52272727272727271 1 0.53409090909090906 1 0.54545454545454541 1 0.55681818181818188 1 0.56818181818181823 1 0.57954545454545459 1 0.59090909090909094 1 0.60227272727272729 1 0.61363636363636365 1 0.625 1 0.63636363636363635 1 0.64772727272727271 1 0.65909090909090906 1 0.67045454545454553 1 0.68181818181818188 1 0.69318181818181823 1 0.70454545454545459 1 0.71590909090909094 1 0.72727272727272729 1 0.73863636363636365 1 0.75 1 0.76136363636363635 1 0.77272727272727271 1 0.78409090909090906 1 0.79545454545454553 1 0.80681818181818188 1 0.81818181818181823 1 0.82954545454545459 1 0.84090909090909094 1 0.85227272727272729 1 0.86363636363636365 1 0.875 1 0.88636363636363635 1 0.89772727272727271 1 0.90909090909090917 1 0.92045454545454553 1 0.93181818181818188 1 0.94318181818181823 1 0.95454545454545459 1 0.96590909090909094 1 0.97727272727272729 1 0.98863636363636365 1 1 4
7 0 0  3 25 23  0.063368776275346567 0.004250056032872488  0.078063915406169332 0.0042500559081375877  0.10702392630607838 0.0042500557672348295  0.14932035200203644 0.0042500558860901943  0.19062521918881045 0.0042500563407416132  0.23107368751416074 0.0042500571330020501  0.27079240520849168 0.0042500582620089659  0.3098994815247334 0.0042500597237840739  0.34850643848944546 0.0042500615112715983  0.38671941926822018 0.0042500636143171372  0.42464042906420207 0.0042500660197358816  0.4623684402075301 0.0042500687114351557  0.50000044105589536 0.0042500716705881061  0.53763243831964647 0.0042500748758715085  0.57536043874745668 0.0042500783037417505  0.61328143081224129 0.0042500819287553818  0.65149438703670859 0.0042500857239203974  0.69010131289478815 0.0042500896610678605  0.72920835190242561 0.0042500937112361368  0.7689270265180429 0.0042500978450546335  0.80937544650963023 0.0042501020331099015  0.85068026071254721 0.0042501062463415678  0.89297662946076339 0.0042501104562241735  0.92193660030073843 0.0042501132424831349  0.93663171900840247 0.0042501146259403422 
 6.283182344416562 4 6.3545823121250136 1 6.4259822798334651 1 6.4973822475419167 1 6.5687822152503683 1 6.6401821829588199 1 6.7115821506672715 1 6.7829821183757231 1 6.8543820860841747 1 6.9257820537926262 1 6.9971820215010778 1 7.0685819892095285 1 7.1399819569179801 1 7.2113819246264317 1 7.2827818923348833 1 7.3541818600433349 1 7.4255818277517864 1 7.496981795460238 1 7.5683817631686896 1 7.6397817308771412 1 7.7111816985855928 1 7.7825816662940444 1 7.8539816340024959 4
1 0.33470369408853456 10.995574287564601 -2.6504572353358877e-15 -1 
7 0 0  1 2 2  0.9366261680877116 0.99316679553581722  0.93663171895262798 0.0042500920110304929 
 0 2 1 2
7 0 0  3 91 89  2.4311365737836708 1.5208208550099998  2.422525082689122 1.507376185765819  2.4053709981113331 1.4801210719051821  2.3798367201409754 1.4382148794649807  2.3544891567288175 1.395358949675644  2.3293191899385759 1.3516271374234403  2.3043181153380043 1.3070930354174233  2.2794788494520244 1.2618312144893777  2.2547909191642961 1.2159116355262747  2.2302401415487769 1.1693996495565282  2.2058135912873365 1.1223615854725009  2.1814985552418333 1.0748635109382143  2.1572828532848081 1.0269715606671292  2.1331548397678999 0.97875186240326983  2.1090972476455891 0.93027955338618196  2.0850928137924374 0.88162993451160132  2.0611245307379127 0.83287769122219191  2.0371751962217424 0.78409980711671168  2.0132293599120068 0.73536468862261273  1.9892649230365147 0.68678116771461462  1.9652523669369248 0.6384984967666667  1.9411631644349443 0.59065736642555788  1.9169680820645372 0.54340070886559966  1.8926377720005974 0.49687105187818636  1.868142915555788 0.45121029925885553  1.8434384216731687 0.40670902405424764  1.8184782594409687 0.36364682184153102  1.793214821512348 0.32234699197361877  1.7675977952549269 0.28329500213958358  1.74157290822746 0.24691709499793452  1.7150983038307306 0.21382439574510786  1.6881492143800114 0.18480805367281714  1.6606788170401789 0.16061456837015273  1.632758213589165 0.14204992002329916  1.6044928329835424 0.12993135546553239  1.5759766520355361 0.12507689034157199  1.5474155500498892 0.12739371779852093  1.5190252845357108 0.13684214822291274  1.4909841730704416 0.15317131691526045  1.4633458222626468 0.17544844771479245  1.4361983847243225 0.20281783974738213  1.4095582312114856 0.23448773610316598  1.3833748942787492 0.26977351775488706  1.3576169810821812 0.30793805920687689  1.3322326620543918 0.34847301460641228  1.3071666958469741 0.39093664815082435  1.2823667450019189 0.43487045474989061  1.257794573919178 0.48006800421299223  1.23341218280552 0.52632195068914711  1.2091818885781362 0.57342418973183773  1.1850671373268551 0.62117056693706463  1.1610302994205084 0.66934188632627845  1.1370435897863342 0.71778994859793155  1.1130880376536576 0.76643755900718469  1.0891425852849526 0.81519245759554126  1.0651866180647049 0.86396642112373134  1.041199382449427 0.91267014468924601  1.0171603049624607 0.96121461332328417  0.99305608241088938 1.0095310652707472  0.96887297470877642 1.0575507611291042  0.94459683415179063 1.1052049501571108  0.92021339093799581 1.1524249046158228  0.89570737337094952 1.1991418160958007  0.87106677327480797 1.2452872546211369  0.84628247131415024 1.2907931684908529  0.82134396038682234 1.3355914258092942  0.79624032655476051 1.3796139159384133  0.77096001355981025 1.4227925234044241  0.7454909594727781 1.4650591308188885  0.71982726232295935 1.5063317821784183  0.69396215448594856 1.5465284734169562  0.66788788948656341 1.5855673802247829  0.64159625975656631 1.6233660073295038  0.61507666150442764 1.6598443635530791  0.5883248804539255 1.6949106554725886  0.56134300119578406 1.7284612874572058  0.53413056278654347 1.76039516785949  0.50668644928851392 1.7906105344762415  0.47900832513175695 1.8190058033439085  0.45109269145631681 1.8454793480961271  0.42295278437930428 1.8699190522545206  0.39460110266756826 1.8922128762573458  0.36604889223674608 1.9122484815047636  0.33730710973703654 1.9299146486326715  0.30838208824842744 1.9450959803721284  0.27929414921052376 1.9576967709530118  0.25007911807887784 1.9676410061643368  0.22076952301019756 1.9748484937093209  0.19139845265427571 1.9792401611904602  0.17179787705789731 1.9802378101960907  0.16199797109951874 1.9802408877429998 
 0 4 0.011363636363636364 1 0.022727272727272728 1 0.034090909090909088 1 0.045454545454545456 1 0.056818181818181823 1 0.068181818181818177 1 0.079545454545454544 1 0.090909090909090912 1 0.10227272727272728 1 0.11363636363636365 1 0.125 1 0.13636363636363635 1 0.14772727272727273 1 0.15909090909090909 1 0.17045454545454547 1 0.18181818181818182 1 0.19318181818181818 1 0.20454545454545456 1 0.21590909090909091 1 0.22727272727272729 1 0.23863636363636365 1 0.25 1 0.26136363636363635 1 0.27272727272727271 1 0.28409090909090912 1 0.29545454545454547 1 0.30681818181818182 1 0.31818181818181818 1 0.32954545454545453 1 0.34090909090909094 1 0.35227272727272729 1 0.36363636363636365 1 0.375 1 0.38636363636363635 1 0.39772727272727276 1 0.40909090909090912 1 0.42045454545454547 1 0.43181818181818182 1 0.44318181818181818 1 0.45454545454545459 1 0.46590909090909094 1 0.47727272727272729 1 0.48863636363636365 1 0.5 1 0.51136363636363635 1 0.52272727272727271 1 0.53409090909090906 1 0.54545454545454541 1 0.55681818181818188 1 0.56818181818181823 1 0.57954545454545459 1 0.59090909090909094 1 0.60227272727272729 1 0.61363636363636365 1 0.625 1 0.63636363636363635 1 0.64772727272727271 1 0.65909090909090906 1 0.67045454545454553 1 0.68181818181818188 1 0.69318181818181823 1 0.70454545454545459 1 0.71590909090909094 1 0.72727272727272729 1 0.73863636363636365 1 0.75 1 0.76136363636363635 1 0.77272727272727271 1 0.78409090909090906 1 0.79545454545454553 1 0.80681818181818188 1 0.81818181818181823 1 0.82954545454545459 1 0.84090909090909094 1 0.85227272727272729 1 0.86363636363636365 1 0.875 1 0.88636363636363635 1 0.89772727272727271 1 0.90909090909090917 1 0.92045454545454553 1 0.93181818181818188 1 0.94318181818181823 1 0.95454545454545459 1 0.96590909090909094 1 0.97727272727272729 1 0.98863636363636365 1 1 4
7 0 0  3 25 23  0.27743360865813932 0.99316688844782641  0.28686516655857236 0.993166882533706  0.30578218682977443 0.99316687813339644  0.33430791140562072 0.99316688729282909  0.36296905335971713 0.99316690574010891  0.39176223732217064 0.99316692682173058  0.42069180450752069 0.99316694416676643  0.44977848138753029 0.99316695012160883  0.47903234611618778 0.99316694283034179  0.50844139047425985 0.99316692629309178  0.53799913562055257 0.99316690330774149  0.56770127531533987 0.99316687702842732  0.5975489909315399 0.99316685053861298  0.62755257626321093 0.99316682695392788  0.65772275558108373 0.99316680689402137  0.68806122770829004 0.99316679096969485  0.71856392531029767 0.9931667798172914  0.74922423637685909 0.99316677395461983  0.78002927192621596 0.99316677431034306  0.81098902164203723 0.9931667798255065  0.84212550712857115 0.99316678747088605  0.87344387751412389 0.99316679465323032  0.9049410753254552 0.99316679868413893  0.92604774843442039 0.9931667975206947  0.93662616808771315 0.99316679553581699 
 0 4 0.045454545454545456 1 0.090909090909090912 1 0.13636363636363635 1 0.18181818181818182 1 0.22727272727272729 1 0.27272727272727271 1 0.31818181818181818 1 0.36363636363636365 1 0.40909090909090912 1 0.45454545454545459 1 0.5 1 0.54545454545454541 1 0.59090909090909094 1 0.63636363636363635 1 0.68181818181818188 1 0.72727272727272729 1 0.77272727272727271 1 0.81818181818181823 1 0.86363636363636365 1 0.90909090909090917 1 0.95454545454545459 1 1 4
7 0 0  1 2 2  0.076480053846162868 0.044683305053677166  0.92352378587071071 0.044684350870359955 
 0 2 1 2
1 0.17270566379788407 3.1415926535897931 -1 0 
1 6.2831853071795862 1.9805737922520001 -1 0 
1 0.33470361840806939 3.1415926535897927 -1 2.7413260304345924e-15 
1 0.16199795461018546 1.980240887736 -1 0 
1 -6.2724675821272937 4.7123889803848096 1 -1.918986223378349e-14 
1 6.2831853071795862 1.9805737922520001 0 1 
1 0 1.980240887736 0 1 
1 -3.1415916555655876 6.4305737922519999 1 0 
1 -6.2699410099304185 0 1 0 
1 3.1415931526020735 6.4305737922519999 9.208306318951246e-08 -0.99999999999999578 
1 3.1415931526020735 6.4302408877359998 9.208306318951246e-08 -0.99999999999999578 
7 0 0  1 2 2  3.3035906642118884 1.4739564148890003  3.1415936314340036 1.2305707567239996 
 0 2 1 2
7 0 0  1 2 2  0.82182727903519637 0.93835562397097139  0.82181726798753685 5.3506870316588679e-07 
 0 2 1 2
7 0 0  1 2 2  0.17817114405176968 0.93835543183346892  0.82181726798753685 5.3506870316588679e-07 
 0 2 1 2
7 0 0  1 2 2  1.2403030395813457 0.52509482248099992  1.5708023978508974 0.025097406151999735 
 0 2 1 2
1 1.5707993624808956 0.52470986584599921 6.0754498977948391e-06 -0.99999999998154443 
1 1.5863500651558538 4.7123889803846897 -1 0 
1 1.5708023978508974 0.52547288477699983 -1.0892718590225594e-05 -0.99999999994067434 
7 0 0  1 2 2  1.5866217759282424 5.0428822128817172  1.5864080954016562 4.7123884517213845 
 0 2 1 2
7 0 0  1 2 2  1.2403030942959796 0.025470022102000112  1.5707969468048972 0.025042666797999935 
 0 2 1 2
7 0 0  3 25 23  1.000222044782348 6.2831850739784603  1.0081488691695593 6.2623592078415458  1.0240187511293162 6.2207016424039328  1.0479064690165256 6.1583002444312145  1.0719117109939722 6.0960803924255069  1.0960675880755031 6.0341591707912281  1.1204065450540541 5.972653310575228  1.1449604785907479 5.9116908158881705  1.1697608641418562 5.8513264963521179  1.1948366321128085 5.7915741850828804  1.220213918469758 5.7324860602980472  1.2459161594334858 5.6741281596498965  1.2719640723294297 5.6165798530456188  1.2983756039775247 5.5599239328998049  1.3251747948278321 5.5041326675430451  1.3523830850786946 5.4492007227729262  1.3800191095545946 5.3951408817823179  1.4080987837111048 5.3419779114444781  1.4366343049980963 5.2897558265377045  1.4656377439963792 5.238482470902504  1.4951217384020823 5.1881369063149254  1.5250956502044239 5.1387206047953509  1.5555665961791234 5.0902422095567506  1.57621400159233 5.0585608718007551  1.5866217759282424 5.0428822128817172 
 0 4 0.045454545454545456 1 0.090909090909090912 1 0.13636363636363635 1 0.18181818181818182 1 0.22727272727272729 1 0.27272727272727271 1 0.31818181818181818 1 0.36363636363636365 1 0.40909090909090912 1 0.45454545454545459 1 0.5 1 0.54545454545454541 1 0.59090909090909094 1 0.63636363636363635 1 0.68181818181818188 1 0.72727272727272729 1 0.77272727272727271 1 0.81818181818181823 1 0.86363636363636365 1 0.90909090909090917 1 0.95454545454545459 1 1 4
7 0 0  1 2 2  0.076480053846172166 0.044683305053676035  0.076483463923052844 0.9821108274618251 
 0 2 1 2
7 0 0  3 25 23  0.9235237858707096 0.044684350870360344  0.91749286795558138 0.057426743365209386  0.90540644577335516 0.082845622296168889  0.88705622013027541 0.12087812943358092  0.86831593410411645 0.15891874965237113  0.84909534112981866 0.19706434631168676  0.82923909263850171 0.23540684413308666  0.80866517816501182 0.2740164318595168  0.78732246506676806 0.3129475675870535  0.76517052849249234 0.35225928098968812  0.74214698081666786 0.39201246452482941  0.71822030928060021 0.43227339895903477  0.6933420846040188 0.47311979978917384  0.6674878958467193 0.51462775326549248  0.64062103278040772 0.55687237633636244  0.61278118080449251 0.59993798096481987  0.58379418037537156 0.64388481921116969  0.55342991043940137 0.68876824058685893  0.52149113347709075 0.73464877109214999  0.48773517806723127 0.7816016184314114  0.45219188598356519 0.82971547137654789  0.41530897479179035 0.87907687599683471  0.37749684739003514 0.92976735369655839  0.35200652662181037 0.9644981801786936  0.33927057199577348 0.98211089869816925 
 0 4 0.045454545454545456 1 0.090909090909090912 1 0.13636363636363635 1 0.18181818181818182 1 0.22727272727272729 1 0.27272727272727271 1 0.31818181818181818 1 0.36363636363636365 1 0.40909090909090912 1 0.45454545454545459 1 0.5 1 0.54545454545454541 1 0.59090909090909094 1 0.63636363636363635 1 0.68181818181818188 1 0.72727272727272729 1 0.77272727272727271 1 0.81818181818181823 1 0.86363636363636365 1 0.90909090909090917 1 0.95454545454545459 1 1 4
7 0 0  3 25 23  2.4311365737836708 1.5208208550099998  2.4380740528972629 1.531609186317727  2.452080286774625 1.5521833013131843  2.4734864268927192 1.5800448062126919  2.4952920657564324 1.6049149577312456  2.5175007979871826 1.6268008837691419  2.5401200305551144 1.6457141185299622  2.5631438077600275 1.6616427927241157  2.5865578708191062 1.6745600337920743  2.6103514189695396 1.6844421639597602  2.6345140891088179 1.6912656659982892  2.6590381371870491 1.6950030191040439  2.6839217660548647 1.6956072352289353  2.7091641789516951 1.693034393065338  2.7347653830628298 1.6872371086453934  2.7607295719189313 1.6781787819017084  2.7870390686032538 1.665733124142853  2.8136718748744616 1.6497521701203974  2.8406091931010269 1.6300986724899984  2.8678311639152567 1.6066134073529443  2.8953290234921245 1.5792265153214378  2.9231098058703018 1.5480060051975524  2.9511789042176408 1.5129939464884889  2.97008907357896 1.4871575770680003  2.9795947076602287 1.473623486093 
 0 4 0.045454545454545456 1 0.090909090909090912 1 0.13636363636363635 1 0.18181818181818182 1 0.22727272727272729 1 0.27272727272727271 1 0.31818181818181818 1 0.36363636363636365 1 0.40909090909090912 1 0.45454545454545459 1 0.5 1 0.54545454545454541 1 0.59090909090909094 1 0.63636363636363635 1 0.68181818181818188 1 0.72727272727272729 1 0.77272727272727271 1 0.81818181818181823 1 0.86363636363636365 1 0.90909090909090917 1 0.95454545454545459 1 1 4
7 0 0  1 2 2  0.076483463923052844 0.9821108274618251  0.33927057199577065 0.98211089869816937 
 0 2 1 2
7 0 0  1 2 2  0.17817140628326608 0.059993887480031531  0.82182773148035104 0.059993787366294016 
 0 2 1 2
1 0 6.4302408877359998 1 0 
1 0.013243299224980909 0 1 0 
7 0 0  1 2 2  3.1415936314340036 1.2302378522079995  2.9795947076602287 1.473623486093 
 0 2 1 2
7 0 0  1 2 2  0.82181117936180359 1.0000038380566039  0.82182773148035759 0.059993787366291608 
 0 2 1 2
7 0 0  1 2 2  0.82181117936180359 1.0000038380566039  0.17817140628327235 0.059993887480031746 
 0 2 1 2
7 0 0  1 2 2  1.5708023978508974 0.52547288477699983  1.2403030942959796 0.025470022102000112 
 0 2 1 2
1 0.01324329922536548 1.5707963267789178 -8.1457539342755357e-15 -1 
1 3.1548359528151386 1.5707963267949139 -8.1987631788836413e-15 -1 
1 3.15483595281477 0 2.5444437451708149e-15 1 
1 0.013243299224956907 0 2.5002693745694602e-15 1 
1 0.013243299224903953 1.5707963267948988 1 -2.2617277734851679e-15 
1 0.013243299225037655 1.5707963267948986 1 -2.2617277734851679e-15 
1 0 10.4 1 0 
1 3.1415926535900001 10.4 1 0 
1 3.1415926535897931 10.4 -6.7945649107059591e-15 1 
1 3.1415926535897931 10.4 -6.7945649107059591e-15 1 
1 0 20.399999999999999 1 0 
1 0 20.399999999999999 0 -1 
1 6.2831853071795862 20.399999999999999 0 -1 
7 0 0  3 47 45  7.1600696552013154 4.2299999999999995  7.1655466910794336 4.2299999999999995  7.1763997277238145 4.2296904749740003  7.1923659683516279 4.2283836189881709  7.2080088829092306 4.2263202011866889  7.2233177692141011 4.2235862282007188  7.2382815115252281 4.2202677066614394  7.2529007788440198 4.2164191155570165  7.2671758012678831 4.2120949338756279  7.2811063688955633 4.2073496406054405  7.2946918308310797 4.202237714734629  7.3079314572923675 4.1967961927931761  7.3208241670054139 4.1910621113110693  7.3333685249332126 4.1850725068182877  7.3455627437201816 4.1788644158448198  7.3574072303615683 4.172463489432837  7.3689021028723838 4.1658953786245085  7.3800471882682483 4.1591857344620085  7.390842018168601 4.1523602079875088  7.4012949257601566 4.1454293842363512  7.4114140462646985 4.138403848243879  7.421207300901937 4.1312941850454434  7.4306823859040074 4.1241109796763755  7.4398410993180963 4.1168606894608599  7.4486850958037234 4.1095497717230591  7.4572158788495839 4.1021846837871525  7.4654347985075216 4.0947718829773061  7.4733428906552977 4.0873108997985241  7.4809410821623121 4.079801264755802  7.4882301871933947 4.0722425083541447  7.4952109053785128 4.064634161098553  7.5018847766568282 4.056964206100738  7.5082532654054406 4.0492206264724278  7.5143177569635586 4.0413914053253324  7.5200795560889695 4.033464525771179  7.5255338865067021 4.025397503102039  7.5306759250861077 4.0171478526099911  7.5355007994717731 4.0086730895871181  7.5400035909023542 3.9999307293254938  7.5441238772902057 3.9909028045498998  7.547801185333233 3.9815713479851214  7.5509750038925096 3.971918392355934  7.5535847905982969 3.9619259703871208  7.5555510991605299 3.9516076450112156  7.5567944689062534 3.9409769791607498  7.5570884355816021 3.9336906835657488  7.5570884364417594 3.9300000000000002 
 0 4 0.022727272727272728 1 0.045454545454545456 1 0.068181818181818177 1 0.090909090909090912 1 0.11363636363636365 1 0.13636363636363635 1 0.15909090909090909 1 0.18181818181818182 1 0.20454545454545456 1 0.22727272727272729 1 0.25 1 0.27272727272727271 1 0.29545454545454547 1 0.31818181818181818 1 0.34090909090909094 1 0.36363636363636365 1 0.38636363636363635 1 0.40909090909090912 1 0.43181818181818182 1 0.45454545454545459 1 0.47727272727272729 1 0.5 1 0.52272727272727271 1 0.54545454545454541 1 0.56818181818181823 1 0.59090909090909094 1 0.61363636363636365 1 0.63636363636363635 1 0.65909090909090906 1 0.68181818181818188 1 0.70454545454545459 1 0.72727272727272729 1 0.75 1 0.77272727272727271 1 0.79545454545454553 1 0.81818181818181823 1 0.84090909090909094 1 0.86363636363636365 1 0.88636363636363635 1 0.90909090909090917 1 0.93181818181818188 1 0.95454545454545459 1 0.97727272727272729 1 1 4
7 0 0  3 47 45  0 9.3617209569199993  0.018679590693606623 9.3684577644724989  0.055332303219453143 9.3818992671468759  0.10833555170738765 9.401931812644138  0.15951814704370065 9.4218012784046863  0.20899472334678554 9.4414742932060882  0.25684990751705217 9.4609174858259326  0.30320429716169128 9.4801132344333503  0.34816406680113188 9.4990439171974899  0.39181774759329652 9.5176919122874892  0.43423501633593986 9.5360395978724846  0.47548898020049846 9.5540709310413874  0.51564319793658941 9.5717698688831074  0.55475027954050449 9.589120368486542  0.5928513334054053 9.6061063869406045  0.62999989149168278 9.6227162175990397  0.66624269157362703 9.6389381538156016  0.7016189619743266 9.6547604889440404  0.73615996046530563 9.6701715163381063  0.7699326110598349 9.6851739760598257  0.80299989598418875 9.6997706081712352  0.83541998503093895 9.7139641527343716  0.86724561243300702 9.7277573498112453  0.89852057160835641 9.7411460151389058  0.92928627645928774 9.7541259644543761  0.95958122347646146 9.7666930134946934  0.98944064022399136 9.7788429779968844  1.0189127492723526 9.7905721579212628  1.0480444338241861 9.8018768532281388  1.0768807769136226 9.8127533638778246  1.1054646143779556 9.8231979898306392  1.133869473958167 9.8332091381604805  1.162168675750739 9.8427852159412641  1.1904347282644834 9.8519246302468844  1.2187383832207521 9.8606257881512622  1.2472395137460706 9.8688786683784482  1.2761013254664844 9.8766732496525051  1.3054888061575853 9.8839995106975032  1.3355668880253773 9.8908474302375051  1.3664014707922683 9.8971222357764859  1.3980649526231312 9.9027291548184433  1.4306352075840763 9.9075734148673487  1.4641947942966103 9.911560243427191  1.4987230977512478 9.9145664132044509  1.5342058819015068 9.9164686969056266  1.5584946840113405 9.9169188104600003  1.5707963267948966 9.9169188104600003 
 0 4 0.022727272727272728 1 0.045454545454545456 1 0.068181818181818177 1 0.090909090909090912 1 0.11363636363636365 1 0.13636363636363635 1 0.15909090909090909 1 0.18181818181818182 1 0.20454545454545456 1 0.22727272727272729 1 0.25 1 0.27272727272727271 1 0.29545454545454547 1 0.31818181818181818 1 0.34090909090909094 1 0.36363636363636365 1 0.38636363636363635 1 0.40909090909090912 1 0.43181818181818182 1 0.45454545454545459 1 0.47727272727272729 1 0.5 1 0.52272727272727271 1 0.54545454545454541 1 0.56818181818181823 1 0.59090909090909094 1 0.61363636363636365 1 0.63636363636363635 1 0.65909090909090906 1 0.68181818181818188 1 0.70454545454545459 1 0.72727272727272729 1 0.75 1 0.77272727272727271 1 0.79545454545454553 1 0.81818181818181823 1 0.84090909090909094 1 0.86363636363636365 1 0.88636363636363635 1 0.90909090909090917 1 0.93181818181818188 1 0.95454545454545459 1 0.97727272727272729 1 1 4
1 7.5570884364417594 0.39999999999999997 0 1 
1 7.5570884364425241 0.39999999999999997 1 0 
1 8.1508748315072062 0.39999999999999997 0 1 
7 0 0  3 47 45  8.1508748315072062 3.9300000000000002  8.1508748323497304 3.9337609145349997  8.1511838026709462 3.9411846340253129  8.1524787316280349 3.952000026704928  8.1545096962709707 3.9624693750119055  8.157181277556985 3.9725668211294516  8.1603980681098047 3.9822665072407779  8.1641213723638604 3.991624704762847  8.1683125369958862 4.0006976851126206  8.1729329555072976 4.0095417197070553  8.1779440788996283 4.018213079963119  8.1833090477510488 4.0267053237538804  8.1889910426386514 4.03501200895243  8.1949532955135691 4.0431266934318337  8.2011591014907506 4.051042935065178  8.2076243046913202 4.0588004847226449  8.2143648243525647 4.0664390932744254  8.2213966498181197 4.073998511590708  8.2287358262897179 4.0815184905416775  8.236382136942801 4.0889956526763038  8.2443354850348811 4.0964266205435562  8.2525958904800376 4.1038080166924011  8.2611634887633105 4.1111364636718104  8.2700388816361254 4.1184056949021715  8.2792228205798111 4.1256094438038762  8.2887162055891785 4.1327414437973164  8.2985200788136115 4.1397954283028788  8.3086395047766288 4.146759586578086  8.3190797612628202 4.1536221078804445  8.329846331396082 4.1603711814674771  8.3409448920467693 4.1669949965966975  8.3523754700778596 4.1734696990850235  8.3641383673806402 4.1797714347493837  8.3762341571357073 4.1858763494066942  8.388663679759949 4.1917605888738807  8.4014280299358219 4.1973896388444594  8.4145286400322483 4.20272898501194  8.4279672767624767 4.2077441130698476  8.4417460304629746 4.2124005087116894  8.4558676430893094 4.2166449740048844  8.470335302330593 4.2204243110168456  8.4851526315132304 4.2236853218149841  8.5003236797224346 4.2263748084667201  8.5158365160332465 4.2284066269546319  8.5316796284791927 4.2296946332613121  8.5424546790129607 4.2299999999999995  8.5478936127476501 4.2299999999999995 
 0 4 0.022727272727272728 1 0.045454545454545456 1 0.068181818181818177 1 0.090909090909090912 1 0.11363636363636365 1 0.13636363636363635 1 0.15909090909090909 1 0.18181818181818182 1 0.20454545454545456 1 0.22727272727272729 1 0.25 1 0.27272727272727271 1 0.29545454545454547 1 0.31818181818181818 1 0.34090909090909094 1 0.36363636363636365 1 0.38636363636363635 1 0.40909090909090912 1 0.43181818181818182 1 0.45454545454545459 1 0.47727272727272729 1 0.5 1 0.52272727272727271 1 0.54545454545454541 1 0.56818181818181823 1 0.59090909090909094 1 0.61363636363636365 1 0.63636363636363635 1 0.65909090909090906 1 0.68181818181818188 1 0.70454545454545459 1 0.72727272727272729 1 0.75 1 0.77272727272727271 1 0.79545454545454553 1 0.81818181818181823 1 0.84090909090909094 1 0.86363636363636365 1 0.88636363636363635 1 0.90909090909090917 1 0.93181818181818188 1 0.95454545454545459 1 0.97727272727272729 1 1 4
7 0 0  3 47 45  1.5707963267948966 10.853081189540001  1.5582608173355526 10.853081189540001  1.5335134921217004 10.853554211028126  1.4974112890900806 10.855535219923041  1.462371733944088 10.858640117679068  1.4284521318038299 10.862721316494527  1.3957178764758724 10.867631228567808  1.3639539708479591 10.873308080251013  1.3329473785594477 10.879690097896242  1.3024897669581552 10.886715507855621  1.2723795697451266 10.894322536481242  1.2426228148802949 10.902452655092024  1.2132268726204751 10.911047335006863  1.1842007332574078 10.920048047544679  1.1555549799382607 10.92939626402436  1.1271219680037634 10.939112545231398  1.0987331524728547 10.949217451951233  1.0702205158894302 10.959731544969362  1.0414182582670979 10.970675385071235  1.0122964008616666 10.982043822170613  0.98282203146437785 10.993831706181238  0.95295993015451652 11.006033887016871  0.92267275177185304 11.018645214591245  0.8919254856617671 11.031660467913747  0.86068014174446783 11.045074425993755  0.82889601913936606 11.058881867840629  0.79653025375600994 11.073077572463761  0.76353843812127076 11.087660725415017  0.72987100797907412 11.10263051224627  0.69547377608386851 11.117986118509396  0.66028864925180852 11.133726729756274  0.62428230949117103 11.149841866941586  0.5874140212818636 11.166321051020024  0.54963607228610178 11.183153802946263  0.51089453875081081 11.200329643675021  0.47114047969164019 11.217836996380019  0.43031386069317917 11.235664284235016  0.38834423087180747 11.253799930413761  0.34515231593719375 11.272232358090013  0.30065940491818949 11.290948558517114  0.25476793587800872 11.309935522948452  0.20736293346767556 11.329180242637349  0.15831542332990298 11.348669708837193  0.10754494736465817 11.368369390187894  0.054941275848736544 11.388244755329373  0.018549631871638144 11.4015891003775  0 11.40827904308 
 0 4 0.022727272727272728 1 0.045454545454545456 1 0.068181818181818177 1 0.090909090909090912 1 0.11363636363636365 1 0.13636363636363635 1 0.15909090909090909 1 0.18181818181818182 1 0.20454545454545456 1 0.22727272727272729 1 0.25 1 0.27272727272727271 1 0.29545454545454547 1 0.31818181818181818 1 0.34090909090909094 1 0.36363636363636365 1 0.38636363636363635 1 0.40909090909090912 1 0.43181818181818182 1 0.45454545454545459 1 0.47727272727272729 1 0.5 1 0.52272727272727271 1 0.54545454545454541 1 0.56818181818181823 1 0.59090909090909094 1 0.61363636363636365 1 0.63636363636363635 1 0.65909090909090906 1 0.68181818181818188 1 0.70454545454545459 1 0.72727272727272729 1 0.75 1 0.77272727272727271 1 0.79545454545454553 1 0.81818181818181823 1 0.84090909090909094 1 0.86363636363636365 1 0.88636363636363635 1 0.90909090909090917 1 0.93181818181818188 1 0.95454545454545459 1 0.97727272727272729 1 1 4
1 8.5478936127460354 4.2299999999999995 1 0 
1 8.8582136301482386 4.2299999999999995 0 1 
7 0 0  3 69 67  6.6340926276347281 4.7000000000000002  6.6429852918533836 4.7000000000000002  6.6607538197565113 4.6996439422788896  6.6873629095466605 4.6980762147449902  6.7139352900099043 4.6955092579783866  6.7404769276851724 4.6919779054190682  6.7669973125148726 4.6875154241167731  6.7934869793466479 4.6821634030561938  6.8199236703494028 4.6759687895070865  6.8462878717905751 4.6689773196402395  6.8725580107149984 4.6612349499874099  6.8987171150819773 4.6527879833094552  6.9247672187042406 4.6436846307731949  6.9507072342156269 4.6339729631841164  6.9765368742226386 4.6237007651217041  7.002252548126755 4.6129171064307481  7.0278724051567369 4.6016601924597973  7.0534189286429605 4.5899659861258577  7.0789141384600649 4.5778703775661418  7.1043754834523645 4.5654116965675868  7.129838940811096 4.5526170446635579  7.15537105520818 4.5394960346108686  7.1810335834747558 4.5260615695839483  7.2068902174087066 4.5123256741468838  7.2330041032158814 4.4983005968875158  7.2594109990910409 4.4840250061652123  7.2861480302858048 4.4695374162542674  7.3132551223952369 4.4548769752539572  7.3407681644497504 4.4400804500486881  7.3687518352248986 4.4251972148086267  7.3972926189692467 4.4102842019060491  7.4264749155392966 4.3953983093281614  7.4563915791475788 4.380590115511855  7.4871188296579971 4.3659365360676183  7.5186566902538212 4.3516326699647285  7.5510223088578474 4.3378591753460869  7.5842320618130259 4.3248018638870658  7.6183254248493109 4.312640373959554  7.6532122114464123 4.3015982841100886  7.6887731486054962 4.2919099203852928  7.7249043054220161 4.2838035052905807  7.7614910084687434 4.2775213092538253  7.7984866815077005 4.2732476035771221  7.835943387061052 4.2710770689070729  7.87389969429403 4.2711212432926642  7.9124028964525737 4.2734871262810081  7.9515025627929692 4.2782830140242858  7.9911617486548172 4.2854586374826757  8.0313466333974439 4.294965022684524  8.0720304989698803 4.3067486633038614  8.1131835553925686 4.3207728873637805  8.1548286749226566 4.3369116639488334  8.1970268309578174 4.3549822385765227  8.2398360109218505 4.3748122484208034  8.2833341135788849 4.396236619775622  8.3275595397573721 4.4190491018703435  8.3723533691514724 4.4428555303024257  8.4175866190285387 4.4672840892410841  8.463128567675291 4.4919572307980484  8.5088774833760681 4.5164979867432349  8.5546234120349176 4.5405367490525963  8.600111610863447 4.5637030583999465  8.6450964299585973 4.5856355741745487  8.6892868906228244 4.6059373938744939  8.7325715699752919 4.6243658516300092  8.7751050207047996 4.6409174619949844  8.8169811769086142 4.6555437242339925  8.8445219493738865 4.6639867461530464  8.8582136301482386 4.6678746615610001 
 0 4 0.015151515151515152 1 0.030303030303030304 1 0.045454545454545456 1 0.060606060606060608 1 0.07575757575757576 1 0.090909090909090912 1 0.10606060606060606 1 0.12121212121212122 1 0.13636363636363635 1 0.15151515151515152 1 0.16666666666666669 1 0.18181818181818182 1 0.19696969696969696 1 0.21212121212121213 1 0.22727272727272729 1 0.24242424242424243 1 0.25757575757575757 1 0.27272727272727271 1 0.2878787878787879 1 0.30303030303030304 1 0.31818181818181818 1 0.33333333333333337 1 0.34848484848484851 1 0.36363636363636365 1 0.37878787878787878 1 0.39393939393939392 1 0.40909090909090912 1 0.42424242424242425 1 0.43939393939393939 1 0.45454545454545459 1 0.46969696969696972 1 0.48484848484848486 1 0.5 1 0.51515151515151514 1 0.53030303030303028 1 0.54545454545454541 1 0.56060606060606066 1 0.5757575757575758 1 0.59090909090909094 1 0.60606060606060608 1 0.62121212121212122 1 0.63636363636363635 1 0.65151515151515149 1 0.66666666666666674 1 0.68181818181818188 1 0.69696969696969702 1 0.71212121212121215 1 0.72727272727272729 1 0.74242424242424243 1 0.75757575757575757 1 0.77272727272727271 1 0.78787878787878785 1 0.80303030303030309 1 0.81818181818181823 1 0.83333333333333337 1 0.84848484848484851 1 0.86363636363636365 1 0.87878787878787878 1 0.89393939393939392 1 0.90909090909090917 1 0.92424242424242431 1 0.93939393939393945 1 0.95454545454545459 1 0.96969696969696972 1 0.98484848484848486 1 1 4
7 0 0  3 69 67  3.1415926774571261 3.0824979300199988  3.1326852937197578 3.0776069632743193  3.1149737843091314 3.0674787234877923  3.0887102994485893 3.0512579614621758  3.0627439205190918 3.0340190260016602  3.0370703485522328 3.0157731527177458  3.0116831952802214 2.9965278380483893  2.9865936052345372 2.9763104496789015  2.9618248406520795 2.955161208980289  2.9373987177169867 2.9331172554050808  2.913340043470968 2.9102169568395633  2.8896697608555821 2.8864967836127482  2.8663894270416708 2.861985630812216  2.8435046366559291 2.8367134966787018  2.8210210795752189 2.8107093346744607  2.7989480757783234 2.7840051742224521  2.7772779690585288 2.756607913963721  2.7560003033583031 2.7285193790433517  2.7351061751799328 2.6997408693075462  2.7145898021368766 2.6702806425484895  2.6944368216391683 2.6401153051962196  2.6746182930689399 2.6091722040893766  2.6551087406885729 2.5773879595049709  2.6358826437978733 2.544696693597964  2.6169154881032446 2.5110332475731649  2.5982236546643138 2.4763479762445271  2.5798240492923235 2.4405920276854003  2.5617345993181031 2.4037137550089023  2.5439720494722753 2.3656718979096745  2.526562510818775 2.3263699611575479  2.5095380703801435 2.2856753597574766  2.4929317664587991 2.2434652365194596  2.4767716088080518 2.1996090287806336  2.4611090900888901 2.1539980980243261  2.4461002176467113 2.1066197872793753  2.4318898634975086 2.0574482074869227  2.4186278001493378 2.0064675402145751  2.4064609107985562 1.953634916611682  2.3955591579805331 1.8991284776811148  2.386099421865242 1.8431775266122516  2.3782558123132227 1.7859927440428334  2.3722129184910998 1.7278100586119474  2.3681155433926717 1.6687701182571799  2.3660460486370729 1.6088675209622714  2.3660986480244515 1.5481243272136671  2.3683646078177674 1.4865552219794729  2.3729359113515773 1.4241769297984506  2.3798260176506427 1.3611494617800441  2.3890498057087641 1.2976339205202119  2.4006218962119665 1.2337878254330947  2.4145633283208681 1.1697819371736458  2.4308672930860382 1.1057165549949435  2.4495137345772626 1.0416451689372241  2.4704896641698233 0.97763616129583586  2.4937956494771139 0.91373890874513264  2.5194015675898691 0.85006634602996889  2.5471236023376607 0.78701088367437555  2.5768088851227295 0.72493184013879475  2.6083044546822265 0.66419680822751603  2.6414954927702956 0.60517337543310401  2.6760853134812184 0.54821107284970982  2.7117319581736186 0.49365920995251722  2.7481179768852066 0.4418535656551012  2.7848995743209577 0.39318410955984606  2.8218873850125941 0.34780535183949784  2.8591105254670821 0.30550661589601291  2.8965561759807628 0.26614595622493381  2.9216669508468227 0.24175726727272134  2.9342582418922727 0.23000000000000043 
 0 4 0.015151515151515152 1 0.030303030303030304 1 0.045454545454545456 1 0.060606060606060608 1 0.07575757575757576 1 0.090909090909090912 1 0.10606060606060606 1 0.12121212121212122 1 0.13636363636363635 1 0.15151515151515152 1 0.16666666666666669 1 0.18181818181818182 1 0.19696969696969696 1 0.21212121212121213 1 0.22727272727272729 1 0.24242424242424243 1 0.25757575757575757 1 0.27272727272727271 1 0.2878787878787879 1 0.30303030303030304 1 0.31818181818181818 1 0.33333333333333337 1 0.34848484848484851 1 0.36363636363636365 1 0.37878787878787878 1 0.39393939393939392 1 0.40909090909090912 1 0.42424242424242425 1 0.43939393939393939 1 0.45454545454545459 1 0.46969696969696972 1 0.48484848484848486 1 0.5 1 0.51515151515151514 1 0.53030303030303028 1 0.54545454545454541 1 0.56060606060606066 1 0.5757575757575758 1 0.59090909090909094 1 0.60606060606060608 1 0.62121212121212122 1 0.63636363636363635 1 0.65151515151515149 1 0.66666666666666674 1 0.68181818181818188 1 0.69696969696969702 1 0.71212121212121215 1 0.72727272727272729 1 0.74242424242424243 1 0.75757575757575757 1 0.77272727272727271 1 0.78787878787878785 1 0.80303030303030309 1 0.81818181818181823 1 0.83333333333333337 1 0.84848484848484851 1 0.86363636363636365 1 0.87878787878787878 1 0.89393939393939392 1 0.90909090909090917 1 0.92424242424242431 1 0.93939393939393945 1 0.95454545454545459 1 0.96969696969696972 1 0.98484848484848486 1 1 4
1 5.9322779630602129 4.7000000000000002 1 0 
7 0 0  3 69 67  3.7081569842109325 4.6678746615610001  3.7220596685875678 4.6639268386050912  3.7500187214633942 4.6553459174392362  3.7925153867295136 4.6404634025503109  3.8356666551078131 4.623610836521479  3.8795708512452589 4.6048419385289927  3.9243894103119779 4.5841634896668308  3.9700069346534117 4.5618316734248614  4.0161205452718312 4.5382635590552773  4.0624742860823115 4.513838949347714  4.1088017328582449 4.4889478382146013  4.1548858902752572 4.4639766835965986  4.2006354219918665 4.4393078522411358  4.2459275014211135 4.4153256645088144  4.2906407631417656 4.3924082891362701  4.3346244671121372 4.3709565477428054  4.3779138612952737 4.3511816306241453  4.4205808881904671 4.3332533179846067  4.4626780874939032 4.317348281399247  4.504260275783726 4.3036553937481665  4.545345964019627 4.2922988780777338  4.5859032912415723 4.2833012981498406  4.6259024553523718 4.2767043659359301  4.6653062887974679 4.2725446426591951  4.7040741654828748 4.270860144326277  4.7422484618144818 4.2715214138161173  4.7798684037407453 4.2744002127662561  4.8169644545490238 4.2793640961653798  4.8535781492117858 4.2862962268389726  4.8896624673442917 4.2949968128656755  4.9251084954737205 4.3052122386747866  4.9598161077462199 4.3167022845181116  4.993669086488163 4.3292196435849633  5.0265817078281412 4.3425325299601774  5.0586077773151015 4.3564746764316551  5.0897770895571322 4.3708711054584484  5.1201201146219359 4.3855525440659591  5.1496513441307341 4.4003356113430474  5.1784495649691138 4.4151508206320864  5.2066077046008603 4.4299540603521628  5.2342110319788118 4.4446950652936916  5.2613469481344204 4.4593237966705797  5.2880808761209481 4.4737963701841075  5.3144489191888464 4.488079299397512  5.3404913629727364 4.5021371328485174  5.3662457044943856 4.5159349409301859  5.3917481254601984 4.5294376716397338  5.4170632995340853 4.5426358237218656  5.4422565387397395 4.5555201474047751  5.4673911402997835 4.568080419254601  5.4925357378088995 4.5803100590022376  5.5177258034805421 4.5921831232352988  5.5429766006349643 4.6036612292422703  5.5683083713151564 4.6147087202255754  5.5937418066942186 4.6252897671358273  5.619293150110912 4.6353664138334558  5.6449559989121392 4.6448902658939168  5.6707272786519107 4.6538141523372456  5.6966031769284573 4.6620906749474837  5.7225825570270956 4.669672121008059  5.7486489757931425 4.6765141211721959  5.7747822178718335 4.6825729798664124  5.8009638438759907 4.6878051181142908  5.8271728366851097 4.6921658458112043  5.8534002467784507 4.6956154890233135  5.8796550526878111 4.6981221761771286  5.9059428932674685 4.6996525669673135  5.9234945453822148 4.6999999999999993  5.9322780322840325 4.7000000000000002 
 0 4 0.015151515151515152 1 0.030303030303030304 1 0.045454545454545456 1 0.060606060606060608 1 0.07575757575757576 1 0.090909090909090912 1 0.10606060606060606 1 0.12121212121212122 1 0.13636363636363635 1 0.15151515151515152 1 0.16666666666666669 1 0.18181818181818182 1 0.19696969696969696 1 0.21212121212121213 1 0.22727272727272729 1 0.24242424242424243 1 0.25757575757575757 1 0.27272727272727271 1 0.2878787878787879 1 0.30303030303030304 1 0.31818181818181818 1 0.33333333333333337 1 0.34848484848484851 1 0.36363636363636365 1 0.37878787878787878 1 0.39393939393939392 1 0.40909090909090912 1 0.42424242424242425 1 0.43939393939393939 1 0.45454545454545459 1 0.46969696969696972 1 0.48484848484848486 1 0.5 1 0.51515151515151514 1 0.53030303030303028 1 0.54545454545454541 1 0.56060606060606066 1 0.5757575757575758 1 0.59090909090909094 1 0.60606060606060608 1 0.62121212121212122 1 0.63636363636363635 1 0.65151515151515149 1 0.66666666666666674 1 0.68181818181818188 1 0.69696969696969702 1 0.71212121212121215 1 0.72727272727272729 1 0.74242424242424243 1 0.75757575757575757 1 0.77272727272727271 1 0.78787878787878785 1 0.80303030303030309 1 0.81818181818181823 1 0.83333333333333337 1 0.84848484848484851 1 0.86363636363636365 1 0.87878787878787878 1 0.89393939393939392 1 0.90909090909090917 1 0.92424242424242431 1 0.93939393939393945 1 0.95454545454545459 1 0.96969696969696972 1 0.98484848484848486 1 1 4
7 0 0  3 69 67  3.3489270652886178 0.23000000000000043  3.3617123583427002 0.2419384309477273  3.3872013875668241 0.26670848211267517  3.4251856722587015 0.30670227251321669  3.4629193660987441 0.34969946417524378  3.5003897386331126 0.39584534853407205  3.5376272661776866 0.44535725995350195  3.5744364408815756 0.49806973882100303  3.6104616020947722 0.55357040487528042  3.645374050888246 0.61150403096699357  3.6788189512899487 0.67149991490766947  3.710490075449659 0.73319213412941486  3.7402781669013505 0.79621802874681202  3.7680335167906693 0.86021251700221113  3.7936063611862174 0.92481902681254657  3.8168159184766708 0.98964936926859959  3.8376299673711087 1.0545809547483771  3.8560458041887022 1.119551577429587  3.8720477764787034 1.18448095999321  3.8856117901707794 1.24930303420836  3.8967326266433311 1.3139069970711283  3.9054416860436509 1.3781146950486527  3.9117624191885403 1.441760630676242  3.9157190416490888 1.504675884274786  3.9173343442597477 1.5666925689546083  3.9167157648912094 1.627781140933664  3.9139700164841962 1.6879138594132601  3.9092066012419333 1.7470564806046269  3.9025236054665418 1.8051989696958917  3.8940789085432974 1.8622025284023078  3.8840685659532226 1.9178441683772749  3.8726782222551561 1.9719237619309153  3.8600971839127523 2.0242225419771014  3.8465036783950888 2.0745754640059575  3.8320347162784141 2.1230506699649321  3.8168324119164274 2.1696879648780683  3.801033545697698 2.2145369564747148  3.7847859735744946 2.2576363785863975  3.7681356144333593 2.2991002955939992  3.7511055015684782 2.3390600519350335  3.7337236661410378 2.3776404660311026  3.7160170362307419 2.414975830899361  3.698007735317566 2.4511641431303541  3.6797102750944322 2.4862476875819208  3.6611400661803466 2.5202792274249086  3.6423116334506478 2.5533087056073978  3.6232390145999878 2.585386867655517  3.603894680888156 2.616580528759648  3.5842500742406811 2.6469572618899777  3.5642768347278491 2.6765819989869528  3.5439427049185901 2.7055294783301398  3.5232325420567636 2.7338223460124373  3.5021414068443217 2.7614497670002875  3.4806609065121306 2.788408295380727  3.458781131565301 2.814693814963344  3.4364952655777414 2.8402972896516001  3.4138148994441115 2.8651851114408866  3.390747928128488 2.889326653373594  3.3673021490208837 2.9126903749110267  3.3434817514294815 2.9352454087918614  3.3193070542883283 2.9569568884897608  3.2948015450243031 2.9777888660206382  3.2699860109956296 2.9977063656189897  3.244882589133828 3.0166715694194335  3.2195019358748862 3.0346587010920074  3.1938380656775207 3.0516606234244996  3.1678869799865663 3.0676666916047384  3.150390612358251 3.0776670339845018  3.1415925830997935 3.0824979510269994 
 0 4 0.015151515151515152 1 0.030303030303030304 1 0.045454545454545456 1 0.060606060606060608 1 0.07575757575757576 1 0.090909090909090912 1 0.10606060606060606 1 0.12121212121212122 1 0.13636363636363635 1 0.15151515151515152 1 0.16666666666666669 1 0.18181818181818182 1 0.19696969696969696 1 0.21212121212121213 1 0.22727272727272729 1 0.24242424242424243 1 0.25757575757575757 1 0.27272727272727271 1 0.2878787878787879 1 0.30303030303030304 1 0.31818181818181818 1 0.33333333333333337 1 0.34848484848484851 1 0.36363636363636365 1 0.37878787878787878 1 0.39393939393939392 1 0.40909090909090912 1 0.42424242424242425 1 0.43939393939393939 1 0.45454545454545459 1 0.46969696969696972 1 0.48484848484848486 1 0.5 1 0.51515151515151514 1 0.53030303030303028 1 0.54545454545454541 1 0.56060606060606066 1 0.5757575757575758 1 0.59090909090909094 1 0.60606060606060608 1 0.62121212121212122 1 0.63636363636363635 1 0.65151515151515149 1 0.66666666666666674 1 0.68181818181818188 1 0.69696969696969702 1 0.71212121212121215 1 0.72727272727272729 1 0.74242424242424243 1 0.75757575757575757 1 0.77272727272727271 1 0.78787878787878785 1 0.80303030303030309 1 0.81818181818181823 1 0.83333333333333337 1 0.84848484848484851 1 0.86363636363636365 1 0.87878787878787878 1 0.89393939393939392 1 0.90909090909090917 1 0.92424242424242431 1 0.93939393939393945 1 0.95454545454545459 1 0.96969696969696972 1 0.98484848484848486 1 1 4
1 3.7081569842109325 4.2299999999999995 -7.099347694311319e-15 1 
1 3.7081569842108904 4.2299999999999995 1 0 
7 0 0  3 47 45  4.0087610776428857 4.2299999999999995  4.0140385860459613 4.2300000000000004  4.0245019559731432 4.2297055724338124  4.0399124976402039 4.2284581923633198  4.0550291200057131 4.2264826175489691  4.0698418342104397 4.22385639196811  4.0843403047482392 4.2206570595980963  4.0985230354740887 4.2169352776621967  4.1123881422605075 4.2127417033836903  4.1259333583093385 4.2081269939858466  4.1391560376121497 4.2031418066919413  4.1520556092267622 4.1978204295256605  4.164631189547868 4.192197150510693  4.1768815809600444 4.1863062576707257  4.1888052736317674 4.1801820390294449  4.2003997270839282 4.1738502065531495  4.2116621337345395 4.1673364722081354  4.222589422181116 4.1606665479606955  4.233178257567638 4.1538661457771351  4.2434359399599524 4.1469458858056774  4.2533695801923974 4.1399163881945675  4.26298608746231 4.1327882730920349  4.2722921594721761 4.1255721606463132  4.2812894934992736 4.11827368692789  4.2899796526329599 4.1108984880072468  4.2983640582795921 4.1034521999548703  4.3064439885438874 4.0959404588412447  4.3142170838496963 4.0883653789942569  4.3216808772858561 4.0807290747418019  4.3288327938184681 4.0730336604117703  4.3356701506354689 4.0652812503320526  4.3421931077820792 4.0574631937068952  4.3484017492832816 4.0495708397405528  4.3542960810882212 4.0415955376372699  4.3598760299590351 4.0335286366013028  4.3651376152629009 4.0253266694257279  4.3700768113164825 4.0169461689036163  4.3746895447955874 4.008343667828056  4.3789716968542614 3.9994756989921174  4.3828669815884878 3.9903418829265096  4.3863190684844078 3.9809418401619339  4.389271593190001 3.9712751912290898  4.391668162816174 3.9613415566586836  4.3934524465457709 3.9511508513086069  4.3945681029430608 3.9407129900367486  4.3948285504162534 3.9335962551462496  4.3948285510942791 3.9300000000000002 
 0 4 0.022727272727272728 1 0.045454545454545456 1 0.068181818181818177 1 0.090909090909090912 1 0.11363636363636365 1 0.13636363636363635 1 0.15909090909090909 1 0.18181818181818182 1 0.20454545454545456 1 0.22727272727272729 1 0.25 1 0.27272727272727271 1 0.29545454545454547 1 0.31818181818181818 1 0.34090909090909094 1 0.36363636363636365 1 0.38636363636363635 1 0.40909090909090912 1 0.43181818181818182 1 0.45454545454545459 1 0.47727272727272729 1 0.5 1 0.52272727272727271 1 0.54545454545454541 1 0.56818181818181823 1 0.59090909090909094 1 0.61363636363636365 1 0.63636363636363635 1 0.65909090909090906 1 0.68181818181818188 1 0.70454545454545459 1 0.72727272727272729 1 0.75 1 0.77272727272727271 1 0.79545454545454553 1 0.81818181818181823 1 0.84090909090909094 1 0.86363636363636365 1 0.88636363636363635 1 0.90909090909090917 1 0.93181818181818188 1 0.95454545454545459 1 0.97727272727272729 1 1 4
7 0 0  3 47 45  1.5707963267948966 11.42018114357  1.5525876762290607 11.413742538584998  1.5168200821950113 11.400890570021248  1.4649868559115307 11.381718519423751  1.4148306440276519 11.362682549103756  1.3662459746248925 11.343812837090629  1.3191537254522263 11.325139561413762  1.2734470788525771 11.306681503170321  1.2290324917249311 11.288457443457512  1.1858323567627651 11.270486163372514  1.1437860055172282 11.252786444012516  1.102822289764456 11.235373001305014  1.0628788043227895 11.218260551177519  1.023903174383771 11.20146380955752  0.98585358549771507 11.184997492372522  0.94868621515374951 11.16887677953674  0.91236369772072257 11.153116850964397  0.87685565838688706 11.137732886569708  0.84213903245879196 11.122740066266894  0.80814889392840805 11.108137018555638  0.77482418804459319 11.093922371935633  0.74210852171620967 11.080094754906572  0.70995079061929334 11.066652795968125  0.67830527400681251 11.053600720911408  0.64712840681452843 11.040942755527494  0.61637935174591696 11.028683125607492  0.5860203615385664 11.016826056942492  0.55601331682922794 11.005380312307333  0.52632139674429779 10.994354654476862  0.49690945238117717 10.983757846225922  0.46774432749486561 10.973598650329361  0.43876196843629639 10.963880895104204  0.4098988626197399 10.954608408867491  0.38109251274476857 10.945785019936237  0.35228235808696828 10.937414556627489  0.32330398407300548 10.929505898668898  0.29398938721163442 10.92206792578812  0.26416866669968958 10.915109517712805  0.23367177862113586 10.90863955417062  0.20248850574297525 10.902745925866711  0.17060345501746482 10.897516523506249  0.1379964911977799 10.893039237794374  0.10464273021795219 10.889401959436251  0.070547177611617551 10.88669184500937  0.035710323849888266 10.884996051091253  0.011987072818341885 10.884599839870001  0 10.884599839870001 
 0 4 0.022727272727272728 1 0.045454545454545456 1 0.068181818181818177 1 0.090909090909090912 1 0.11363636363636365 1 0.13636363636363635 1 0.15909090909090909 1 0.18181818181818182 1 0.20454545454545456 1 0.22727272727272729 1 0.25 1 0.27272727272727271 1 0.29545454545454547 1 0.31818181818181818 1 0.34090909090909094 1 0.36363636363636365 1 0.38636363636363635 1 0.40909090909090912 1 0.43181818181818182 1 0.45454545454545459 1 0.47727272727272729 1 0.5 1 0.52272727272727271 1 0.54545454545454541 1 0.56818181818181823 1 0.59090909090909094 1 0.61363636363636365 1 0.63636363636363635 1 0.65909090909090906 1 0.68181818181818188 1 0.70454545454545459 1 0.72727272727272729 1 0.75 1 0.77272727272727271 1 0.79545454545454553 1 0.81818181818181823 1 0.84090909090909094 1 0.86363636363636365 1 0.88636363636363635 1 0.90909090909090917 1 0.93181818181818188 1 0.95454545454545459 1 0.97727272727272729 1 1 4
1 4.3948285510942791 0.39999999999999997 0 1 
1 4.3948285510931875 0.39999999999999997 1 0 
1 5.0299494096750994 0.39999999999999997 0 1 
7 0 0  3 47 45  5.0299494096750994 3.9300000000000002  5.0299494103393974 3.9336643600889993  5.0302234390968845 3.9409159305008754  5.0313865056511196 3.9515396391150297  5.0332315324112002 3.9618875030202494  5.0356884713672017 3.9719373245112473  5.0386872824084001 3.9816669058827472  5.0421924794494348 3.991113746257839  5.0461686156475665 4.0003153447596196  5.0505802871968664 4.0093092005111819  5.0553921424452968 4.0181328126356171  5.0605649563867043 4.0267760264459138  5.0660595408707785 4.0352286872550538  5.0718367555786372 4.0434806403760222  5.0778575194900499 4.0515217311218015  5.0841412142055082 4.0593959966585826  5.0907072970602059 4.0671474741525531  5.097575294892005 4.0748202007698957  5.1047647891646815 4.0824582136768024  5.1122695189792928 4.0900518459280386  5.1200833363543046 4.0975914305783689  5.1282002062117966 4.105067300682558  5.1366142104578678 4.112469789295373  5.1453270198889367 4.1197946882917496  5.1543404445611642 4.1270377895466259  5.1636564327287369 4.1341948849349412  5.1732770633076628 4.1412617663316311  5.1832058748673067 4.1482260715131787  5.1934466063137039 4.1550754382560706  5.204003190306806 4.1617975043367892  5.2148797457126976 4.1683799075318229  5.2260742193284511 4.1747991587072582  5.2375848038846451 4.1810317687291967  5.2494099380609756 4.1870542484637259  5.2615483063257615 4.1928431087769429  5.2740008151772884 4.198366131048834  5.2867686720730154 4.2035910966593786  5.2998533830622829 4.2084857869885663  5.3132567446648782 4.2130179834163775  5.3269793757554309 4.2171381127248688  5.3410222800449212 4.2207966016960956  5.3553868413448358 4.2239438771121103  5.3700748206574493 4.2265303657549689  5.3850750953028328 4.2284781007575694  5.4003768963119549 4.2297091152528115  5.4107723312264833 4.2299999999999986  5.4160168831264937 4.2299999999999995 
 0 4 0.022727272727272728 1 0.045454545454545456 1 0.068181818181818177 1 0.090909090909090912 1 0.11363636363636365 1 0.13636363636363635 1 0.15909090909090909 1 0.18181818181818182 1 0.20454545454545456 1 0.22727272727272729 1 0.25 1 0.27272727272727271 1 0.29545454545454547 1 0.31818181818181818 1 0.34090909090909094 1 0.36363636363636365 1 0.38636363636363635 1 0.40909090909090912 1 0.43181818181818182 1 0.45454545454545459 1 0.47727272727272729 1 0.5 1 0.52272727272727271 1 0.54545454545454541 1 0.56818181818181823 1 0.59090909090909094 1 0.61363636363636365 1 0.63636363636363635 1 0.65909090909090906 1 0.68181818181818188 1 0.70454545454545459 1 0.72727272727272729 1 0.75 1 0.77272727272727271 1 0.79545454545454553 1 0.81818181818181823 1 0.84090909090909094 1 0.86363636363636365 1 0.88636363636363635 1 0.90909090909090917 1 0.93181818181818188 1 0.95454545454545459 1 0.97727272727272729 1 1 4
7 0 0  3 47 45  0 9.8854001601300006  0.012213870993148458 9.8854001601299988  0.036386982771093784 9.8849833515531262  0.071846846737137107 9.8832156470107009  0.10647391477225607 9.880413384844692  0.1402249716862056 9.8766844991085936  0.17305068909139426 9.8721369238559404  0.20510471332413543 9.866827236059768  0.23653885963946963 9.8608120126931293  0.26750116801033397 9.8541478307290635  0.29813447992460718 9.8468912671406343  0.32842058847437178 9.8391040920840673  0.35833917407646476 9.8308480757156378  0.38786790074209715 9.8221849881915713  0.4169824740770357 9.8131765996681377  0.44586805239774246 9.8037973709892317  0.47471102684513861 9.7940217629987618  0.5036973506972533 9.7838242365406387  0.53301068708575428 9.773179252458764  0.56265753176465305 9.7621009741951674  0.59264715938802581 9.7506035651918808  0.62299119589868801 9.7387011888909498  0.65370370531942568 9.7264080087343796  0.68482699449739237 9.7137275919968751  0.71640609617607054 9.7006635059531181  0.74848848531503975 9.6872193178778083  0.78112342351583297 9.6733985950456134  0.81435131253065995 9.6592042480496723  0.84821758587459273 9.6446391874831061  0.88277218408031244 9.6297063239390397  0.91806895283666989 9.6144085680106031  0.95413561949469983 9.5987588007262268  0.9910067148696009 9.5827699031143521  1.0287232445776697 9.5664547562034166  1.0673320516435427 9.5498262410218562  1.1068813619963145 9.5328953569492008  1.1474296468170804 9.515673103364982  1.1890449785327508 9.498170479648735  1.2318035860264589 9.4803984851799878  1.2757750136685799 9.4623715458477218  1.321045799373985 9.4441040875409303  1.3677182559166103 9.4256105361485858  1.4159076049834356 9.4069053175596817  1.4656890722049927 9.3880197888694461  1.5171641482042704 9.3689853071731246  1.5527014009874831 9.3562172554349967  1.5707963267948966 9.3498188564299998 
 0 4 0.022727272727272728 1 0.045454545454545456 1 0.068181818181818177 1 0.090909090909090912 1 0.11363636363636365 1 0.13636363636363635 1 0.15909090909090909 1 0.18181818181818182 1 0.20454545454545456 1 0.22727272727272729 1 0.25 1 0.27272727272727271 1 0.29545454545454547 1 0.31818181818181818 1 0.34090909090909094 1 0.36363636363636365 1 0.38636363636363635 1 0.40909090909090912 1 0.43181818181818182 1 0.45454545454545459 1 0.47727272727272729 1 0.5 1 0.52272727272727271 1 0.54545454545454541 1 0.56818181818181823 1 0.59090909090909094 1 0.61363636363636365 1 0.63636363636363635 1 0.65909090909090906 1 0.68181818181818188 1 0.70454545454545459 1 0.72727272727272729 1 0.75 1 0.77272727272727271 1 0.79545454545454553 1 0.81818181818181823 1 0.84090909090909094 1 0.86363636363636365 1 0.88636363636363635 1 0.90909090909090917 1 0.93181818181818188 1 0.95454545454545459 1 0.97727272727272729 1 1 4
1 7.1600696552029302 4.2299999999999995 -1 0 
1 3.1415926535897931 20.399999999999999 1 0 
1 0 11.40827904308 0 1 
1 1.5707963267948966 11.734999999999999 0 -1 
1 5.6974997637217966 0.025100695455000155 0 1 
1 0.58568554345778967 0.025100695455000155 0 1 
1 1.5707963267948966 9.3498188564299998 0 -1 
1 0 0.23499999999999999 0 1 
1 0 11.734999999999999 1 0 
1 0 11.734999999999999 1 0 
1 0 11.734999999999999 1 0 
1 2.9342582418923522 0.23000000000000043 -1 0 
1 1.5707963267948966 0.23000000000000043 -1 0 
1 6.2831853071795862 0.23000000000000043 -1 0 
1 4.7123889803846897 0.23000000000000043 -1 0 
1 0 11.734999999999999 1 0 
1 0 10.884599839870001 0 1 
1 0 7.8350000000000009 0 1 
7 0 0  1 2 2  1.5707963267948966 11.734999999999999  1.5682546250406872 7.8350000000000009 
 -0 2 3.9000000809531286 2
1 0 0.049999999999999822 0 1 
1 0 0.076999999999999957 0 1 
1 1.5707963267948966 0.076999999999999957 -2.4764046295069993e-07 0.99999999999996936 
1 0 0.049999999999998934 0 1 
1 1.5707943946695628 5.1769999999999996 -1 0 
1 0 0.076999999999999957 -6.0174383994156721e-10 1 
1 0 0.076999999999999957 1 0 
1 0 11.73 1 0 
1 1.5707963267948966 11.73 1 0 
1 3.1415926535897931 11.73 1 0 
1 4.7123889803846897 11.73 1 0 
1 6.2831853071795862 0.22510069545500011 -1 0 
1 0 0.23499999999999999 1 0 
1 0 0.23499999999999999 1 0 
1 0.77361282964354261 0.076999999999999957 1 0 
1 0 0.076999999999999957 1 0 
1 0.77361272531937875 0.23499999999999999 1 0 
1 0.5856855434571967 0.22510069545500011 -1 0 
1 1.5707963267948966 11.73 0 -1 
1 0 0.23000000000000043 0 1 
1 1.5707963267948966 0.23000000000000043 0 1 
1 0 0.97510069545400047 1 0 
1 3.1415926535897931 0.97510069545400047 1 0 
1 3.1415926535897931 11.73 2.7600389166327517e-09 -1 
1 3.1415925830997935 3.0824979510269994 8.151457929654612e-09 1 
1 4.7123889803846897 11.73 0 -1 
1 4.7123889803846897 0.23000000000000043 0 1 
1 3.1415926535897931 0.025100695455000155 -1 0 
1 6.2831853071795862 0.025100695455000155 -1 0 
1 6.2831853071795862 11.73 0 -1 
1 3.141592653589933 0.025100695455000155 0 1 
1 3.141592653589933 0.025100695455000155 0 1 
1 0 0.97510069545500011 0 -1 
1 6.2831853071795862 0.97510069545500011 0 -1 
1 0 0.97510069545400047 0 -1 
1 6.2831853071795862 0.97510069545400047 0 -1 
1 3.141592653589933 0.025100695455000377 0 1 
1 3.141592653589933 0.025100695455000377 0 1 
1 5.6974997637223899 0.025100695455000155 1 0 
1 6.2831853071795862 0.22510069545500011 0 -1 
1 0 0.025100695455000155 0 1 
1 0 0.025100695455000155 1 0 
1 1.5707963267948966 11.734999999999999 0 -1 
1 1.5707963267948966 9.9169188104600003 0 -1 
1 0 0.23499999999999999 0 1 
1 0.79718356664929046 0.23499999999999999 -3.414624966222623e-09 1 
1 0.77361279491870216 0.076999999999999971 -3.4048457517473828e-09 1 
1 0.79718354923013302 5.335 1 0 
1 1.5707963267948966 11.734999999999999 0 -1 
1 0 5.335 0 1 
1 0 5.335 1 0 
1 1.5542953031782623 7.8350000000000009 0 -1 
1 0.20115413744164601 0.049999999999998934 0 1 
7 0 0  1 2 2  1.5542953031795805 7.8350000000000009  1.5679268956173351 7.8350000000000009 
 0 2 0.016657214660975753 2
1 0.20115413744033889 0.049999999999998934 -1 0 
1 0.20115413744033889 2.5499999999999998 -1 0 
7 0 0  1 2 2  0 0.049999999999998934  0.18449692277936358 0.049999999999998934 
 0 2 1 2
1 0 7.8350000000000009 1 0 
1 0.33865886661100952 2.5500000000000007 -1 0 
1 0.20627465097440006 5.335 0 1 
1 0.33865886661234645 0.049999999999999822 0 1 
1 0.20627465097366376 5.335 1 0 
1 0.77361276014560565 0.23499999999999999 3.4147410824895514e-09 1 
1 0.79718353187619495 0.076999999999999971 3.4049619333215482e-09 1 
1 0.7971835492456204 5.1769999999999996 -1 0 
1 0 0.049999999999999822 1 0 
1 1.5707963267948966 5.1769999999999996 -1 0 
1 1.5707963267948966 0.076999999999999957 0 1 
1 0.11687513122863476 0.025100695455299991 0 1 
1 0.81348370880026699 0.025100695455299991 1.243449787580175e-14 1 
7 0 0  1 2 2  0.88331065331144831 0.025100695455299991  0.11687513122863213 0.025100695455299991 
 0 2 1 2
1 0.88331065331144831 0.27510069545530003 1.7763568394002501e-15 -1 
1 0.18687439222647986 0.27510069545530003 0 -1 
7 0 0  1 2 2  0.81314099236597959 0.025100695455299991  0.18687439222648108 0.025100695455299991 
 0 2 1 2
1 0.81314099236597792 0.025100695455299991 6.6613381477509377e-15 1 
1 1.6059726694051302 0.255 0 -1 
1 1.2303212625995958 0.0050000000000000044 0 1 
1 1.2303212013549634 0.0050000000000000044 1 0 
1 9.2344155635448075 0.27510069545530003 0 -1 
1 3.3117094042456112 0.025100695455300026 1 0 
1 6.2831853071795862 0.025100695455300026 1 0 
1 3.3117094042453243 0.025100695455300026 2.7693403126249905e-12 1 
1 4.728948434968137 0.025100695455300026 1 0 
1 3.1415926535897931 0.025100695455300026 1 0 
1 0.25850870852459834 0.025100695455300026 1 0 
1 5.4388525141439867 0.025100695455300026 -1 0 
7 0 0  1 2 2  0.8134837088002701 0.025100695455299991  0.1865289148204107 0.025100695455299991 
 0 2 1 2
1 5.3664782720527962 0.27510069545530003 0 -1 
1 4.7289484396809627 0.025100695455300026 -2.3792523506926955e-11 1 
1 5.9777043698565544 0.27510069545530003 3.4567904094728874e-12 -1 
1 0.25850870886859428 0.025100695455300026 1.5860868174399911e-11 1 
1 4.7404236089484293 0.025100695455300026 7.8351547472266247e-11 1 
1 5.4388525151031191 0.27510069545530003 -6.9586292283929652e-10 -1 
1 0.18652891482040856 0.27510069545530003 0 -1 
1 4.7123889803846897 1.1300000000000001 0 1 
1 3.1415926535897931 0.21765107754200042 -1 0 
1 3.1415926535897931 0.21765107754200042 -1 0 
7 0 0  3 25 23  1.808097637172392 0.15405830077325516  1.7827391136523805 0.15405830077321728  1.7331413834552949 0.15405830077312468  1.6612801466151979 0.15405830077295776  1.5911000575308432 0.1540583007727839  1.5218575706952313 0.15405830077262805  1.4528366209835266 0.15405830077249366  1.3833369014298253 0.15405830077242402  1.3126231139869715 0.15405830077239976  1.239963795929935 0.15405830077245319  1.1643401402731297 0.1540583007725646  1.0853572023256743 0.15405830077272573  0.99962566082725923 0.15405830077292881  0.91397938191793948 0.15405830077304816  0.83502206531048673 0.15405830077310301  0.75942836908450584 0.15405830077310897  0.6867879562317577 0.15405830077308902  0.6160873508859469 0.1540583007730647  0.54659444426369341 0.15405830077304647  0.47757454180414399 0.15405830077306396  0.40832729486732383 0.15405830077311949  0.33813645857135066 0.1540583007732092  0.26625805871113939 0.15405830077333341  0.21664404445364821 0.15405830077342414  0.19154090428035203 0.15405852442388468 
 0 4 0.14281676945140134 1 0.28563353890280269 1 0.42845030835420406 1 0.57126707780560537 1 0.71408384725700669 1 0.85690061670840811 1 0.99971738615980943 1 1.1425341556112107 1 1.2853509250626121 1 1.4281676945140134 1 1.5709844639654147 1 1.7138012334168162 1 1.8566180028682175 1 1.9994347723196189 1 2.14225154177102 1 2.2850683112224215 1 2.427885080673823 1 2.5707018501252241 1 2.7135186195766257 1 2.8563353890280267 1 2.9991521584794283 1 3.1419689279308294 4
1 0.58563421908747559 2.0398395773099995 7.8874205850087128e-09 -1 
7 0 0  3 25 23  1.8080976372253892 0.15405830077462676  1.7827423124727031 0.15405830077466673  1.7331507040018139 0.15405830077475824  1.6612981174441952 0.15405830077492161  1.591126454504501 0.15405830077510585  1.5218924321681484 0.15405830077529412  1.452880249618657 0.15405830077548924  1.3833898537837706 0.15405830077569521  1.3126863008323035 0.15405830077590937  1.2400382652793054 0.15405830077613089  1.1644281506476064 0.15405830077641186  1.0854586200782861 0.15405830077663177  0.99975199937717363 0.1540583007771775  0.91410190787195544 0.15405830077672258  0.8351493348424911 0.15405830077654661  0.75955906986653865 0.15405830077631014  0.68692355750858403 0.15405830077609345  0.61622873859451488 0.1540583007758568  0.5467428580687157 0.15405830077559923  0.47773137234118185 0.1540583007753169  0.40849420073734471 0.15405830077497737  0.3383154235958159 0.15405830077460578  0.26645147419405391 0.15405830077419458  0.21684908422132909 0.15405830077390426  0.19148748688182801 0.15405830077375646 
 0 4 0.14279873868915047 1 0.28559747737830093 1 0.42839621606745137 1 0.57119495475660187 1 0.71399369344575236 1 0.85679243213490275 1 0.99959117082405324 1 1.1423899095132037 1 1.2851886482023542 1 1.4279873868915047 1 1.5707861255806552 1 1.7135848642698055 1 1.856383602958956 1 1.9991823416481065 1 2.1419810803372572 1 2.2847798190264075 1 2.4275785577155577 1 2.5703772964047085 1 2.7131760350938587 1 2.8559747737830095 1 2.9987735124721597 1 3.1415722511613104 4
1 0.58563421908267854 2.0398395773139999 7.8902990497421381e-09 -1 
7 0 0  3 25 23  1.8080976372345725 0.15405830077682253  1.7827391137127564 0.15405830077691868  1.7331413835123164 0.15405830077708935  1.6612801466678546 0.15405830077728974  1.5911000575796899 0.15405830077745117  1.5218575707407513 0.15405830077756516  1.4528366210261694 0.15405830077764157  1.3833369014699906 0.15405830077770283  1.3126231140250815 0.15405830077774796  1.2399637959663552 0.15405830077780736  1.1643401403084686 0.15405830077790103  1.0853572023597946 0.15405830077796076  0.99962566086306426 0.15405830077825186  0.9139793819472829 0.15405830077784999  0.83502206533620382 0.15405830077768465  0.75942836910631961 0.15405830077752844  0.6867879562501199 0.15405830077740912  0.61608735090101219 0.15405830077732993  0.5465944442756272 0.15405830077726976  0.47757454181306408 0.15405830077722868  0.40832729487330821 0.15405830077718968  0.33813645857446517 0.15405830077715696  0.26625805871141334 0.15405830077712115  0.21664404445203725 0.15405830077708793  0.19154090428353104 0.15405852442815671 
 0 4 0.14281676945225594 1 0.28563353890451187 1 0.42845030835676778 1 0.57126707780902375 1 0.71408384726127971 1 0.85690061671353557 1 0.99971738616579153 1 1.1425341556180475 1 1.2853509250703035 1 1.4281676945225594 1 1.5709844639748154 1 1.7138012334270711 1 1.8566180028793271 1 1.9994347723315831 1 2.142251541783839 1 2.285068311236095 1 2.427885080688351 1 2.5707018501406069 1 2.7135186195928629 1 2.8563353890451189 1 2.9991521584973748 1 3.1419689279496308 4
1 0.58563421908563307 2.0398395773109996 7.8891509736903317e-09 -1 
7 0 0  3 25 23  1.8080976372313198 0.15405830077319235  1.7827423124784305 0.15405830077322716  1.7331507040071785 0.15405830077329596  1.6612981174491261 0.1540583007734006  1.5911264545090908 0.15405830077351643  1.5218924321724714 0.15405830077363267  1.4528802496227762 0.15405830077376378  1.3833898537877383 0.1540583007738992  1.3126863008361593 0.15405830077405613  1.2400382652830768 0.15405830077422497  1.1644281506513334 0.15405830077444185  1.0854586200819174 0.15405830077460361  0.99975199938096371 0.15405830077504443  0.91410190787497592 0.15405830077454619  0.83514933484512777 0.15405830077431437  0.75955906986880428 0.15405830077404881  0.68692355751056822 0.15405830077384247  0.61622873859626282 0.15405830077369151  0.54674285807027068 0.1540583007735862  0.4777313723425598 0.15405830077354316  0.40849420073853937 0.15405830077356084  0.33831542359680328 0.15405830077361757  0.26645147419478488 0.15405830077372376  0.21684908422183136 0.15405830077381263  0.19148748688219586 0.15405830077385949 
 0 4 0.14279873868976098 1 0.28559747737952196 1 0.42839621606928291 1 0.57119495475904392 1 0.71399369344880492 1 0.85679243213856582 1 0.99959117082832682 1 1.1423899095180878 1 1.2851886482078487 1 1.4279873868976098 1 1.5707861255873707 1 1.7135848642771316 1 1.8563836029668928 1 1.9991823416566536 1 2.1419810803464148 1 2.2847798190361757 1 2.4275785577259366 1 2.5703772964156975 1 2.7131760351054588 1 2.8559747737952197 1 2.9987735124849806 1 3.1415722511747415 4
1 0.58563421908351188 2.03983957731 7.8900698322014966e-09 -1 
1 3.1415926535897931 0.21765107754200042 -1 0 
1 3.1415926535897931 0.21765107754200042 -1 0 
1 3.1415926535897931 0.21765107754200042 0 -1 
1 0 0.017651077542000237 0 1 
1 2.7658423873654381 0.017651077542000237 0 1 
1 3.1415926535897931 0.017651077542000237 -1 0 
1 0 0.017651077542000237 0 1 
1 0.37575026622437779 0.017651077542000237 -1 0 
1 0.37575026622435453 0.017651077542000237 0 1 
7 0 0  1 2 2  0.37575026622435453 0.078752408351999925  0.59812957026187286 0.03658506036400011 
 0 2 1 2
7 0 0  1 2 2  0.5981295702595667 0.036585060365000199  0.73525192677195672 0.017651077542000237 
 0 2 1 2
7 0 0  1 2 2  0 0.39058656953299975  0.19971261994021342 0.37236994125000011 
 0 2 1 2
1 2.4063407268193955 0.017651077542000237 -1 0 
7 0 0  1 2 2  2.406340726817835 0.017651077542000237  2.5434630833302263 0.036585060365000199 
 0 2 1 2
7 0 0  1 2 2  0.19971261994021342 0.053455371117999917  0 0.035238742834999837 
 0 2 1 2
7 0 0  1 2 2  2.5434630833279206 0.03658506036400011  2.7658423873654381 0.078752408351999925 
 0 2 1 2
1 0.78539816339826052 0.01291265618400006 -1 0 
1 0.78539816341576085 0.41291265618399997 -1 0 
1 0 0.41291265618399997 1 0 
1 0 0.01291265618400006 1 0 
1 0 0.01291265618400006 1 0 
7 0 0  1 2 2  0.008503529714881216 0.012912656183999924  0.98852272958878296 0.012912656183999924 
 0 2 1 2
1 0.78539816339744828 0.41291265618399997 0 -1 
7 0 0  1 2 2  0.0085035297148502807 0.41291265618400008  0.98852272958878296 0.41291265618400008 
 0 2 1 2
1 0 0.41291265618399997 1 0 
1 0 0.41291265618399997 1 0 
1 0 0.01291265618400006 1 0 
1 0.7853981633978 0.01291265618400006 -1 0 
1 0.78539816339825219 0.41291265618399997 -1 0 
1 0.0085035297148503188 0.41291265618400008 7.0386405037758924e-15 -1 
1 2.4646491126880332 0.41291265618399997 3.230749001659206e-13 -1 
1 0 0.01291265618400006 0 1 
1 1.9057588632986293 0.41291265618399997 7.9880546621780033e-13 -1 
1 0 0.01291265618400006 0 1 
1 1.3962634015822077 0.41291265618399997 -2.250422070915193e-11 -1 
1 0 0.01291265618400006 0 1 
1 0 0.01291265618400006 0 1 
1 0.78539816340074764 0.41291265618399997 -1.4940826353893047e-11 -1 
1 0 0.035238742834999837 0 1 
1 0.19971261994021342 0.01291265618400006 1.8621142120701695e-13 1 
1 0.19971261994021342 0.37236994125000011 -1.7251940494179512e-13 1 
1 4.7123889803846897 1.1320000000000001 0 1 
1 4.7123889803846897 6.7320000000000002 0 -1 
1 3.141607189099374 0.52359877559802037 -1 1.0604368319255449e-16 
1 1.0471975885771272 2.0400012145990005 7.0713708306036131e-12 -1 
1 3.1416071890993731 0.52359877559802093 -1 -3.5347948592985856e-17 
1 1.0471975885771272 2.0400012145990001 7.0713674256089492e-12 -1 
1 0.19971261994021342 0.01291265618400006 1.8621142120701695e-13 1 
1 2.4063407268193955 0.017651077542000237 -1 0 
1 0.19971261994021342 0.37236994125000011 -1.7251940494179512e-13 1 
1 0.37575026622437779 0.017651077542000237 -1 0 
1 3.1415926535897931 0.017651077542000237 -1 0 
1 3.1415926535897931 0.017651077542000237 -1 0 
1 3.1415926535897931 0.017651077542000237 -1 0 
1 3.1416071890993797 0.52359877559802093 -1 -7.0695788795036243e-17 
1 1.0471975885771272 2.0400012145990001 7.0713708306036115e-12 -1 
1 3.1416071890993673 0.52359877559801982 -1 3.181315373368732e-16 
1 1.0471975885771272 2.0400012145990001 7.0708123557931319e-12 -1 
1 3.1423524588311369 1.5707964204180114 -5.6825920298423719e-14 -1 
7 0 0  1 2 2  0 0.040000029810000282  1.0471973202948206 0.040000029803114678 
 0 2 1.0471973671064176 2
1 0.00076201962948155267 1.5707963267948974 1 -2.1208880168083057e-16 
1 0.00076901716652324743 0.52359878504323243 6.7586781553946465e-15 1 
7 0 0  1 2 2  1.0471975885207323 2.0400018721882436  0 2.0400010744189139 
 0 2 1.0471976352856089 2
7 0 0  1 2 2  1.0471975885207323 2.0400018721882427  4.6773320327986312e-08 2.040001074418957 
 0 2 1.0471975885532887 2
1 0.00076901716650881497 0.52359878504323298 9.2943217488366877e-15 1 
1 4.6800000319535684e-08 0.039971362104000097 -8.0187923629728458e-12 1 
1 3.1423524588311347 1.5707964204180136 -5.8946290458812537e-14 -1 
7 0 0  1 2 2  0 0.04000002981000006  1.0471973202948206 0.040000029803114678 
 0 2 1.0471973671064201 2
1 0.00076201962948011144 1.5707963267948966 1 -2.8278497685852846e-16 
1 4.6800000319535684e-08 0.039971362104000097 -8.0193469855205084e-12 1 
1 3.1423524588311404 1.5707964204180125 -5.89462904588126e-14 -1 
7 0 0  1 2 2  0 0.04000002981000006  1.0471973202948206 0.040000029803114456 
 0 2 1.0471973671064176 2
1 0.00076201962948938462 1.5707963267948974 1 -5.6557013781554645e-16 
1 0.00076901716651880654 0.52359878504323243 5.3898594683163283e-15 1 
7 0 0  1 2 2  1.0471975885207323 2.0400018721882436  0 2.0400010744189139 
 0 2 1.0471976352856089 2
7 0 0  1 2 2  1.0471975885207323 2.0400018721882436  4.6773320327986312e-08 2.0400010744189574 
 0 2 1.0471975885532887 2
1 0.00076901716651436565 0.52359878504323243 9.6026450399667417e-15 1 
1 4.6800000319535684e-08 0.039971362104000097 -8.0187923629728425e-12 1 
1 3.1423524588311329 1.5707964204180125 -5.5129624170112508e-14 -1 
7 0 0  1 2 2  0 0.040000029810000282  1.0471973202948206 0.040000029803115122 
 0 2 1.047197367106419 2
1 0.00076201962946836324 1.5707963267948966 1 7.0696244214632164e-17 
1 4.6800000319535684e-08 0.039971362104000097 -8.0187918981677407e-12 1 
1 0.78539816339826052 0.01291265618400006 -1 0 
1 2.7658423873654381 0.017651077542000237 0 1 
1 0.78539816341576085 0.41291265618399997 -1 0 
1 0 0.41291265618399997 1 0 
1 0 0.01291265618400006 1 0 
1 0 0.01291265618400006 1 0 
7 0 0  1 2 2  0.008503529714881216 0.012912656183999924  0.98852272958878296 0.012912656183999924 
 0 2 1 2
1 0.78539816339744828 0.41291265618399997 0 -1 
7 0 0  1 2 2  0.0085035297148502807 0.41291265618400008  0.98852272958878296 0.41291265618400008 
 0 2 1 2
1 0 0.41291265618399997 1 0 
1 0 0.41291265618399997 1 0 
1 0 0.01291265618400006 1 0 
1 0.7853981633978 0.01291265618400006 -1 0 
1 0.37575026622435453 0.017651077542000237 0 1 
1 0.78539816339825219 0.41291265618399997 -1 0 
1 0.0085035297148503188 0.41291265618400008 7.0386405037758924e-15 -1 
1 2.4646491126880332 0.41291265618399997 3.230749001659206e-13 -1 
1 0 0.01291265618400006 0 1 
1 1.9057588632986293 0.41291265618399997 7.9880546621780033e-13 -1 
1 0 0.01291265618400006 0 1 
1 1.3962634015822077 0.41291265618399997 -2.250422070915193e-11 -1 
1 0 0.01291265618400006 0 1 
1 0 0.01291265618400006 0 1 
1 0.78539816340074764 0.41291265618399997 -1.4940826353893047e-11 -1 
7 0 0  1 2 2  0.37575026622435453 0.078752408351999925  0.59812957026187286 0.03658506036400011 
 0 2 1 2
7 0 0  1 2 2  2.5434630833279206 0.03658506036400011  2.7658423873654381 0.078752408351999925 
 0 2 1 2
1 0 0.035238742834999837 0 1 
1 3.1415926535897931 0.21765107754200042 0 -1 
1 0 0.017651077542000237 0 1 
7 0 0  1 2 2  0.5981295702595667 0.036585060365000199  0.73525192677195672 0.017651077542000237 
 0 2 1 2
7 0 0  1 2 2  0 0.39058656953299975  0.19971261994021342 0.37236994125000011 
 0 2 1 2
7 0 0  1 2 2  2.406340726817835 0.017651077542000237  2.5434630833302263 0.036585060365000199 
 0 2 1 2
7 0 0  1 2 2  0.19971261994021342 0.053455371117999917  0 0.035238742834999837 
 0 2 1 2
1 0 0.017651077542000237 0 1 
1 3.1415926535897931 0.21765107754200042 0 -1 
1 3.1415926535897931 0.21765107754200042 0 -1 
1 6.2831853071795862 6.7320000000000002 0 -1 
1 4.7123889803838326 6.7320000000000002 1 0 
1 0 1.1320000000000001 0 1 
1 0.7886343980586068 6.7320000000000002 2.7557321504088705e-15 -1 
1 0 6.7320000000000002 1 0 
1 0.78863439806569824 1.1320000000000001 -2.1771870021122402e-12 1 
1 1.5707963267948966 6.7320000000000002 0 -1 
1 0.78863439805422686 6.7320000000000002 1 0 
1 1.5707963267948966 1.1320000000000001 0 1 
1 2.3529582555311865 6.7320000000000002 -2.1065688875816184e-12 -1 
1 1.5707963267944258 6.7320000000000002 1 0 
1 2.3529582555311896 1.1320000000000001 2.4036328483134639e-13 1 
1 3.1415926535897931 6.7320000000000002 0 -1 
1 2.3529582555363451 6.7320000000000002 1 0 
1 3.1415926535897931 1.1320000000000001 0 1 
1 3.1415926535889449 6.7320000000000002 1 0 
1 4.7123889803842633 -0.070710678118584475 1 0 
1 6.2831853071795862 0.070710678118654821 0 -1 
1 4.7123889803846897 -0.070710678118655446 1.3816813636417145e-13 1 
1 4.7123889803846897 0.070710678118654821 1.3063169256248936e-12 -1 
1 3.1415926535893668 -0.070710678118584475 1 0 
1 3.1415926535897931 0.07071067811858385 1 0 
1 6.2831853071795862 6.6299999999999999 -1 0 
1 3.1415926535897931 -0.070710678118655446 6.2803698347350944e-13 1 
1 3.1415926535897931 0.070710678118654502 8.7925177686291316e-13 -1 
1 2.3529582555351425 -0.070710678118584447 1 -3.5194477547637368e-17 
1 2.352958255536699 0.070710678118583808 1 5.279171632156025e-17 
1 0.78863439805309432 6.6299999999999999 -1 0 
1 2.3529582555347108 -0.070710678118993467 1.5028925014459426e-11 1 
1 2.3529582555359019 0.070710678118896572 7.6620511983723686e-13 -1 
1 1.570796326795838 -0.070710678118584475 1 -8.8714288549734996e-17 
1 1.5707963267947931 0.07071067811858385 1 1.0645714625986048e-16 
1 1.5707963267950003 6.6299999999999999 -1 0 
1 1.5707963267948966 -0.070710678118655446 -1.2026908233517652e-12 1 
1 0.78863439805196422 -0.070710678118584558 1 1.0645714625961223e-16 
1 1.5707963267948966 0.070710678118654502 6.4373790806034712e-13 -1 
1 0.78863439805281166 0.070710678118584086 1 -3.0162858106922808e-16 
1 2.3529582555369815 6.6299999999999999 -1 0 
1 0.78863439805153512 -0.07071067811849506 5.3587255614846152e-12 1 
1 0.78863439805389102 0.070710678118896697 8.797228046031272e-12 -1 
1 0 -0.070710678118584475 1 -8.7986193869440957e-17 
1 0 0.07071067811858385 1 0 
1 3.1415926535900001 6.6299999999999999 -1 0 
1 0 -0.07071067811865514 0 1 
1 3.1415926535897931 6.6299999999999999 0 -1 
1 2.3529582555335371 1.1300000000000001 6.7218957672759482e-13 1 
1 2.3529582555359019 6.6299999999999999 -7.5834288343850697e-13 -1 
1 1.5707963267948966 1.1300000000000001 0 1 
1 1.5707963267948966 6.6299999999999999 0 -1 
1 0.78863439805625613 1.1300000000000001 -7.1229890672632545e-13 1 
1 0.78863439805389235 6.6299999999999999 6.2113950346801261e-13 -1 
1 0 1.1300000000000001 0 1 
1 6.2831853071795862 6.6299999999999999 0 -1 
7 0 0  1 2 2  1.8084076071315245 0.84595098713163341  1.8084149310683362 0.15405847074742596 
 6.28317778939092 2 6.8687831267371227 2
1 -6.2831853071795862 0.040000124011999816 1 0 
7 0 0  3 25 23  0.19181574295848866 0.84595093418170475  0.21717619025087553 0.84595093418165324  0.26677734674565928 0.84595093418152933  0.33864261650607524 0.84595093418130529  0.4088258082424972 0.84595093418106915  0.47807057706924655 0.84595093418084188  0.54709306368518063 0.8459509341806446  0.61659362936625595 0.84595093418048495  0.687307557115034 0.84595093418037315  0.75996642344068221 0.8459509341803082  0.83558853712078185 0.84595093418027245  0.91457048679771269 0.84595093418029799  1.0002950759873119 0.84595093418024736  1.085952418285463 0.84595093418052281  1.164914183364272 0.84595093418068401  1.2405126794995447 0.84595093418084266  1.3131566453364769 0.84595093418098311  1.3838601828425672 0.84595093418110789  1.453355379016364 0.84595093418122513  1.52237704085493 0.84595093418133871  1.5916255625997047 0.84595093418145217  1.6618172266593803 0.84595093418156553  1.7336960261276817 0.84595093418168221  1.783310019309029 0.84595093418175593  1.808677934775631 0.84595093418179113 
 6.2829383862528356 4 6.4257586203669845 1 6.5685788544811334 1 6.7113990885952823 1 6.8542193227094312 1 6.9970395568235801 1 7.139859790937729 1 7.2826800250518779 1 7.4255002591660269 1 7.5683204932801758 1 7.7111407273943247 1 7.8539609615084736 1 7.9967811956226225 1 8.1396014297367714 1 8.2824216638509203 1 8.4252418979650692 1 8.5680621320792181 1 8.710882366193367 1 8.8537026003075159 1 8.9965228344216648 1 9.1393430685358137 1 9.2821633026499626 1 9.4249835367641115 4
7 0 0  1 2 2  0.19154090428035203 0.15405852442388468  0.19181574295848847 0.84594197656440218 
 4.5348164974488918e-05 2 0.58564293630356834 2
1 0.58564293630356878 2.0400063246220004 -1 0 
1 -1.092001000136584e-06 0.040034314676000209 1.1074524060741041e-06 0.99999999999938693 
1 0 0.04000012401200026 1 0 
7 0 0  1 2 2  1.8084076074378204 0.84594197667690241  1.8084149311390065 0.15405847074859441 
 0 2 0.58559781956087009 2
7 0 0  3 25 23  0.19181574296649584 0.84595093418165224  0.21717210021446104 0.84595093418164202  0.26676542937637926 0.84595093418161504  0.33861963903544251 0.84595093418154044  0.4087920575000647 0.84595093418140854  0.47802600426059044 0.84595093418122136  0.54703728205651547 0.84595093418099243  0.61652592765750536 0.8459509341807151  0.68722677087743811 0.84595093418040046  0.75987121410485292 0.84595093418009548  0.83547601372737013 0.84595093417976852  0.91444083492115602 0.84595093417955392  1.0001335233183728 0.84595093417916789  1.0857957529033317 0.84595093417970024  1.1647514519358506 0.84595093417999823  1.2403455635001273 0.84595093418033995  1.3129832652502134 0.84595093418061085  1.3836794062387974 0.84595093418083256  1.4531656209239014 0.84595093418099154  1.5221765234286366 0.84595093418110268  1.5914121654349507 0.84595093418116873  1.6615884136384034 0.84595093418121703  1.733448740256343 0.8459509341812671  1.7830478734498632 0.84595093418131739  1.8084076074378219 0.8459509341813507 
 6.2829383862889978 4 6.4257355668923228 1 6.5685327474956479 1 6.7113299280989729 1 6.8541271087022979 1 6.9969242893056229 1 7.139721469908948 1 7.282518650512273 1 7.425315831115598 1 7.568113011718923 1 7.7109101923222481 1 7.8537073729255731 1 7.9965045535288981 1 8.1393017341322231 1 8.282098914735549 1 8.4248960953388732 1 8.5676932759421991 1 8.7104904565455232 1 8.8532876371488491 1 8.9960848177521733 1 9.1388819983554992 1 9.2816791789588233 1 9.4244763595621492 4
7 0 0  1 2 2  0.19180576123088439 0.15401484388170361  0.19181574296649387 0.84594197657233849 
 8.7172175349247842e-06 2 0.58564293630501052 2
1 0.58564293630501085 2.0400063246190001 -1 0 
1 -1.0920036664610704e-06 0.040034314687000021 1.1074536563659987e-06 0.99999999999938682 
7 0 0  1 2 2  1.8084076071909159 0.84595098713193251  1.8084149311281532 0.15405847075318277 
 6.2831777893949194 2 6.8687831267334376 2
1 -6.2831853071795862 0.040000124011999816 1 0 
7 0 0  3 25 23  0.19181574296583515 0.84595093418155853  0.21717619025745333 0.84595093418151868  0.2667773467509062 0.84595093418142953  0.33864261650978894 0.84595093418126155  0.40882580824496761 0.84595093418105194  0.47807057707064982 0.84595093418079392  0.54709306368555455 0.8459509341805117  0.61659362936553552 0.84595093418022471  0.68730755711303304 0.84595093417994338  0.75996642343710796 0.84595093417972034  0.8355885371151307 0.84595093417958356  0.91457048678966801 0.84595093417952427  1.0002950759751248 0.84595093417968859  1.0859524182718823 0.84595093417961753  1.164914183349036 0.84595093417968525  1.2405126794830508 0.84595093417978184  1.3131566453187997 0.84595093417992662  1.3838601828237722 0.84595093418011347  1.4533553789963973 0.84595093418032774  1.5223770408336745 0.84595093418057288  1.5916255625769329 0.845950934180832  1.6618172266347726 0.84595093418110745  1.7336960261007968 0.84595093418139544  1.7833100192802158 0.84595093418159162  1.8086779347457242 0.8459509341816901 
 6.2829383863313231 4 6.4257586204378558 1 6.5685788545443886 1 6.7113990886509205 1 6.8542193227574533 1 6.997039556863986 1 7.1398597909705188 1 7.2826800250770507 1 7.4255002591835835 1 7.5683204932901162 1 7.711140727396649 1 7.8539609615031818 1 7.9967811956097137 1 8.1396014297162473 1 8.2824216638227792 1 8.4252418979293111 1 8.5680621320358448 1 8.7108823661423767 1 8.8537026002489103 1 8.9965228343554422 1 9.1393430684619741 1 9.2821633025685077 1 9.4249835366750396 4
7 0 0  1 2 2  0.19154090428353104 0.15405852442815671  0.19181574296583506 0.84594197656785142 
 4.5348166961933876e-05 2 0.58564293630573161 2
1 0.58564293630573216 2.0400063246210003 -1 0 
1 -1.0920013332008975e-06 0.040034314675999987 1.1074524819400999e-06 0.99999999999938693 
1 0 0.040000124012000038 1 0 
7 0 0  1 2 2  1.8084076074396433 0.84594197667614313  1.8084149311377826 0.15405847074846618 
 0 2 0.58559781956326828 2
7 0 0  3 25 23  0.19181574296957743 0.84595093418229139  0.217172100217429 0.8459509341822451  0.26676542937913494 0.84595093418216072  0.33861963903791542 0.84595093418205347  0.40879205750225811 0.84595093418195688  0.47802600426255676 0.84595093418186629  0.54703728205832214 0.84595093418177525  0.61652592765920644 0.845950934181676  0.68722677087910022 0.84595093418157385  0.75987121410655978 0.84595093418146239  0.8354760137292 0.84595093418134515  0.91444083492316142 0.84595093418125011  1.0001335233207733 0.84595093418109402  1.0857957529056479 0.845950934181252  1.164751451938111 0.8459509341813225  1.2403455635022425 0.84595093418140788  1.3129832652521731 0.8459509341814937  1.3836794062405837 0.84595093418157585  1.4531656209255419 0.84595093418166634  1.5221765234301607 0.84595093418176337  1.5914121654364204 0.84595093418186362  1.6615884136398849 0.84595093418196943  1.7334487402579388 0.84595093418208156  1.7830478734515993 0.84595093418215506  1.8084076074396449 0.84595093418219036 
 6.2829383863233863 4 6.4257355669267113 1 6.5685327475300364 1 6.7113299281333614 1 6.8541271087366873 1 6.9969242893400123 1 7.1397214699433373 1 7.2825186505466624 1 7.4253158311499874 1 7.5681130117533124 1 7.7109101923566374 1 7.8537073729599625 1 7.9965045535632875 1 8.1393017341666134 1 8.2820989147699375 1 8.4248960953732634 1 8.5676932759765876 1 8.7104904565799135 1 8.8532876371832394 1 8.9960848177865635 1 9.1388819983898895 1 9.2816791789932136 1 9.4244763595965395 4
7 0 0  1 2 2  0.19180576123125306 0.1540148438824947  0.19181574296957837 0.84594197657138082 
 8.7172206810953421e-06 2 0.58564293630631414 2
1 0.58564293630631481 2.0400063246200002 -1 0 
1 -1.0920020002119274e-06 0.04003431467700002 1.107452950530679e-06 0.99999999999938682 
1 4.7123891869394514 0.33395317250300005 -1.6074762857484818e-08 -0.99999999999999989 
7 0 0  1 2 2  -5.7546504046660236e-10 0.97541209587367805  4.6454118774572705e-09 0.025511422885685243 
 0 2 0.19999999586146225 2
7 0 0  1 2 2  4.7123889521476894 0.0065579170850000867  4.6251223589844965 0.011411979903000136 
 0 2 1 2
7 0 0  1 2 2  4.6251226558744625 0.011526638629000052  4.7123891816758805 0.006504667512000184 
 0 2 1 2
1 4.6251226558744625 0.011526638629000052 1.556968379252576e-08 0.99999999999999989 
7 0 0  1 2 2  4.6251226608163156 0.32893120136200005  4.7123891869394514 0.33395317250300005 
 0 2 1 2
7 0 0  1 2 2  4.6251223572464371 0.32890369961599997  4.71238895045669 0.33375776243799993 
 0 2 1 2
7 0 0  1 2 2  -6.311950497446624e-10 0.9754120957048551  2.8265144148146358e-09 0.025511410529545277 
 0 2 0.19999999915103281 2
1 4.6251223589844965 0.011411979903000136 -5.4744437490749572e-09 1 
1 4.71238895045669 0.33375776243799993 5.1679413256983781e-09 -1 
1 4.6251225048864582 0.26469300197399992 -1.4386274015115354e-10 -1 
7 0 0  1 2 2  4.2464560690924849 0.26277967117900003  4.6251225048864582 0.26469300197399992 
 0 2 1 2
1 1.0000000001370644 0.9754121133936009 -1 -1.7688743678423043e-08 
1 4.2464560691298203 0.0071033963169999659 -1.3879726923537398e-10 1 
7 0 0  1 2 2  4.6251225048501796 0.0051900655220000758  4.2464560691298203 0.0071033963169999659 
 0 2 1 2
1 -5.7546504046660236e-10 0.97541209587367805 1 1.7539677141699321e-08 
7 0 0  1 2 2  2.8245997553680492e-09 0.02551141052955434  0.99999999583414012 0.025511428432861277 
 0 2 1 2
7 0 0  1 2 2  4.6251225139558212 0.26469299544699987  4.2464560694045854 0.26277966461500002 
 0 2 1 2
7 0 0  1 2 2  0.99999999583413912 0.025511428432863168  1.0000000001338802 0.97541211339359113 
 0 2 0.19999999843388294 2
1 4.2464560692180209 0.0071033897440000437 7.2448665960116324e-10 1 
7 0 0  1 2 2  4.6251225135451648 0.0051900589119999729  4.2464560692180209 0.0071033897440000437 
 0 2 1 2
7 0 0  1 2 2  4.6418625813755532e-09 0.025511422885699891  0.99999999724977351 0.025511404235675737 
 0 2 1 2
1 4.6251225139558212 0.26469299544699987 -1.5872681104946039e-09 -1 
7 0 0  1 2 2  0.99999999724977029 0.025511404235676396  1.0000000001972476 0.97541211341337131 
 0 2 0.20000000281146008 2
1 1.1048633915851334 0.0051769357269999539 7.6205708409965894e-13 1 
1 1.1048634160682818 0.0051769357269999539 -2.8387110173496264e-07 0.99999999999995981 
1 1.10486341609105 0.0051769357269999539 1 0 
1 2.68665531713703 0.0051769357269999539 -1 0 
1 4.9447220078290677 0.0051769357269999539 1 0 
1 5.828247970733174 0.0051769357269999539 -1 0 
1 5.8282479707280679 0.25517693572699995 1.4210854715145155e-13 -1 
1 2.6866553171366068 0.25517693572699995 -7.3825390245474409e-12 -1 
1 5.8282479707330399 0.25517693572800004 -1 0 
1 4.8590460183663247 0.0051769357269999539 -4.9027448767250791e-13 1 
1 1.1048632031877532 0.25517693572800004 1 0 
1 4.944722007828366 0.25517693572800004 1 0 
1 2.6866553171271463 0.25517693572800004 -1 0 
1 4.9447220078241871 0.0051769357269999539 -1.0054179711005418e-12 1 
1 5.8282479707272152 0.25517693572699995 -7.9083406490099151e-12 -1 
1 2.6866553171340377 0.25517693572699995 1.3073986337985843e-11 -1 
1 4.71238895045669 0.33375776243799993 5.1679657560454265e-09 -1 
7 0 0  1 2 2  4.6251223572464371 0.32890369961599997  4.71238895045669 0.33375776243799993 
 0 2 1 2
7 0 0  1 2 2  4.6251226608163156 0.32893120136200005  4.7123891869394514 0.33395317250300005 
 0 2 1 2
7 0 0  1 2 2  -6.3119518445461894e-10 0.9754120957048551  2.8265144148148459e-09 0.025511410529545305 
 0 2 0.19999999915103281 2
1 4.6251223589844965 0.011411979902999914 -5.4744381541043476e-09 1 
7 0 0  1 2 2  4.7123889521476894 0.0065579170849998647  4.6251223589844965 0.011411979902999914 
 0 2 1 2
1 4.6251225048864582 0.26469300197400014 -1.4386274015115341e-10 -1 
7 0 0  1 2 2  4.2464560690924849 0.26277967117900003  4.6251225048864582 0.26469300197400014 
 0 2 1 2
1 1.0000000001370644 0.9754121133936009 -1 -1.7688743678423043e-08 
1 4.2464560691298203 0.0071033963169999659 -1.3879726923537398e-10 1 
7 0 0  1 2 2  4.6251225048501796 0.0051900655220000758  4.2464560691298203 0.0071033963169999659 
 0 2 1 2
1 -5.7546490012567201e-10 0.97541209587367805 1 1.7539677141699318e-08 
7 0 0  1 2 2  2.8245964631823655e-09 0.025511410529553444  0.99999999583414012 0.025511428432861298 
 0 2 1 2
7 0 0  1 2 2  4.6251225139558212 0.26469299544700009  4.2464560694045854 0.26277966461500002 
 0 2 1 2
7 0 0  1 2 2  0.99999999583413812 0.025511428432861302  1.0000000001338805 0.97541211339359113 
 0 2 0.19999999843388294 2
1 4.2464560692180209 0.0071033897440000437 7.2448665960116324e-10 1 
7 0 0  1 2 2  4.6251225135451648 0.0051900589119999729  4.2464560692180209 0.0071033897440000437 
 0 2 1 2
7 0 0  1 2 2  4.6418626777465696e-09 0.025511422885699891  0.99999999724977351 0.02551140423567573 
 0 2 1 2
1 4.6251225139558212 0.26469299544700009 -1.5872681104946024e-09 -1 
1 4.6251226558744625 0.011526638629000052 1.5569692187286175e-08 0.99999999999999989 
7 0 0  1 2 2  4.6251226558744625 0.011526638629000052  4.7123891816758805 0.006504667511999962 
 0 2 1 2
1 4.7123891869394514 0.33395317250300005 -1.6074741158111475e-08 -0.99999999999999989 
7 0 0  1 2 2  -5.7546490012567201e-10 0.97541209587367805  4.6454119738322863e-09 0.025511422885685243 
 0 2 0.19999999586146225 2
7 0 0  1 2 2  0.99999999724977029 0.02551140423567639  1.0000000001972476 0.97541211341337131 
 0 2 0.20000000281146008 2
1 1.1048633915851334 0.0051769357270001759 7.6205708409965964e-13 1 
1 1.1048634160682818 0.0051769357270001759 -2.838711017349629e-07 0.99999999999995981 
1 1.10486341609105 0.0051769357270001759 1 0 
1 2.68665531713703 0.0051769357270001759 -1 0 
1 4.9447220078290677 0.0051769357270001759 1 0 
1 5.828247970733174 0.0051769357270001759 -1 0 
1 5.8282479707280679 0.25517693572700018 1.4210854715145168e-13 -1 
1 2.6866553171366068 0.25517693572700018 -7.3825390245474409e-12 -1 
1 5.8282479707330399 0.25517693572800004 -1 0 
1 4.8590460183663247 0.0051769357270001759 -4.9027448767250831e-13 1 
1 1.1048632031877532 0.25517693572800004 1 0 
1 4.944722007828366 0.25517693572800004 1 0 
1 2.6866553171271463 0.25517693572800004 -1 0 
1 4.9447220078241871 0.0051769357270001759 -1.0054179711005418e-12 1 
1 5.8282479707272152 0.25517693572700018 -7.9083406490099151e-12 -1 
1 2.6866553171340377 0.25517693572700018 1.3073986337985843e-11 -1 
7 0 0  1 2 2  4.6251223559612313 0.30761019079470003  4.7123889504759395 0.31246298581659998 
 0 2 1 2
7 0 0  1 2 2  4.6251226618929939 0.30763768559559995  4.7123891868292134 0.31265834491389993 
 0 2 1 2
1 4.6251223576651794 0.010993163473500045 -5.7450855659612162e-09 1 
7 0 0  1 2 2  4.7123889521624394 0.0061403684528999469  4.6251223576651794 0.010993163473500045 
 0 2 1 2
1 4.7123889504759395 0.31246298581659998 5.5056414303617873e-09 -1 
1 4.6251225360828849 0.25520779606819999 -4.9296033921564231e-10 -1 
1 5.828247970719131 0.25520779606819999 -1 0 
1 4.7123889803779058 0.25520779606819999 1 0 
1 2.6866553171330048 0.25520779606819999 -1 0 
1 4.6251225726812306 0.25520779606819999 -1 0 
1 4.2464560696185014 0.25520779606819999 1 0 
1 1.1048634160758872 0.25520779606819999 1 0 
1 5.8282479707211614 0.25520779606819999 0 -1 
1 2.6866553171306173 0.25520779606819999 0 -1 
1 4.7123889803846897 0.005207796068199988 0 1 
1 5.828247970719131 0.005207796068199988 -1 0 
1 1.1048634160829576 0.005207796068199988 1 0 
1 4.2464560696197093 0.005207796068199988 1 0 
1 4.6251225723115068 0.005207796068199988 -1 0 
1 2.6866553171329159 0.005207796068199988 -1 0 
1 4.7123889803779058 0.005207796068199988 1 0 
1 4.7123889803846897 0.005207796068199988 0 1 
1 5.8282479707164061 0.25520779606819999 -6.6791017161449417e-13 -1 
1 2.6866553171352932 0.25520779606819999 -2.3092638912203256e-13 -1 
1 1.1048634160529527 0.005207796068199988 -3.5438318946034997e-13 1 
1 4.2464560696521163 0.005207796068199988 -8.2920337263203692e-12 1 
1 1.1048634160623199 0.005207796068199988 -9.5115026965686411e-12 1 
1 4.2464560696348261 0.005207796068199988 -1.5631940186722204e-12 1 
1 4.6251225035199175 0.25520779606819993 7.5105326402535866e-09 -1 
1 4.6251226563333994 0.011107792211099976 1.8748919129692446e-08 0.99999999999999989 
7 0 0  1 2 2  4.6251226563333994 0.011107792211099976  4.7123891815765946 0.006087132873900003 
 0 2 1 2
1 4.7123891868292134 0.31265834491389993 -1.7133104602021913e-08 -0.99999999999999989 
7 0 0  1 2 2  4.6251223559612313 0.30761019079469998  4.7123889504759395 0.31246298581659998 
 0 2 1 2
7 0 0  1 2 2  4.6251226618929939 0.30763768559560001  4.7123891868292134 0.31265834491389999 
 0 2 1 2
1 4.6251223576651794 0.010993163473499989 -5.7450675997960011e-09 1 
7 0 0  1 2 2  4.7123889521624394 0.0061403684529000024  4.6251223576651794 0.010993163473499989 
 0 2 1 2
1 4.7123889504759395 0.31246298581659998 5.5056559277963442e-09 -1 
1 4.6251225360828849 0.25520779606819999 -4.9296033921564241e-10 -1 
1 5.828247970719131 0.25520779606819999 -1 0 
1 4.7123889803779058 0.25520779606819999 1 0 
1 2.6866553171330048 0.25520779606819999 -1 0 
1 4.6251225726812306 0.25520779606819999 -1 0 
1 4.2464560696185014 0.25520779606819999 1 0 
1 1.1048634160758872 0.25520779606819999 1 0 
1 5.8282479707211614 0.25520779606819999 0 -1 
1 2.6866553171306173 0.25520779606819999 0 -1 
1 4.7123889803846897 0.0052077960682000157 0 1 
1 5.828247970719131 0.0052077960682000157 -1 0 
1 1.1048634160829576 0.0052077960682000157 1 0 
1 4.2464560696197093 0.0052077960682000157 1 0 
1 4.6251225723115068 0.0052077960682000157 -1 0 
1 2.6866553171329159 0.0052077960682000157 -1 0 
1 4.7123889803779058 0.0052077960682000157 1 0 
1 4.7123889803846897 0.0052077960682000157 0 1 
1 5.8282479707164061 0.25520779606819999 -6.6791017161449428e-13 -1 
1 2.6866553171352932 0.25520779606819999 -2.3092638912203261e-13 -1 
1 1.1048634160529527 0.0052077960682000157 -3.5438318946035002e-13 1 
1 4.2464560696521163 0.0052077960682000157 -8.2920337263203708e-12 1 
1 1.1048634160623199 0.0052077960682000157 -9.5115026965686427e-12 1 
1 4.2464560696348261 0.0052077960682000157 -1.5631940186722206e-12 1 
1 4.6251225035199175 0.25520779606820004 7.5105326402535866e-09 -1 
1 4.6251226563333994 0.011107792211100004 1.8748937101136933e-08 0.99999999999999989 
7 0 0  1 2 2  4.6251226563333994 0.011107792211100004  4.7123891815765946 0.006087132873900003 
 0 2 1 2
1 4.7123891868292134 0.31265834491389999 -1.7133087219207379e-08 -0.99999999999999989 
7 0 0  1 2 2  4.6251223559612313 0.30761019079469998  4.7123889504759395 0.31246298581659998 
 0 2 1 2
7 0 0  1 2 2  4.6251226618929939 0.30763768559559995  4.7123891868292134 0.31265834491389999 
 0 2 1 2
1 4.6251223576651794 0.010993163473499989 -5.7450915546829529e-09 1 
7 0 0  1 2 2  4.7123889521624394 0.0061403684529000024  4.6251223576651794 0.010993163473499989 
 0 2 1 2
1 4.7123889504759395 0.31246298581659998 5.5056298324141428e-09 -1 
1 4.6251225360828849 0.25520779606819999 -4.9296033921564231e-10 -1 
1 5.828247970719131 0.25520779606819999 -1 0 
1 4.7123889803779058 0.25520779606819999 1 0 
1 2.6866553171330048 0.25520779606819999 -1 0 
1 4.6251225726812306 0.25520779606819999 -1 0 
1 4.2464560696185014 0.25520779606819999 1 0 
1 1.1048634160758872 0.25520779606819999 1 0 
1 5.8282479707211614 0.25520779606819999 0 -1 
1 2.6866553171306173 0.25520779606819999 0 -1 
1 4.7123889803846897 0.005207796068199988 0 1 
1 5.828247970719131 0.005207796068199988 -1 0 
1 1.1048634160829576 0.005207796068199988 1 0 
1 4.2464560696197093 0.005207796068199988 1 0 
1 4.6251225723115068 0.005207796068199988 -1 0 
1 2.6866553171329159 0.005207796068199988 -1 0 
1 4.7123889803779058 0.005207796068199988 1 0 
1 4.7123889803846897 0.005207796068199988 0 1 
1 5.8282479707164061 0.25520779606819999 -6.6791017161449417e-13 -1 
1 2.6866553171352932 0.25520779606819999 -2.3092638912203256e-13 -1 
1 1.1048634160529527 0.005207796068199988 -3.5438318946034997e-13 1 
1 4.2464560696521163 0.005207796068199988 -8.2920337263203692e-12 1 
1 1.1048634160623199 0.005207796068199988 -9.5115026965686411e-12 1 
1 4.2464560696348261 0.005207796068199988 -1.5631940186722204e-12 1 
1 4.6251225035199175 0.25520779606819993 7.5105326402535866e-09 -1 
1 4.6251226563333994 0.011107792211099921 1.8748910143970192e-08 0.99999999999999989 
7 0 0  1 2 2  4.6251226563333994 0.011107792211099921  4.7123891815765946 0.0060871328738999475 
 0 2 1 2
1 4.7123891868292134 0.31265834491389999 -1.7133110396293414e-08 -0.99999999999999989 
1 1.5707963267948966 6.7320000000000002 0 -1 
1 1.5707963267948966 1.1320000000000001 0 1 
1 0 6.7320000000000002 1 0 
1 0 1.1320000000000001 0 1 
7 0 0  3 25 23  6.2831853071795862 6.7320000000000002  6.2831853071795791 6.6471515151515153  6.2831853071795694 6.4774545454545462  6.2831853071795525 6.2229090909090905  6.2831853071795347 5.9683636363636365  6.2831853071795187 5.7138181818181826  6.283185307179501 5.4592727272727268  6.2831853071794841 5.204727272727272  6.2831853071794672 4.950181818181818  6.2831853071794521 4.6956363636363641  6.2831853071794335 4.4410909090909092  6.2831853071794184 4.1865454545454543  6.2831853071793988 3.9320000000000004  6.2831853071793828 3.677454545454546  6.2831853071793669 3.4229090909090902  6.2831853071793464 3.1683636363636367  6.2831853071793322 2.9138181818181814  6.2831853071793136 2.6592727272727261  6.2831853071792994 2.404727272727273  6.2831853071792807 2.1501818181818178  6.2831853071792612 1.8956363636363636  6.2831853071792629 1.6410909090909089  6.2831853071791643 1.3865454545454545  6.283185307179366 1.2168484848484848  6.2831853071795862 1.1319999999999999 
 0 4 0.25454545454545457 1 0.50909090909090915 1 0.76363636363636367 1 1.0181818181818183 1 1.2727272727272729 1 1.5272727272727273 1 1.781818181818182 1 2.0363636363636366 1 2.290909090909091 1 2.5454545454545459 1 2.8000000000000003 1 3.0545454545454547 1 3.3090909090909095 1 3.5636363636363639 1 3.8181818181818188 1 4.0727272727272732 1 4.327272727272728 1 4.581818181818182 1 4.8363636363636369 1 5.0909090909090917 1 5.3454545454545457 1 5.6000000000000005 4
1 5.5057869731134756 6.7320000000000002 1 0 
1 5.5057869731265034 1.1320000000000001 4.283874842160783e-13 1 
1 5.5057869731406237 6.7320000000000002 -1.8012575558097001e-12 -1 
1 4.7123889803846897 6.7320000000000002 1 0 
1 4.7123889803846897 1.1320000000000001 0 1 
1 4.7123889803846897 6.7320000000000002 6.5978968320580724e-14 -1 
1 3.9189909875789675 6.7320000000000002 1 0 
1 3.918990987645727 1.1320000000000001 -8.6564089230023455e-12 1 
1 3.9189909876740092 6.7320000000000002 -5.6121773894801655e-12 -1 
1 3.1415926535886776 6.7320000000000002 1 0 
1 3.1415926535897931 1.1320000000000001 -5.7097184123579485e-14 1 
1 3.1415926535897931 6.7320000000000002 0 -1 
1 1.5707963267948966 6.7320000000000002 1 0 
Curves 1304
1 -5.2999999999999998 -3.1299999999999999 4.1499999999990003 1 0 0 
2 -5.2999999999999998 -3.1299999999999999 3.849999999999 1 0 0 -0 3.0938214952899998e-13 1 0 -1 3.0938214952899998e-13 0.29999999999990001
1 0.20000000000000001 -3.4300000000000002 3.849999999999 -1 0 1.1384832470699999e-14 
2 0.20000000000000001 -3.1299999999999999 3.849999999999 -1 0 0 0 -1 0 0 0 1 0.29999999999999999
1 0.20000000000000001 2.1200000000000001 0.49999999999979999 0 -1 5.7824115865899999e-14 
2 0.20000000000000001 2.1200000000000001 2.75 1 0 0 0 0 -1 -0 1 0 2.25
1 0.20000000000000001 4.3700000000000001 3.7499999999989999 -1.6542323066930001e-14 1.4210854715210001e-13 -1 
2 0.20000000000000001 2.1200000000000001 3.7499999999989999 1 0 0 -0 1 0 0 -0 1 2.25
1 0.20000000000000001 -2.0800000000000001 5.9999999999989999 0 1 -3.3623897317220002e-14 
2 0.20000000000000001 -2.0800000000000001 3.7499999999989999 1 0 0 0 0 1 0 -1 0 2.25
1 0.20000000000000001 -4.3300000000000001 2.75 -1.657007864254e-14 -2.4336088699800001e-13 1 
2 0.20000000000000001 -2.0800000000000001 2.75 1 0 0 0 -1 0 0 0 -1 2.25
1 0.20000000000000001 -3.1299999999999999 4.1499999999990003 0 1 0 
2 0.20000000000000001 3.1200000000000001 3.849999999999 -1 0 0 0 0 1 0 1 -0 0.29999999999999999
1 0.20000000000000001 3.4199999999999999 3.849999999999 0 0 -1 
2 0.20000000000000001 3.1200000000000001 3.2448331733589999 -1 0 0 0 1 0 0 0 -1 0.29999999999999999
1 0.20000000000000001 3.3314444156610001 3.0320157420110001 0 -0.70939143782649139 -0.70481471887189129 
2 0.20000000000000001 2.5213042735659998 2.6499999999989998 -1 0 0 0 0.70481471886722624 -0.70939143783112646 -0 -0.70939143783112646 -0.70481471886722624 0.29999999999999999
1 0.20000000000000001 2.5213042735659998 2.349999999999 0 -1 0 
2 0.20000000000000001 -2.5313042735660001 2.6499999999989998 -1 0 0 -0 -1.15463194561e-13 -1 0 -1 1.15463194561e-13 0.29999999999999999
1 0.20000000000000001 -2.7427486892270001 2.437182568651 0 -0.70939143782649139 0.70481471887189129 
2 0.20000000000000001 -3.1299999999999999 3.2448331733589999 -1 0 0 -0 -0.70481471886772784 -0.70939143783062808 0 -0.70939143783062808 0.70481471886772784 0.29999999999999999
1 0.20000000000000001 -3.4300000000000002 3.2448331733589999 0 0 1 
1 0.20000000000000001 -3.1299999999999999 3.9499999999990001 0 1 0 
2 0.20000000000000001 -3.1299999999999999 3.849999999999 -1 0 0 0 -1 0 0 0 1 0.10000000000000001
1 0.20000000000000001 -3.23 3.2448331733589999 0 0 1 
2 0.20000000000000001 -3.1299999999999999 3.2448331733589999 -1 0 0 -0 -0.70481471887169078 -0.70939143782669067 0 -0.70939143782669067 0.70481471887169078 0.10000000000000001
1 0.20000000000000001 -2.6017857454520001 2.579060856216 0 -0.70939143782649139 0.70481471887189129 
2 0.20000000000000001 -2.5313042735660001 2.6499999999989998 -1 0 0 -0 -1.376676550535e-13 -1 0 -1 1.376676550535e-13 0.10000000000000001
1 0.20000000000000001 2.5213042735659998 2.5499999999990002 0 -1 0 
2 0.20000000000000001 2.5213042735659998 2.6499999999989998 -1 0 0 0 0.70481471884580726 -0.70939143785240721 -0 -0.70939143785240721 -0.70481471884580726 0.10000000000000001
1 0.20000000000000001 3.1904814718869998 3.1738940295760001 0 -0.70939143782649139 -0.70481471887189129 
2 0.20000000000000001 3.1200000000000001 3.2448331733589999 -1 0 0 0 1 0 0 0 -1 0.10000000000000001
1 0.20000000000000001 3.2200000000000002 3.849999999999 0 0 -1 
2 0.20000000000000001 3.1200000000000001 3.849999999999 -1 0 0 0 2.6645352590999999e-14 1 0 1 -2.6645352590999999e-14 0.10000000000000001
1 0.20000000000000001 -2.9550000000000001 3.9249999999990002 0 1 0 
1 0.20000000000000001 -2.5950000000000002 3.9249999999990002 0 0 -1 
1 0.20000000000000001 -2.5950000000000002 2.8249999999990001 0 1 0 
1 0.20000000000000001 -2.165 2.8249999999990001 0 0 1 
1 0.20000000000000001 -2.165 3.9249999999990002 0 1 0 
1 0.20000000000000001 2.1549999999999998 3.9249999999990002 0 0 -1 
1 0.20000000000000001 2.1549999999999998 2.8249999999990001 0 1 0 
1 0.20000000000000001 2.585 2.8249999999990001 0 0 1 
1 0.20000000000000001 2.585 3.9249999999990002 0 1 0 
2 0.20000000000000001 2.9449999999999998 3.6749999999990002 -1 0 0 0 1.030286966852e-13 1 0 1 -1.030286966852e-13 0.25
1 0.20000000000000001 3.1949999999999998 3.6749999999990002 0 0 -1 
2 0.20000000000000001 2.9449999999999998 3.3073837743140002 -1 0 0 0 1 -1.42108547152e-14 -0 -1.42108547152e-14 -1 0.25
1 0.20000000000000001 3.123185207024 3.132026903911 0 -0.70142748161695956 -0.71274082809425887 
2 0.20000000000000001 2.4702731109910001 2.8249999999990001 -1 0 0 0 0.71274082809381301 -0.70142748161741275 -0 -0.70142748161741275 -0.71274082809381301 0.25
1 0.20000000000000001 2.4702731109910001 2.5749999999990001 0 -1 0 
2 0.20000000000000001 -2.4802731109909999 2.8249999999990001 -1 0 0 0 0 -1 -0 -1 -0 0.25
1 0.20000000000000001 -2.6584583180160002 2.6496431295959999 0 -0.7014274816166064 0.71274082809460648 
2 0.20000000000000001 -2.9550000000000001 3.3073837743140002 -1 0 0 -0 -0.71274082810115325 -0.70142748160995405 0 -0.70142748160995405 0.71274082810115325 0.25
1 0.20000000000000001 -3.2050000000000001 3.3073837743140002 0 0 1 
2 0.20000000000000001 -2.9550000000000001 3.6749999999990002 -1 0 0 0 -1 1.0658141036399999e-14 0 1.0658141036399999e-14 1 0.25
1 0.20000000000000001 2.5699999999999998 3.9249999999990002 0 0 -1 
1 0.20000000000000001 2.5699999999999998 3.2185381010919998 0 -1 0 
1 0.20000000000000001 2.1699999999999999 3.9249999999990002 0 0 -1 
1 0.20000000000000001 2.5699999999999998 3.9249999999990002 0 -1 0 
1 0.20000000000000001 -2.1800000000000002 3.9249999999990002 0 0 -1 
1 0.20000000000000001 -2.1800000000000002 3.2185381010919998 0 -1 0 
1 0.20000000000000001 -2.5800000000000001 3.9249999999990002 0 0 -1 
1 0.20000000000000001 -2.1800000000000002 3.9249999999990002 0 -1 0 
1 0.20000000000000001 1.7450000000000001 3.704999999999 0 -1 0 
1 0.20000000000000001 -1.7549999999999999 3.704999999999 0 0 -1 
1 0.20000000000000001 -1.7549999999999999 3.6749999999990002 0 1 0 
1 0.20000000000000001 1.7450000000000001 3.6749999999990002 0 0 1 
2 0.45000000000000001 2.119999999999 0.49999999999950001 0 -1 2.4506785489819999e-13 -1 4.52305750612057e-25 1.845634756137e-12 -1.845634756137e-12 -2.4506785489819999e-13 -1 0.25
1 0.45000000000009999 -2.079999999999 0.25000000000009998 -2.4742113120229999e-14 1 -4.6206424929670002e-14 
2 0.45000000000000001 -2.0800000000000001 0.50000000000029998 0 1 8.7671189752389998e-14 1.0347278589510001e-13 8.7671189752389998e-14 -1 -1 9.0715822464177359e-27 -1.0347278589510001e-13 0.25
2 0.45000000000000001 -2.0800000000000001 2.75 1 0 0 0 -1 3.1034730341170002e-12 0 -3.1034730341170002e-12 -1 2.5
2 0.45000000000000001 -4.3300000000000001 2.7499999999989999 0 -3.9443275035020001e-13 1 -1 -1.062261389961e-12 -4.1899068163314356e-25 1.062261389961e-12 -1 -3.9443275035020001e-13 0.25
1 0.45000000000000001 -4.5800000000000001 3.7499999999939999 1.038058528035e-13 1.9362289549660001e-13 -1 
2 0.45000000000000001 -4.3300000000000001 3.7499999999989999 0 -1.412030214976e-13 -1 1.03472785895e-13 -1 1.412030214976e-13 -1 -1.03472785895e-13 1.4610670011148247e-26 0.25
2 0.45000000000000001 -2.0800000000000001 3.7499999999989999 1 0 0 0 0 1 0 -1 0 2.5
2 0.45000000000000001 -2.079999999999 5.9999999999989999 0 1 -2.4418314592540001e-13 -1 -4.5110665738402428e-25 -1.847411112976e-12 -1.847411112976e-12 2.4418314592540001e-13 1 0.25
1 0.45000000000009999 2.119999999999 6.2499999999989999 -2.4742113120229999e-14 -1 2.7914178904880004e-14 
2 0.45000000000000001 2.1200000000000001 5.9999999999989999 0 -1 -8.5738707800150005e-14 1.0347278589510001e-13 -8.5738707800150005e-14 1 -1 -8.8716229551274617e-27 1.0347278589510001e-13 0.25
2 0.45000000000000001 2.1200000000000001 3.7499999999989999 1 0 0 0 0.99999999993046695 -1.179263410317961e-05 -0 1.179263410317961e-05 0.99999999993046695 2.5
2 0.45000000000000001 4.3700000000000001 3.75 0 3.9240312388330002e-13 -1 -1 -1.4921397450960001e-13 -5.8552029724610144e-26 -1.4921397450960001e-13 1 3.9240312388330002e-13 0.25
1 0.44999999999950002 4.6199999999539996 2.75001524333 1.038089654233e-13 2.894660263653e-12 1 
2 0.45000000000000001 4.3700000000000001 2.75 0 1.412030214976e-13 1 1.03472785895e-13 1 -1.412030214976e-13 -1 1.03472785895e-13 -1.4610670011148247e-26 0.25
2 0.45000000000000001 2.1200000000000001 2.75 1 0 0 0 0 -1 -0 1 0 2.5
2 13.699999999999999 2.1200000000000001 2.75 -1 0 0 0 0.83293817564622352 -0.55336605926921567 -0 -0.55336605926921567 -0.83293817564622352 2.5
2 13.699999999999999 2.1200000000000001 2.75 -1 0 0 0 0.70633722120941866 -0.70787550454451875 -0 -0.70787550454451875 -0.70633722120941866 2.5
1 0.45000000000000001 2.119999999999 0.2499999999999 1 0 1.20825781246e-14 
1 8.2905856743330002 4.6199993862469997 2.7500152184269999 -0.99999999999999689 7.8273042573529776e-08 3.1761669939889907e-09 
7 0 0  3 21 19  8.2905856743330002 4.6199993862469997 2.7500152184269999  8.3122106514130003 4.6200009143039997 2.6247098600540002  8.3786774864849995 4.6010893122530003 2.3689546333470002  8.5437094632449995 4.5104739816860002 1.982383017059  8.7870699295470001 4.3521247456390002 1.5948621366139999  9.1408813965760007 4.1036311316829996 1.2070268085069999  9.5235197749410005 3.8302131181950001 0.91514546550870002  9.8772335900470001 3.5834139413980002 0.71638637866029997  10.21444951068 3.361416471364 0.57571194919680002  10.534504774189999 3.1735620175300001 0.48037848306570002  10.84013159345 3.0291598548269998 0.42010094997320002  11.133368298260001 2.9440521023569999 0.38955793963239999  11.393882319799999 2.9252980258379999 0.38330729716610001  11.67203553773 2.9669325721319999 0.39741716180859998  11.971652366320001 3.0767576693029999 0.4387415370519  12.28436168583 3.2398167072700002 0.51171723189569995  12.61228733181 3.4425712190389999 0.62329608007079995  12.95750204832 3.6765812030370002 0.78557582185849995  13.323329159769999 3.93352231726 1.014967085234  13.57303304605 4.116067081442 1.2367210418200001  13.6999999899 4.2023436445150004 1.366586330526 
 0 4 0.05555555555556 1 0.1111111111111 1 0.16666666666669999 1 0.22222222222220001 1 0.27777777777779999 1 0.33333333333330001 1 0.3888888888889 1 0.44444444444440001 1 0.5 1 0.55555555555559999 1 0.61111111111109995 1 0.66666666666670005 1 0.72222222222220001 1 0.77777777777779999 1 0.83333333333329995 1 0.88888888888890005 1 0.94444444444440001 1 1 4
7 0 0  3 7 5  13.510483896509999 4.4105798210970004 1.391287812766  13.51739256264 4.3895429018390004 1.3993202216980001  13.536988513480001 4.345524529595 1.411704126359  13.58324148739 4.2822878037230003 1.41392441378  13.64079348199 4.2314612293340002 1.398179790635  13.680854104810001 4.2099355186859997 1.3780139228420001  13.6999999899 4.2023436445150004 1.366586330526 
 0 4 0.25 1 0.5 1 0.75 1 1 4
7 0 0  3 23 21  8.5373157598470009 4.8700000000139996 2.790322801286  8.5621088239750005 4.8699827118560002 2.6387184433569999  8.6365312251340001 4.8399577189440004 2.3395449258140002  8.8124051701050004 4.718135381383 1.92838545622  9.0380967081730006 4.5381854710339997 1.566169089003  9.3010613277680001 4.3170056410060003 1.255748953289  9.5923853042469993 4.0682460786619998 0.99558870484119999  9.9066500954579997 3.8032313582519999 0.78295610421600004  10.24205411734 3.5333880002539999 0.61527091239840004  10.54153199456 3.3168595560149998 0.51164385329929996  10.799080215569999 3.1658697307180002 0.45131396702339999  11.00376154456 3.0732192141120001 0.4184434238891  11.221497368970001 3.0158939785849999 0.3999791438061  11.446854449290001 3.0117789134990001 0.39870699949350003  11.6662552181 3.062530333467 0.41489356173370001  11.87273960027 3.1512838180079998 0.44588806026080002  12.067411212750001 3.262187388009 0.48945264419500001  12.31436037023 3.4268181006349998 0.56281578457229997  12.60457832793 3.6490452680869998 0.68189656129389997  12.93089249943 3.9183138000410001 0.86861237876370001  13.235746443989999 4.1776736035489996 1.1012967879119999  13.422447752849999 4.336633340633 1.2889586731489999  13.510483896509999 4.4105798210970004 1.391287812766 
 0 4 0.0625 1 0.125 1 0.1875 1 0.25 1 0.3125 1 0.375 1 0.4375 1 0.5 1 0.53125 1 0.5625 1 0.59375 1 0.625 1 0.65625 1 0.6875 1 0.71875 1 0.75 1 0.8125 1 0.875 1 0.9375 1 1 4
2 8.2905882918449993 4.8700000000000001 2.75 0.16129032258049766 0 -0.98690700263088582 0.98690700263088582 0 0.16129032258049766 0 -1 0 0.25
7 0 0  3 7 5  14.17294088233 4.2822547238480002 2.749999796814  14.158942744619999 4.3230353865820002 2.626225818165  14.118744147279999 4.3843531210890001 2.3756220722000001  14.01601104189 4.4084419447599998 2.005626520082  13.871810183079999 4.3552344496300002 1.6590132781139999  13.757273594260001 4.2626416251970003 1.457380383319  13.6999999899 4.2023436445150004 1.366586330526 
 0 4 0.25 1 0.5 1 0.75 1 1 4
7 0 0  3 4 2  14.16268459334 4.3633826226370003 2.7903224782940002  14.16059904405 4.3358789335549996 2.7775614837770002  14.164132512849999 4.3079293563660004 2.763669885244  14.17294088233 4.2822547238480002 2.749999796814 
 0 4 1 4
7 0 0  3 8 6  14.16268459334 4.3633826226370003 2.7903224782940002  14.14344926605 4.4229559760699999 2.6726249072439998  14.09114922935 4.5182385588010003 2.4451918705279998  13.97754185831 4.585493597698 2.1303028477499999  13.83771026856 4.5893118772710002 1.8483120578879999  13.67935192152 4.5335377695750001 1.599728708062  13.56719477451 4.4580310419810001 1.457206014402  13.510483896509999 4.4105798210970004 1.391287812766 
 0 4 0.20000000000000001 1 0.40000000000000002 1 0.59999999999999998 1 0.80000000000000004 1 1 4
7 0 0  3 6 4  14.199999999999999 4.1199984821570004 2.750384753449  14.20000008279 4.138318336437 2.750204807417  14.19798623963 4.1749855031480001 2.7499176293750001  14.188909758359999 4.2294676411590002 2.7500120497510001  14.17890321939 4.2648756921680002 2.749993364462  14.17294088233 4.2822547238480002 2.749999796814 
 0 4 0.33333333333330001 1 0.66666666666670005 1 1 4
2 14.199999999999999 2.1200000000000001 2.75 1 0 0 0 0.70633722120956888 -0.70787550454436887 -0 0.70787550454436887 0.70633722120956888 2
2 14.199999999999999 2.1200000000000001 2.75 1 0 0 0 1.4832579608990001e-13 -1 -0 1 1.4832579608990001e-13 2
2 13.699999999999999 2.119999999999 0.75000000000010003 0 -1 4.6557202537659999e-13 0 -4.6557202537659999e-13 -1 1 0 0 0.5
1 14.199999999999999 -2.0800000000000001 0.74999999999989997 0 1 2.2204460492500001e-14 
2 13.699999999999999 -2.0800000000000001 0.74999999999959999 0 1 -4.122049923616e-14 1 3.5604351029372225e-26 8.637535131583e-13 8.637535131583e-13 -4.122049923616e-14 -1 0.5
1 13.699999999999999 2.1199999999979999 0.25 3.7641847311129997e-14 -1 -3.3306690738780003e-14 
1 13.699999999999999 -2.079999999999 0.2499999999999 -1 0 1.312157929482e-14 
2 11.199999999999999 0.02 0.25 0 0 1 -1 0 0 0 -1 0 0.5
2 11.199999999999999 0.02 0.25 0 0 1 1 0 -0 -0 1 0 0.5
7 0 0  3 6 4  5.0275369600499999 -0.81856650684999999 0.25  5.0156859754819996 -0.8262621257703 0.25  4.9913130756140003 -0.83995515742110005 0.25  4.9522774947399997 -0.85516284660899999 0.25  4.9251978503469998 -0.86120183112449999 0.25  4.91145574935 -0.86328269815000003 0.25 
 0 4 0.33841517871269999 1 0.66713277809780003 1 1 4
7 0 0  3 6 4  5.0804917071000002 -0.78244914430000001 0.25  5.0747502569509999 -0.78654551086070001 0.25  5.0632375028530001 -0.794642099027 0.25  5.0456748196829997 -0.80681662968010004 0.25  5.0336823012779996 -0.81463786029060004 0.25  5.0275369600499999 -0.81856650684999999 0.25 
 0 4 0.3300640449667 1 0.65866602125789997 1 1 4
1 5.1303095025959999 -0.72709603740170003 0.25 -0.66896472633846071 -0.74329415100275642 1.1553954298749319e-14 
1 5.7617039392980001 -0.085000000149900001 0.25 -0.70113995185349343 -0.71302367977149339 0 
1 3.1043857961999999 -0.085000000150000005 0.25 1 3.8531448976860001e-14 0 
1 3.1043857961999999 -0.35069491195000002 0.25 2.2062814565429998e-13 1 0 
1 2.4620273630209999 0.02017090275399 0.25 0.86602540355565105 -0.50000000039627168 0 
1 3.1043857961999999 0.39103671755149999 0.25 -0.86602540350112456 -0.50000000049071425 0 
1 3.1043857961999999 0.114271184 0.25 1.957573362062e-13 1 0 
1 6.6252124030499999 0.114271184 0.25 -1 0 0 
1 5.9938179673269998 0.76743784192300002 0.25 0.69502209669423887 -0.71898837619724021 0 
1 5.9716767246540003 0.78957908575400004 0.25 0.7071067627021973 -0.70710679967089729 -2.8365027939929891e-14 
2 5.6653793219999997 0.44487039950000001 0.25 0 0 -1 0.028030970441880385 0.99960705514521375 0 0.99960705514521375 -0.028030970441880385 0 0.46113141000000002
1 5.2370876214019999 0.90582060961480004 0.25 1 7.5224514236450005e-10 0 
2 4.8812205224999996 0.99992089100000003 0.25 0 0 1 -1 0 0 0 -1 0 0.36809815950000002
2 4.8812205224999996 0.99992089100000003 0.25 0 0 1 0.95370242010269135 0.30075188094219729 -0 -0.30075188094219729 0.95370242010269135 0 0.36809815950000002
1 5.6838405645499996 1.110627104762 0.25 -1 2.7571281545719999e-10 0 
2 5.6736198795000004 0.49347224299999998 0.25 0 0 1 0.60843675543849884 0.79360236556569852 -0 -0.79360236556569852 0.60843675543849884 0 0.61723948799999995
1 6.0602417031489999 0.97224433011699996 0.25 -0.70710683106009575 0.70710673131299562 5.1411567519959693e-14 
1 6.7355495880280003 0.30247175537240001 0.25 -0.71001067340569435 0.70419091420579438 0 
1 6.7576908396309996 0.28033050490229999 0.25 -0.70710679927739739 0.70710676309569731 -1.9678231214889926e-13 
1 6.7798320803090002 0.26372457220130002 0.25 -0.79999996197873047 0.60000005069502271 2.1962529956770832e-13 
1 6.8130439441270001 0.23604801985439999 0.25 -0.76822128909546594 0.6401843882667716 1.4252672392779366e-13 
1 6.8573264307350001 0.20283615530070001 0.25 -0.80000000349110001 0.59999999534519999 0 
1 6.8960736053989997 0.1806949130512 0.25 -0.86824314613168374 0.49613893134419074 0 
1 6.9126795376950003 0.16962429070269999 0.25 -0.8320502754267971 0.55470022459179813 0 
1 7.0012445078800001 0.1253418067698 0.25 -0.89442719568403573 0.44721358613171786 -6.1667442040982457e-14 
1 7.0307661649200002 0.11427118399279999 0.25 -0.93632916310941361 0.35112348014740513 0 
1 7.3612306114130002 0.1142711839923 0.25 -1 1.23439510408e-12 1.587403379405e-14 
2 7.9090354574999999 0.020170902500000001 0.25 0 0 1 1 0 -0 -0 1 0 0.55582822200000004
2 7.9090354574999999 0.020170902500000001 0.25 0 0 1 -0.98193572869502432 -0.18921475817750469 0 0.18921475817750469 -0.98193572869502432 0 0.55582822200000004
1 6.1432713537719996 -0.085000000113999996 0.25 1 3.4701962715730002e-13 0 
1 6.1211301110020004 -0.09607062097928 0.25 0.89442719939353577 0.44721357871271783 -2.4666976670020985e-13 
1 6.0934535577449997 -0.10714124196950001 0.25 0.92847669450230064 0.37139066731150028 0 
1 6.0768476263800002 -0.11821186360450001 0.25 0.83205027757167394 0.55470022137448272 3.0595619452139047e-13 
1 6.0381004512769998 -0.1403531061994 0.25 0.86824314522677315 0.49613893292778455 0 
1 6.0048885891279999 -0.16249434817370001 0.25 0.83205028806987436 0.55470020562718303 0 
1 5.9246265822390001 -0.2233827663738 0.25 0.79669127482061297 0.60438647620930985 0 
1 5.9163236183679997 -0.2289180769918 0.25 0.83205023092231511 0.55470029134851007 0 
1 5.8775764425299997 -0.2621299409201 0.25 0.75925661278229883 0.65079136130279902 0 
1 5.1801272980790003 -0.95957908583130003 0.25 0.70710678095339752 0.70710678141969752 0 
1 5.1303095021610003 -0.99279094946989999 0.25 0.83205029670172059 0.55470019267941362 0 
1 5.0638857744410002 -1.0260028136899999 0.25 0.89442718905919583 0.44721359938139787 0 
1 5.0029973572320001 -1.048144055092 0.25 0.93979342953516964 0.34174304645818898 0 
1 4.9587148772810004 -1.0592146760550001 0.25 0.97014249511519057 0.24253564515689763 -1.9275830308509811e-13 
2 4.8936122639999997 -0.87544991500000002 0.25 0 0 1 -0.035169039396698576 -0.9993813779873596 0 0.9993813779873596 -0.035169039396698576 0 0.19495598850000001
1 4.3609013185499998 -1.070285298732 0.25 1 -1.2851578730610001e-10 1.6679065300469999e-14 
1 4.3609013185499998 -1.3359802105 0.25 6.7859869050280003e-13 1 0 
1 3.6247050007500001 -1.3359802105 0.25 1 0 0 
1 3.6247050007500001 -0.59978389195000004 0.25 0 -1 0 
1 4.3609013185499998 -0.59978389195000004 0.25 -1 0 0 
1 4.3609013185499998 -0.87101411470000001 0.25 -6.6147510760550005e-13 1 0 
1 4.8480086571000003 -0.87101411470000001 0.25 -1 -4.1253816469970001e-14 0 
7 0 0  3 6 4  4.91145574935 -0.86328269815000003 0.25  4.9044328367669996 -0.86438396807869999 0.25  4.8904453340330001 -0.86641732594400001 0.25  4.8692720960700004 -0.86882602625500005 0.25  4.8551507644529996 -0.8703148535802 0.25  4.8480086571000003 -0.87101411470000001 0.25 
 0 4 0.33361384187710003 1 0.66321728955570003 1 1 4
1 0.45000000000009999 -4.5800000000000001 2.7500000000039999 1 -1.3071305044639999e-14 1.662401872344e-14 
2 13.699999999999999 -2.0800000000000001 2.75 -1 0 0 0 0 -1 -0 -1 -0 2.5
2 14.199999999999999 -2.0800000000000001 2.75 1 0 0 0 -1 0 0 0 -1 2
2 13.699999999999999 -4.0800000000000001 2.75 0 -3.5211417115380001e-14 1 0 -1 -3.5211417115380001e-14 1 0 0 0.5
1 14.199999999999999 -4.0800000000000001 3.7499999999989999 0 -7.1054273576090003e-14 -1 
2 13.699999999999999 -4.0800000000000001 3.7499999999989999 0 4.4426268219769999e-14 -1 1 0 0 0 -1 -4.4426268219769999e-14 0.5
1 13.699999999999999 -4.5800000000000001 2.7500000000039999 -1.030286966863e-13 1.1013412404399999e-13 1 
1 13.699999999999999 -4.5800000000000001 3.7499999999939999 -1 0 0 
1 0.45000000000000001 -2.079999999999 6.2499999999989999 1 0 0 
2 13.699999999999999 -2.0800000000000001 3.7499999999989999 -1 0 0 -0 -1 -4.1033842990150002e-12 0 -4.1033842990150002e-12 1 2.5
2 14.199999999999999 -2.0800000000000001 3.7499999999989999 1 0 0 -0 5.0182080713050001e-14 1 0 -1 5.0182080713050001e-14 2
2 13.699999999999999 -2.0800000000000001 5.7499999999989999 0 1 -5.7653534724090004e-14 0 5.7653534724090004e-14 1 1 -0 0 0.5
1 14.199999999999999 2.1200000000000001 5.7499999999989999 0 -1 -3.2566542055670001e-14 
2 13.699999999999999 2.1200000000000001 5.75 0 -1 4.2712361425499998e-14 1 -5.3565911113631751e-26 -1.2541079286160001e-12 1.2541079286160001e-12 4.2712361425499998e-14 1 0.5
1 13.699999999999999 -2.079999999999 6.2499999999989999 2.4530642067920001e-14 1 3.7641847311120001e-14 
1 13.699999999999999 2.119999999999 6.2499999999989999 -1 0 -1.1060335037780001e-14 
2 11.199999999999999 0.02 6.2499999999989999 0 0 -1 1 0 0 0 -1 0 0.5
2 11.199999999999999 0.02 6.2499999999989999 0 0 -1 -1 0 0 0 1 0 0.5
1 0.4499999999996 4.6199999999569998 3.749985259207 0.999999999999997 -7.5352456796569793e-08 1.7749651246449948e-08 
2 13.699999999999999 2.1200000000000001 3.7499999999989999 -1 0 0 0 0 1 0 1 -0 2.5000000000010001
7 0 0  3 20 18  8.2905851549800005 4.619999409149 3.7499853983749998  8.3131725631470008 4.6200009622409999 3.8816855572170001  8.3843730872990001 4.5991002508380001 4.1510822869070001  8.5640560615610006 4.4983231935600001 4.5584093652110003  8.8322337521879994 4.3214222324289997 4.9666314491580001  9.2253256992200008 4.0432862345530003 5.3688107727799999  9.6234381119909997 3.7593754099860002 5.6481290335849996  9.9947830119780008 3.5036801187609998 5.838773588444  10.346958973930001 3.2795728197959999 5.968743815851  10.681022194260001 3.0978315333189999 6.0528542899979998  11.00159846909 2.9729949335930002 6.1005313586999996  11.295848401040001 2.924409007065 6.1169808968470001  11.57456340683 2.9441112255299999 6.1104554111600002  11.886994012020001 3.0389214372579998 6.0763258792629999  12.21332530077 3.1990079741909998 6.0082108844380002  12.5562487737 3.4058322620960002 5.8993225494960004  12.91782894252 3.6488907307209999 5.7365574876189998  13.30241760515 3.9183271391610002 5.5020256980619999  13.565839476360001 4.1114261000630004 5.2702644823969997  13.7000001166 4.2023437896639999 5.1334132729790003 
 0 4 0.05882352941176 1 0.1176470588235 1 0.17647058823530001 1 0.23529411764710001 1 0.2941176470588 1 0.35294117647060003 1 0.4117647058824 1 0.47058823529409999 1 0.52941176470590001 1 0.5882352941176 1 0.64705882352940003 1 0.70588235294120005 1 0.76470588235290005 1 0.82352941176469996 1 0.88235294117649998 1 0.94117647058819998 1 1 4
2 8.2905883297050007 4.8700000000000001 3.7500002316560002 0.16129039730880443 0 0.98690699041802721 -1.3841165124060677e-14 -1 2.2620642509897608e-15 0.98690699041802721 -1.4024791858245864e-14 -0.16129039730880443 0.25
7 0 0  3 23 21  13.51048410978 4.4105799672739998 5.1087120169069999  13.42244893088 4.3366342864309999 5.2110400932439997  13.235754074300001 4.1776782366800003 5.3986957172840002  12.930910401469999 3.9183284773109999 5.6313748424229999  12.60460415555 3.64906414367 5.8180909241669996  12.314389164370001 3.4268372058069998 5.9371741165590004  12.06744100017 3.2622051454240002 6.0105394152359999  11.87277573481 3.1513007538169999 6.0541053717080002  11.6662888135 3.0625469902829998 6.0851014544330004  11.446896778879999 3.0117481889270001 6.1012976632229998  11.22151094116 3.01586715982 6.1000255521410001  11.00381029757 3.0732046167689999 6.0815615363299997  10.79911410401 3.1658528333559999 6.0486926202589997  10.541566681660001 3.3168314953740001 5.9883668564669996  10.242085753790001 3.5333642137129999 5.8847420853169998  9.9066773510370005 3.8032056903460001 5.7170606868430003  9.5924033590450009 4.0682293116909998 5.5044265888339998  9.3010695157080008 4.3169976254210001 5.244259758588  9.0381044150930006 4.5381780005839998 4.9338414872429999  8.8124070488590007 4.7181333279209996 4.5716195655909999  8.6365307161849998 4.8399564572639999 4.1604521286210003  8.5621079570329996 4.8699830734990002 3.8612784050209998  8.5373157608499994 4.8700000000069998 3.7096773496850002 
 0 4 0.0625 1 0.125 1 0.1875 1 0.25 1 0.28125 1 0.3125 1 0.34375 1 0.375 1 0.40625 1 0.4375 1 0.46875 1 0.5 1 0.5625 1 0.625 1 0.6875 1 0.75 1 0.8125 1 0.875 1 0.9375 1 1 4
7 0 0  3 7 5  13.7000001166 4.2023437896639999 5.1334132729790003  13.680854222640001 4.2099356632560001 5.1219856944969999  13.6407937248 4.2314610861470001 5.1018195020599997  13.583241638720001 4.2822878589090001 5.0860751213200004  13.53698883633 4.3455247087249997 5.088295481386  13.51739272457 4.3895430314380004 5.1006795610179996  13.51048410978 4.4105799672739998 5.1087120169069999 
 0 4 0.25 1 0.5 1 0.75 1 1 4
2 11.35 4.8700000000000001 3.2499999999989999 0 -1 0 -1 0 0 -0 -0 -1 2.849999999999
2 11.35 4.8700000000000001 3.2499999999989999 0 -1 0 -0.98690700262456166 0 0.16129032261919374 -0.16129032261919374 -0 -0.98690700262456166 2.849999999999
2 11.35 4.6200000000000001 3.2499999999989999 0 1 0 -0.98690861803709118 0 -0.16128043788419855 -0.16128043788419855 0 0.98690861803709118 3.099999999999
1 8.5 4.8700000000000001 3.2499999999989999 -3.3052212652209998e-13 1 1.226484581811e-13 
2 11.35 9.3200000000000003 3.2499999999989999 0 1 0 0.99999999999950195 0 -9.9802420674730196e-07 -9.9802420674730196e-07 0 -0.99999999999950195 2.8500000000000001
1 14.199999999999999 9.3200000000000003 3.2499985778139999 1.2670199367809566e-12 -0.99999999999996569 -2.6243673005169099e-07 
7 0 0  3 4 2  14.16268459334 4.3633826226370003 2.7903224782940002  14.18766738751 4.284176029877 2.9431865544570002  14.19999977218 4.2020873835110004 3.0965868545349999  14.20000000001 4.1199969644719996 3.2499972131430002 
 0 4 1 4
7 0 0  3 6 4  14.17294088233 4.2822547238480002 2.749999796814  14.178838744909999 4.2650636224899996 2.8042193522950001  14.188802020940001 4.2299191253100004 2.9135594853089999  14.19794705222 4.1754104645019998 3.0810829052809998  14.200000083620001 4.1384987033030001 3.1934845842290001  14.20000000001 4.1199969644719996 3.2499972131430002 
 0 4 0.33333333333330001 1 0.66666666666670005 1 1 4
1 14.199999999999999 4.1199984821570004 2.750384753449 1.7656461309689758e-11 -3.0377249486749578e-06 0.99999999999538614 
2 14.199999999999999 2.1200000000000001 3.7499999999989999 1 0 0 -0 0.99999996307710026 0.00027174583383070006 0 -0.00027174583383070006 0.99999996307710026 2.0000000000010001
1 14.20000000001 4.1199969644719996 3.2499972131430002 -1.432287577640955e-11 5.4463592950488301e-06 0.99999999998516864 
7 0 0  3 6 4  14.172940908179999 4.282254703794 3.7500000758179999  14.17890526907 4.2648697730330003 3.7499963251519999  14.18891350326 4.2294534331789997 3.7500236758060002  14.197989080339999 4.1749591399039998 3.7498865311410001  14.200000016400001 4.1383073042460001 3.750242684367  14.199999999999999 4.1199996899949998 3.7504274311220001 
 0 4 0.33333333333330001 1 0.66666666666670005 1 1 4
7 0 0  3 7 5  13.7000001166 4.2023437896639999 5.1334132729790003  13.757275203220001 4.2626434506170003 5.0426173340010001  13.871810310860001 4.3552342544020002 4.8409868312109996  14.016011219699999 4.4084418488299999 4.4943717950030004  14.11874373641 4.3843537174460003 4.1243805614899998  14.158943297900001 4.3230343926390002 3.8737705829150002  14.172940908179999 4.282254703794 3.7500000758179999 
 0 4 0.25 1 0.5 1 0.75 1 1 4
7 0 0  3 8 6  13.51048410978 4.4105799672739998 5.1087120169069999  13.56722032021 4.4580486250279998 5.0427643699780003  13.67941446591 4.5335764363350002 4.9001877356500003  13.837795534 4.5893262239809998 4.6515400100980004  13.977616320959999 4.5854740366850004 4.369521578614  14.091186799600001 4.5181857816999997 4.05466785637  14.14345851849 4.4229325986469998 3.8273185745810001  14.162684638329999 4.363382598357 3.7096773422370002 
 0 4 0.20000000000000001 1 0.40000000000000002 1 0.59999999999999998 1 0.80000000000000004 1 1 4
7 0 0  3 4 2  14.172940908179999 4.282254703794 3.7500000758179999  14.164132529210001 4.3079293780730001 3.7363299663789999  14.160599064399999 4.3358788688569998 3.7224383524690001  14.162684638329999 4.363382598357 3.7096773422370002 
 0 4 1 4
2 11.35 9.3200000000000003 3.2499999999989999 0 1 0 -1 0 0 0 -0 1 2.8500000000000001
7 0 0  3 4 2  14.20000000001 4.1199969644719996 3.2499972131430002  14.19999992791 4.2020759401819996 3.4034200202839999  14.18766753886 4.2841756247219998 3.5568125279589999  14.162684638329999 4.363382598357 3.7096773422370002 
 0 4 1 4
7 0 0  3 6 4  14.20000000001 4.1199969644719996 3.2499972131430002  14.200000016580001 4.138499943437 3.306519203408  14.197946483859999 4.1754158094660001 3.418935779691  14.188801811739999 4.2299192285879998 3.586438999256  14.178838744169999 4.265063679931 3.695779960171  14.172940908179999 4.282254703794 3.7500000758179999 
 0 4 0.33333333333330001 1 0.66666666666670005 1 1 4
2 8.7499999999959996 9.3200000000000003 3.25 2.3827294304279999e-13 0 1 2.1316282072799998e-14 1 -5.0790932642165324e-27 -1 2.1316282072799998e-14 2.3827294304279999e-13 0.25
2 13.949999999999999 9.3200000000000003 3.2499999999989999 -4.391452479435e-14 0 1 1 0 4.391452479435e-14 0 1 -0 0.25
2 11.35 9.5700000000000003 3.2499999999989999 0 1 0 -1 0 -7.6861594012500003e-14 -7.6861594012500003e-14 0 1 2.6000000000000001
2 11.35 9.5700000000000003 3.2499999999989999 0 1 0 1 0 -7.6861594012379995e-14 -7.6861594012379995e-14 0 -1 2.600000000004
2 11.35 9.5700000000000003 3.2499999999989999 0 1 0 -1 0 0 0 -0 1 1.6000000000000001
2 11.35 9.5700000000000003 3.2499999999989999 0 1 0 1 0 -2.070565940926e-13 -2.070565940926e-13 0 -1 1.6000000000000001
1 12.949999999999999 9.5700000000000003 3.2499999999989999 0 1 1.092459456231e-14 
2 11.35 19.57 3.2499999999989999 0 1 0 -1 0 0 0 -0 1 1.6000000000000001
1 9.75 19.57 3.2499999999989999 0 -1 0 
7 0 0  3 14 12  10.326720956919999 3.3999999999999999 4.4799999999990003  10.353668187129999 3.3999999999999999 4.5024183218970002  10.407048848660001 3.3950475995840002 4.543821672889  10.483442686049999 3.3782662221069999 4.5959787006859996  10.555031571360001 3.3556187230200001 4.639284963213  10.62078875828 3.3294754402420002 4.6747407696419998  10.67996502145 3.3014780404719999 4.7033797203349996  10.732735724839999 3.2723039659720001 4.726461696836  10.77883307562 3.2423664854890002 4.7448108836039999  10.818020271250001 3.2116355513429999 4.7591288679729997  10.850195364459999 3.1793420826840002 4.7700326435319997  10.874716993590001 3.142767058205 4.7778163132650002  10.88191881046 3.114762734263 4.7799999999990002  10.88191881046 3.1000000000000001 4.7799999999990002 
 0 4 0.090909090909089996 1 0.1818181818182 1 0.27272727272730002 1 0.36363636363640001 1 0.45454545454549999 1 0.54545454545450001 1 0.63636363636360005 1 0.72727272727269998 1 0.81818181818180002 1 0.90909090909089996 1 1 4
1 10.88191881046 -0.42999999999999999 4.7799999999990002 0 1 0 
2 11.35 -0.42999999999999999 3.2499999999989999 0 1 0 -0.29255074346170101 0 0.95625000000000326 0.95625000000000326 -0 0.29255074346170101 1.6000000000000001
1 11.818081189540001 -0.42999999999999999 4.7799999999990002 0 1 0 
7 0 0  3 14 12  11.818081189540001 3.1000000000000001 4.7799999999990002  11.818081189540001 3.1150436581399998 4.7799999999990002  11.825649533349999 3.1435612211450001 4.7777014538240001  11.85026146119 3.179973405553 4.7698904113499996  11.884179287689999 3.2136228005469998 4.7583627019400003  11.923657177260001 3.2440971100040001 4.7438582276219998  11.97001102017 3.273940389616 4.7253141306500002  12.0229112109 3.302936482517 4.7020520000359998  12.082023606050001 3.330684327612 4.6732945288760002  12.14729608094 3.3564280373819999 4.6379370581749999  12.21805797667 3.3786409441099998 4.5949892141299999  12.29356837636 3.3951141321809999 4.5433483158590002  12.346519272269999 3.3999999999999999 4.5022623680159999  12.37327904308 3.3999999999999999 4.4799999999990003 
 0 4 0.090909090909089996 1 0.1818181818182 1 0.27272727272730002 1 0.36363636363640001 1 0.45454545454549999 1 0.54545454545450001 1 0.63636363636360005 1 0.72727272727269998 1 0.81818181818180002 1 0.90909090909089996 1 1 4
2 11.35 3.3999999999999999 3.2499999999989999 0 1 0 0.63954940192291942 -0 0.76875000000002347 0.76875000000002347 0 -0.63954940192291942 1.6000000000000001
1 12.699999999999999 3.3999999999999999 4.1087782018650003 0 1 0 
7 0 0  3 18 16  9.8475020699800009 3.8700000000000001 3.7999999641989999  9.8690223236609995 3.8700000000000001 3.8587893161209998  9.9187671662170001 3.8631067873170002 3.9733588675789999  10.01260772006 3.8350263561250002 4.13477120704  10.12244668128 3.7931216256520002 4.2815383436229997  10.24575917464 3.7414853885029999 4.412433888731  10.382328231920001 3.683210579926 4.5285367826699998  10.537719916209999 3.6193371548519999 4.6329374888899997  10.71614657318 3.5531570994439998 4.7241105205579998  10.928321175760001 3.4894279792580001 4.7996537897189997  11.176118221139999 3.4438171651829999 4.847534116806  11.44096824501 3.4360516601670001 4.8551998527359999  11.72148665389 3.4753289565899999 4.8152327509430002  12.004016452069999 3.5573945217910001 4.721049953464  12.28321382155 3.6675217530520001 4.5634203809239997  12.52788328592 3.7736392205899998 4.3478960558699997  12.648268024 3.8207678337659998 4.1901009082889997  12.699999999999999 3.837874661561 4.1087782018650003 
 0 4 0.066666666666669996 1 0.1333333333333 1 0.20000000000000001 1 0.26666666666670003 1 0.33333333333330001 1 0.40000000000000002 1 0.46666666666669998 1 0.53333333333330002 1 0.59999999999999998 1 0.66666666666670005 1 0.73333333333329997 1 0.80000000000000004 1 0.8666666666667 1 0.93333333333330004 1 1 4
2 11.35 3.8700000000000001 3.2499999999989999 0 1 0 -0.93906119990069481 0 -0.34375000049609811 -0.34375000049609811 0 0.93906119990069481 1.6000000000000001
7 0 0  3 18 16  12.699999999999999 3.837874661561 2.391221798133  12.64747090383 3.820504240555 2.308646018168  12.525123547470001 3.7724984113370001 2.1487092207680001  12.276060323839999 3.6644249104009998 1.9311866300630001  11.992745706679999 3.5533135443470001 1.773755258954  11.70612362162 3.4717871860190002 1.681005186358  11.42257411358 3.434970813774 1.643741494014  11.156423187330001 3.446072639784 1.6547153596019999  10.910151837740001 3.4940917810630001 1.7055141404180001  10.701396932030001 3.5582745562350002 1.782458610071  10.52622623801 3.6239203315239998 1.8739988757449999  10.373780057239999 3.6868378950439999 1.978099623641  10.23975261552 3.7440426565089999 2.0934165377470002  10.118436030990001 3.794729289558 2.2233651569520001  10.01023826226 3.8358192593210001 2.3689618115140001  9.9178235294199997 3.863273757245 2.528702384632  9.8687580839599995 3.8700000000000001 2.641932525289  9.8475020489730003 3.8700000000000001 2.700000105735 
 0 4 0.066666666666669996 1 0.1333333333333 1 0.20000000000000001 1 0.26666666666670003 1 0.33333333333330001 1 0.40000000000000002 1 0.46666666666669998 1 0.53333333333330002 1 0.59999999999999998 1 0.66666666666670005 1 0.73333333333329997 1 0.80000000000000004 1 0.8666666666667 1 0.93333333333330004 1 1 4
1 12.699999999999999 3.3999999999999999 2.391221798133 0 1 1.419869538863e-14 
2 11.35 3.3999999999999999 3.2499999999989999 0 1 0 0.84374999999998967 0 -0.53673637616619341 -0.53673637616619341 0 -0.84374999999998967 1.6000000000000001
7 0 0  3 14 12  12.38518114357 3.3999999999999999 2.0299999999990002  12.35942672363 3.3999999999999999 2.0081471394360002  12.30832174625 3.3952891589409999 1.9675972697990001  12.23480726156 3.379053188726 1.915998817865  12.165637748469999 3.356889572174 1.872781934222  12.101755026339999 3.330992742801 1.837045863927  12.04413060968 3.30300826645 1.8079885131669999  11.99267672247 3.2736158326079998 1.784431910678  11.94766381534 3.2431761497860001 1.765593179833  11.909652705879999 3.2118245349689998 1.7509225692049999  11.87888840638 3.1790073372290002 1.739850195826  11.855939219410001 3.1419426553230001 1.732065870657  11.849599839870001 3.1143850205849999 1.7299999999989999  11.849599839870001 3.1000000000000001 1.7299999999989999 
 0 4 0.090909090909089996 1 0.1818181818182 1 0.27272727272730002 1 0.36363636363640001 1 0.45454545454549999 1 0.54545454545450001 1 0.63636363636360005 1 0.72727272727269998 1 0.81818181818180002 1 0.90909090909089996 1 1 4
1 11.849599839870001 -0.42999999999999999 1.7299999999989999 0 1 0 
2 11.35 -0.42999999999999999 3.2499999999989999 0 1 0 0.31224989991990199 0 -0.95000000000000595 -0.95000000000000595 0 -0.31224989991990199 1.6000000000000001
1 10.85040016013 -0.42999999999999999 1.7299999999989999 0 1 0 
7 0 0  3 14 12  10.85040016013 3.1000000000000001 1.7299999999989999  10.85040016013 3.1146574403559999 1.7299999999989999  10.843731222900001 3.14273792481 1.7321766835179999  10.820628784789999 3.1797348095790001 1.7400105893840001  10.788048240689999 3.2140077963140001 1.7517729464689999  10.749942880600001 3.2449069850460002 1.7665590353509999  10.704678198530001 3.2752507544110001 1.785591132268  10.65316065477 3.3044204199139999 1.8092946449609999  10.5956185549 3.332146661551 1.838450090319  10.53223817688 3.357638297017 1.8740552774820001  10.46384390653 3.3793920217419999 1.9169147432610001  10.39113970414 3.395345844045 1.968020687408  10.34041245245 3.3999999999999999 2.0082836000070001  10.31481885643 3.3999999999999999 2.0299999999990002 
 0 4 0.090909090909089996 1 0.1818181818182 1 0.27272727272730002 1 0.36363636363640001 1 0.45454545454549999 1 0.54545454545450001 1 0.63636363636360005 1 0.72727272727269998 1 0.81818181818180002 1 0.90909090909089996 1 1 4
2 11.35 3.3999999999999999 3.2499999999989999 0 -1 0 -0.63954940192291942 0 0.76875000000002347 -0.76875000000002347 -0 -0.63954940192291942 1.6000000000000001
2 11.35 19.57 3.2499999999989999 0 1 0 1 0 0 0 0 -1 1.6000000000000001
1 12.699999999999999 3.3999999999999999 4.4799999999990003 0 0 -1 
1 12.37327904308 3.3999999999999999 4.4799999999990003 1 0 0 
1 12.699999999999999 3.3999999999999999 2.391221798133 0 0 -1 
1 12.699999999999999 3.3999999999999999 2.0299999999990002 -1 0 0 
1 1.2 3.3999999999999999 3.420998066158 0 0 1 
1 1.3999999999999999 3.3999999999999999 3.420998066158 -1 0 0 
1 1.3999999999999999 3.3999999999999999 2.484168760482 0 0 1 
1 1.3999999999999999 3.3999999999999999 2.484168760482 -1 0 0 
1 1.2 3.3999999999999999 2.484168760482 0 0 -1 
1 10.31481885643 3.3999999999999999 2.0299999999990002 -1 0 0 
1 1.2 3.3999999999999999 4.4799999999990003 1 0 0 
1 12.699999999999999 -3.1000000000000001 1.7299999999989999 0 1 0 
2 12.699999999999999 -3.1000000000000001 2.0299999999990002 1 0 0 0 -1 0 0 0 -1 0.29999999999999999
1 12.699999999999999 -3.3999999999999999 2.0299999999990002 0 0 1 
2 12.699999999999999 -3.1000000000000001 4.4799999999990003 1 0 0 0 0 1 0 -1 0 0.29999999999999999
1 12.699999999999999 -3.1000000000000001 4.7799999999990002 0 1 0 
2 12.699999999999999 3.1000000000000001 4.4799999999990003 1 0 0 -0 1 0 0 -0 1 0.29999999999999999
2 12.699999999999999 2.3700000000000001 3.7999999999999998 1 0 0 -0 0.97858310770739254 0.20585213457659846 0 -0.20585213457659846 0.97858310770739254 1.5
1 12.699999999999999 -2.3300000000000001 5.2999999999999998 0 1 0 
2 12.699999999999999 -2.3300000000000001 3.7999999999999998 1 0 0 0 0 1 0 -1 0 1.5
1 12.699999999999999 -3.8300000000000001 2.7000000000000002 0 0 1 
2 12.699999999999999 -2.3300000000000001 2.7000000000000002 1 0 0 0 -1 0 0 0 -1 1.5
1 12.699999999999999 2.3700000000000001 1.2 0 -1 0 
2 12.699999999999999 2.3700000000000001 2.7000000000000002 1 0 0 0 0 -1 -0 1 0 1.5
2 12.699999999999999 3.1000000000000001 2.0299999999990002 1 0 0 0 0 -1 -0 1 0 0.29999999999999999
1 6.7999999999999998 2.2949999999999999 1.7299999999989999 0 1 0 
1 7.7999999999999998 2.2949999999999999 1.7299999999989999 -1 0 0 
1 7.7999999999999998 2.7949999999999999 1.7299999999989999 0 -1 0 
1 6.7999999999999998 2.7949999999999999 1.7299999999989999 1 0 0 
1 6.7999999999999998 -2.3050000000000002 1.7299999999989999 1 0 0 
1 6.7999999999999998 -2.8050000000000002 1.7299999999989999 0 1 0 
1 7.7999999999999998 -2.8050000000000002 1.7299999999989999 -1 0 0 
1 7.7999999999999998 -2.3050000000000002 1.7299999999989999 0 -1 0 
1 5.0499999999999998 -2.085 1.7299999999989999 0 -1 0 
1 5.9500000000000002 -2.6850000000000001 1.7299999999989999 -1 0 0 
1 5.9500000000000002 -2.085 1.7299999999989999 0 -1 0 
1 5.0499999999999998 -2.085 1.7299999999989999 1 0 0 
1 5.0499999999999998 2.6749999999999998 1.7299999999989999 0 -1 0 
1 5.9500000000000002 2.0750000000000002 1.7299999999989999 -1 0 0 
1 5.9500000000000002 2.6749999999999998 1.7299999999989999 0 -1 0 
1 5.0499999999999998 2.6749999999999998 1.7299999999989999 1 0 0 
1 11.849599839870001 3.1000000000000001 1.7299999999989999 1 0 0 
1 11.849599839870001 -0.42999999999999999 1.7299999999989999 -1 0 0 
1 8.8000000000000007 3.1000000000000001 1.7299999999989999 1 0 0 
1 8.8000000000000007 3.1000000000000001 1.7299999999989999 0 -1 0 
1 5.0499999999999998 0.87 1.7299999999989999 1 0 0 
1 5.0499999999999998 0.64500000000000002 1.7299999999989999 0 1 0 
1 5.0499999999999998 0.64500000000000002 1.7299999999989999 -1 0 0 
1 1.2 -0.65500000000000003 1.7299999999989999 0 1 0 
1 1.2 -0.65500000000000003 1.7299999999989999 1 0 0 
1 5.0499999999999998 -0.88 1.7299999999989999 0 1 0 
1 8.8000000000000007 -0.88 1.7299999999989999 -1 0 0 
1 8.8000000000000007 -0.88 1.7299999999989999 0 -0.99999999501702552 -9.9829599486912554e-05 
1 12.699999999999999 -3.1000000000000001 1.7299999999989999 -0.99999997924278783 -0.00019566042142519762 -5.684561151302931e-05 
1 6.7999999999999998 2.7949999999999999 1.724999999999 -1.7763568394e-13 -8.8817841970009999e-14 1 
1 6.7999999999999998 2.7949999999999999 1.724999999999 0 -1 0 
1 6.7999999999999998 2.2949999999999999 1.7299999999989999 0 1.9539925233400001e-12 -1 
1 7.7999999999999998 2.7949999999999999 1.724999999999 -1.7763568394e-13 1.9539925233400001e-12 1 
1 7.7999999999999998 2.7949999999999999 1.724999999999 -1 1.021405182655e-14 0 
1 7.7999999999999998 2.2949999999999999 1.724999999999 -1.7763568394e-13 8.8817841970009999e-14 1 
1 7.7999999999999998 2.2949999999999999 1.724999999999 0 1 0 
1 6.7999999999999998 2.2949999999999999 1.724999999999 1 0 0 
1 5.0499999999999998 0.64500000000000002 1.724999999999 -1 0 0 
1 5.0499999999999998 0.87 1.724999999999 0 -1 0 
1 8.8000000000000007 0.87 1.724999999999 -1 0 0 
1 8.8000000000000007 3.0950000000000002 1.724999999999 1.197543936674e-14 -1 0 
1 6.2999999999999998 3.0950000000000002 1.724999999999 1 0 0 
1 1.2 3.0950000000000002 1.724999999999 1 0 0 
1 1.2 3.0950000000000002 1.724999999999 0 -1 0 
1 5.0499999999999998 2.6749999999999998 1.724999999999 0 -1 0 
1 5.9500000000000002 2.6749999999999998 1.724999999999 -1 1.085551401856e-14 0 
1 5.9500000000000002 2.0750000000000002 1.724999999999 0 1 0 
1 5.0499999999999998 2.0750000000000002 1.724999999999 1 0 0 
1 5.0499999999999998 -2.085 1.724999999999 -1.7763568394e-13 0 1 
1 5.0499999999999998 -2.085 1.724999999999 0 -1 0 
1 5.0499999999999998 -2.6850000000000001 1.724999999999 -1.7763568394e-13 0 1 
1 5.0499999999999998 -0.65500000000000003 1.7299999999989999 -3.5527136788010002e-13 2.2204460492500001e-14 -1 
1 5.0499999999999998 -0.65500000000000003 1.724999999999 0 -1 0 
1 5.0499999999999998 -0.88 1.724999999999 -1.7763568394e-13 -4.4408920985009998e-14 1 
1 5.0499999999999998 0.87 1.724999999999 -1.7763568394e-13 -6.6613381477509998e-14 1 
1 5.0499999999999998 0.64500000000000002 1.724999999999 3.5527136788010002e-13 -1.1102230246250002e-13 1 
1 5.0499999999999998 2.6749999999999998 1.724999999999 -1.7763568394e-13 0 1 
1 5.0499999999999998 2.0750000000000002 1.724999999999 -1.7763568394e-13 0 1 
1 5.9500000000000002 -2.085 1.724999999999 0 -7.1942451995710006e-12 1 
1 5.9500000000000002 -2.085 1.724999999999 -1 -3.9968028886510003e-14 0 
1 5.9500000000000002 -2.6850000000000001 1.7299999999989999 0 3.9079850466810002e-12 -1 
1 5.9500000000000002 -2.6850000000000001 1.724999999999 0 1 0 
1 5.0499999999999998 -2.6850000000000001 1.724999999999 1 2.2204460492500001e-14 0 
1 1.2 -3.105 1.724999999999 0.99999999999999722 -7.4292138889569789e-08 0 
1 6.2999999999999998 -3.0550000000000002 1.724999999999 -7.9935452038209995e-13 -1 8.6596739708060003e-13 
1 8.8000000000000007 -3.0550000000000002 1.724999999999 -1 2.6645352591000002e-14 0 
1 8.8000000000000007 -0.87999999999989997 1.724999999999 0 -1 0 
1 5.0499999999999998 -0.88 1.724999999999 1 2.6142051486510001e-14 0 
1 1.2 -0.65500000000000003 1.724999999999 1 0 0 
1 1.2 -0.65500000000000003 1.724999999999 0 -1 0 
1 7.7999999999999998 -2.3050000000000002 1.724999999999 -1 1.021405182655e-14 0 
1 7.7999999999999998 -2.8050000000000002 1.724999999999 0 1 0 
1 6.7999999999999998 -2.8050000000000002 1.724999999999 1 -1.021405182655e-14 0 
1 6.7999999999999998 -2.3050000000000002 1.724999999999 0 -1 0 
1 7.7999999999999998 -2.3050000000000002 1.724999999999 -5.3290705182009998e-13 -5.3290705182010002e-12 1 
1 6.7999999999999998 -2.3050000000000002 1.7299999999989999 1.7763568394e-13 7.3718808835110007e-12 -1 
1 7.7999999999999998 -2.8050000000000002 1.724999999999 -1.7763568394e-13 -2.8421709430400001e-12 1 
1 6.7999999999999998 -2.8050000000000002 1.724999999999 0 -4.8849813083509998e-12 1 
2 6.2999999999999998 -3.105 2.0249999999989998 -1 0 0 -0 -1.932125333800065e-06 -0.99999999999813349 0 -0.99999999999813349 1.932125333800065e-06 0.29999999999999999
1 1.2 -3.4049999999999998 2.0249999999989998 1 0 1.805231345672e-10 
2 1.2 -3.105 2.0249999999989998 1 0 0 0 -1 0 0 0 -1 0.29999999999999999
2 1.2 -2.3300000000000001 3.7999999999999998 -1 0 0 0 -1 0 0 0 1 1.5
1 1.2 -2.3300000000000001 5.2999999999999998 0 1 0 
2 1.2 2.3700000000000001 3.7999999999999998 -1 0 0 0 0 1 0 1 -0 1.5
1 1.2 3.8700000000000001 3.7999999999999998 0 0 -1 
2 1.2 2.3700000000000001 2.7000000000000002 -1 0 0 0 1 0 0 0 -1 1.5
1 1.2 2.3700000000000001 1.2 0 -1 0 
2 1.2 -2.3300000000000001 2.7000000000000002 -1 0 0 0 0 -1 -0 -1 -0 1.5
1 1.2 -3.8300000000000001 2.7000000000000002 0 0 1 
2 1.2 3.1499999999999999 3.25516682664 1 0 0 -0 1 0 0 -0 1 0.29999999999999999
2 1.2 3.1000000000000001 4.4799999999990003 1 0 0 -0 1 0 0 -0 1 0.29999999999999999
1 1.2 -3.1000000000000001 4.7799999999990002 0 1 0 
2 1.2 -3.1000000000000001 4.4799999999990003 1 0 0 0 0 1 0 -1 0 0.29999999999999999
2 1.2 -3.105 4.4749999999990004 1 0 0 0 -0.69872437877267779 0.7153909717830772 0 -0.7153909717830772 -0.69872437877267779 0.29999999999999999
1 1.2 -3.4049999999999998 4.4749999999990004 0 0 -1 
1 1.2 -0.65500000000000003 1.724999999999 4.4408920985009998e-14 -2.2204460492500001e-14 1 
1 1.2 0.64500000000000002 1.7299999999989999 0 4.4408920985009998e-14 -1 
2 1.2 3.0950000000000002 2.0249999999989998 1 0 0 0 0 -1 -0 1 0 0.29999999999999999
2 1.2 3.1000000000000001 2.0299999999990002 1 0 0 0 0.69872430414010944 -0.71539104467690962 -0 0.71539104467690962 0.69872430414010944 0.29999999999999999
2 1.2 3.1499999999999999 2.6499999999999999 1 0 0 0 0.83333333333330784 -0.55277079839260523 -0 0.55277079839260523 0.83333333333330784 0.29999999999999999
1 1.2 3.4500000000000002 2.6499999999999999 0 0 1 
1 1.2 -2.3300000000000001 5.2999999999999998 1 0 0 
1 12.699999999999999 -3.8300000000000001 3.7999999999999998 -1 0 0 
1 12.699999999999999 2.3700000000000001 5.2999999999999998 -1 0 0 
2 11.199999999999999 0.02 5.2999999999999998 0 0 -1 1 0 0 0 -1 0 0.5
2 11.199999999999999 0.02 5.2999999999999998 0 0 -1 -1 0 0 0 1 0 0.5
1 1.2 3.8700000000000001 3.7999999999999998 1 0 -4.140058426304e-09 
1 9.8475020489730003 3.8700000000000001 2.700000105735 -0.99999999999999978 0 -1.2227186894479998e-08 
1 1.2 2.3700000000000001 1.2 1 0 0 
1 12.699999999999999 -2.3300000000000001 1.2 -1 0 0 
2 11.199999999999999 0.02 1.2 0 0 1 -1 0 0 0 -1 0 0.5
2 11.199999999999999 0.02 1.2 0 0 1 1 0 -0 -0 1 0 0.5
1 1.2 -3.8300000000000001 2.7000000000000002 1 0 0 
1 10.699999999999999 0.02000000000007 1.2 0 0 -1 
1 11.699999999999999 0.02 0.25 0 0 1 
1 11.699999999999999 0.02 5.2999999999999998 0 0 1 
1 10.699999999999999 0.02000000000007 6.2499999999989999 0 0 -1 
2 1.3999999999999999 3.1499999999999999 3.25516682664 -1 0 0 0 0.83333333333330784 0.55277079839260523 0 0.55277079839260523 -0.83333333333330784 0.29999999999999999
1 1.2 3.4500000000000002 3.25516682664 1 0 0 
1 1.3999999999999999 3.4500000000000002 2.6499999999999999 -1 0 0 
1 1.3999999999999999 3.4500000000000002 3.25516682664 0 0 -1 
2 1.3999999999999999 3.1499999999999999 2.6499999999999999 -1 0 0 0 1 0 0 0 -1 0.29999999999999999
1 12.699999999999999 3.1000000000000001 4.7799999999990002 -1 0 0 
1 10.88191881046 3.1000000000000001 4.7799999999990002 -1 0 0 
1 1.2 -3.1000000000000001 4.7799999999990002 1 0 0 
1 11.818081189540001 -0.42999999999999999 4.7799999999990002 -1 0 0 
1 1.2 -3.3146173056929999 4.6896172983150004 1 6.3535137935090003e-10 8.1137728344339999e-10 
2 6.2999999999999998 -3.1000000000000001 4.4799999999990003 1 0 0 0 -0.71539100817178858 0.69872434151598883 0 -0.69872434151598883 -0.71539100817178858 0.29999999999999999
1 12.699999999999999 -3.3999999999999999 4.4799999999990003 -1 0 0 
1 6.2999999999999998 -3.3999999999999999 2.0299999999990002 1 0 0 
1 6.2999999999999998 -3.3999999999999999 2.0299999999990002 0 0 1 
2 6.2999999999999998 -3.1000000000000001 2.0299999999990002 1 0 0 0 -1 0 0 0 -1 0.29999999999999999
1 8.8000000000000007 -3.1049500824399998 1.7300408416390001 -1 0 0 
2 8.8000000000000007 -3.0550000000000002 1.974999999999 1 0 0 0 -0.19980032975839496 -0.97983663343867522 0 0.97983663343867522 -0.19980032975839496 0.25
2 6.2999999999999998 -3.0550000000000002 1.974999999999 1 0 0 0 -0.19980032975839496 -0.97983663343867522 0 0.97983663343867522 -0.19980032975839496 0.25
7 0 0  3 5 3  8.8000000000000007 -3.0550000000000002 1.724999999999  8.8000000000000007 -3.0622560185080001 1.724999999999  8.8000000000000007 -3.0785727178900002 1.7255078002749999  8.8000000000000007 -3.0920164948500002 1.7281717872669999  8.8000000000000007 -3.1007630756590001 1.7297783021090001 
 0 4 0.5 1 1 4
2 8.8000000000000007 3.1000000000000001 2.0299999999990002 1 0 0 0 0 -1 -0 1 0 0.29999999999999999
2 8.8000000000000007 3.0950000000000002 1.924999999999 -1 0 0 0 0.3322224328489079 -0.94320106823092231 -0 -0.94320106823092231 -0.3322224328489079 0.20000000000000001
1 8.8000000000000007 0.87 1.7299999999989999 3.5527136788010002e-13 6.6613381477509998e-14 -1 
1 8.8000000000000007 -0.87999999999989997 1.724999999999 -3.5527136788010002e-13 -1.9650947535870001e-11 1 
1 6.2999999999999998 3.1614444865700002 1.736359786353 1 0 0 
2 6.2999999999999998 3.1000000000000001 2.0299999999990002 1 0 0 0 0.20481495523270465 -0.97880071215392228 -0 0.97880071215392228 0.20481495523270465 0.29999999999999999
1 1.2 3.3096172983160002 1.8153826943060001 1 8.1140149065910002e-10 6.3537645732979996e-10 
2 6.2999999999999998 3.0950000000000002 2.0249999999989998 -1 0 0 0 0.7153910081826097 -0.69872434150490947 -0 -0.69872434150490947 -0.7153910081826097 0.29999999999999999
2 6.2999999999999998 3.0950000000000002 1.924999999999 1 0 0 0 0 -1 -0 1 0 0.20000000000000001
1 6.2999999999999998 -3.4049999999999998 2.02500000092 0 0 1 
2 6.2999999999999998 -3.105 4.4749999999990004 -1 0 0 0 -1 0 0 0 1 0.29999999999999999
1 1.2 -3.4049999999999998 4.4749999999990004 1 0 0 
1 5.9500000000000002 2.6749999999999998 1.724999999999 0 1.9539925233400001e-12 1 
1 5.9500000000000002 2.0750000000000002 1.7299999999989999 0 -8.8817841970009999e-14 -1 
1 5.0275369600499999 -0.81856650684999999 0.5 0 0 -1 
7 0 0  3 6 4  4.91145574935 -0.86328269815000003 0.5  4.9251978503469998 -0.86120183112449999 0.5  4.9522774947399997 -0.85516284660899999 0.5  4.9913130756140003 -0.83995515742110005 0.5  5.0156859754819996 -0.8262621257703 0.5  5.0275369600499999 -0.81856650684999999 0.5 
 0 4 0.33286722190219997 1 0.66158482128730001 1 1 4
1 4.91145574935 -0.86328269815000003 0.25 0 0 1 
7 0 0  3 6 4  4.8480086571000003 -0.87101411470000001 0.5  4.8551507644529996 -0.8703148535802 0.5  4.8692720960700004 -0.86882602625500005 0.5  4.8904453340330001 -0.86641732594400001 0.5  4.9044328367669996 -0.86438396807869999 0.5  4.91145574935 -0.86328269815000003 0.5 
 0 4 0.33678271044430003 1 0.66638615812290003 1 1 4
1 4.8480086571000003 -0.87101411470000001 0.5 0 0 -1 
1 4.3609013185499998 -0.87101411470000001 0.5 0 0 -1 
1 4.3609013185499998 -0.87101411470000001 0.5 1 4.170965974588e-14 1.3903219915290001e-14 
1 4.3609013185499998 -0.59978389195000004 0.5 0 0 -1 
1 4.3609013185499998 -0.59978389195000004 0.5 6.6147510760550005e-13 -1 0 
1 3.6247050007500001 -0.59978389195000004 0.5 0 0 -1 
1 3.6247050007500001 -0.59978389195000004 0.5 1 0 0 
1 3.6247050007500001 -1.3359802105 0.5 0 0 -1 
1 3.6247050007500001 -1.3359802105 0.5 0 1 0 
1 4.3609013185499998 -1.3359802105 0.5 0 0 -1 
1 4.3609013185499998 -1.3359802105 0.5 -1 0 0 
1 4.3609013185499998 -1.070285298732 0.5 0 0 -1 
1 4.3609013185499998 -1.070285298732 0.5 -6.7859869050280003e-13 -1 0 
1 4.8867558395639996 -1.0702852987989999 0.25 0 0 1 
1 4.8867558395639996 -1.0702852987989999 0.5 -1 1.285162095609e-10 0 
1 4.9587148772810004 -1.0592146760550001 0.5 0 0 -1 
2 4.8936122639999997 -0.87544991500000002 0.5 0 0 -1 0.33393498120778353 -0.94259611092225348 0 -0.94259611092225359 -0.33393498120778359 -0 0.19495598850000001
1 5.0029973572320001 -1.048144055092 0.5 0 0 -1 
1 5.0029973572320001 -1.048144055092 0.5 -0.97014249511519057 -0.24253564515689763 1.3377547848179869e-14 
1 5.0638857744410002 -1.0260028136899999 0.5 0 0 -1 
1 5.0638857744410002 -1.0260028136899999 0.5 -0.9397934295351581 -0.34174304645822112 0 
1 5.1303095021610003 -0.99279094946989999 0.5 0 0 -1 
1 5.1303095021610003 -0.99279094946989999 0.5 -0.89442718905919583 -0.44721359938139787 0 
1 5.1801272980790003 -0.95957908583130003 0.5 0 0 -1 
1 5.1801272980790003 -0.95957908583130003 0.5 -0.83205029670172059 -0.55470019267941362 0 
1 5.8775764425299997 -0.2621299409201 0.5 0 0 -1 
1 5.8775764425299997 -0.2621299409201 0.5 -0.70710678095339752 -0.70710678141969752 0 
1 5.9163236183679997 -0.2289180769918 0.5 0 0 -1 
1 5.9163236183679997 -0.2289180769918 0.5 -0.75925661278229883 -0.65079136130279902 0 
1 5.9246265822390001 -0.2233827663738 0.5 0 0 -1 
1 5.9246265822390001 -0.2233827663738 0.5 -0.83205023092234598 -0.55470029134846388 0 
1 6.0048885891279999 -0.16249434817370001 0.5 0 0 -1 
1 6.0048885891279999 -0.16249434817370001 0.5 -0.79669127482061297 -0.60438647620930985 0 
1 6.0381004512769998 -0.1403531061994 0.5 0 0 -1 
1 6.0381004512769998 -0.1403531061994 0.5 -0.83205028806987436 -0.55470020562718303 0 
1 6.0768476263800002 -0.11821186360450001 0.5 0 0 -1 
1 6.0768476263800002 -0.11821186360450001 0.5 -0.86824314522677315 -0.49613893292778455 0 
1 6.0934535577449997 -0.10714124196950001 0.5 0 0 -1 
1 6.0934535577449997 -0.10714124196950001 0.5 -0.83205027757167394 -0.55470022137448272 -3.0595619452139039e-14 
1 6.1211301110020004 -0.09607062097928 0.5 0 0 -1 
1 6.1211301110020004 -0.09607062097928 0.5 -0.92847669450230064 -0.37139066731150028 0 
1 6.1432713537719996 -0.085000000113999996 0.5 -1.33226762955e-12 0 -1 
1 6.1432713537719996 -0.085000000113999996 0.5 -0.89442719939623561 -0.44721357870731787 2.4666976669720984e-14 
1 7.3632478673000001 -0.085000000113579999 0.25 0 0 1 
1 7.3632478673000001 -0.085000000113579999 0.5 -1 -3.4700825170250002e-13 0 
2 7.9090354574999999 0.020170902500000001 0.5 0 0 -1 -0.98556500804228642 0.16929741558159767 0 0.16929741558159767 0.98556500804228642 0 0.55582822200000004
2 7.9090354574999999 0.020170902500000001 0.5 0 0 -1 1 0 0 0 -1 0 0.55582822200000004
1 7.3612306114130002 0.11427118399199999 0.5 1.328714915871e-12 1.3341550086919999e-12 -1 
1 7.0307661649210003 0.11427118399239999 0.5 1 -1.2344370988820001e-12 1.8645690488300001e-14 
1 7.0012445078800001 0.1253418067698 0.5 0.93632916310855885 -0.35112348014968459 0 
1 6.9126795376950003 0.16962429070269999 0.5 0.89442719568403573 -0.44721358613171786 0 
1 6.8960736053989997 0.1806949130512 0.5 0.8320502754267971 -0.55470022459179813 0 
1 6.8573264307350001 0.20283615530070001 0.5 0.86824314613168374 -0.49613893134419074 0 
1 6.8130439441270001 0.23604801985439999 0.5 0.80000000349105194 -0.59999999534526405 0 
1 6.7798320803090002 0.26372457220130002 0.5 0.76822128909546594 -0.6401843882667716 -1.4124269938789372e-14 
1 6.7576908396309996 0.28033050490229999 0.5 0.79999996197873047 -0.60000005069502271 -2.2062815481680836e-14 
1 6.7355495880280003 0.30247175537240001 0.5 0.70710679927739739 -0.70710676309569731 1.9500949852589928e-14 
1 6.0602417031489999 0.97224433011699996 0.5 0.71001067340569435 -0.70419091420579438 0 
1 6.0491710709179998 0.983314960786 0.5 0.70710683105999583 -0.70710673131309576 -4.3256629223689741e-13 
2 5.6736198795000004 0.49347224299999998 0.5 0 0 -1 0.016558697783870181 0.99986289536501083 0 0.99986289536501083 -0.016558697783870181 0 0.61723948799999995
1 5.2322766280420003 1.110627104887 0.5 1 -2.75712815455e-10 0 
2 4.8812205224999996 0.99992089100000003 0.5 0 0 -1 -1 0 0 0 1 0 0.36809815950000002
2 4.8812205224999996 0.99992089100000003 0.5 0 0 -1 0.96677228542651317 -0.25563909742290347 0 -0.25563909742290347 -0.96677228542651317 -0 0.36809815950000002
1 5.6783052764570003 0.90582060994809999 0.5 -1 -7.5224589726219999e-10 0 
2 5.6653793219999997 0.44487039950000001 0.5 0 0 1 0.66423018625007102 0.74752809958836741 -0 -0.74752809958836741 0.66423018625007102 0 0.46113141000000002
1 5.9938179673269998 0.76743784192300002 0.5 -0.70710676269689721 0.70710679967619727 2.1805615172849914e-13 
1 6.6252124030499999 0.114271184 0.5 -0.69502209669423887 0.71898837619724021 0 
1 3.1043857961999999 0.114271184 0.5 1 0 0 
1 3.1043857961999999 0.39103671755149999 0.5 -1.957573362062e-13 -1 0 
1 2.4620273630209999 0.02017090275399 0.5 0.86602540350112456 0.50000000049071425 0 
1 3.1043857961999999 -0.35069491195000002 0.5 -0.86602540355562607 0.50000000039631509 0 
1 3.1043857961999999 -0.085000000150000005 0.5 -2.2062814565429998e-13 -1 0 
1 5.7617039392980001 -0.085000000149900001 0.5 -1 -3.853667145571e-14 0 
1 5.1303095025959999 -0.72709603740170003 0.5 0.70113995185349343 0.71302367977149339 0 
1 5.0804917071000002 -0.78244914430000001 0.5 0.66896472633846071 0.74329415100275642 -9.094080157725465e-14 
7 0 0  3 6 4  5.0275369600499999 -0.81856650684999999 0.5  5.0336823012779996 -0.81463786029060004 0.5  5.0456748196829997 -0.80681662968010004 0.5  5.0632375028530001 -0.794642099027 0.5  5.0747502569509999 -0.78654551086070001 0.5  5.0804917071000002 -0.78244914430000001 0.5 
 0 4 0.34133397874209997 1 0.66993595503329995 1 1 4
1 7.0307661649210003 0.11427118399239999 0.5 -2.6716406864580001e-12 1.3340994975410001e-12 -1 
1 7.0012445078800001 0.1253418067698 0.5 0 0 -1 
1 6.9126795376950003 0.16962429070269999 0.5 0 0 -1 
1 6.8960736053989997 0.1806949130512 0.5 0 0 -1 
1 6.8573264307350001 0.20283615530070001 0.5 0 0 -1 
1 6.8130439441270001 0.23604801985439999 0.5 0 0 -1 
1 6.7798320803090002 0.26372457220130002 0.5 0 0 -1 
1 6.7576908396309996 0.28033050490229999 0.5 0 0 -1 
1 6.7355495880280003 0.30247175537240001 0.5 0 0 -1 
1 6.0602417031489999 0.97224433011699996 0.5 0 0 -1 
1 6.0491710709179998 0.983314960786 0.25 0 0 1 
1 5.683840564554 1.110627104762 0.5 -1.4665602066089999e-11 1.334043986389e-12 -1 
1 5.2322766280420003 1.110627104887 0.25 0 -1.334043986389e-12 1 
1 5.237087621403 0.90582060961620003 0.5 -2.6680879727790001e-12 -5.333511410299e-12 -1 
1 5.6783052764570003 0.90582060994809999 0.5 3.59960949936e-11 -5.3326232318790002e-12 -1 
1 5.9716767246540003 0.78957908575400004 0.25 -2.2666668542109999e-10 2.280002853183e-10 1 
1 5.9938179673269998 0.76743784192300002 0.5 0 0 -1 
1 6.6252124030499999 0.114271184 0.5 0 0 -1 
1 3.1043857961999999 0.114271184 0.5 0 0 -1 
1 3.1043857961999999 0.39103671755149999 0.5 0 0 -1 
1 2.4620273630209999 0.02017090275399 0.5 0 0 -1 
1 3.1043857961999999 -0.35069491195000002 0.5 0 0 -1 
1 3.1043857961999999 -0.085000000150000005 0.5 0 0 -1 
1 5.7617039392980001 -0.085000000149900001 0.5 0 0 -1 
1 5.1303095025959999 -0.72709603740170003 0.5 0 0 -1 
1 5.0804917071000002 -0.78244914430000001 0.25 0 0 1 
1 -5.2999999999999998 3.1200000000000001 4.1499999999990003 0 -1 0 
1 0.20000000000000001 3.1200000000000001 4.1499999999990003 -1 0 0 
2 -4.585 2.3700000000000001 4.1499999999990003 0 0 -1 0 -1 0 -1 -0 -0 0.215
1 -4.585 2.1549999999999998 4.1499999999990003 1 0 0 
2 -0.66500000000000004 2.3700000000000001 4.1499999999990003 0 0 -1 0 1 0 1 -0 0 0.215
1 -0.66500000000000004 2.585 4.1499999999990003 -1 0 0 
2 -1.899999999999 0.74499999999949995 4.150014527193 9.9986685597740003e-13 -7.3000494538180002e-12 -1 0.00060479363763420678 0.99999981711231123 -7.2994434056158522e-12 0.99999981711231123 -0.00060479363763420678 1.0042816965781459e-12 0.27920680585070001
1 -3.8998368293549999 1.024214679013 4.150006718447 1 1.8271797764339999e-09 -1.526080845898e-09 
2 -3.8999999999999999 0.74499999999989996 4.1500145271909998 -1.3999912340519999e-11 -1.800004589825e-12 -1 -0.00060479368150409074 -0.99999981711228469 1.8084713191514306e-12 -0.99999981711228469 0.00060479368150409074 1.3998821148705412e-11 0.27920680585160002
1 -1.900163170643 0.4657853209874 4.1500067184490002 -1 -1.8276765258510001e-09 -1.526893986147e-09 
2 -3.8999999999999999 -0.75500000000010004 4.150014527193 1.1999734539359999e-11 9.999778782798999e-13 -1 -0.00060479363674050717 -0.99999981711231178 -1.0072350584882377e-12 -0.99999981711231178 0.00060479363674050717 -1.1999127564498626e-11 0.27920680585059998
1 -1.9001631706440001 -1.034214679013 4.1500067184480001 -1 -1.827627758537e-09 -1.5263446390769999e-09 
2 -1.8999999999999999 -0.75500000000010004 4.1500145271909998 1.099986768338e-11 -3.8999914409030003e-12 -1 0.00060479366449249711 0.99999981711229513 -3.8933380773573526e-12 0.99999981711229513 -0.00060479366449249711 1.1002224361754479e-11 0.27920680585199997
1 -3.8998368293539998 -0.47578532098710002 4.1500067184490002 1 1.827654404312e-09 -1.5268029464180001e-09 
1 -0.66500000000000004 -2.165 4.1499999999990003 -1 0 0 
2 -4.585 -2.3799999999999999 4.1499999999990003 0 0 -1 0 -1 0 -1 -0 -0 0.215
1 -4.585 -2.5950000000000002 4.1499999999990003 1 0 0 
2 -0.66500000000000004 -2.3799999999999999 4.1499999999990003 0 0 -1 0 1 0 1 -0 0 0.215
1 -0.66500000000000004 -2.165 4.1499999999990003 0 0 -1 
1 -4.585 -2.165 3.9499999999990001 1 0 0 
1 -4.585 -2.165 3.9499999999990001 0 0 1 
1 -0.58610133080969995 -2.1800000000000002 3.9499999999990001 0 0 1 
2 -0.66500000000000004 -2.3799999999999999 3.9499999999990001 0 0 -1 0 1 0 1 -0 0 0.215
1 -0.66500000000000004 -2.5950000000000002 3.9499999999990001 0 0 1 
2 -0.66500000000000004 -2.3799999999999999 3.9499999999990001 0 0 -1 0.36697055437350884 -0.93023255813952233 0 -0.93023255813952233 -0.36697055437350884 -0 0.215
1 -0.58610133080969995 -2.5800000000000001 3.9499999999990001 0 0 1 
7 0 0  3 4 2  -0.58610133080969995 -2.5800000000000001 4.0111013308089998  -0.57158794958119996 -2.5742745676780001 3.9965879495799999  -0.55750800525870003 -2.5669231768029999 3.9825080052569999  -0.54393398282240002 -2.5576739133489999 3.968933982821 
 0 4 1 4
7 0 0  3 5 3  -0.54393398282299998 -2.5576739133489999 3.9689339828220001  -0.54033999484469997 -2.555224989914 3.9653399948439998  -0.53284394967110005 -2.549799715687 3.9585752113399999  -0.52485461198109995 -2.5431392043750001 3.9527004135329999  -0.52078358540290004 -2.5394572850660002 3.9499999999990001 
 0 4 0.5 1 1 4
2 -0.66500000000000004 -2.3799999999999999 3.9499999999990001 0 0 -1 0.67077402138170283 0.74166179100680318 0 0.74166179100680318 -0.67077402138170283 0 0.215
7 0 0  3 5 3  -0.52078358540290004 -2.220542714934 3.9499999999990001  -0.52500872067920001 -2.2167214165810001 3.952802637679  -0.53315657745480005 -2.209959057351 3.9588294212520001  -0.5404873375118 -2.204674611612 3.965487337511  -0.54393398282299998 -2.2023260866509999 3.9689339828220001 
 0 4 0.5 1 1 4
7 0 0  3 4 2  -0.54393398282240002 -2.2023260866509999 3.968933982821  -0.55750800525870003 -2.1930768231969999 3.9825080052569999  -0.57158794958119996 -2.1857254323220001 3.9965879495799999  -0.58610133080969995 -2.1800000000000002 4.0111013308089998 
 0 4 1 4
1 -0.43786796564399999 -2.1800000000000002 3.9249999999990002 1 -2.193057319653e-13 5.0127024449209998e-14 
2 -0.43786796564399999 -2.1800000000000002 4.0749999999990001 0 1 0 8.1194310534239995e-13 0 -1 -1 0 -8.1194310534239995e-13 0.14999999999999999
1 -0.52078358540290004 -2.1800000000000002 3.9499999999990001 -1 0 0 
1 -0.58610133080969995 -2.1800000000000002 4.0111013308089998 -0.70710678118499748 1.3689140186559952e-12 0.70710678118809744 
2 -0.76213203435599997 -2.1800000000000002 3.974999999999 0 -1 0 0.70710678119949755 0 0.7071067811735976 -0.7071067811735976 0 0.70710678119949755 0.14999999999999999
1 -2.5 -2.1800000000000002 4.1249999999989999 1 0 0 
2 -2.5 -2.1800000000000002 4.3249999999990001 0 1 0 3.1086244689500001e-13 0 -1 -1 0 -3.1086244689500001e-13 0.20000000000000001
1 -2.6969615506019999 -2.1800000000000002 4.2902703644629998 -0.1736481776669023 3.0467650632360401e-14 0.98480775301221302 
2 -3.1136641416490001 -2.1800000000000002 4.3499999999990004 0 -1 0 0.98480775301046874 0 0.17364817767679447 -0.17364817767679447 0 0.98480775301046874 0.40000000000019997
1 -3.3087588823449998 -2.1800000000000002 4.6991962802660003 -0.87299070066817386 0 -0.48773685174168552 
2 -4.3499999999999996 -2.1800000000000002 3.9799999999989999 0 -1 0 -0.48773685179980236 0 0.87299070063570416 -0.87299070063570416 -0 -0.48773685179980236 0.1199999999998
7 0 0  3 6 4  -4.3699999999969998 -2.1800000000000002 3.8616784043360002  -3.7700999041749998 -2.1800000000000002 3.7602767806570001  -2.6219447689069999 -2.1800000000000002 3.57310665897  -1.109103843794 -2.1800000000000002 3.3602875003450001  -0.20659550481460001 -2.1800000000000002 3.2585616898579999  0.20000000000000001 -2.1800000000000002 3.2185381010919998 
 0 4 0.3452425592533 1 0.69048511850719996 1 1 4
1 0.20000000000000001 -2.5800000000000001 3.9249999999990002 -1 -2.1164743656329999e-13 1.0025404889840002e-13 
1 -0.43786796564399999 -2.5800000000000001 3.9249999999990002 0 1 -2.3980817331890002e-13 
7 0 0  3 6 4  -4.3699999999969998 -2.5800000000000001 3.8616784043369998  -3.7700999041749998 -2.5800000000000001 3.7602767806570001  -2.6219447689069999 -2.5800000000000001 3.57310665897  -1.109103843794 -2.5800000000000001 3.3602875003450001  -0.20659550481460001 -2.5800000000000001 3.2585616898579999  0.20000000000000001 -2.5800000000000001 3.2185381010919998 
 0 4 0.3452425592533 1 0.69048511850719996 1 1 4
2 -4.3499999999999996 -2.5800000000000001 3.9799999999989999 0 -1 0 -0.48773685180050613 0 0.87299070063531103 -0.87299070063531103 -0 -0.48773685180050613 0.1199999999998
1 -3.3087588823449998 -2.5800000000000001 4.6991962802670004 -0.87299070066806495 0 -0.48773685174188042 
2 -3.1136641416490001 -2.5800000000000001 4.3499999999990004 0 -1 0 0.98480775301277834 0 0.17364817766369617 -0.17364817766369617 0 0.98480775301277834 0.40000000000019997
1 -2.6969615506009998 -2.5800000000000001 4.2902703644609996 -0.1736481776669023 3.0467650632360401e-14 0.98480775301221302 
2 -2.5 -2.5800000000000001 4.3249999999990001 0 1 0 3.0420110874730001e-13 0 -1 -1 0 -3.0420110874730001e-13 0.20000000000000001
1 -0.76213203435599997 -2.5800000000000001 4.1249999999989999 -1 0 0 
2 -0.76213203435599997 -2.5800000000000001 3.974999999999 0 -1 0 0.70710678118679759 0 0.70710678118629755 -0.70710678118629755 0 0.70710678118679759 0.14999999999999999
1 -0.58610133080969995 -2.5800000000000001 4.0111013308089998 -0.70710678118529746 -1.409308202799995e-12 0.70710678118779746 
1 -0.52078358540290004 -2.5800000000000001 3.9499999999990001 -1 0 0 
2 -0.43786796564399999 -2.5800000000000001 4.0749999999990001 0 1 0 8.0454161851159997e-13 0 -1 -1 0 -8.0454161851159997e-13 0.14999999999999999
1 -4.3699999999969998 -2.5800000000000001 3.8616784043369998 0 1 -2.3425705819570002e-13 
1 -4.408528422212 -2.1800000000000002 4.0847588840769999 0 -1 -1.620925615952e-13 
1 -3.3087588823449998 -2.5800000000000001 4.6991962802670004 0 1 -6.5503158452840009e-13 
1 -2.7197410404440001 -2.1800000000000002 4.4194592710669998 8.3266726846830003e-13 -1 -4.3742787170200003e-12 
1 -2.6969615506019999 -2.1800000000000002 4.2902703644629998 8.3377749149290005e-13 -1 -4.4231285301039999e-12 
1 -2.5 -2.5800000000000001 4.1249999999989999 0 1 -2.575717417129e-13 
1 -0.76213203435599997 -2.5800000000000001 4.1249999999989999 0 1 -2.5979218776209998e-13 
1 -0.65606601717729995 -2.1800000000000002 4.0810660171770001 -1.6661672042050001e-12 -1 1.5032419753410001e-12 
1 -0.54393398282299998 -2.2023260866509999 3.9689339828220001 2.8431381213009997e-14 -1 -2.9993545015920001e-14 
1 -0.52078358540290004 -2.1800000000000002 3.9499999999990001 3.8337645543059999e-14 -1 0 
1 -0.52078358540290004 -2.5394572850660002 3.9499999999990001 -3.8337645543059999e-14 -1 0 
1 0.20000000000000001 3.1200000000000001 3.9499999999990001 -1 0 0 
1 -5.4000000000000004 3.1200000000000001 3.9499999999990001 0 -1 0 
1 -5.4000000000000004 -3.1299999999999999 3.9499999999990001 1 0 0 
2 -1.8999999999999999 0.745 3.9499999999990001 0 0 -1 0.00074526974214187552 0.99999972228646716 0 0.99999972228646716 -0.00074526974214187552 0 0.20000000936240001
1 -1.89999881522 0.544999994391 3.9499999989210002 -1 -1.414277139317e-12 0 
2 -3.8999999999999999 0.745 3.9499999999990001 0 0 -1 -0.00074526974213527544 -0.99999972228646716 -0 -0.99999972228646716 0.00074526974213527544 0 0.20000000936240001
1 -3.9000011847799998 0.94500000560899999 3.9499999989210002 1 1.414277139317e-12 0 
1 -0.52078358540290004 2.5699999999999998 3.9499999999990001 -1 0 0 
1 -0.52078358540290004 2.5699999999999998 3.9499999999990001 3.8337645543059999e-14 -1 0 
2 -0.66500000000000004 2.3700000000000001 3.9499999999990001 0 0 -1 0.67077402138170283 0.74166179100680318 0 0.74166179100680318 -0.67077402138170283 0 0.215
1 -0.52078358540290004 2.2105427149339998 3.9499999999990001 -3.8337645543059999e-14 -1 0 
1 -0.52078358540290004 2.1699999999999999 3.9499999999990001 -1 0 0 
2 -0.66500000000000004 2.3700000000000001 3.9499999999990001 0 0 -1 0.36697055437350884 -0.93023255813952233 0 -0.93023255813952233 -0.36697055437350884 -0 0.215
1 -0.66500000000000004 2.1549999999999998 3.9499999999990001 -1 0 0 
2 -4.585 2.3700000000000001 3.9499999999990001 0 0 -1 0 -1 0 -1 -0 -0 0.215
1 -4.585 2.585 3.9499999999990001 1 0 0 
2 -0.66500000000000004 2.3700000000000001 3.9499999999990001 0 0 -1 0 1 0 1 -0 0 0.215
1 -0.66500000000000004 -2.5950000000000002 3.9499999999990001 -1 0 0 
2 -4.585 -2.3799999999999999 3.9499999999990001 0 0 -1 0 -1 0 -1 -0 -0 0.215
2 -3.8999999999999999 -0.755 3.9499999999990001 0 0 -1 -0.00074526974213527544 -0.99999972228646716 -0 -0.99999972228646716 0.00074526974213527544 0 0.20000000936240001
1 -3.9000011847799998 -0.55499999439100001 3.9499999989210002 1 1.414277139317e-12 0 
2 -1.8999999999999999 -0.755 3.9499999999990001 0 0 -1 0.00074526974214187552 0.99999972228646716 0 0.99999972228646716 -0.00074526974214187552 0 0.20000000936240001
1 -1.89999881522 -0.955000005609 3.9499999989210002 -1 -1.414166119838e-12 0 
2 -3.9000000000089998 -0.86839746898390002 3.8999999999989998 1 -7.9508995849860005e-11 0 7.4438799356534047e-18 9.3623115926529607e-08 0.99999999999999578 -7.9508995849859669e-11 -0.99999999999999578 9.3623115926529607e-08 0.10000000000000001
2 -3.8999999999999999 -0.755 3.9999999999989999 0 0 1 -2.2143087680991073e-06 0.99999999999754841 0 -0.99999999999754841 -2.2143087680991073e-06 0 0.1133974689839
2 -3.9000010446000002 -0.64160253102090004 3.8999999999989998 0.99999999995757094 9.2118458025337328e-06 0 -7.9776924372363758e-06 0.86602539902520004 0.50000000817959966 4.6059229766160773e-06 -0.50000000815838508 0.86602539906194465 0.10000000000000001
2 -1.8999989554000001 -0.86839746897909997 3.8999999999989998 -0.99999999995757094 -9.2118457904287324e-06 0 7.9776924267531386e-06 -0.86602539902520004 0.50000000817959966 -4.6059229705635771e-06 0.50000000815838508 0.86602539906194465 0.10000000000000001
1 -3.900028667715 -0.86839746430160003 3.9999999999989999 1 8.0190222398509999e-13 0 
2 -1.899999999991 -0.64160253101609999 3.8999999999989998 -1 7.9504349609869997e-11 0 -7.4434451167228359e-18 -9.3623118146969608e-08 0.99999999999999578 7.9504349609869661e-11 0.99999999999999578 9.3623118146969608e-08 0.10000000000000001
2 -1.8999999999999999 -0.755 3.9999999999989999 0 0 1 2.2143087739731071e-06 -0.99999999999754841 0 0.99999999999754841 2.2143087739731071e-06 -0 0.1133974689839
1 -1.899971332285 -0.64160253569839998 3.9999999999989999 -1 -8.0195773431490001e-13 0 
2 -1.899999999991 0.85839746898390001 3.8999999999989998 -1 7.9508107671439995e-11 0 -7.4437967816222244e-18 -9.3623115926529607e-08 0.99999999999999578 7.9508107671439659e-11 0.99999999999999578 9.3623115926529607e-08 0.10000000000000001
2 -1.8999999999999999 0.745 3.9999999999989999 0 0 1 2.2143087778891073e-06 -0.99999999999754841 0 0.99999999999754841 2.2143087778891073e-06 -0 0.1133974689839
2 -1.8999989554000001 0.63160253102090003 3.8999999999989998 -0.99999999995757094 -9.2118457984027328e-06 0 7.9776924336588255e-06 -0.86602539902520004 0.50000000817959966 -4.6059229745505773e-06 0.50000000815838508 0.86602539906194465 0.10000000000000001
2 -3.9000010446000002 0.85839746897909996 3.8999999999989998 0.99999999995757094 9.2118457951857321e-06 0 -7.9776924308728206e-06 0.86602539902520004 0.50000000817959966 4.605922972942077e-06 -0.50000000815838508 0.86602539906194465 0.10000000000000001
1 -1.899971332285 0.85839746430160002 3.9999999999989999 -1 -8.0190222398509999e-13 0 
2 -3.9000000000089998 0.63160253101609998 3.8999999999989998 1 -7.9503905520660005e-11 0 7.443403451439435e-18 9.3623117036749601e-08 0.99999999999999578 -7.9503905520659669e-11 -0.99999999999999578 9.3623117036749601e-08 0.10000000000000001
2 -3.8999999999999999 0.745 3.9999999999989999 0 0 1 -2.2143087641831071e-06 0.99999999999754841 0 -0.99999999999754841 -2.2143087641831071e-06 0 0.1133974689839
1 -3.900028667715 0.63160253569839997 3.9999999999989999 1 8.0190222398509999e-13 0 
1 -0.43786796564399999 2.5699999999999998 3.9249999999990002 1 -2.1860952329240002e-13 5.0127024449209998e-14 
2 -0.43786796564399999 2.5699999999999998 4.0749999999990001 0 1 0 8.1194310534239995e-13 0 -1 -1 0 -8.1194310534239995e-13 0.14999999999999999
1 -0.58610133080969995 2.5699999999999998 3.9499999999990001 0 0 1 
1 -0.58610133080969995 2.5699999999999998 4.0111013308089998 -0.70710678118499748 1.3689140186559952e-12 0.70710678118809744 
2 -0.76213203435599997 2.5699999999999998 3.974999999999 0 -1 0 0.70710678119949755 0 0.7071067811735976 -0.7071067811735976 0 0.70710678119949755 0.14999999999999999
1 -2.5 2.5699999999999998 4.1249999999989999 1 0 0 
2 -2.5 2.5699999999999998 4.3249999999990001 0 1 0 3.1086244689500001e-13 0 -1 -1 0 -3.1086244689500001e-13 0.20000000000000001
1 -2.6969615506019999 2.5699999999999998 4.2902703644629998 -0.1736481776669023 3.0467650632360401e-14 0.98480775301221302 
2 -3.1136641416490001 2.5699999999999998 4.3499999999990004 0 -1 0 0.98480775301046874 0 0.17364817767679447 -0.17364817767679447 0 0.98480775301046874 0.40000000000019997
1 -3.3087588823449998 2.5699999999999998 4.6991962802660003 -0.87299070066817386 0 -0.48773685174168552 
2 -4.3499999999999996 2.5699999999999998 3.9799999999989999 0 -1 0 -0.48773685179980236 0 0.87299070063570416 -0.87299070063570416 -0 -0.48773685179980236 0.1199999999998
7 0 0  3 6 4  -4.3699999999969998 2.5699999999999998 3.8616784043360002  -3.7700999041749998 2.5699999999999998 3.7602767806570001  -2.6219447689069999 2.5699999999999998 3.57310665897  -1.109103843794 2.5699999999999998 3.3602875003450001  -0.20659550481460001 2.5699999999999998 3.2585616898579999  0.20000000000000001 2.5699999999999998 3.2185381010919998 
 0 4 0.3452425592533 1 0.69048511850719996 1 1 4
1 0.20000000000000001 2.1699999999999999 3.9249999999990002 -1 -2.130398539092e-13 1.0025404889840002e-13 
1 -0.43786796564399999 2.1699999999999999 3.9249999999990002 0 1 -2.3980817331890002e-13 
7 0 0  3 6 4  -4.3699999999969998 2.1699999999999999 3.8616784043369998  -3.7700999041749998 2.1699999999999999 3.7602767806570001  -2.6219447689069999 2.1699999999999999 3.57310665897  -1.109103843794 2.1699999999999999 3.3602875003450001  -0.20659550481460001 2.1699999999999999 3.2585616898579999  0.20000000000000001 2.1699999999999999 3.2185381010919998 
 0 4 0.3452425592533 1 0.69048511850719996 1 1 4
2 -4.3499999999999996 2.1699999999999999 3.9799999999989999 0 -1 0 -0.48773685180050613 0 0.87299070063531103 -0.87299070063531103 -0 -0.48773685180050613 0.1199999999998
1 -3.3087588823449998 2.1699999999999999 4.6991962802670004 -0.87299070066806495 0 -0.48773685174188042 
2 -3.1136641416490001 2.1699999999999999 4.3499999999990004 0 -1 0 0.98480775301277834 0 0.17364817766369617 -0.17364817766369617 0 0.98480775301277834 0.40000000000019997
1 -2.6969615506009998 2.1699999999999999 4.2902703644609996 -0.1736481776669023 3.0467650632360401e-14 0.98480775301221302 
2 -2.5 2.1699999999999999 4.3249999999990001 0 1 0 3.0420110874730001e-13 0 -1 -1 0 -3.0420110874730001e-13 0.20000000000000001
1 -0.76213203435599997 2.1699999999999999 4.1249999999989999 -1 0 0 
2 -0.76213203435599997 2.1699999999999999 3.974999999999 0 -1 0 0.70710678118679759 0 0.70710678118629755 -0.70710678118629755 0 0.70710678118679759 0.14999999999999999
1 -0.58610133080969995 2.1699999999999999 4.0111013308089998 -0.70710678118529746 -1.4137964454839948e-12 0.70710678118779746 
1 -0.58610133080969995 2.1699999999999999 3.9499999999990001 0 0 1 
2 -0.43786796564399999 2.1699999999999999 4.0749999999990001 0 1 0 8.0454161851159997e-13 0 -1 -1 0 -8.0454161851159997e-13 0.14999999999999999
1 -4.3699999999969998 2.1699999999999999 3.8616784043369998 0 1 -2.3425705819570002e-13 
1 -4.408528422212 2.5699999999999998 4.0847588840769999 0 -1 -1.620925615952e-13 
1 -3.3087588823449998 2.1699999999999999 4.6991962802670004 0 1 -6.5503158452840009e-13 
1 -2.7197410404440001 2.5699999999999998 4.4194592710669998 8.3266726846830003e-13 -1 -4.3742787170200003e-12 
1 -2.6969615506019999 2.5699999999999998 4.2902703644629998 8.3377749149290005e-13 -1 -4.4231285301039999e-12 
1 -2.5 2.1699999999999999 4.1249999999989999 0 1 -2.575717417129e-13 
1 -0.76213203435599997 2.1699999999999999 4.1249999999989999 0 1 -2.5979218776209998e-13 
1 -0.65606601717729995 2.5699999999999998 4.0810660171770001 -1.6661672042050001e-12 -1 1.5032419753410001e-12 
7 0 0  3 4 2  -0.58610133080969995 2.1699999999999999 4.0111013308089998  -0.57158794958119996 2.1757254323219999 3.9965879495799999  -0.55750800525870003 2.1830768231970001 3.9825080052569999  -0.54393398282240002 2.1923260866510001 3.968933982821 
 0 4 1 4
7 0 0  3 4 2  -0.54393398282240002 2.5476739133490001 3.968933982821  -0.55750800525870003 2.5569231768030001 3.9825080052569999  -0.57158794958119996 2.5642745676779999 3.9965879495799999  -0.58610133080969995 2.5699999999999998 4.0111013308089998 
 0 4 1 4
1 -0.54393398282299998 2.5476739133490001 3.9689339828220001 2.8743813973589998e-14 -1 -2.9993545015920001e-14 
1 -0.66500000000000004 2.585 4.1499999999990003 0 0 -1 
1 -0.66500000000000004 2.1549999999999998 3.9499999999990001 0 0 1 
7 0 0  3 5 3  -0.54393398282299998 2.1923260866510001 3.9689339828220001  -0.54033999484469997 2.194775010086 3.9653399948439998  -0.53284394967110005 2.200200284313 3.9585752113399999  -0.52485461198109995 2.2068607956249999 3.9527004135329999  -0.52078358540290004 2.2105427149339998 3.9499999999990001 
 0 4 0.5 1 1 4
7 0 0  3 5 3  -0.52078358540290004 2.529457285066 3.9499999999990001  -0.52500872067920001 2.5332785834189999 3.952802637679  -0.53315657745480005 2.540040942649 3.9588294212520001  -0.5404873375118 2.545325388388 3.965487337511  -0.54393398282299998 2.5476739133490001 3.9689339828220001 
 0 4 0.5 1 1 4
1 -4.585 2.585 3.9499999999990001 0 0 1 
1 -4.585 2.1549999999999998 4.1499999999990003 0 0 -1 
1 -4.585 -2.5950000000000002 4.1499999999990003 0 0 -1 
1 -5.4000000000000004 3.2200000000000002 3.849999999999 1 0 0 
2 -5.4000000000000004 3.1200000000000001 3.849999999999 -1 0 0 0 -8.5709217501060005e-13 1 0 1 8.5709217501060005e-13 0.10000000000000001
1 0.20000000000000001 3.2200000000000002 3.2448331733589999 -1 0 0 
1 -5.4000000000000004 3.2200000000000002 3.849999999999 0 -4.6965081658899999e-14 -1 
1 -5.4000000000000004 3.1904814718869998 3.1738940295760001 1 2.5535129566379998e-14 -2.6090241078689999e-14 
2 -5.4000000000000004 3.1200000000000001 3.2448331733589999 -1 0 0 0 1 1.221245327088e-12 0 1.221245327088e-12 -1 0.10000000000000001
1 0.20000000000000001 2.5917857454519999 2.579060856216 -1 1.6193395830600001e-13 1.459150260936e-13 
1 -5.4000000000000004 2.591785745453 2.5790608562170001 0 0.70939143782624237 0.70481471887214198 
1 -5.4000000000000004 2.5213042735659998 2.5499999999990002 1 0 0 
2 -5.4000000000000004 2.5213042735659998 2.6499999999989998 -1 0 0 0 0.70481471887229274 -0.70939143782609271 -0 -0.70939143782609271 -0.70481471887229274 0.10000000000000001
1 0.20000000000000001 -2.5313042735660001 2.5499999999990002 -1 0 0 
1 -5.4000000000000004 0.84130427356600002 2.5499999999990002 1.5537684267230001e-14 -1 -2.1858098206450001e-14 
1 -5.4000000000000004 2.5213042735659998 2.5499999999990002 -3.119198021566e-14 -1 3.2513674292589999e-14 
1 -5.4000000000000004 -2.6017857454529998 2.579060856216 1 1.691504079661e-13 -1.2862726756729999e-13 
2 -5.4000000000000004 -2.5313042735660001 2.6499999999989998 -1 0 0 0 4.707345624411e-13 -1 -0 -1 -4.707345624411e-13 0.10000000000000001
1 0.20000000000000001 -3.2004814718870001 3.1738940295760001 -1 0 3.4099707184919999e-14 
1 -5.4000000000000004 -3.2004814718870001 3.1738940295770002 0 0.70939143782619218 -0.70481471887219238 
1 -5.4000000000000004 -3.23 3.2448331733589999 1 0 0 
2 -5.4000000000000004 -3.1299999999999999 3.2448331733589999 -1 0 0 -0 -0.7048147188728443 -0.70939143782554459 0 -0.70939143782554459 0.7048147188728443 0.10000000000000001
1 0.20000000000000001 -3.23 3.849999999999 -1 0 0 
1 -5.4000000000000004 -3.23 3.849999999999 0 -1.907956442392e-14 -1 
2 -5.4000000000000004 -3.1299999999999999 3.849999999999 -1 0 0 -0 -1 -8.4821039081360001e-13 0 -8.4821039081360001e-13 1 0.10000000000000001
2 -5.4000000000000004 -3.1299999999999999 3.849999999999 1 0 0 -0 4.263256414558e-13 1 0 -1 4.263256414558e-13 0.20000000000009999
1 -5.4000000000000004 -3.23 3.849999999999 0 -1 -5.3290705181950003e-14 
1 -5.4000000000000004 -3.1299999999999999 4.0499999999989997 0 2.3536728122029999e-13 -1 
1 -5.2999999999999998 -3.4300000000000002 3.849999999999 -0.70710678118689752 0.70710678118619752 -2.6377553305909909e-13 
1 -5.4000000000000004 -3.1299999999999999 4.0499999999989997 0.70710678118689752 -4.0822403925819855e-14 0.70710678118619752 
1 -5.4000000000000004 -3.1299999999999999 4.0499999999989997 0 1 0 
1 -5.2999999999999998 3.1200000000000001 4.1499999999990003 -0.70710678118689752 -2.6063534814179912e-13 -0.70710678118619752 
1 -5.4000000000000004 3.1200000000000001 3.9499999999990001 0 -2.3536728122029999e-13 1 
2 -5.4000000000000004 3.1200000000000001 3.849999999999 1 0 0 0 1 -4.263256414558e-13 -0 4.263256414558e-13 1 0.20000000000009999
1 -5.4000000000000004 3.3199999999999998 3.849999999999 0 -1 -1.0658141036390001e-13 
2 -5.2999999999999998 3.1200000000000001 3.849999999999 1 0 0 -0 1 0 0 -0 1 0.29999999999990001
1 -5.4000000000000004 3.3199999999999998 3.849999999999 0.70710678118689752 0.70710678118619752 1.8841109504219935e-13 
1 -5.4000000000000004 3.3199999999999998 3.849999999999 0 0 -1 
1 -5.2999999999999998 3.4199999999999999 3.2448331733589999 -0.70710678118689752 -0.70710678118619752 1.7585035537269939e-13 
1 -5.2999999999999998 3.4199999999999999 3.2448331733589999 0 0 1 
1 -5.4000000000000004 3.3199999999999998 3.2448331733589999 0 -1 -9.7699626166879997e-14 
2 -5.4000000000000004 3.1200000000000001 3.2448331733589999 1 0 0 0 0.70481471887199165 -0.70939143782639169 -0 0.70939143782639169 0.70481471887199165 0.20000000000009999
1 -5.4000000000000004 3.1904814718869998 3.1738940295760001 -1.6875389974279696e-13 0.70481471887058711 -0.70939143782778724 
2 -5.2999999999999998 3.1200000000000001 3.2448331733589999 1 0 0 0 0.70481471887309532 -0.70939143782529523 -0 0.70939143782529523 0.70481471887309532 0.29999999999990001
1 -5.4000000000000004 3.260962943774 3.1029548857939999 0.70710678118603032 0.49837926719782133 -0.50161549620012158 
1 -5.4000000000000004 2.6622672173409998 2.5081217124339998 -3.8938724831349602e-14 0.7093914378260926 0.70481471887229274 
1 -5.2999999999999998 2.732748689228 2.437182568651 -0.70710678118631554 -0.49837926719491094 0.50161549620261103 
1 -5.2999999999999998 2.732748689228 2.437182568651 3.9991122799729567e-14 0.70939143782619229 0.70481471887219238 
1 -5.4000000000000004 2.6622672173409998 2.5081217124339998 -1.6875389974250032e-13 -0.70481471887500136 0.70939143782340131 
2 -5.4000000000000004 2.5213042735659998 2.6499999999989998 1 0 0 0 9.4146912488160001e-13 -1 -0 1 9.4146912488160001e-13 0.20000000000009999
1 -5.4000000000000004 2.5213042735659998 2.5499999999990002 0 5.284661597212e-13 -1 
2 -5.2999999999999998 2.5213042735659998 2.6499999999989998 1 0 0 0 -1.036208156317e-13 -1 0 1 -1.036208156317e-13 0.29999999999990001
1 -5.4000000000000004 2.5213042735659998 2.4499999999990001 0.70710678118679759 -3.6112126549759879e-13 -0.70710678118629755 
1 -5.4000000000000004 0.84130427356610005 2.4499999999990001 0 1 0 
1 -5.2999999999999998 0.84130427356600002 2.349999999999 -0.70710678118669756 5.3383143595319818e-13 0.70710678118639758 
1 -5.2999999999999998 0.84130427356600002 2.349999999999 4.1236855200359999e-14 1 0 
1 -5.4000000000000004 0.84130427356610005 2.4499999999990001 -5.0626169922840001e-13 -6.1395333261690004e-13 1 
1 -5.4000000000000004 -2.5313042735660001 2.5499999999990002 0 8.8817841969949995e-14 -1 
1 -5.4000000000000004 -2.5313042735660001 2.4499999999990001 0 1 0 
2 -5.4000000000000004 -2.5313042735660001 2.6499999999989998 1 0 0 0 -0.70481471887389791 -0.70939143782449787 0 0.70939143782449787 -0.70481471887389791 0.20000000000009999
1 -5.4000000000000004 -2.6017857454529998 2.579060856216 -5.3290705181860249e-14 -0.70481471887560332 -0.70939143782280345 
1 -5.2999999999999998 -2.5313042735660001 2.349999999999 -0.70710678118689752 1.2874758161219954e-13 0.70710678118619752 
2 -5.2999999999999998 -2.5313042735660001 2.6499999999989998 1 0 0 0 -0.70481471887329594 -0.70939143782509584 0 0.70939143782509584 -0.70481471887329594 0.29999999999990001
1 -5.4000000000000004 -2.672267217341 2.5081217124339998 0.70710678118681336 -0.49837926719470937 -0.50161549620210943 
1 -5.4000000000000004 -3.2709629437740002 3.1029548857939999 0 0.7093914378259929 -0.70481471887239311 
1 -5.2999999999999998 -3.341444415662 3.0320157420110001 -0.70710678118557979 0.49837926719678566 0.50161549620178569 
1 -5.2999999999999998 -3.341444415662 3.0320157420110001 0 0.70939143782624225 -0.70481471887214198 
1 -5.4000000000000004 -3.2004814718870001 3.1738940295770002 -5.3290705182013225e-14 -0.70481471887234259 -0.70939143782604286 
2 -5.4000000000000004 -3.1299999999999999 3.2448331733589999 1 0 0 0 -1 -5.9729998724799999e-13 0 5.9729998724799999e-13 -1 0.20000000000009999
1 -5.4000000000000004 -3.23 3.2448331733589999 0 -1 -2.5313084961430002e-13 
2 -5.2999999999999998 -3.1299999999999999 3.2448331733589999 1 0 0 0 -1 2.072416312634e-13 0 -2.072416312634e-13 -1 0.29999999999990001
1 -5.4000000000000004 -3.3300000000000001 3.2448331733589999 0.70710678118679759 -0.70710678118629755 3.2343904648919889e-13 
1 -5.4000000000000004 -3.3300000000000001 3.2448331733589999 0 -1.614424682024e-14 1 
1 -5.2999999999999998 -3.4300000000000002 3.849999999999 0 0 -1 
1 -5.2999999999999998 -3.4300000000000002 3.2448331733589999 1 0 0 
1 0.20000000000000001 -3.3414444156609999 3.0320157420110001 -1 -1.3161189310100001e-13 1.5365486660810001e-13 
1 -5.2999999999999998 -2.7427486892280002 2.437182568651 1 1.8191508905309997e-13 -1.3968624237100001e-13 
1 0.20000000000000001 -2.5313042735660001 2.349999999999 -1 0 0 
1 -5.2999999999999998 2.5213042735659998 2.349999999999 1 0 0 
1 -5.2999999999999998 -2.5313042735660001 2.349999999999 -2.0014644140839999e-14 1 0 
1 0.20000000000000001 2.7327486892269999 2.437182568651 -1 1.734370223196e-13 1.2862438387110001e-13 
1 -5.2999999999999998 3.3314444156619998 3.0320157420110001 1 -1.157861685318e-13 -1.4784133513370001e-13 
1 0.20000000000000001 3.4199999999999999 3.2448331733589999 -1 0 0 
1 -5.2999999999999998 3.4199999999999999 3.849999999999 1 0 -1.1223345485300002e-14 
2 -1.8999973760569999 0.85839745962159997 3.8999999999989998 -1 0 0 0 0 1 0 1 -0 0.29999999999999999
2 -1.899999999999 0.74499999999989996 4.1999999999910003 -9.9986685597740003e-13 7.3000494538180002e-12 1 0.00027846187663379743 -0.99999996122949086 7.3003275955924667e-12 0.99999996122949086 0.00027846187663379743 9.9783403174162327e-13 0.1133952175689
2 -1.899996423335 0.63160254037840002 3.8999999999989998 -1 0 0 0 -0.55273529192951687 0.83335688456722545 0 0.83335688456722545 0.55273529192951687 0.29999999999999999
1 -3.8999684332809998 0.63160286797870002 4.199999999998 0.99999999999994482 -3.3223572178801487e-07 3.2507629476341459e-13 
2 -3.9000026239449999 0.63160254037840002 3.8999999999989998 1 0 0 0 0 1 0 -1 0 0.29999999999999999
2 -3.8999999999999999 0.74499999999989996 4.1999999999900002 1.3999912340519999e-11 1.800004589825e-12 1 -0.0002784618404714003 0.99999996122950097 -1.7961060786811444e-12 -0.99999996122950097 -0.0002784618404714003 1.400041303032735e-11 0.11339521757109999
2 -3.900003576664 0.85839745962159997 3.8999999999989998 1 0 0 -0 0.5527352919307188 0.8333568845664282 0 -0.8333568845664282 0.5527352919307188 0.29999999999999999
1 -1.900031566732 0.85839713202050005 4.199999999998 -0.99999999999994482 3.322360968830149e-07 4.3521143288341948e-14 
2 -3.9000026239430001 -0.86839745962159998 3.8999999999989998 1 0 0 0 0 1 0 -1 0 0.29999999999999999
2 -3.900000000001 -0.75500000000010004 4.1999999999910003 -1.1999734539359999e-11 -9.999778782798999e-13 1 -0.0002784617981467036 0.99999996122951273 9.9663637185315697e-13 -0.99999996122951273 -0.0002784617981467036 -1.2000012529762537e-11 0.11339521757
2 -3.9000035766650001 -0.64160254037840003 3.8999999999989998 1 0 0 -0 0.55273529193131965 0.83335688456602974 0 -0.83335688456602974 0.55273529193131965 0.29999999999999999
1 -1.9000315667200001 -0.64160286797879995 4.199999999998 -0.99999999999994482 3.3223574454841485e-07 2.0827975716430934e-13 
2 -1.8999973760560001 -0.64160254037840003 3.8999999999989998 -1 0 0 0 0 1 0 1 -0 0.29999999999999999
2 -1.8999999999999999 -0.75499999999989997 4.1999999999910003 -1.099986768338e-11 3.8999914409030003e-12 1 0.00027846181490070229 -0.99999996122950807 3.9030543328171949e-12 0.99999996122950807 0.00027846181490070229 1.0998781258214988e-11 0.11339521757069999
2 -1.899996423335 -0.86839745962159998 3.8999999999989998 -1 0 0 0 -0.55273529193180515 0.83335688456570767 0 0.83335688456570767 0.55273529193180515 0.29999999999999999
1 -3.899968433278 -0.868397132021 4.199999999998 0.99999999999994482 -3.3223588510431488e-07 1.3766892264610617e-13 
1 -1.3 1.7450000000000001 3.704999999999 1 0 0 
1 -1.3 1.7450000000000001 3.704999999999 -9.5479180117670001e-13 -1 0 
1 -1.3 1.645 3.704999999999 -0.70710678118654757 -0.70710678118654757 0 
1 -2.2999999999999998 1.4950000000000001 3.704999999999 1 1.1258967614429999e-13 0 
1 -2.2999999999999998 1.095 3.704999999999 0 1 0 
1 -1.45 1.095 3.704999999999 -1 1.1885917087159999e-13 0 
1 -1.45 1.095 3.704999999999 0.70710678118599757 -0.70710678118709758 0 
1 -1.325 0.96999999999999997 3.704999999999 -0.70710678118579751 -0.70710678118729753 0 
1 -2.2999999999999998 0.84499999999999997 3.704999999999 1 0 0 
1 -2.2999999999999998 0.44500000000000001 3.704999999999 0 1 0 
1 -1.45 0.44500000000000001 3.704999999999 -1 0 0 
1 -1.45 0.44500000000000001 3.704999999999 0.70710678118579751 -0.70710678118729753 0 
1 -1.325 0.32000000000000001 3.704999999999 -0.70710678118579751 -0.70710678118729753 0 
1 -2.2999999999999998 0.19500000000000001 3.704999999999 1 0 0 
1 -2.2999999999999998 -0.20499999999999999 3.704999999999 0 1 0 
1 -1.45 -0.20499999999999999 3.704999999999 -1 0 0 
1 -1.45 -0.20499999999999999 3.704999999999 0.70710678118579751 -0.70710678118729753 0 
1 -1.325 -0.33000000000000002 3.704999999999 -0.70710678118579751 -0.70710678118729753 0 
1 -2.2999999999999998 -0.45500000000000002 3.704999999999 1 0 0 
1 -2.2999999999999998 -0.85499999999999998 3.704999999999 0 1 0 
1 -1.45 -0.85499999999999998 3.704999999999 -1 0 0 
1 -1.45 -0.85499999999999998 3.704999999999 0.70710678118579751 -0.70710678118729753 0 
1 -1.325 -0.97999999999999998 3.704999999999 -0.70710678118599757 -0.70710678118709758 0 
1 -2.2999999999999998 -1.105 3.704999999999 1 1.1859794192470001e-13 0 
1 -2.2999999999999998 -1.5049999999999999 3.704999999999 0 1 0 
1 -1.3999999999999999 -1.5049999999999999 3.704999999999 -1 1.0288066694860001e-13 0 
1 -1.3999999999999999 -1.5049999999999999 3.704999999999 0.70710678118654746 -0.70710678118654746 0 
1 -1.3 -1.605 3.704999999999 6.0100073066339998e-13 -1 0 
1 0.20000000000000001 -1.7549999999999999 3.704999999999 -1 0 0 
1 0.20000000000000001 1.7450000000000001 3.6749999999990002 -1 0 0 
1 -0.55000000000000004 1.7450000000000001 2.8249999999990001 0 0 1 
1 -1.3 1.7450000000000001 2.8249999999990001 1 0 0 
1 -1.3 1.7450000000000001 2.8249999999990001 0 0 1 
1 0.20000000000000001 -1.7549999999999999 3.6749999999990002 -1 0 0 
1 -0.55000000000000004 -1.7549999999999999 3.6749999999990002 0 1 0 
1 -1.3 -1.7549999999999999 3.704999999999 0 0 -1 
1 -0.55000000000000004 -1.7549999999999999 2.8249999999990001 -1 0 0 
1 -0.55000000000000004 -1.7549999999999999 2.8249999999990001 0 0 1 
1 -1.3 -1.605 3.704999999999 0 0 -1 
1 -1.3 -1.7549999999999999 2.8249999999990001 -6.0100073066339998e-13 1 0 
1 -1.3999999999999999 -1.5049999999999999 2.8249999999990001 0 0 1 
1 -1.3 -1.605 2.8249999999990001 -0.70710678118654746 0.70710678118654746 0 
1 -2.2999999999999998 -1.5049999999999999 3.224999999999 0 0 1 
1 -2.2999999999999998 -1.5049999999999999 3.224999999999 -1 0 0 
1 -5.1500000000000004 -1.5049999999999999 3.224999999999 0 0 -1 
1 -1.3999999999999999 -1.5049999999999999 2.8249999999990001 -1 2.4750571962309999e-14 0 
1 -2.2999999999999998 -0.85499999999999998 3.704999999999 0 0 -1 
1 -2.2999999999999998 -0.45500000000000002 3.224999999999 0 0 1 
1 -2.2999999999999998 -0.45500000000000002 3.224999999999 0 1 0 
1 -2.2999999999999998 -0.20499999999999999 3.704999999999 0 0 -1 
1 -2.2999999999999998 0.19500000000000001 3.224999999999 0 0 1 
1 -2.2999999999999998 0.19500000000000001 3.224999999999 0 1 0 
1 -2.2999999999999998 0.44500000000000001 3.704999999999 0 0 -1 
1 -2.2999999999999998 0.84499999999999997 3.224999999999 0 0 1 
1 -2.2999999999999998 0.84499999999999997 3.224999999999 0 1 0 
1 -2.2999999999999998 1.095 3.704999999999 0 0 -1 
1 -2.2999999999999998 1.4950000000000001 3.224999999999 0 0 1 
1 -2.2999999999999998 1.4950000000000001 3.224999999999 0 1 0 
1 -2.2999999999999998 1.845 3.9249999999990002 0 0 -1 
1 -2.2999999999999998 1.845 3.9249999999990002 0 -1 0 
1 -2.2999999999999998 -1.855 3.224999999999 0 0 1 
1 -2.2999999999999998 -1.855 3.224999999999 0 1 0 
1 -2.2999999999999998 -1.105 3.224999999999 0 0 1 
1 -2.2999999999999998 -1.105 3.224999999999 0 1 0 
1 -1.45 -0.85499999999999998 2.8249999999990001 0 0 1 
1 -2.2999999999999998 -0.85499999999999998 3.224999999999 -1 0 0 
1 -5.1500000000000004 -0.85499999999999998 3.224999999999 0 0 -1 
1 -1.45 -0.85499999999999998 2.8249999999990001 -1 0 0 
1 -1.325 -0.97999999999999998 2.8249999999990001 -0.70710678118579751 0.70710678118729753 0 
1 -1.325 -0.97999999999999998 2.8249999999990001 0 0 1 
1 -0.55000000000000004 -1.7549999999999999 2.8249999999990001 0 1 0 
1 -5.1500000000000004 -1.5049999999999999 2.8249999999990001 0 1 0 
1 -1.45 -1.105 2.8249999999990001 -1 -2.7305485200240001e-14 0 
1 -1.45 -1.105 2.8249999999990001 0.70710678118599757 0.70710678118709758 0 
1 -5.1500000000000004 -0.85499999999999998 2.8249999999990001 0 1 0 
1 -1.45 -0.45500000000000002 2.8249999999990001 -1 0 0 
1 -1.45 -0.45500000000000002 2.8249999999990001 0.70710678118579751 0.70710678118729753 0 
1 -1.325 -0.33000000000000002 2.8249999999990001 -0.70710678118579751 0.70710678118729753 0 
1 -5.1500000000000004 -0.20499999999999999 2.8249999999990001 1 0 0 
1 -5.1500000000000004 -0.20499999999999999 2.8249999999990001 0 1 0 
1 -1.45 0.19500000000000001 2.8249999999990001 -1 0 0 
1 -1.45 0.19500000000000001 2.8249999999990001 0.70710678118579751 0.70710678118729753 0 
1 -1.325 0.32000000000000001 2.8249999999990001 -0.70710678118579751 0.70710678118729753 0 
1 -5.1500000000000004 0.44500000000000001 2.8249999999990001 1 0 0 
1 -5.1500000000000004 0.44500000000000001 2.8249999999990001 0 1 0 
1 -1.45 0.84499999999999997 2.8249999999990001 -1 0 0 
1 -1.45 0.84499999999999997 2.8249999999990001 0.70710678118579751 0.70710678118729753 0 
1 -1.325 0.96999999999999997 2.8249999999990001 -0.70710678118599757 0.70710678118709758 0 
1 -5.1500000000000004 1.095 2.8249999999990001 1 -2.724547314485e-14 0 
1 -5.1500000000000004 1.095 2.8249999999990001 0 1 0 
1 -1.45 1.4950000000000001 2.8249999999990001 -1 -2.5805183815609997e-14 0 
1 -1.45 1.4950000000000001 2.8249999999990001 0.70710678118654757 0.70710678118654757 0 
1 -1.3 1.645 2.8249999999990001 9.5479180117670001e-13 1 0 
1 -0.55000000000000004 -1.48 3.0749999999990001 0 1 0 
1 -0.55000000000000004 -1.48 3.0749999999990001 0 0 1 
1 -0.55000000000000004 -1.48 3.2749999999989998 0 1 0 
1 -0.55000000000000004 -1.1299999999999999 3.2749999999989998 0 0 -1 
1 -0.55000000000000004 1.47 3.2749999999989998 0 -1 0 
1 -0.55000000000000004 1.47 3.0749999999990001 0 0 1 
1 -0.55000000000000004 1.47 3.0749999999990001 0 -1 0 
1 -0.55000000000000004 1.1200000000000001 3.2749999999989998 0 0 -1 
1 -0.54999946759100005 -0.81650645024199997 3.2749999999989998 -5.6030729425512593e-06 -0.00040342125184151867 -0.99999991860994619 
1 -0.54999946759100005 -0.4934935497581 3.2749999999989998 0 -1 0 
1 -0.54999946759100005 -0.4934935497581 3.2749999999989998 -5.603072943106259e-06 0.0004034212518540187 -0.99999991860994619 
1 -0.55000058820569997 -0.49341286550109997 3.0749999999990001 0 -1 0 
1 -0.54999946759100005 -0.166506450242 3.2749999999989998 -5.6030729419962596e-06 -0.0004034212518411187 -0.99999991860994619 
1 -0.54999946759100005 0.15650645024189999 3.2749999999989998 0 -1 0 
1 -0.54999946759100005 0.15650645024189999 3.2749999999989998 -5.603072943106259e-06 0.00040342125185411872 -0.99999991860994619 
1 -0.55000058820569997 0.15658713449889999 3.0749999999990001 0 -1 0 
1 -0.54999946759100005 0.48349354975800002 3.2749999999989998 -5.6030729425512593e-06 -0.00040342125184121872 -0.99999991860994619 
1 -0.54999946759100005 0.80650645024190004 3.2749999999989998 0 -1 0 
1 -0.54999946759100005 0.80650645024190004 3.2749999999989998 -5.6030729425512593e-06 0.00040342125185311871 -0.99999991860994619 
1 -0.55000058820569997 0.80658713449889996 3.0749999999990001 0 -1 0 
1 -0.55000000000000004 -1.1299999999999999 3.0749999999990001 -0.99999335415477175 -0.0036457710143628971 0 
7 0 0  3 4 2  -0.95000058851269997 -1.131458320243 3.0749999999990001  -1.1500082682370001 -1.134226356259 3.0749999999990001  -1.349991474853 -1.138495290744 3.075000001826  -1.549999154577 -1.1412633267600001 3.075000001826 
 0 4 1 4
1 -1.54999913247 -1.468711831751 3.075000001736 -6.7514011596229858e-08 0.99999999999999778 2.737348821921994e-10 
7 0 0  3 4 2  -1.54999913247 -1.468711831751 3.075000001736  -1.3499878724250001 -1.4714799173169999 3.075000001736  -1.1499943273 -1.4757607861719999 3.0749999999990001  -0.94998306725589998 -1.4785288717380001 3.0749999999990001 
 0 4 1 4
1 -0.94998306725589998 -1.4785288717380001 3.0749999999990001 0.99999323631360537 -0.0036779514735600194 1.532162270565008e-13 
1 -0.94999946731310003 -1.13153902555 3.2749999999989998 0.99999259818857666 0.0038475405208899102 0 
1 -0.95000058851269997 -1.131458320243 3.0749999999990001 5.6059975470777948e-06 -0.0004035265036429852 0.9999999185674634 
1 -1.916053541445 -1.146285297877 3.090982221195 -0.99609872475478878 -0.013880579889819843 0.087147346739909023 
1 -3.9761467266210002 -1.1752354791470001 3.4719809852500001 -0.087155733981826161 -1.914096809586916e-08 -0.9961946988586563 
1 -1.898623603773 -1.1462417534460001 3.2902212630209999 -0.99609843580077873 -0.0139014601094197 0.087147321255838128 
7 0 0  3 6 4  -1.5500001129480001 -1.1413876906280001 3.274999998398  -1.588786301351 -1.141924477843 3.274999994486  -1.6663278239970001 -1.1430437867679999 3.2761273007780001  -1.7826404979599999 -1.144653178625 3.2812056874610001  -1.8599842410209999 -1.1457029050780001 3.2868407528870001  -1.898623603773 -1.1462417534460001 3.2902212630209999 
 0 4 0.33333333333330001 1 0.66666666666670005 1 1 4
7 0 0  3 4 2  -0.94999946731310003 -1.13153902555 3.2749999999989998  -1.1500072257389999 -1.1343070626559999 3.2749999999989998  -1.3499923545220001 -1.138619653523 3.274999998398  -1.5500001129480001 -1.1413876906280001 3.274999998398 
 0 4 1 4
7 0 0  3 6 4  -1.916053541445 -1.146285297877 3.090982221195  -1.8754827225640001 -1.1457195142400001 3.0874327382170001  -1.7942715332070001 -1.144567740789 3.0815158586870002  -1.672144386686 -1.1428330211419999 3.0761837571289998  -1.590727259233 -1.141826989423 3.0750000055559998  -1.549999154577 -1.1412633267600001 3.075000001826 
 0 4 0.33333333333330001 1 0.66666666666670005 1 1 4
1 -1.916053541445 -1.146285297877 3.090982221195 6.4549034464369874e-08 -0.99999999999999789 -1.2497945815679974e-08 
7 0 0  3 6 4  -1.916053520957 -1.4636898606099999 3.0909822172279999  -1.875482735624 -1.464255643779 3.0874327371849999  -1.7942715358429999 -1.465405737932 3.0815158577149999  -1.6721443888430001 -1.467140457575 3.0761837618240002  -1.590727272823 -1.468148168593 3.0750000054669999  -1.54999913247 -1.468711831751 3.075000001736 
 0 4 0.33333333333330001 1 0.66666666666670005 1 1 4
7 0 0  3 6 4  -1.8986236107000001 -1.4637334731589999 3.2902212636130002  -1.859976088819 -1.4642724353109999 3.2868400396470001  -1.78262178362 -1.46532053743 3.2812047500369999  -1.6663401306100001 -1.466929498179 3.276127841209  -1.5887917258669999 -1.4680506737850001 3.274999994496  -1.5500001197119999 -1.4685875359809999 3.2749999984099998 
 0 4 0.33333333333330001 1 0.66666666666670005 1 1 4
7 0 0  3 4 2  -1.5500001197119999 -1.4685875359809999 3.2749999984099998  -1.349988780211 -1.4713556226460001 3.2749999984099998  -1.1499932855570001 -1.475680079765 3.2749999999989998  -0.94998194605630004 -1.4784481664310001 3.2749999999989998 
 0 4 1 4
1 -0.94998306725589998 -1.4785288717380001 3.0749999999990001 5.605997545408796e-06 0.0004035265036183853 0.99999991856746351 
1 -3.99357787314 -1.4347384195099999 3.2727420462849999 0.99609871647796089 -0.013881181844679458 -0.087147345464756595 
1 -3.9761467266119999 -1.4347384155989999 3.4719809852279999 -0.087155733011792039 -1.9557228142280459e-08 -0.99619469894352319 
1 -3.9761467266119999 -1.4347384155989999 3.4719809852279999 0.99609842695766637 -0.013902098611629533 -0.087147320478917073 
1 -1.898623603773 -1.1462417534460001 3.2902212630209999 -2.1818386559639996e-08 -0.99999999999999978 1.8635448345499998e-09 
1 -1.5500001197119999 -1.4685875359809999 3.2749999984099998 2.0671770731769995e-08 0.99999999999999978 -3.4608301082029994e-11 
1 -3.9761467266119999 -1.4347384155989999 3.4719809852279999 -3.5918624093399998e-11 1 8.463953637789e-11 
7 0 0  3 6 4  -4.0847769374589999 -1.4328250848040001 3.5028185446659998  -4.0735466962510003 -1.4330344743350001 3.4971713066899999  -4.0503439720029997 -1.4334585564819999 3.4872659704050002  -4.0136032109500004 -1.4341055189530001 3.4768371922729999  -3.9886637697010001 -1.4345291190509999 3.4730760847650002  -3.9761467266119999 -1.4347384155989999 3.4719809852279999 
 0 4 0.33333333333330001 1 0.66666666666670005 1 1 4
1 -4.0847769374530003 -1.177148809942 3.502818544653 -2.0134375484650001e-11 -1 5.2644305259159999e-11 
7 0 0  3 6 4  -3.9761467266210002 -1.1752354791470001 3.4719809852500001  -3.9887231182780001 -1.1754457680579999 3.4730812771149999  -4.0137352677309996 -1.175870649673 3.4768714498789999  -4.0502373541349996 -1.176513502608 3.4872346156040002  -4.0735031426640003 -1.1769386083469999 3.4971494053269998  -4.0847769374530003 -1.177148809942 3.502818544653 
 0 4 0.33333333333330001 1 0.66666666666670005 1 1 4
7 0 0  3 6 4  -3.99357787314 -1.4347384195099999 3.2727420462849999  -4.0144484097379998 -1.4345290346840001 3.2745679817269999  -4.0560256877310001 -1.434105307679 3.280839734528  -4.117259533465 -1.4334583434770001 3.2982243442899999  -4.1559191577970003 -1.4330343887550001 3.3147299366610001  -4.1746282290999996 -1.4328250886780001 3.3241379783920002 
 0 4 0.33333333333330001 1 0.66666666666670005 1 1 4
1 -4.1746282290999996 -1.4328250886780001 3.3241379783920002 0.4492564617246122 1.9373961475750527e-08 0.89340283836502432 
1 -4.1746282311540002 -1.1771488138070001 3.3241379745150001 8.0309166445289993e-09 -1 1.5164168767720001e-08 
7 0 0  3 6 4  -3.9935778730560001 -1.175235482975 3.2727420496009998  -4.0144484100189999 -1.1754448678080001 3.2745679850760001  -4.0560256890200002 -1.175868589657 3.2808397326569998  -4.1172595332829998 -1.1765155538580001 3.2982243468460002  -4.1559191601179997 -1.1769395137359999 3.314729932918  -4.1746282311540002 -1.1771488138070001 3.3241379745150001 
 0 4 0.33333333333330001 1 0.66666666666670005 1 1 4
1 -3.99357787314 -1.4347384195099999 3.2727420462849999 3.2141427118060002e-10 1 1.277971262412e-08 
1 -4.1746282311540002 -1.1771488138070001 3.3241379745150001 0.44925646218588439 1.9322969619209328e-08 0.89340283813306887 
1 -4.2672918649999998 -1.179986949308 3.5945979834249999 0.8933166346904835 0.013891231481389741 -0.4492131163191917 
1 -4.2672918649999998 -1.179986949308 3.5945979834249999 -0.44925646192769991 6.3060666756259987e-13 -0.8934028382628999 
1 -4.1746282311540002 -1.1771488138070001 3.3241379745150001 -0.89331663601340583 -0.01389121257315009 0.44921311427310295 
1 -4.267291865002 -1.429986949308 3.5945979834289998 0.89331663494089819 -0.013891212541449973 -0.44921311640689909 
1 -4.3927602300629998 -1.429986949308 3.6576909907589998 0.89340284449342755 1.3597271482110419e-12 -0.44925644953751381 
1 -4.3927602300629998 -1.179986949308 3.6576909907589998 -2.8066438062530001e-13 -1 3.5527136788010001e-14 
1 -4.3927602300629998 -1.179986949308 3.6576909907589998 0.8934028444845874 9.1070097366008707e-13 -0.44925644955509364 
1 -4.3571431565549998 -1.429986949308 3.4159174174309999 0.89331663407433748 -0.013891231499390583 -0.44921311754391885 
1 -4.267291865002 -1.429986949308 3.5945979834289998 -0.44925646192330493 -4.9293902749910545e-13 -0.8934028382651098 
1 -4.3571431588709997 -1.179986949308 3.4159174128190002 -0.89340283826263867 -9.1070091811163939e-13 0.44925646192821939 
1 -4.4826115307130001 -1.179986949308 3.4790104257390002 4.1862513455689957e-08 -0.99999999999999911 -1.153144779662999e-08 
1 -4.3571431565549998 -1.429986949308 3.4159174174309999 -0.89340284797181335 -1.3676325588450206e-12 0.44925644262030673 
1 -4.6847432847019999 -1.179986949308 3.4109109037069998 -0.43940602472198254 0 -0.89828856468176432 
2 -4.5499999999999998 -1.179986949308 3.3449999999990001 0 -1 0 0.44925646189437796 0 0.89340283827965616 -0.89340283827965616 0 0.44925646189437796 0.14999999999999999
2 -4.5499999999999998 -1.179986949308 3.3449999999990001 0 1 0 -0.89828856468239349 0 0.43940602472069679 0.43940602472069679 -0 0.89828856468239349 0.34999999999999998
1 -4.9888589320149999 -1.179986949308 3.2443596863709998 0.43940602472129936 0 0.89828856468209861 
2 -5.0999999999999996 -1.179986949308 3.298725351022 0 -1 0 0.23024849145319376 0 -0.97313186782857364 0.97313186782857375 0 0.23024849145319379 0.123725351023
1 -5.0715124245730001 -1.179986949308 3.1783242690829998 -0.62038355415839952 1.6464091863849989e-13 -0.7842985692513994 
1 -5.1100000000000003 -1.179986949308 3.0279384093270001 2.3485866303449999e-12 -3.2740519939759998e-13 1 
1 -5.1100000000000003 -1.179986949308 3.0279384093270001 0.75701118864377637 -1.349260351740958e-13 -0.65340191327247954 
2 -5.0999999999999996 -1.179986949308 3.298725351022 0 1 0 0.89828856468518392 0 -0.43940602471499218 -0.43940602471499218 0 -0.89828856468518392 0.32372535102200001
1 -4.809201219078 -1.429986949308 3.156478481428 2.84217094304e-14 1 3.7303493627400003e-14 
1 -4.809201219078 -1.429986949308 3.156478481428 0.43940602472158091 0 0.89828856468196083 
1 -4.6847432847019999 -1.429986949308 3.4109109037069998 9.8765440270629995e-13 1 7.4962258622670001e-13 
2 -5.0999999999999996 -1.4299869493090001 3.298725351022 0 1 0 0.89828856468512508 0 -0.43940602471511225 -0.43940602471511225 0 -0.89828856468512508 0.32372535102200001
1 -5.0526934060270001 -1.179986949308 2.9784751534240002 -1.4921397450960001e-13 -1 -7.6383344094189995e-14 
1 -5.0526934060270001 -1.429986949308 2.9784751534240002 -0.75701118864280537 -1.6132460727350113e-13 0.65340191327360453 
1 -5.1100000000000003 -1.429986949308 3.0279384093270001 -2.8421709430390002e-13 1 -1.4566126083079999e-13 
2 -4.5499999999999998 -1.4299869493090001 3.3449999999990001 0 -1 0 0.44925665210277704 0 0.89340274263145425 -0.89340274263145425 0 0.44925665210277704 0.14999999999999999
1 -5.1100000000000003 -1.429986949308 3.0279384093270001 2.357317435664e-12 -3.2522249806849993e-13 1 
1 -5.1100000000000003 -1.429986949308 3.129667675691 0.62038355415689295 1.8969497147489782e-13 0.784298569252591 
2 -5.0999999999999996 -1.4299869493090001 3.298725351022 0 -1 0 0.2302484914525085 0 -0.97313186782873584 0.97313186782873584 0 0.2302484914525085 0.123725351023
1 -4.9888589320149999 -1.429986949308 3.2443596863719999 0.43940602472129936 0 0.89828856468209861 
2 -4.5499999999999998 -1.4299869493090001 3.3449999999990001 0 1 0 -0.89828856467805018 0 0.43940602472957563 0.43940602472957563 -0 0.89828856467805018 0.34999999999999998
1 -5.1100000000000003 -1.179986949308 3.1296676756920001 2.8421709430390002e-13 -1 -1.7763568394e-13 
1 -5.0715124245730001 -1.179986949308 3.1783242690829998 -1.3145040611560001e-13 -1 1.5987211554600001e-14 
1 -4.9888589320149999 -1.429986949308 3.2443596863719999 -4.4408920985000001e-13 1 -8.7219120814530003e-13 
1 -4.8644009976379996 -1.429986949308 3.4987921086520002 -2.0108359422009999e-12 1 -4.1104897263710002e-12 
1 -0.55000000000000004 -1.48 3.2749999999989998 -0.99999247381987999 0.0038797298355109223 1.398933623469972e-13 
1 -0.55000000000000004 1.1200000000000001 3.2749999999989998 -0.999992472125384 0.0038801665638239376 0 
7 0 0  3 4 2  -1.5500001197119999 1.131412464019 3.2749999984099998  -1.3499922844509999 1.128644425851 3.2749999984099998  -1.1500073025740001 1.124320114411 3.2749999999989998  -0.94999946731310003 1.1215520762419999 3.2749999999989998 
 0 4 1 4
1 -1.5500001197119999 1.131412464019 3.2749999984099998 2.0671864381429998e-08 0.99999999999999978 -3.4608301082029994e-11 
7 0 0  3 4 2  -0.94998209711629999 1.4684612150309999 3.2749999999989998  -1.1499933295710001 1.4656931298460001 3.2749999999989998  -1.349988880493 1.4613803945570001 3.274999998398  -1.5500001129480001 1.458612309372 3.274999998398 
 0 4 1 4
1 -0.94998209711629999 1.4684612150309999 3.2749999999989998 0.99999259985978906 0.003847106140978958 -1.3989332714609846e-13 
1 -0.94999946731310003 1.1215520762419999 3.2749999999989998 -5.6059975470777956e-06 -0.00040352650361968531 -0.99999991856746351 
1 -0.95000058851269997 1.1214713709349999 3.0749999999990001 0.99999323467472256 -0.003678397040171083 0 
7 0 0  3 6 4  -1.8986236107000001 1.1362665268409999 3.2902212636130002  -1.859976088819 1.1357275646889999 3.2868400396470001  -1.78262178362 1.1346794625700001 3.2812047500369999  -1.6663401306100001 1.1330705018210001 3.276127841209  -1.5887917258669999 1.131949326215 3.274999994496  -1.5500001197119999 1.131412464019 3.2749999984099998 
 0 4 0.33333333333330001 1 0.66666666666670005 1 1 4
7 0 0  3 4 2  -1.54999913247 1.1312881682489999 3.075000001736  -1.3499913766660001 1.128520131181 3.075000001736  -1.1500083443160001 1.1242394080039999 3.0749999999990001  -0.95000058851269997 1.1214713709349999 3.0749999999990001 
 0 4 1 4
7 0 0  3 6 4  -1.916053520957 1.1363101393899999 3.0909822172279999  -1.875482735624 1.1357443562209999 3.0874327371849999  -1.7942715358429999 1.1345942620680001 3.0815158577149999  -1.6721443888430001 1.1328595424250001 3.0761837618240002  -1.590727272823 1.1318518314070001 3.0750000054669999  -1.54999913247 1.1312881682489999 3.075000001736 
 0 4 0.33333333333330001 1 0.66666666666670005 1 1 4
1 -3.99357787314 1.1652615804899999 3.2727420462849999 0.99609871647796089 -0.013881181844679458 -0.087147345464756595 
1 -3.9761467266119999 1.1652615844009999 3.4719809852279999 -0.087155733011792039 -1.9557227032060456e-08 -0.99619469894352319 
1 -3.9761467266119999 1.1652615844009999 3.4719809852279999 0.99609842695766637 -0.013902098611629533 -0.087147320478917073 
1 -1.898623603773 1.453758246554 3.2902212630209999 -2.1818354388559997e-08 -0.99999999999999978 1.8635434358069995e-09 
7 0 0  3 6 4  -1.5500001129480001 1.458612309372 3.274999998398  -1.588786301351 1.4580755221570001 3.274999994486  -1.6663278239970001 1.456956213232 3.2761273007780001  -1.7826404979599999 1.455346821375 3.2812056874610001  -1.8599842410209999 1.454297094922 3.2868407528870001  -1.898623603773 1.453758246554 3.2902212630209999 
 0 4 0.33333333333330001 1 0.66666666666670005 1 1 4
1 -3.9761467266119999 1.1652615844009999 3.4719809852279999 -3.5918624093399998e-11 1 8.463953637789e-11 
1 -1.898623603773 1.453758246554 3.2902212630209999 -0.99609843580077873 -0.0139014601094197 0.087147321255838128 
7 0 0  3 6 4  -4.0847769374589999 1.167174915196 3.5028185446659998  -4.0735466962510003 1.166965525665 3.4971713066899999  -4.0503439720029997 1.1665414435179999 3.4872659704050002  -4.0136032109500004 1.165894481047 3.4768371922729999  -3.9886637697010001 1.165470880949 3.4730760847650002  -3.9761467266119999 1.1652615844009999 3.4719809852279999 
 0 4 0.33333333333330001 1 0.66666666666670005 1 1 4
1 -4.0847769374530003 1.4228511900580001 3.502818544653 -2.0134375484650001e-11 -1 5.2644305259159999e-11 
7 0 0  3 6 4  -3.9761467266210002 1.424764520853 3.4719809852500001  -3.9887231182780001 1.4245542319419999 3.4730812771149999  -4.0137352677309996 1.4241293503270001 3.4768714498789999  -4.0502373541349996 1.4234864973920001 3.4872346156040002  -4.0735031426640003 1.4230613916529999 3.4971494053269998  -4.0847769374530003 1.4228511900580001 3.502818544653 
 0 4 0.33333333333330001 1 0.66666666666670005 1 1 4
7 0 0  3 6 4  -3.99357787314 1.1652615804899999 3.2727420462849999  -4.0144484097379998 1.165470965316 3.2745679817269999  -4.0560256877310001 1.1658946923210001 3.280839734528  -4.117259533465 1.166541656523 3.2982243442899999  -4.1559191577970003 1.166965611245 3.3147299366610001  -4.1746282290999996 1.167174911322 3.3241379783920002 
 0 4 0.33333333333330001 1 0.66666666666670005 1 1 4
1 -4.1746282290999996 1.167174911322 3.3241379783920002 0.4492564617246122 1.9373962585970527e-08 0.89340283836502432 
1 -4.1746282311540002 1.422851186193 3.3241379745150001 8.0309166445289993e-09 -1 1.5164168767720001e-08 
7 0 0  3 6 4  -3.9935778730560001 1.4247645170250001 3.2727420496009998  -4.0144484100189999 1.424555132192 3.2745679850760001  -4.0560256890200002 1.4241314103430001 3.2808397326569998  -4.1172595332829998 1.423484446142 3.2982243468460002  -4.1559191601179997 1.4230604862639999 3.314729932918  -4.1746282311540002 1.422851186193 3.3241379745150001 
 0 4 0.33333333333330001 1 0.66666666666670005 1 1 4
1 -3.99357787314 1.1652615804899999 3.2727420462849999 3.2141427118060002e-10 1 1.277971262412e-08 
1 -1.916053541445 1.4537147021229999 3.090982221195 6.4549065245159871e-08 -0.99999999999999789 -1.2497947214809976e-08 
1 -1.916053541445 1.4537147021229999 3.090982221195 -0.99609872475478878 -0.013880579889819843 0.087147346739909023 
7 0 0  3 6 4  -1.916053541445 1.4537147021229999 3.090982221195  -1.8754827225640001 1.45428048576 3.0874327382170001  -1.7942715332070001 1.4554322592110001 3.0815158586870002  -1.672144386686 1.457166978858 3.0761837571289998  -1.590727259233 1.4581730105770001 3.0750000055559998  -1.549999154577 1.45873667324 3.075000001826 
 0 4 0.33333333333330001 1 0.66666666666670005 1 1 4
1 -1.54999913247 1.1312881682489999 3.075000001736 -6.7513918695789853e-08 0.99999999999999778 2.7373352598139937e-10 
1 -0.55000000000000004 1.47 3.0749999999990001 -0.99999335577027859 -0.0036453278723659215 -1.5987776086419656e-13 
7 0 0  3 4 2  -0.94998321831590005 1.4685419203379999 3.0749999999990001  -1.149994372069 1.465773836243 3.0749999999990001  -1.3499880008230001 1.461504757336 3.075000001826  -1.549999154577 1.45873667324 3.075000001826 
 0 4 1 4
1 -0.94998321831590005 1.4685419203379999 3.0749999999990001 5.6059975481847957e-06 -0.00040352650364168529 0.99999991856746351 
1 -3.9761467266210002 1.424764520853 3.4719809852500001 -0.087155733981826161 -1.914096920608916e-08 -0.9961946988586563 
1 -4.1746282311540002 1.422851186193 3.3241379745150001 0.44925646218588439 1.9322970729429329e-08 0.89340283813306887 
1 -4.2672918649999998 1.4200130506919999 3.5945979834249999 0.8933166346904835 0.013891231481389741 -0.4492131163191917 
1 -4.2672918649999998 1.4200130506919999 3.5945979834249999 -0.44925646192769991 6.3060666756259987e-13 -0.8934028382628999 
1 -4.1746282311540002 1.422851186193 3.3241379745150001 -0.89331663601340572 -0.013891212573160091 0.4492131142731029 
1 -4.267291865002 1.1700130506919999 3.5945979834289998 0.89331663494089841 -0.013891212541439978 -0.44921311640689915 
1 -4.3927602300629998 1.1700130506919999 3.6576909907589998 0.89340284449342755 1.3597271482110419e-12 -0.44925644953751381 
1 -4.3927602300629998 1.4200130506919999 3.6576909907589998 -2.8066438062530001e-13 -1 3.5527136788010001e-14 
1 -4.3927602300629998 1.4200130506919999 3.6576909907589998 0.8934028444845874 9.1070097366008707e-13 -0.44925644955509364 
1 -4.3571431565549998 1.1700130506919999 3.4159174174309999 0.89331663407433748 -0.013891231499390583 -0.44921311754391885 
1 -4.267291865002 1.1700130506919999 3.5945979834289998 -0.44925646192330493 -4.9293902749910545e-13 -0.8934028382651098 
1 -4.3571431588709997 1.4200130506919999 3.4159174128190002 -0.89340283826263867 -9.1070091811163939e-13 0.44925646192821939 
1 -4.4826115307130001 1.4200130506919999 3.4790104257390002 4.1862513455689957e-08 -0.99999999999999911 -1.153144779662999e-08 
1 -4.3571431565549998 1.1700130506919999 3.4159174174309999 -0.89340284797181335 -1.3660514807420205e-12 0.44925644262030673 
1 -4.6847432847019999 1.4200130506919999 3.4109109037069998 -0.43940602472198254 0 -0.89828856468176432 
2 -4.5499999999999998 1.4200130506919999 3.3449999999990001 0 -1 0 0.44925646189437796 0 0.89340283827965616 -0.89340283827965616 0 0.44925646189437796 0.14999999999999999
2 -4.5499999999999998 1.4200130506919999 3.3449999999990001 0 1 0 -0.89828856468239349 0 0.43940602472069679 0.43940602472069679 -0 0.89828856468239349 0.34999999999999998
1 -4.9888589320149999 1.4200130506919999 3.2443596863709998 0.43940602472129936 0 0.89828856468209861 
2 -5.0999999999999996 1.4200130506919999 3.298725351022 0 -1 0 0.23024849145319376 0 -0.97313186782857364 0.97313186782857375 0 0.23024849145319379 0.123725351023
1 -5.0715124245730001 1.4200130506919999 3.1783242690829998 -0.62038355415839952 1.610617682332999e-13 -0.7842985692513994 
1 -5.1100000000000003 1.4200130506919999 3.0279384093270001 2.3485866303449999e-12 -3.2958790072690002e-13 1 
1 -5.1100000000000003 1.4200130506919999 3.0279384093270001 0.75701118864377637 -1.349260351740958e-13 -0.65340191327247954 
2 -5.0999999999999996 1.4200130506919999 3.298725351022 0 1 0 0.89828856468518392 0 -0.43940602471499218 -0.43940602471499218 0 -0.89828856468518392 0.32372535102200001
1 -4.809201219078 1.1700130506919999 3.156478481428 2.84217094304e-14 1 3.7303493627400003e-14 
1 -4.809201219078 1.1700130506919999 3.156478481428 0.43940602472158091 0 0.89828856468196083 
1 -4.6847432847019999 1.1700130506919999 3.4109109037069998 9.8765440270629995e-13 1 7.4962258622670001e-13 
2 -5.0999999999999996 1.170013050691 3.298725351022 0 1 0 0.89828856468512508 0 -0.43940602471511225 -0.43940602471511225 0 -0.89828856468512508 0.32372535102200001
1 -5.0526934060270001 1.4200130506919999 2.9784751534240002 -1.4921397450960001e-13 -1 -7.6383344094189995e-14 
1 -5.0526934060270001 1.1700130506919999 2.9784751534240002 -0.75701118864280537 -1.5839143259580111e-13 0.65340191327360453 
1 -5.1100000000000003 1.1700130506919999 3.0279384093270001 -2.8421709430390002e-13 1 -1.4566126083079999e-13 
2 -4.5499999999999998 1.170013050691 3.3449999999990001 0 -1 0 0.44925665210277704 0 0.89340274263145425 -0.89340274263145425 0 0.44925665210277704 0.14999999999999999
1 -5.1100000000000003 1.1700130506919999 3.0279384093270001 2.357317435664e-12 -3.295879007271e-13 1 
1 -5.1100000000000003 1.1700130506919999 3.129667675691 0.62038355415689295 1.9685327228519776e-13 0.784298569252591 
2 -5.0999999999999996 1.170013050691 3.298725351022 0 -1 0 0.2302484914525085 0 -0.97313186782873584 0.97313186782873584 0 0.2302484914525085 0.123725351023
1 -4.9888589320149999 1.1700130506919999 3.2443596863719999 0.43940602472129936 0 0.89828856468209861 
2 -4.5499999999999998 1.170013050691 3.3449999999990001 0 1 0 -0.89828856467805018 0 0.43940602472957563 0.43940602472957563 -0 0.89828856467805018 0.34999999999999998
1 -5.1100000000000003 1.4200130506919999 3.1296676756920001 2.8421709430390002e-13 -1 -1.7763568394e-13 
1 -5.0715124245730001 1.4200130506919999 3.1783242690829998 -1.3145040611560001e-13 -1 1.5987211554600001e-14 
1 -4.9888589320149999 1.1700130506919999 3.2443596863719999 -4.4408920985000001e-13 1 -8.7219120814530003e-13 
1 -4.8644009976379996 1.1700130506919999 3.4987921086520002 -2.0108359422009999e-12 1 -4.1104897263710002e-12 
7 0 0  3 6 4  -1.498623615956 -0.80330917750200004 3.2902212625209999  -1.4599760853729999 -0.80384799914390004 3.2868400377959999  -1.382621783024 -0.80489582667540005 3.2812047507809998  -1.2663401337010001 -0.80650436832789996 3.2761278411079999  -1.188791727655 -0.80762525038639998 3.2749999944989998  -1.150000119635 -0.80816197252389999 3.2749999984099998 
 0 4 0.33333333333330001 1 0.66666666666670005 1 1 4
1 -1.150000119635 -0.80816197252389999 3.2749999984099998 0.99990330547509931 -0.013906102975679992 2.6476274412289985e-09 
1 -1.1499991329329999 -0.80828623578189995 3.0750000017349999 0.99990431199470686 -0.013833540920230095 -2.8937077497200201e-09 
7 0 0  3 6 4  -1.5160535164419999 -0.80326557646359997 3.0909822169500001  -1.4754827379390001 -0.80383121190749995 3.0874327375030002  -1.3942715343009999 -0.80498100495150005 3.0815158576399999  -1.272144388336 -0.80671527276069999 3.0761837617899999  -1.190727271931 -0.80772271971999998 3.0750000054640001  -1.1499991329329999 -0.80828623578189995 3.0750000017349999 
 0 4 0.33333333333330001 1 0.66666666666670005 1 1 4
1 -3.186277158467 -0.78000000000000003 3.237107851632 0.99609879812539703 -0.013875275244549956 -0.087147352857259719 
1 -3.186277158467 -0.78000000000000003 3.237107851632 0.087155742746722428 -8.5487174615452366e-14 0.99619469809182748 
1 -3.1688460102680001 -0.78000000000000003 3.436346787243 0.9960984382942274 -0.013901283677380385 -0.087147320899282385 
1 -1.498623609165 -0.50669215018080005 3.2902212619400002 -2.2896563041089995e-08 -0.99999999999999978 1.9609470459139997e-09 
7 0 0  3 6 4  -1.1500001128890001 -0.50183935516019995 3.2749999983990001  -1.188786301808 -0.50237600231879997 3.2749999944889998  -1.2663278240460001 -0.50349501810950004 3.276127301347  -1.3826404996149999 -0.5051039908271 3.2812056855680001  -1.459984238379 -0.5061534423024 3.2868407511050002  -1.498623609165 -0.50669215018080005 3.2902212619400002 
 0 4 0.33333333333330001 1 0.66666666666670005 1 1 4
1 -1.150000119635 -0.80816197252389999 3.2749999984099998 2.2022559922469996e-08 0.99999999999999978 -3.5911595140669991e-11 
1 -3.1688460102680001 -0.78000000000000003 3.436346787243 -0.99619469776516356 3.6929905810438647e-14 0.087155746480506821 
1 -3.576146717386 -0.78000000000000003 3.4719809832999999 -1.4651924118419999e-10 1 2.210676086633e-11 
1 -3.1688460102699998 -0.53000000000000003 3.436346787258 -0.99619469776776026 -1.6292605503249353e-14 0.087155746450826535 
1 -1.498623609165 -0.50669215018080005 3.2902212619400002 -0.99609844925885704 -0.013900491961459399 0.08714732185976623 
1 -4.2847432847020004 -0.78000000000000003 3.4109109037079999 -0.4394060247210177 0 -0.89828856468223628 
2 -4.7000000000000002 -0.78000000000000003 3.298725351022 0 1 0 0.89828856467901341 0 -0.43940602472760659 -0.43940602472760659 0 -0.89828856467901341 0.32372535102299999
1 -4.71 -0.78000000000000003 2.974999999999 1 -3.4416913762890002e-13 3.9968028885930002e-12 
1 -4.71 -0.78000000000000003 2.974999999999 -0.70710678118589754 0 0.70710678118719761 
1 -4.7599999999999998 -0.78000000000000003 3.0249999999989998 0 0 1 
1 -4.7599999999999998 -0.78000000000000003 3.1249999999989999 0.70710678118589754 0 0.70710678118719761 
1 -4.71 -0.78000000000000003 3.1749999999990002 1 -3.5527136789199999e-13 -4.1744385727310001e-12 
2 -4.7000000000000002 -0.78000000000000003 3.298725351022 0 -1 0 -6.783804609781e-12 -0 -1 1 0 -6.783804609781e-12 0.123725351023
1 -4.5888589320159996 -0.78000000000000003 3.2443596863709998 0.43940602472218337 0 0.89828856468166607 
2 -4.1500000000000004 -0.78000000000000003 3.3449999999990001 0 1 0 -0.8982885646806249 0 0.43940602472431217 0.43940602472431217 -0 0.8982885646806249 0.34999999999999998
1 -3.9927602383249998 -0.78000000000000003 3.6576909933909998 0.89340283826320122 0 -0.44925646192710061 
2 -3.5499999999999998 -0.78000000000000003 3.7708393935509998 0 1 0 -0.087155688060297221 0 -0.99619470287626821 -0.99619470287626821 0 0.087155688060297221 0.29999999999999999
1 -3.5935778784400001 -0.78000000000000003 3.2727420455749998 0.99619469845283792 -3.2042123169841221e-14 -0.087155738620353321 
2 -3.5499999999999998 -0.78000000000000003 3.7708393935509998 0 -1 0 -0.44925646195007424 -0 -0.89340283825164879 0.89340283825164879 0 -0.44925646195007424 0.5
1 -3.7746282309680002 -0.78000000000000003 3.3241379744209998 -0.8934028382628395 0 0.44925646192781993 
2 -4.1500000000000004 -0.78000000000000003 3.3449999999990001 0 -1 0 0.44925646190792262 0 0.89340283827284506 -0.89340283827284506 0 0.44925646190792262 0.14999999999999999
1 -4.4092012190789998 -0.78000000000000003 3.1564784814259998 0 1 0 
1 -4.2847432847020004 -0.78000000000000003 3.4109109037079999 0 1 0 
1 -4.4092012190789998 -0.53000000000000003 3.1564784814259998 0.43940602472101775 0 0.89828856468223628 
1 -4.7000000000000002 -0.53000000000000003 2.974999999999 0 -1 0 
2 -4.7000000000000002 -0.53000000000000003 3.298725351022 0 1 0 0.89828856467901341 0 -0.43940602472760659 -0.43940602472760659 0 -0.89828856467901341 0.32372535102299999
1 -4.7000000000000002 -0.53000000000000003 2.974999999999 -1 8.8817841968770011e-14 -3.9968028885950003e-12 
2 -4.1500000000000004 -0.53000000000000003 3.3449999999990001 0 -1 0 0.44925646190160984 0 0.89340283827601952 -0.89340283827601952 0 0.44925646190160984 0.14999999999999999
1 -3.7746282309680002 -0.53000000000000003 3.3241379744209998 -0.8934028382628395 0 0.44925646192781993 
2 -3.5499999999999998 -0.53000000000000003 3.7708393935509998 0 -1 0 -0.44925646194899549 -0 -0.89340283825219113 0.89340283825219113 0 -0.44925646194899549 0.5
1 -3.59357787751 -0.53000000000000003 3.2727420454340002 0.996194698424545 1.629260503918074e-14 -0.087155738943743941 
1 -3.1688460102699998 -0.53000000000000003 3.436346787258 -0.087155742751758858 0 -0.99619469809138683 
2 -3.5499999999999998 -0.53000000000000003 3.7708393935509998 0 1 0 -0.087155688428613917 0 -0.99619470284404465 -0.99619470284404465 0 0.087155688428613917 0.29999999999999999
1 -3.9927602383249998 -0.53000000000000003 3.6576909933909998 0.89340283826320122 0 -0.44925646192710061 
2 -4.1500000000000004 -0.53000000000000003 3.3449999999990001 0 1 0 -0.89828856468058549 0 0.43940602472439289 0.43940602472439289 -0 0.89828856468058549 0.34999999999999998
1 -4.4644009976390002 -0.53000000000000003 3.4987921086520002 -0.43940602472218337 0 -0.89828856468166618 
2 -4.7000000000000002 -0.53000000000000003 3.298725351022 0 -1 0 -6.783804609781e-12 -0 -1 1 0 -6.783804609781e-12 0.123725351023
1 -4.71 -0.53000000000000003 3.1749999999990002 1 -7.7715611726380001e-14 -4.0856207307580003e-12 
1 -4.7599999999999998 -0.53000000000000003 3.1249999999989999 0.70710678118589754 0 0.70710678118719761 
1 -4.7599999999999998 -0.53000000000000003 3.0249999999989998 0 0 1 
1 -4.71 -0.53000000000000003 2.974999999999 -0.70710678118589754 0 0.70710678118719761 
1 -4.71 -0.53000000000000003 2.974999999999 -1.0658141036399999e-14 -1 0 
1 -4.7599999999999998 -0.78000000000000003 3.0249999999989998 0 1 1.24344978758e-14 
1 -4.7599999999999998 -0.53000000000000003 3.1249999999989999 0 -1 0 
1 -4.71 -0.78000000000000003 3.1749999999990002 0 1 0 
1 -4.7000000000000002 -0.53000000000000003 3.1749999999990002 0 -1 0 
1 -4.5888589320159996 -0.78000000000000003 3.2443596863709998 -3.9079850466809997e-14 1 -7.2830630415410004e-14 
1 -4.4644009976390002 -0.78000000000000003 3.4987921086520002 4.9737991503209998e-14 1 6.5725203057809999e-14 
1 -3.9927602383249998 -0.53000000000000003 3.6576909933909998 1.119104808822e-13 -1 -5.329070518201e-14 
1 -3.6847769385759999 -0.53000000000000003 3.5028185420710001 -2.2204460492500001e-12 -1 1.1208811656619999e-12 
1 -4.0826115307119997 -0.53000000000000003 3.4790104257390002 1.275424210689e-12 -1 -6.3948846218409996e-13 
1 -3.7746282309680002 -0.53000000000000003 3.3241379744209998 -6.9810823788430005e-13 -1 3.5171865420120001e-13 
1 -3.5935778784400001 -0.78000000000000003 3.2727420455749998 3.7203324865229999e-09 1 -5.6325433206439998e-10 
1 -1.5160535397149999 -0.5067356830791 3.0909822188530001 7.8484744106649775e-08 -0.999999999999997 -6.4181419702509809e-09 
1 -1.5160535397149999 -0.5067356830791 3.0909822188530001 -0.996098808507626 -0.013874524408100362 0.087147353729972274 
7 0 0  3 6 4  -1.5160535397149999 -0.5067356830791 3.0909822188530001  -1.4754827237929999 -0.5061700471135 3.087432736132  -1.3942715322879999 -0.50501857528229999 3.08151585847  -1.272144386019 -0.50328430746670005 3.0761837609349998  -1.1907272583640001 -0.50227853931090005 3.075000005553  -1.1499991549940001 -0.50171502374190002 3.0750000018249999 
 0 4 0.33333333333330001 1 0.66666666666670005 1 1 4
1 -1.1499991329329999 -0.80828623578189995 3.0750000017349999 -7.1959034693089811e-08 0.99999999999999745 2.9141564270539922e-10 
1 -0.55000058820569997 -0.49341286550109997 3.0749999999990001 -0.99990428296557288 -0.013835639020429625 3.0425930740649179e-09 
1 -0.54999946759100005 -0.4934935497581 3.2749999999989998 -0.99990327470494533 -0.013908315294330632 -2.665959079374121e-09 
7 0 0  3 6 4  -1.498623615956 -0.15330917750199999 3.2902212625209999  -1.4599760853729999 -0.15384799914389999 3.2868400377959999  -1.382621783024 -0.1548958266754 3.2812047507809998  -1.2663401337010001 -0.15650436832789999 3.2761278411079999  -1.188791727655 -0.15762525038639999 3.2749999944989998  -1.150000119635 -0.15816197252389999 3.2749999984099998 
 0 4 0.33333333333330001 1 0.66666666666670005 1 1 4
1 -1.150000119635 -0.15816197252389999 3.2749999984099998 0.99990330547509931 -0.013906102975679992 2.6476274412289985e-09 
1 -1.1499991329329999 -0.15828623578189999 3.0750000017349999 0.99990431199470686 -0.013833540920230095 -2.8937077497200201e-09 
7 0 0  3 6 4  -1.5160535164419999 -0.15326557646360001 3.0909822169500001  -1.4754827379390001 -0.15383121190749999 3.0874327375030002  -1.3942715343009999 -0.1549810049515 3.0815158576399999  -1.272144388336 -0.15671527276069999 3.0761837617899999  -1.190727271931 -0.15772271971999999 3.0750000054640001  -1.1499991329329999 -0.15828623578189999 3.0750000017349999 
 0 4 0.33333333333330001 1 0.66666666666670005 1 1 4
1 -3.186277158467 -0.13 3.237107851632 0.99609879812539703 -0.013875275244549956 -0.087147352857259719 
1 -3.186277158467 -0.13 3.237107851632 0.087155742746722428 -8.5764730377192377e-14 0.99619469809182748 
1 -3.1688460102680001 -0.13 3.436346787243 0.9960984382942274 -0.013901283677380385 -0.087147320899282385 
1 -1.498623609165 0.1433078498192 3.2902212619400002 -2.2896491925019995e-08 -0.99999999999999978 1.9609425543729995e-09 
7 0 0  3 6 4  -1.1500001128890001 0.14816064483979999 3.2749999983990001  -1.188786301808 0.14762399768119999 3.2749999944889998  -1.2663278240460001 0.14650498189050001 3.276127301347  -1.3826404996149999 0.14489600917289999 3.2812056855680001  -1.459984238379 0.14384655769759999 3.2868407511050002  -1.498623609165 0.1433078498192 3.2902212619400002 
 0 4 0.33333333333330001 1 0.66666666666670005 1 1 4
1 -1.150000119635 -0.15816197252389999 3.2749999984099998 2.2022626610669996e-08 0.99999999999999978 -3.5911595140669991e-11 
1 -3.1688460102680001 -0.13 3.436346787243 -0.99619469776516356 3.7065677522978646e-14 0.087155746480506821 
1 -3.576146717386 -0.13 3.4719809832999999 -1.4651924118419999e-10 1 2.210676086633e-11 
1 -3.1688460102699998 0.12 3.436346787258 -0.99619469776776026 -1.6190776718859352e-14 0.087155746450826535 
1 -1.498623609165 0.1433078498192 3.2902212619400002 -0.99609844925885704 -0.013900491961459399 0.08714732185976623 
1 -4.2847432847020004 -0.13 3.4109109037079999 -0.4394060247210177 0 -0.89828856468223628 
2 -4.7000000000000002 -0.13 3.298725351022 0 1 0 0.89828856467901341 0 -0.43940602472760659 -0.43940602472760659 0 -0.89828856467901341 0.32372535102299999
1 -4.71 -0.13 2.974999999999 1 -3.469446951904e-13 3.9968028885930002e-12 
1 -4.71 -0.13 2.974999999999 -0.70710678118589754 0 0.70710678118719761 
1 -4.7599999999999998 -0.13 3.0249999999989998 0 0 1 
1 -4.7599999999999998 -0.13 3.1249999999989999 0.70710678118589754 0 0.70710678118719761 
1 -4.71 -0.13 3.1749999999990002 1 -3.4416913764540001e-13 -4.1744385727310001e-12 
2 -4.7000000000000002 -0.13 3.298725351022 0 -1 0 -6.783804609781e-12 -0 -1 1 0 -6.783804609781e-12 0.123725351023
1 -4.5888589320159996 -0.13 3.2443596863709998 0.43940602472218337 0 0.89828856468166607 
2 -4.1500000000000004 -0.13 3.3449999999990001 0 1 0 -0.8982885646806249 0 0.43940602472431217 0.43940602472431217 -0 0.8982885646806249 0.34999999999999998
1 -3.9927602383249998 -0.13 3.6576909933909998 0.89340283826320122 0 -0.44925646192710061 
2 -3.5499999999999998 -0.13 3.7708393935509998 0 1 0 -0.087155688060297221 0 -0.99619470287626821 -0.99619470287626821 0 0.087155688060297221 0.29999999999999999
1 -3.5935778784400001 -0.13 3.2727420455749998 0.99619469845283792 -3.1974237315661217e-14 -0.087155738620353321 
2 -3.5499999999999998 -0.13 3.7708393935509998 0 -1 0 -0.44925646195007424 -0 -0.89340283825164879 0.89340283825164879 0 -0.44925646195007424 0.5
1 -3.7746282309680002 -0.13 3.3241379744209998 -0.8934028382628395 0 0.44925646192781993 
2 -4.1500000000000004 -0.13 3.3449999999990001 0 -1 0 0.44925646190792262 0 0.89340283827284506 -0.89340283827284506 0 0.44925646190792262 0.14999999999999999
1 -4.4092012190789998 -0.13 3.1564784814259998 0 1 0 
1 -4.2847432847020004 -0.13 3.4109109037079999 0 1 0 
1 -4.4092012190789998 0.12 3.1564784814259998 0.43940602472101775 0 0.89828856468223628 
1 -4.7000000000000002 0.12 2.974999999999 0 -1 0 
2 -4.7000000000000002 0.12 3.298725351022 0 1 0 0.89828856467901341 0 -0.43940602472760659 -0.43940602472760659 0 -0.89828856467901341 0.32372535102299999
1 -4.7000000000000002 0.12 2.974999999999 -1 8.6042284407239999e-14 -3.9968028885950003e-12 
2 -4.1500000000000004 0.12 3.3449999999990001 0 -1 0 0.44925646190160984 0 0.89340283827601952 -0.89340283827601952 0 0.44925646190160984 0.14999999999999999
1 -3.7746282309680002 0.12 3.3241379744209998 -0.8934028382628395 0 0.44925646192781993 
2 -3.5499999999999998 0.12 3.7708393935509998 0 -1 0 -0.44925646194899549 -0 -0.89340283825219113 0.89340283825219113 0 -0.44925646194899549 0.5
1 -3.59357787751 0.12 3.2727420454340002 0.996194698424545 1.629260503918074e-14 -0.087155738943743941 
1 -3.1688460102699998 0.12 3.436346787258 -0.087155742751758858 0 -0.99619469809138683 
2 -3.5499999999999998 0.12 3.7708393935509998 0 1 0 -0.087155688428613917 0 -0.99619470284404465 -0.99619470284404465 0 0.087155688428613917 0.29999999999999999
1 -3.9927602383249998 0.12 3.6576909933909998 0.89340283826320122 0 -0.44925646192710061 
2 -4.1500000000000004 0.12 3.3449999999990001 0 1 0 -0.89828856468058549 0 0.43940602472439289 0.43940602472439289 -0 0.89828856468058549 0.34999999999999998
1 -4.4644009976390002 0.12 3.4987921086520002 -0.43940602472218337 0 -0.89828856468166618 
2 -4.7000000000000002 0.12 3.298725351022 0 -1 0 -6.783804609781e-12 -0 -1 1 0 -6.783804609781e-12 0.123725351023
1 -4.71 0.12 3.1749999999990002 1 -8.6042284411350002e-14 -4.0856207307580003e-12 
1 -4.7599999999999998 0.12 3.1249999999989999 0.70710678118589754 0 0.70710678118719761 
1 -4.7599999999999998 0.12 3.0249999999989998 0 0 1 
1 -4.71 0.12 2.974999999999 -0.70710678118589754 0 0.70710678118719761 
1 -4.71 0.12 2.974999999999 -1.0658141036399999e-14 -1 0 
1 -4.7599999999999998 -0.13 3.0249999999989998 0 1 1.24344978758e-14 
1 -4.7599999999999998 0.12 3.1249999999989999 0 -1 0 
1 -4.71 -0.13 3.1749999999990002 0 1 0 
1 -4.7000000000000002 0.12 3.1749999999990002 0 -1 0 
1 -4.5888589320159996 -0.13 3.2443596863709998 -3.9079850466809997e-14 1 -7.2830630415410004e-14 
1 -4.4644009976390002 -0.13 3.4987921086520002 4.9737991503209998e-14 1 6.5725203057809999e-14 
1 -3.9927602383249998 0.12 3.6576909933909998 1.119104808822e-13 -1 -5.329070518201e-14 
1 -3.6847769385759999 0.12 3.5028185420710001 -2.2204460492500001e-12 -1 1.1208811656619999e-12 
1 -4.0826115307119997 0.12 3.4790104257390002 1.275424210689e-12 -1 -6.3948846218409996e-13 
1 -3.7746282309680002 0.12 3.3241379744209998 -6.9810823788430005e-13 -1 3.5171865420120001e-13 
1 -3.5935778784400001 -0.13 3.2727420455749998 3.7203324865229999e-09 1 -5.6325433206439998e-10 
1 -1.5160535397149999 0.1432643169209 3.0909822188530001 7.8484813745999771e-08 -0.999999999999997 -6.4181464631119818e-09 
1 -1.5160535397149999 0.1432643169209 3.0909822188530001 -0.996098808507626 -0.013874524408100362 0.087147353729972274 
7 0 0  3 6 4  -1.5160535397149999 0.1432643169209 3.0909822188530001  -1.4754827237929999 0.1438299528865 3.087432736132  -1.3942715322879999 0.14498142471770001 3.08151585847  -1.272144386019 0.1467156925333 3.0761837609349998  -1.1907272583640001 0.1477214606891 3.075000005553  -1.1499991549940001 0.1482849762581 3.0750000018249999 
 0 4 0.33333333333330001 1 0.66666666666670005 1 1 4
1 -1.1499991329329999 -0.15828623578189999 3.0750000017349999 -7.1958968058959812e-08 0.99999999999999745 2.9141564270539922e-10 
1 -0.55000058820569997 0.15658713449889999 3.0749999999990001 -0.99990428296557288 -0.013835639020429625 3.0425930740649179e-09 
1 -0.54999946759100005 0.15650645024189999 3.2749999999989998 -0.99990327470494533 -0.013908315294330632 -2.665959079374121e-09 
7 0 0  3 6 4  -1.498623615956 0.49669082249800001 3.2902212625209999  -1.4599760853729999 0.49615200085610001 3.2868400377959999  -1.382621783024 0.49510417332459999 3.2812047507809998  -1.2663401337010001 0.49349563167209998 3.2761278411079999  -1.188791727655 0.4923747496136 3.2749999944989998  -1.150000119635 0.4918380274761 3.2749999984099998 
 0 4 0.33333333333330001 1 0.66666666666670005 1 1 4
1 -1.150000119635 0.4918380274761 3.2749999984099998 0.99990330547509931 -0.013906102975679992 2.6476274412289985e-09 
1 -1.1499991329329999 0.49171376421809998 3.0750000017349999 0.99990431199470686 -0.013833540920230095 -2.8937077497200201e-09 
7 0 0  3 6 4  -1.5160535164419999 0.49673442353640002 3.0909822169500001  -1.4754827379390001 0.49616878809249998 3.0874327375030002  -1.3942715343009999 0.4950189950485 3.0815158576399999  -1.272144388336 0.4932847272393 3.0761837617899999  -1.190727271931 0.49227728028000001 3.0750000054640001  -1.1499991329329999 0.49171376421809998 3.0750000017349999 
 0 4 0.33333333333330001 1 0.66666666666670005 1 1 4
1 -3.186277158467 0.52000000000000002 3.237107851632 0.99609879812539703 -0.013875275244549956 -0.087147352857259719 
1 -3.186277158467 0.52000000000000002 3.237107851632 0.087155742746722428 -8.6042286138932375e-14 0.99619469809182748 
1 -3.1688460102680001 0.52000000000000002 3.436346787243 0.9960984382942274 -0.013901283677380385 -0.087147320899282385 
1 -1.498623609165 0.79330784981919999 3.2902212619400002 -2.2896598224829994e-08 -0.99999999999999978 1.9609500402749996e-09 
7 0 0  3 6 4  -1.1500001128890001 0.79816064483979998 3.2749999983990001  -1.188786301808 0.79762399768119996 3.2749999944889998  -1.2663278240460001 0.79650498189050001 3.276127301347  -1.3826404996149999 0.79489600917290004 3.2812056855680001  -1.459984238379 0.79384655769760004 3.2868407511050002  -1.498623609165 0.79330784981919999 3.2902212619400002 
 0 4 0.33333333333330001 1 0.66666666666670005 1 1 4
1 -1.150000119635 0.4918380274761 3.2749999984099998 2.2022525128629995e-08 0.99999999999999978 -3.5911595140669991e-11 
1 -3.1688460102680001 0.52000000000000002 3.436346787243 -0.99619469776516356 3.7201449235518639e-14 0.087155746480506821 
1 -3.576146717386 0.52000000000000002 3.4719809832999999 -1.4651924118419999e-10 1 2.210676086633e-11 
1 -3.1688460102699998 0.77000000000000002 3.436346787258 -0.99619469776776026 -1.6292605503249353e-14 0.087155746450826535 
1 -1.498623609165 0.79330784981919999 3.2902212619400002 -0.99609844925885704 -0.013900491961459399 0.08714732185976623 
1 -4.2847432847020004 0.52000000000000002 3.4109109037079999 -0.4394060247210177 0 -0.89828856468223628 
2 -4.7000000000000002 0.52000000000000002 3.298725351022 0 1 0 0.89828856467901341 0 -0.43940602472760659 -0.43940602472760659 0 -0.89828856467901341 0.32372535102299999
1 -4.71 0.52000000000000002 2.974999999999 1 -3.4416913762890002e-13 3.9968028885930002e-12 
1 -4.71 0.52000000000000002 2.974999999999 -0.70710678118589754 0 0.70710678118719761 
1 -4.7599999999999998 0.52000000000000002 3.0249999999989998 0 0 1 
1 -4.7599999999999998 0.52000000000000002 3.1249999999989999 0.70710678118589754 0 0.70710678118719761 
1 -4.71 0.52000000000000002 3.1749999999990002 1 -3.5527136789199999e-13 -4.1744385727310001e-12 
2 -4.7000000000000002 0.52000000000000002 3.298725351022 0 -1 0 -6.783804609781e-12 -0 -1 1 0 -6.783804609781e-12 0.123725351023
1 -4.5888589320159996 0.52000000000000002 3.2443596863709998 0.43940602472218337 0 0.89828856468166607 
2 -4.1500000000000004 0.52000000000000002 3.3449999999990001 0 1 0 -0.8982885646806249 0 0.43940602472431217 0.43940602472431217 -0 0.8982885646806249 0.34999999999999998
1 -3.9927602383249998 0.52000000000000002 3.6576909933909998 0.89340283826320122 0 -0.44925646192710061 
2 -3.5499999999999998 0.52000000000000002 3.7708393935509998 0 1 0 -0.087155688060297221 0 -0.99619470287626821 -0.99619470287626821 0 0.087155688060297221 0.29999999999999999
1 -3.5935778784400001 0.52000000000000002 3.2727420455749998 0.99619469845283792 -3.2313666586531228e-14 -0.087155738620353321 
2 -3.5499999999999998 0.52000000000000002 3.7708393935509998 0 -1 0 -0.44925646195007424 -0 -0.89340283825164879 0.89340283825164879 0 -0.44925646195007424 0.5
1 -3.7746282309680002 0.52000000000000002 3.3241379744209998 -0.8934028382628395 0 0.44925646192781993 
2 -4.1500000000000004 0.52000000000000002 3.3449999999990001 0 -1 0 0.44925646190792262 0 0.89340283827284506 -0.89340283827284506 0 0.44925646190792262 0.14999999999999999
1 -4.4092012190789998 0.52000000000000002 3.1564784814259998 0 1 0 
1 -4.2847432847020004 0.52000000000000002 3.4109109037079999 0 1 0 
1 -4.4092012190789998 0.77000000000000002 3.1564784814259998 0.43940602472101775 0 0.89828856468223628 
1 -4.7000000000000002 0.77000000000000002 2.974999999999 0 -1 0 
2 -4.7000000000000002 0.77000000000000002 3.298725351022 0 1 0 0.89828856467901341 0 -0.43940602472760659 -0.43940602472760659 0 -0.89828856467901341 0.32372535102299999
1 -4.7000000000000002 0.77000000000000002 2.974999999999 -1 8.8817841968770011e-14 -3.9968028885950003e-12 
2 -4.1500000000000004 0.77000000000000002 3.3449999999990001 0 -1 0 0.44925646190160984 0 0.89340283827601952 -0.89340283827601952 0 0.44925646190160984 0.14999999999999999
1 -3.7746282309680002 0.77000000000000002 3.3241379744209998 -0.8934028382628395 0 0.44925646192781993 
2 -3.5499999999999998 0.77000000000000002 3.7708393935509998 0 -1 0 -0.44925646194899549 -0 -0.89340283825219113 0.89340283825219113 0 -0.44925646194899549 0.5
1 -3.59357787751 0.77000000000000002 3.2727420454340002 0.996194698424545 1.629260503918074e-14 -0.087155738943743941 
1 -3.1688460102699998 0.77000000000000002 3.436346787258 -0.087155742751758858 0 -0.99619469809138683 
2 -3.5499999999999998 0.77000000000000002 3.7708393935509998 0 1 0 -0.087155688428613917 0 -0.99619470284404465 -0.99619470284404465 0 0.087155688428613917 0.29999999999999999
1 -3.9927602383249998 0.77000000000000002 3.6576909933909998 0.89340283826320122 0 -0.44925646192710061 
2 -4.1500000000000004 0.77000000000000002 3.3449999999990001 0 1 0 -0.89828856468058549 0 0.43940602472439289 0.43940602472439289 -0 0.89828856468058549 0.34999999999999998
1 -4.4644009976390002 0.77000000000000002 3.4987921086520002 -0.43940602472218337 0 -0.89828856468166618 
2 -4.7000000000000002 0.77000000000000002 3.298725351022 0 -1 0 -6.783804609781e-12 -0 -1 1 0 -6.783804609781e-12 0.123725351023
1 -4.71 0.77000000000000002 3.1749999999990002 1 -8.8817841972999996e-14 -4.0856207307580003e-12 
1 -4.7599999999999998 0.77000000000000002 3.1249999999989999 0.70710678118589754 0 0.70710678118719761 
1 -4.7599999999999998 0.77000000000000002 3.0249999999989998 0 0 1 
1 -4.71 0.77000000000000002 2.974999999999 -0.70710678118589754 0 0.70710678118719761 
1 -4.71 0.77000000000000002 2.974999999999 -1.0658141036399999e-14 -1 0 
1 -4.7599999999999998 0.52000000000000002 3.0249999999989998 0 1 1.24344978758e-14 
1 -4.7599999999999998 0.77000000000000002 3.1249999999989999 0 -1 0 
1 -4.71 0.52000000000000002 3.1749999999990002 0 1 0 
1 -4.7000000000000002 0.77000000000000002 3.1749999999990002 0 -1 0 
1 -4.5888589320159996 0.52000000000000002 3.2443596863709998 -3.9079850466809997e-14 1 -7.2830630415410004e-14 
1 -4.4644009976390002 0.52000000000000002 3.4987921086520002 4.9737991503209998e-14 1 6.5725203057809999e-14 
1 -3.9927602383249998 0.77000000000000002 3.6576909933909998 1.119104808822e-13 -1 -5.329070518201e-14 
1 -3.6847769385759999 0.77000000000000002 3.5028185420710001 -2.2204460492500001e-12 -1 1.1208811656619999e-12 
1 -4.0826115307119997 0.77000000000000002 3.4790104257390002 1.275424210689e-12 -1 -6.3948846218409996e-13 
1 -3.7746282309680002 0.77000000000000002 3.3241379744209998 -6.9810823788430005e-13 -1 3.5171865420120001e-13 
1 -3.5935778784400001 0.52000000000000002 3.2727420455749998 3.7203324865229999e-09 1 -5.6325433206439998e-10 
1 -1.5160535397149999 0.79326431692090005 3.0909822188530001 7.848470891256977e-08 -0.999999999999997 -6.4181389750099799e-09 
1 -1.5160535397149999 0.79326431692090005 3.0909822188530001 -0.996098808507626 -0.013874524408100362 0.087147353729972274 
7 0 0  3 6 4  -1.5160535397149999 0.79326431692090005 3.0909822188530001  -1.4754827237929999 0.79382995288650005 3.087432736132  -1.3942715322879999 0.79498142471769995 3.08151585847  -1.272144386019 0.79671569253329999 3.0761837609349998  -1.1907272583640001 0.79772146068909999 3.075000005553  -1.1499991549940001 0.79828497625810002 3.0750000018249999 
 0 4 0.33333333333330001 1 0.66666666666670005 1 1 4
1 -1.1499991329329999 0.49171376421809998 3.0750000017349999 -7.195906728585981e-08 0.99999999999999745 2.9141564270539922e-10 
1 -0.55000058820569997 0.80658713449889996 3.0749999999990001 -0.99990428296557288 -0.013835639020429625 3.0425930740649179e-09 
1 -0.54999946759100005 0.80650645024190004 3.2749999999989998 -0.99990327470494533 -0.013908315294330632 -2.665959079374121e-09 
1 -5.1500000000000004 -1.105 3.224999999999 0 -1 0 
1 -5.1500000000000004 -1.105 2.8249999999990001 0 0 1 
1 -5.2999999999999998 -1.855 3.224999999999 0 1 0 
1 -2.2999999999999998 1.845 3.224999999999 -1 2.2574534834040004e-14 -2.264854970235e-14 
1 -5.1500000000000004 1.4950000000000001 3.224999999999 1 0 0 
1 -5.1500000000000004 1.4950000000000001 3.224999999999 0 -1 0 
1 -2.2999999999999998 1.095 3.224999999999 -1 0 0 
1 -5.1500000000000004 0.84499999999999997 3.224999999999 1 0 0 
1 -5.1500000000000004 0.84499999999999997 3.224999999999 0 -1 0 
1 -2.2999999999999998 0.44500000000000001 3.224999999999 -1 0 0 
1 -5.1500000000000004 0.19500000000000001 3.224999999999 1 0 0 
1 -5.1500000000000004 0.19500000000000001 3.224999999999 0 -1 0 
1 -2.2999999999999998 -0.20499999999999999 3.224999999999 -1 0 0 
1 -5.1500000000000004 -0.45500000000000002 3.224999999999 1 0 0 
1 -5.1500000000000004 -0.45500000000000002 3.224999999999 0 -1 0 
1 -5.1500000000000004 -1.105 3.224999999999 1 0 0 
1 -5.2999999999999998 -1.855 3.224999999999 1 2.2722564570659996e-14 2.264854970235e-14 
1 -5.4000000000000004 -1.9550000000000001 3.1249999999989999 0.57735026918902577 0.57735026918992571 0.57735026918992571 
1 -5.4000000000000004 -1.9550000000000001 3.1249999999989999 0 1 0 
1 -5.2999999999999998 1.845 3.224999999999 -0.57735026918902577 0.57735026918992571 -0.57735026918992571 
1 -5.2999999999999998 -1.855 3.9249999999990002 -0.70710678118649761 -0.70710678118659753 0 
1 -5.4000000000000004 -1.9550000000000001 3.9249999999990002 1.1435297153640001e-13 0 -1 
1 -5.2999999999999998 -1.855 3.9249999999990002 -6.5978968320569996e-14 3.2037864424890002e-14 -1 
1 -5.4000000000000004 -2.9550000000000001 3.9249999999990002 1 0 0 
1 -5.4000000000000004 -2.9550000000000001 3.9249999999990002 2.1316282072799998e-14 1 0 
1 -2.2999999999999998 -1.855 3.9249999999990002 -1 -3.0198066269799998e-14 0 
1 -5.2999999999999998 1.845 3.9249999999990002 1 -3.0050036533190002e-14 0 
1 -5.4000000000000004 1.9450000000000001 3.9249999999990002 0.70710678118654746 -0.70710678118654746 0 
1 -5.4000000000000004 1.9450000000000001 3.9249999999990002 -2.1316282072799998e-14 1 0 
1 0.20000000000000001 2.9449999999999998 3.9249999999990002 -1 0 0 
1 -4.5999999999999996 2.585 3.9249999999990002 1 0 0 
1 -4.5999999999999996 2.585 3.9249999999990002 0 -1 0 
1 0.20000000000000001 2.1549999999999998 3.9249999999990002 -1 0 0 
1 -4.5999999999999996 -2.165 3.9249999999990002 1 0 0 
1 -4.5999999999999996 -2.165 3.9249999999990002 0 -1 0 
1 0.20000000000000001 -2.5950000000000002 3.9249999999990002 -1 0 0 
2 -5.4000000000000004 -2.9550000000000001 3.6749999999990002 -1 0 0 0 -1 0 0 0 1 0.25
1 0.20000000000000001 -3.2050000000000001 3.6749999999990002 -1 0 0 
1 -5.4000000000000004 -3.2050000000000001 3.3073837743140002 1 0 -1.6653345369379999e-14 
1 -5.4000000000000004 -3.2050000000000001 3.6749999999990002 0 0 -1 
2 -5.4000000000000004 -2.9550000000000001 3.3073837743140002 -1 0 0 -0 -0.71274082808845574 -0.7014274816228564 0 -0.7014274816228564 0.71274082808845574 0.25
1 0.20000000000000001 -3.1331852070239998 3.132026903911 -1 -8.0570470929940002e-14 7.0974971931390003e-14 
1 -5.4000000000000004 -2.6584583180179999 2.6496431295980001 1 2.9309887850099998e-13 -3.4337612118760002e-13 
1 -5.4000000000000004 -2.6584583180179999 2.6496431295980001 0 -0.7014274816168079 0.71274082809440797 
2 -5.4000000000000004 -2.4802731109909999 2.8249999999990001 -1 0 0 0 0 -1 -0 -1 -0 0.25
1 0.20000000000000001 -2.4802731109909999 2.5749999999990001 -1 0 0 
1 -5.4000000000000004 2.4702731109910001 2.5749999999990001 1 -1.6494742080149999e-14 0 
1 -5.4000000000000004 -2.4802731109909999 2.5749999999990001 0 1 0 
2 -5.4000000000000004 2.4702731109910001 2.8249999999990001 -1 0 0 0 0.71274082814242101 -0.70142748156802071 -0 -0.70142748156802071 -0.71274082814242101 0.25
1 0.20000000000000001 2.6484583180149999 2.6496431295949998 -1 1.5427341943609999e-12 1.5180713828860001e-12 
1 -5.4000000000000004 3.123185207019 3.1320269039049999 1 9.7818578633940006e-13 1.00586206031e-12 
1 -5.4000000000000004 3.123185207019 3.1320269039049999 0 -0.70142748161680801 -0.71274082809440809 
2 -5.4000000000000004 2.9449999999999998 3.3073837743140002 -1 0 0 0 1 1.115552095143e-12 0 1.115552095143e-12 -1 0.25
1 0.20000000000000001 3.1949999999999998 3.3073837743140002 -1 0 1.4274296030899999e-14 
1 -5.4000000000000004 3.1949999999999998 3.6749999999990002 1 0 0 
1 -5.4000000000000004 3.1949999999999998 3.3073837743140002 0 0 1 
2 -5.4000000000000004 2.9449999999999998 3.6749999999990002 -1 0 0 0 0 1 0 1 -0 0.25
1 -5.4000000000000004 1.9450000000000001 3.1249999999989999 -1.1435297153640001e-13 0 1 
1 -5.2999999999999998 1.845 3.224999999999 6.5978968320569996e-14 3.1720657846430003e-14 1 
1 -4.5999999999999996 2.585 2.8249999999990001 1 0 0 
1 -4.5999999999999996 2.585 2.8249999999990001 0 0 1 
1 0.20000000000000001 2.1549999999999998 2.8249999999990001 -1 0 0 
1 -4.5999999999999996 2.1549999999999998 2.8249999999990001 0 1 0 
1 -4.5999999999999996 2.1549999999999998 3.9249999999990002 0 0 -1 
1 -4.5999999999999996 -2.165 2.8249999999990001 1 0 0 
1 -4.5999999999999996 -2.165 2.8249999999990001 0 0 1 
1 0.20000000000000001 -2.5950000000000002 2.8249999999990001 -1 0 0 
1 -4.5999999999999996 -2.5950000000000002 2.8249999999990001 0 1 0 
1 -4.5999999999999996 -2.5950000000000002 3.9249999999990002 0 0 -1 
1 -1.45 1.4950000000000001 3.704999999999 0 0 -1 
1 -5.1500000000000004 1.4950000000000001 2.8249999999990001 0 0 1 
1 -1.3 1.645 3.704999999999 0 0 -1 
1 -5.1500000000000004 1.095 3.224999999999 0 0 -1 
1 -1.45 1.095 2.8249999999990001 0 0 1 
1 -1.325 0.96999999999999997 3.704999999999 0 0 -1 
1 -1.45 0.84499999999999997 3.704999999999 0 0 -1 
1 -5.1500000000000004 0.84499999999999997 2.8249999999990001 0 0 1 
1 -5.1500000000000004 0.44500000000000001 3.224999999999 0 0 -1 
1 -1.45 0.44500000000000001 2.8249999999990001 0 0 1 
1 -1.325 0.32000000000000001 2.8249999999990001 0 0 1 
1 -1.45 0.19500000000000001 3.704999999999 0 0 -1 
1 -5.1500000000000004 0.19500000000000001 2.8249999999990001 0 0 1 
1 -5.1500000000000004 -0.20499999999999999 3.224999999999 0 0 -1 
1 -1.45 -0.20499999999999999 2.8249999999990001 0 0 1 
1 -1.325 -0.33000000000000002 2.8249999999990001 0 0 1 
1 -1.45 -0.45500000000000002 3.704999999999 0 0 -1 
1 -5.1500000000000004 -0.45500000000000002 2.8249999999990001 0 0 1 
1 -1.45 -1.105 3.704999999999 0 0 -1 
Polygon3D 0
PolygonOnTriangulations 0
Surfaces 466
2 1.3300000000000001 -3.1299999999999999 3.849999999999 -1 0 0 0 1 0 0 0 -1 0.29999999999999999
1 -2 -0.0050000000000000001 4.1499999999990003 0 0 1 0 1 0 -1 0 0 
3 -5.3499999999999996 -3.1299999999999999 3.849999999999 1 0 0 0 -1 0 0 0 -1 0.25
0.78539816339729995
1 -2.0499999999999998 -3.4300000000000002 3.5474165866790002 0 1 0 0 -0 1 1 0 -0 
1 0.20000000000000001 0.02 3.2499999999989999 1 0 0 0 0 1 0 -1 0 
2 0.45000000000000001 2.2040000000000002 0.5 0 -1 0 -1 0 0 -0 -0 -1 0.25
5 0.45000000000000001 2.1200000000000001 2.75 1 0 0 -0 0.99977002959874883 0.021444997461341049 0 -0.021444997461341049 0.99977002959874883 2.25 0.25
2 0.45000000000000001 4.3700000000000001 3.7751006954539998 0 0 -1 -1 0 0 0 1 0 0.25
5 0.45000000000000001 2.1200000000000001 3.7499999999989999 -1 0 0 0 -0.015096787598660283 0.9998860370083188 0 0.9998860370083188 0.015096787598660283 2.25 0.25
2 0.45000000000000001 -2.1640000000000001 5.9999999999989999 0 1 0 -1 0 0 0 -0 1 0.25
5 0.45000000000000001 -2.0800000000000001 3.7499999999989999 1 0 0 0 -0.99977002959874883 -0.021444997461341049 0 0.021444997461341049 -0.99977002959874883 2.25 0.25
2 0.45000000000000001 -4.3300000000000001 2.7248993045450001 0 0 1 -1 0 0 0 -1 0 0.25
5 0.45000000000000001 -2.0800000000000001 2.75 -1 0 0 0 0.015096787598660283 -0.9998860370083188 -0 -0.9998860370083188 -0.015096787598660283 2.25 0.25
2 1.3300000000000001 3.1200000000000001 3.849999999999 -1 0 0 0 1 0 0 0 -1 0.29999999999999999
1 -2.0499999999999998 3.4199999999999999 3.5474165866790002 0 1 0 0 0 -1 -1 0 0 
2 1.3300000000000001 3.1200000000000001 3.2448331733589999 -1 0 0 0 1 0 0 0 -1 0.29999999999999999
1 -2.0499999999999998 3.0320965524450001 2.7345991553309998 0 -0.70481471887179115 0.70939143782659098 0 -0.70939143782659098 -0.70481471887179115 1 0 0 
2 1.3300000000000001 2.5213042735659998 2.6499999999989998 -1 0 0 0 1 0 0 0 -1 0.29999999999999999
1 -2.0499999999999998 1.181304273566 2.349999999999 0 0 1 0 -1 0 1 0 -0 
2 1.3300000000000001 -2.5313042735660001 2.6499999999989998 -1 0 0 0 1 0 0 0 -1 0.29999999999999999
1 -2.0499999999999998 -3.0420965524449999 2.7345991553309998 0 0.70481471887179115 0.70939143782659098 0 -0.70939143782659098 0.70481471887179115 1 0 -0 
2 1.3300000000000001 -3.1299999999999999 3.2448331733589999 -1 0 0 0 1 0 0 0 -1 0.29999999999999999
1 0.20000000000000001 0.02 3.2499999999989999 1 0 0 0 0 1 0 -1 0 
1 -2.0499999999999998 -0.0050000000000000001 3.9499999999990001 0 0 1 0 1 0 -1 0 0 
2 1.3320000000000001 -3.1299999999999999 3.849999999999 -1 0 0 0 1 0 0 0 -1 0.10000000000000001
1 -2.1000000000000001 -3.23 3.5474165866790002 0 1 0 0 -0 1 1 0 -0 
2 1.3320000000000001 -3.1299999999999999 3.2448331733589999 -1 0 0 0 1 0 0 0 -1 0.10000000000000001
1 -2.1000000000000001 -2.9011336086699999 2.8764774428969999 0 0.70481471887179115 0.70939143782659098 0 -0.70939143782659098 0.70481471887179115 1 0 -0 
2 1.3320000000000001 -2.5313042735660001 2.6499999999989998 -1 0 0 0 1 0 0 0 -1 0.10000000000000001
1 -2.1000000000000001 1.181304273566 2.5499999999990002 0 0 1 0 -1 0 1 0 -0 
2 1.3320000000000001 2.5213042735659998 2.6499999999989998 -1 0 0 0 1 0 0 0 -1 0.10000000000000001
1 -2.1000000000000001 2.8911336086700001 2.8764774428959998 0 -0.70481471887179115 0.70939143782659098 0 -0.70939143782659098 -0.70481471887179115 1 0 0 
2 1.3320000000000001 3.1200000000000001 3.2448331733589999 -1 0 0 0 1 0 0 0 -1 0.10000000000000001
1 -2.1000000000000001 3.2200000000000002 3.5474165866790002 0 1 0 0 0 -1 -1 0 0 
2 1.3320000000000001 3.1200000000000001 3.849999999999 -1 0 0 0 1 0 0 0 -1 0.10000000000000001
1 -2.1000000000000001 -0.0050000000000000001 3.9249999999990002 0 0 1 0 1 0 -1 0 0 
1 0.14999999999999999 -2.5950000000000002 3.224999999999 0 1 0 0 0 -1 -1 0 0 
1 -1.2749999999999999 -2.3799999999999999 2.8249999999990001 0 0 1 0 1 0 -1 0 0 
1 0.14999999999999999 -2.165 3.224999999999 0 1 0 0 -0 1 1 0 -0 
1 0.14999999999999999 2.1549999999999998 3.224999999999 0 1 0 0 0 -1 -1 0 0 
1 -1.2749999999999999 2.3700000000000001 2.8249999999990001 0 0 1 0 1 0 -1 0 0 
1 0.14999999999999999 2.585 3.224999999999 0 1 0 0 -0 1 1 0 -0 
2 1.3320000000000001 2.9449999999999998 3.6749999999990002 -1 0 0 0 -1 0 0 0 1 0.25
1 -2.1000000000000001 3.1949999999999998 3.4911918871559999 0 1 0 0 0 -1 -1 0 0 
2 1.3320000000000001 2.9449999999999998 3.3073837743140002 -1 0 0 0 -1 0 0 0 1 0.25
1 -2.1000000000000001 2.8858217625210001 2.890835016754 0 0.71274082809440809 -0.70142748161680801 0 -0.70142748161680801 -0.71274082809440809 -1 0 -0 
2 1.3320000000000001 2.4702731109910001 2.8249999999990001 -1 0 0 0 -1 0 0 0 1 0.25
1 -2 -0.0049999999998210001 2.5749999999990001 0 0 1 0 -1 0 1 0 -0 
2 1.3320000000000001 -2.4802731109909999 2.8249999999990001 -1 0 0 0 -1 0 0 0 1 0.25
1 -2.1000000000000001 -2.8958217625209999 2.890835016754 0 0.71274082809490413 0.70142748161630397 0 -0.70142748161630397 0.71274082809490413 1 0 -0 
2 1.3320000000000001 -2.9550000000000001 3.3073837743140002 -1 0 0 0 -1 0 0 0 1 0.25
1 -2.1000000000000001 -3.2050000000000001 3.4911918871559999 0 1 0 0 -0 1 1 0 -0 
2 1.3320000000000001 -2.9550000000000001 3.6749999999990002 -1 0 0 0 -1 0 0 0 1 0.25
1 0.61478421422329999 2.5699999999999998 3.240380721727 0 1 0 1 0 0 0 0 -1 
6 0 -1 0 
7 0 0  3 7 5  -4.4152803815670003 2.5829126561839999 3.869338691377  -4.4001706108049996 2.5829126561839999 3.8667803486789998  -3.7845280624919999 2.5829126561839999 3.7626288322789998  -2.6219447689069999 2.5829126561839999 3.57310665897  -1.0913865537759999 2.5829126561839999 3.3577951175090002  -0.17433837099310001 2.5829126561839999 3.2549347026189999  0.24606760640770001 2.5829126561839999 3.2140295390490001 
 0 4 0.0085035297146640008 1 0.3468478663965 1 0.68519220307899997 1 1 4
1 0.63978421147310005 2.1699999999999999 3.2403807149860002 0 1 0 1 0 0 0 0 -1 
1 0.35606601717800002 2.3700000000000001 3.9249999999990002 0 0 1 -1 0 0 0 -1 0 
1 0.61478421422329999 -2.1800000000000002 3.240380721727 0 1 0 1 0 0 0 0 -1 
6 0 -1 0 
7 0 0  3 7 5  -4.4152803815670003 -2.1670873438160001 3.869338691377  -4.4001706108049996 -2.1670873438160001 3.8667803486789998  -3.7845280624919999 -2.1670873438160001 3.7626288322789998  -2.6219447689069999 -2.1670873438160001 3.57310665897  -1.0913865537759999 -2.1670873438160001 3.3577951175090002  -0.17433837099310001 -2.1670873438160001 3.2549347026189999  0.24606760640770001 -2.1670873438160001 3.2140295390490001 
 0 4 0.0085035297146640008 1 0.3468478663965 1 0.68519220307899997 1 1 4
1 0.63978421147310005 -2.5800000000000001 3.2403807149860002 0 1 0 1 0 0 0 0 -1 
1 0.35606601717800002 -2.3799999999999999 3.9249999999990002 0 0 1 -1 0 0 0 -1 0 
1 0.20000000000000001 0.02 3.2499999999989999 1 0 0 0 0 1 0 -1 0 
1 1.3 -0.0050000000000000001 3.704999999999 0 0 1 0 -1 0 1 0 -0 
1 1.8 -1.7549999999999999 3.139999999999 0 1 0 0 0 -1 -1 0 0 
1 2.25 -0.0050000000000000001 3.6749999999990002 0 0 1 1 0 -0 -0 1 0 
1 1.8 1.7450000000000001 3.139999999999 0 1 0 0 -0 1 1 0 -0 
1 7.0750000000000002 0.02 0.25 0 0 1 1 0 -0 -0 1 0 
2 13.965 -2.0800000000000001 2.75 -1 0 0 0 0 -1 -0 -1 -0 2.5
1 7.0750000000000002 -4.5800000000000001 3.2499999999989999 0 1 0 1 0 0 0 0 -1 
2 0.185 -2.0800000000000001 3.7499999999989999 1 0 0 0 0 1 0 -1 0 2.5
1 7.0750000000000002 0.02 6.2499999999989999 0 0 1 -1 0 0 0 -1 0 
2 13.965 2.1200000000000001 3.7499999999989999 -1 0 0 0 0 1 0 1 -0 2.5
1 4.3702911650520004 4.6200000000000001 3.2500005025380001 0 1 0 -1 0 0 0 -0 1 
2 0.185 2.1200000000000001 2.75 1 0 0 0 0 -1 -0 1 0 2.5
5 13.699999999999999 2.1200000000000001 2.75 1 0 0 0 -0.70633722120941866 0.70787550454451875 0 -0.70787550454451875 -0.70633722120941866 2 0.5
9 0 1 0 0 3 3 4 42 2 40 13.83384446222 4.2218785562849996 1.3504174881290001  1.2249934678859999 13.829997523659999 4.2188117884920002 1.3453717594600001  1.2249934678859999 13.77751669071 4.1769474773689996 1.276970402458  1.2249934678859999 13.67122975803 4.0915013061729999 1.1497933336699999  1.2249934678859999 13.507454169480001 3.959288047626 0.98162475403439997  1.2249934678859999 13.33688265889 3.8222809910429998 0.83086003599949998  1.2249934678859999 13.16720944671 3.687826622602 0.70126561751710004  1.2249934678859999 13.006616588849999 3.5632468697789998 0.59458473448899996  1.2249934678859999 12.859993125300001 3.4526080387190001 0.50903498193569996  1.2249934678859999 12.72669774565 3.355273032246 0.44005880407480003  1.2249934678859999 12.60095923874 3.2669197581249998 0.38208274212670001  1.2249934678859999 12.475839108020001 3.1830213311010001 0.33083203264099997  1.2249934678859999 12.34619594139 3.1011915603319999 0.28422561807309998  1.2249934678859999 12.209495393759999 3.021683767596 0.2419769721658  1.2249934678859999 12.065488955699999 2.9469036049150001 0.20482209167410001  1.2249934678859999 11.911352916189999 2.8787698989489998 0.17301568882750001  1.2249934678859999 11.736970818130001 2.8184028398110001 0.14637565759900001  1.2249934678859999 11.529028773909999 2.7725958828059998 0.1271616840699  1.2249934678859999 11.292936276800001 2.7608180858739999 0.1223760508166  1.2249934678859999 11.067026922129999 2.7916492658830001 0.13504043991539999  1.2249934678859999 10.87665713624 2.8460117066409998 0.15838322305909999  1.2249934678859999 10.71509206372 2.9097057774869999 0.18723236268900001  1.2249934678859999 10.568384614479999 2.9800482902629999 0.2210026422726  1.2249934678859999 10.42962677903 3.0561847487709999 0.25996593378119998  1.2249934678859999 10.29784226686 3.1358386175969999 0.30357609721180001  1.2249934678859999 10.17263846843 3.2170619504169999 0.351214144718  1.2249934678859999 10.051287281460001 3.3000767680590002 0.40338704816510002  1.2249934678859999 9.9290891055399992 3.3872304797489998 0.46217902179749998  1.2249934678859999 9.8003413938519994 3.4822749574079999 0.53135255921049995  1.2249934678859999 9.6613563672579996 3.5879208873150001 0.61506484489059998  1.2249934678859999 9.5121114671289995 3.7041541395649999 0.71655604526159999  1.2249934678859999 9.3559378976279994 3.82806519312 0.83731223189240001  1.2249934678859999 9.1978120905570009 3.9550561725270001 0.97714734956729998  1.2249934678859999 9.0423535524700007 4.0805314071650001 1.135231448671  1.2249934678859999 8.8898739048969997 4.203219584438 1.3146330330889999  1.2249934678859999 8.7382394075660006 4.3235668310020001 1.5239203585229999  1.2249934678859999 8.5868836886820006 4.4398482398389998 1.7765190025890001  1.2249934678859999 8.4445345773570004 4.5413196809030003 2.079535804806  1.2249934678859999 8.3298252918879996 4.6086146226729996 2.4192316741350002  1.2249934678859999 8.2760957938710007 4.6232856498219999 2.6728909955339999  1.2249934678859999 8.2568542772650009 4.6206289709639998 2.8042743672610002  1.2249934678859999 8.2549670568850004 4.6202473972610001 2.8177841898259999  1.2249934678859999 
13.70720584857 4.2064779264640002 1.4641843785549999  0.9250021773714 13.703611556829999 4.2034203060379998 1.4594211168939999  0.9250021773714 13.65457418117 4.1616798918519997 1.394843793353  0.9250021773714 13.555174946839999 4.0764610315040004 1.2746414907020001  0.9250021773714 13.40175971257 3.9445276496970001 1.115373618862  0.9250021773714 13.2417198191 3.8077393509870001 0.9722942748083  0.9250021773714 13.08227197771 3.6734312897180001 0.84904872894390004  0.9250021773714 12.93112695134 3.548923654267 0.74738110127970003  0.9250021773714 12.792926636720001 3.4382916434330002 0.66568349449249997  0.9250021773714 12.66710860899 3.340910502182 0.59968037869720003  0.9250021773714 12.54824919484 3.252463948181 0.54409002361820002  0.9250021773714 12.42978306138 3.1684201886430001 0.49484049189189999  0.9250021773714 12.30679888941 3.086379488081 0.44994141618779998  0.9250021773714 12.17681058918 3.0065790860730002 0.40911954309929999  0.9250021773714 12.03946703263 2.9314160023359999 0.37309371792270002  0.9250021773714 11.89192845833 2.8628090297900002 0.3421304143303  0.9250021773714 11.724304612419999 2.8018890122850002 0.31608170622600001  0.9250021773714 11.52348319895 2.7555404190880002 0.2972026778047  0.9250021773714 11.294674365160001 2.7435993298430001 0.29248388385770002  0.9250021773714 11.076011585750001 2.7748355349409999 0.30495587016690001  0.9250021773714 10.892578772269999 2.8297689909039998 0.3278377362862  0.9250021773714 10.737595188269999 2.8939762922329999 0.35598584730089999  0.9250021773714 10.59741194885 2.9647449816110001 0.38879870116920001  0.9250021773714 10.465259496570001 3.0412189924500002 0.42651665994490001  0.9250021773714 10.34008281334 3.1211251491200001 0.46859742467240001  0.9250021773714 10.2214108365 3.202526977992 0.51443983820289996  0.9250021773714 10.10659053635 3.285661824545 0.56453003348310005  0.9250021773714 9.9911412958899994 3.3728881998859999 0.62085963962549995  0.9250021773714 9.8696709899809996 3.4679612574559999 0.68700899794589998  0.9250021773714 9.7387176809859994 3.573586916335 0.76691047763480003  0.9250021773714 9.59828858811 3.6897428534340002 0.86359716248920004  0.9250021773714 9.4515455432500008 3.81351390748 0.97841639011790005  0.9250021773714 9.3031830800480009 3.940302057462 1.1111218030700001  0.9250021773714 9.1575429534070008 4.0655160656209999 1.2608580776780001  0.9250021773714 9.0149183193070002 4.1878853742390003 1.4304576483660001  0.9250021773714 8.8733246211139996 4.3078494849349998 1.627908318552  0.9250021773714 8.7322582110660001 4.4236780184919997 1.865678851308  0.9250021773714 8.5998484419889998 4.5246638414870004 2.1501666301069999  0.9250021773714 8.4932876703219993 4.5915667088529997 2.4682109285770002  0.9250021773714 8.4432832837149991 4.6061369701499997 2.705175386893  0.9250021773714 8.4252868391509992 4.6034984169230002 2.8278381695860002  0.9250021773714 8.4235204252199996 4.6031195066419999 2.840450618767  0.9250021773714 
13.580180883840001 4.3151116776259997 1.4999725486069999  0.9250021773714 13.576578360939999 4.3119895330310003 1.495375887762  0.9250021773714 13.527440335050001 4.2693751682889998 1.433075808263  0.9250021773714 13.42814980384 4.1825528910429997 1.3175977995229999  0.9250021773714 13.275818880019999 4.0486453003509997 1.1657454013620001  0.9250021773714 13.11784639135 3.9103139161599998 1.0303811435950001  0.9250021773714 12.961364655920001 3.774973825869 0.91470065537129996  0.9250021773714 12.813862337610001 3.6499574852049999 0.82003333673449996  0.9250021773714 12.679723601399999 3.539277365512 0.7445591103725  0.9250021773714 12.558251293950001 3.4422216521200002 0.68405540762619998  0.9250021773714 12.4441235902 3.3544330805150002 0.63349808506450001  0.9250021773714 12.33105961333 3.2714144749059999 0.58908866766330004  0.9250021773714 12.214527193329999 3.1908616417219999 0.54899911493919995  0.9250021773714 12.09246348295 3.113125261974 0.51297567104240005  0.9250021773714 11.964948216070001 3.040663246387 0.4816256481283  0.9250021773714 11.82986641944 2.975394625871 0.45511273298549998  0.9250021773714 11.67889551971 2.9183750944110001 0.43320801730769998  0.9250021773714 11.501334962230001 2.8758471223209998 0.4176498483196  0.9250021773714 11.301840942149999 2.8650578727470002 0.41381833846740002  0.9250021773714 11.110223632869999 2.8934370911360001 0.42399857785529999  0.9250021773714 10.94656964654 2.9443426908069998 0.44304182624040001  0.9250021773714 10.80585450671 3.0049297406819999 0.46692235837840002  0.9250021773714 10.67664012799 3.0726922437219999 0.49523588771060001  0.9250021773714 10.55328551168 3.1467852106450001 0.52827288394820004  0.9250021773714 10.43525165076 3.2249117664060001 0.56560604003570003  0.9250021773714 10.32244471277 3.305054510683 0.6067156469021  0.9250021773714 10.212583383349999 3.3873426911590001 0.65204374305559998  0.9250021773714 10.1015021933 3.4740565079230001 0.70342575845389999  0.9250021773714 9.9840292771599994 3.568927967055 0.7642145160303  0.9250021773714 9.8567541174090003 3.674696614748 0.83817643357539995  0.9250021773714 9.7195812542330007 3.791397921418 0.92833080098889997  0.9250021773714 9.5755004594449993 3.9161565111619998 1.0361773379150001  0.9250021773714 9.4290539610770008 4.0443753897299999 1.1617323239740001  0.9250021773714 9.284500425829 4.1714320506040004 1.304428387547  0.9250021773714 9.1421264219899996 4.2960506112659997 1.4672298276260001  0.9250021773714 8.9999100004329993 4.4187173053690003 1.658207102163  0.9250021773714 8.8572537125499995 4.5377403537629997 1.890130062079  0.9250021773714 8.7223972694339995 4.6421516543559997 2.1702916284349998  0.9250021773714 8.6133604253579996 4.7118201562289999 2.4866766344359998  0.9250021773714 8.5625285918900005 4.727101204847 2.7243138461740002  0.9250021773714 8.5445584762429991 4.7243347961150004 2.8475914864540002  0.9250021773714 8.5427993997490006 4.723937098455 2.8602695431590002  0.9250021773714 
13.546091820199999 4.46796914941 1.431489271994  1.2249934678859999 13.54222623537 4.4647562134939998 1.4268209480759999  1.2249934678859999 13.489517397089999 4.4209121216099998 1.3635782855980001  1.2249934678859999 13.38347671216 4.3318336923820002 1.247103270989  1.2249934678859999 13.22215743758 4.1951482119829997 1.095733138393  1.2249934678859999 13.056269267759999 4.0546455675470003 0.96244558689290005  1.2249934678859999 12.8933152452 3.9178533194730001 0.84998847152269996  1.2249934678859999 12.74097429964 3.79212118476 0.75916555328119995  1.2249934678859999 12.603551625250001 3.6813733715680002 0.68771377086779995  1.2249934678859999 12.48010070802 3.5847755644829999 0.63119554281129997  1.2249934678859999 12.36508105603 3.49791283337 0.5846209278733  1.2249934678859999 12.252198557770001 3.4163367116679999 0.54433464327680003  1.2249934678859999 12.137170696729999 3.337877441886 0.50862335430420003  1.2249934678859999 12.01842190897 3.26304532735 0.47724470297240001  1.2249934678859999 11.89667972681 3.1943839579170001 0.45068202738750002  1.2249934678859999 11.770762318919999 3.1338126993689999 0.42895719423209999  1.2249934678859999 11.634104531749999 3.0822815030649999 0.41170464657319999  1.2249934678859999 11.47885585205 3.0451294889680001 0.40001349407199999  1.2249934678859999 11.30917089231 3.0359609815509998 0.39723784636050002  1.2249934678859999 11.14452827763 3.06032016233 0.40471068722390002  1.2249934678859999 10.99896393437 3.1055582054370001 0.41935775927509999  1.2249934678859999 10.86972150421 3.161051235465 0.43853945204130002  1.2249934678859999 10.74786207328 3.2245837635819998 0.4621173058652  1.2249934678859999 10.629034182690001 3.2953263872690002 0.49047670277299998  1.2249934678859999 10.513430473990001 3.3709488842750002 0.52333199662020002  1.2249934678859999 10.401512886100001 3.449319983129 0.56024870580709996  1.2249934678859999 10.291395372249999 3.5304168281820001 0.60163391402989996  1.2249934678859999 10.17909224369 3.616409428866 0.64921799391190005  1.2249934678859999 10.059399913149999 3.710997220841 0.7062480363018  1.2249934678859999 9.9287470845900003 3.8169670666719999 0.7765052920744  1.2249934678859999 9.7868785982300004 3.9344357574469999 0.86319868001300004  1.2249934678859999 9.6367358864709995 4.0605838988579999 0.9681594662984  1.2249934678859999 9.4829503596279991 4.1908159414010004 1.091796553652  1.2249934678859999 9.3299533025979997 4.320465380601 1.233932297013  1.2249934678859999 9.1780414136530002 4.4482488414640002 1.3979339161719999  1.2249934678859999 9.0249962464309998 4.5747183138249996 1.592556906097  1.2249934678859999 8.8700389398719999 4.6982363323029999 1.8319089057889999  1.2249934678859999 8.7221473202629998 4.807467588383 2.125125437146  1.2249934678859999 8.6018289296929993 4.8810275870910003 2.461062472194  1.2249934678859999 8.5462249968320005 4.8973087774849997 2.7162457977519998  1.2249934678859999 8.5270431237380002 4.8943624645419996 2.8490220208400001  1.2249934678859999 8.5251725250279993 4.8939383313490001 2.8626804656789999  1.2249934678859999 

0 4
1 4

-0.0027417485161980002 4
0 1
0.034537016577009999 1
0.069502739643429998 1
0.1038890580207 1
0.1364839878386 1
0.16581480486229999 1
0.19101907160930001 1
0.21292446909849999 1
0.2328392730213 1
0.25208279932760003 1
0.27152930811319997 1
0.2911423501523 1
0.3106821935861 1
0.32983956560159999 1
0.3495364987897 1
0.37196440550030002 1
0.39716265869470002 1
0.42143741545410002 1
0.44230345066109999 1
0.46129407175539999 1
0.48032976433390001 1
0.4996741269594 1
0.51899056046650005 1
0.53806233082819999 1
0.55699042032739998 1
0.57668073540989995 1
0.5981731458167 1
0.62246106169860005 1
0.64983977000449999 1
0.67974464524480005 1
0.71147978442460003 1
0.74437236311699995 1
0.77795750025989996 1
0.81430829623659995 1
0.85532765845830006 1
0.90184796819599999 1
0.95205210422590003 1
1 1
1.0054937552500001 4

9 0 1 0 0 3 3 4 9 2 7 14.18314989304 4.2554031278559998 2.7567441588260002  1.1337524303040001 14.17361954896 4.2896910904250003 2.6564909329940001  1.1337524303040001 14.14728302916 4.3436368889499999 2.4595829889590002  1.1337524303040001 14.083713917920001 4.3827325979590004 2.1754241819739999  1.1337524303040001 14.00113254179 4.3816613616530002 1.916873105029  1.1337524303040001 13.90463337894 4.3442551638460003 1.685733085264  1.1337524303040001 13.805875557389999 4.2773485509439997 1.4943573773900001  1.1337524303040001 13.74004129097 4.2161095039359999 1.3847342537039999  1.1337524303040001 13.711248219570001 4.1858349781979998 1.3392393263110001  1.1337524303040001 
14.13551874341 4.3587545819139999 2.81445440812  0.95541585656539996 14.11894854046 4.3917035559709996 2.7107872241090001  0.95541585656539996 14.079274837930001 4.4408048244140002 2.5083404393439999  0.95541585656539996 13.999096492190001 4.4674720437020001 2.2209252532320001  0.95541585656539996 13.90481068087 4.4514862067890002 1.9641651471349999  0.95541585656539996 13.80163595692 4.3986536908870004 1.738755902786  0.95541585656539996 13.70101218308 4.3180023333269997 1.555262126163  0.95541585656539996 13.63625154683 4.2486648376130001 1.4515608468700001  0.95541585656539996 13.608316241240001 4.2150278746999996 1.408758043777  0.95541585656539996 
14.17462041383 4.4702972978590001 2.862516905823  0.95541585656539996 14.15040222863 4.5076497210479998 2.7548507555300001  0.95541585656539996 14.09486548372 4.5634070766520001 2.5441060305510002  0.95541585656539996 13.98982766174 4.5933007386220002 2.2452958947330002  0.95541585656539996 13.871755380490001 4.5744883212090004 1.9800911794030001  0.95541585656539996 13.746819251010001 4.5140974844150001 1.749723640289  0.95541585656539996 13.62820432106 4.4229649345400004 1.564886184578  0.95541585656539996 13.55344760711 4.3453183906900001 1.462163815701  0.95541585656539996 13.521475005639999 4.3078134122360003 1.4201421552689999  0.95541585656539996 
14.282003103719999 4.5373950600899997 2.8782513005529999  1.1337524303040001 14.25313784137 4.5828154136770003 2.7678882596680001  1.1337524303040001 14.18669785148 4.6535885134169996 2.550002234056  1.1337524303040001 14.06028132186 4.7008410150830002 2.2370357738069999  1.1337524303040001 13.91756520217 4.6926238805410003 1.957135820292  1.1337524303040001 13.76605087548 4.636109438019 1.713460700325  1.1337524303040001 13.621809484390001 4.5427052483950003 1.5186880278070001  1.1337524303040001 13.530704062970001 4.4604600377950003 1.411539694492  1.1337524303040001 13.4917042752 4.4204067545000001 1.3680195794109999  1.1337524303040001 

0 4
1 4

0.0066505151964119996 4
0.19829674096389999 1
0.37855563576619999 1
0.54460562398849999 1
0.70062217903370005 1
0.85164637522179998 1
0.96930156676089996 4

2 11.35 2.889426207748 3.2499999999989999 0 1 0 -1 0 0 0 -0 1 2.8500000000000001
5 11.35 4.8700000000000001 3.2499999999989999 0 1 0 -0.98512340936905607 0 -0.17184838757779233 -0.17184838757779233 0 0.98512340936905607 3.099999999999 0.25
9 0 1 0 0 3 3 4 8 2 6 14.227029001849999 4.0099930809920004 3.2172419782200001  1.0204057568589999 14.2269646753 4.0129874094420002 3.2115931807810001  1.0204057568589999 14.22639643304 4.0340053401490001 3.1719454103700002  1.0204057568589999 14.223650555480001 4.0755637499909998 3.0935669444770002  1.0204057568589999 14.215168255689999 4.1369423177589999 2.977531214521  1.0204057568589999 14.200547427349999 4.2028941655030003 2.8519826960199999  1.0204057568589999 14.18642059746 4.2478239210339996 2.7653547372739999  1.0204057568589999 14.17831792238 4.2701072415730001 2.7219855749850002  1.0204057568589999 
14.20532759654 4.0484018825229997 3.236011143826  0.99319808104689999 14.205300105079999 4.0513962269780004 3.2304048933380001  0.99319808104689999 14.204991328029999 4.0724149902000004 3.1910536184790002  0.99319808104689999 14.20277115134 4.1139855325920003 3.1132302965349998  0.99319808104689999 14.195094034129999 4.1754206552489999 2.9979107670029999  0.99319808104689999 14.181365618559999 4.2414814832439998 2.873005476366  0.99319808104689999 14.16786005865 4.2865219750170001 2.7867219404669998  0.99319808104689999 14.16006697906 4.3088697705110004 2.7434992323520002  0.99319808104689999 
14.196463110810001 4.0906985301410002 3.2567688688479999  0.99319808104689999 14.19647635662 4.0936929068529997 3.251179939769  0.99319808104689999 14.1964539181 4.114712674942 3.2119478758510001  0.99319808104689999 14.19480538919 4.1562965780069998 3.1343258272950001  0.99319808104689999 14.187981029159999 4.2177939803479996 3.019186431434  0.99319808104689999 14.17516992841 4.2839748201700001 2.894329177645  0.99319808104689999 14.162281925629999 4.3291372575139997 2.8079679294609998  0.99319808104689999 14.15479092482 4.3515560544680003 2.7646773453039999  0.99319808104689999 
14.20114462155 4.1334996830459998 3.2778547271840002  1.0204057568589999 14.20119924824 4.1364941056860003 3.2722565084120001  1.0204057568589999 14.20146711712 4.1575149706159999 3.2329568350520002  1.0204057568589999 14.20039045637 4.1991123937449997 3.1551660893150002  1.0204057568589999 14.194398215410001 4.2606728187660003 3.0396563513410002  1.0204057568589999 14.182455954850001 4.3269751021560001 2.9142481008810002  1.0204057568589999 14.17013239748 4.3722609398790002 2.8273932215439999  1.0204057568589999 14.16291179523 4.394751585341 2.783825860586  1.0204057568589999 

0 4
1 4

-0.034226919328220001 4
0 1
0.2060443279219 1
0.44132686238879998 1
0.705921860658 1
0.97267004222029996 4

2 13.699999999999999 4.1200000000000001 3.2750946192949999 0 0 -1 0 1 0 1 -0 0 0.5
1 14.199999999999999 0.0199997760245 3.2499999999989999 1 0 0 0 -1 0 0 0 -1 
2 13.699999999999999 2.2040000000000002 0.75 0 -1 0 0 0 -1 1 0 0 0.5
5 13.699999999999999 -2.0800000000000001 2.75 -1 0 0 0 0.015824823634999857 -0.99987477963839111 -0 -0.99987477963839111 -0.015824823634999857 2 0.5
2 11.199999999999999 0.02 1.2251006954550001 0 0 -1 1 0 0 0 -1 0 0.5
2 11.199999999999999 0.02 1.2251006954550001 0 0 -1 1 0 0 0 -1 0 0.5
6 0 0 -1 
7 0 0  3 8 6  5.0432374665820001 -0.80772177867700001 0.52510069545530003  5.0381131185859998 -0.81147892882899997 0.52510069545530003  5.0212570813520001 -0.82313220157459999 0.52510069545530003  4.9913130756140003 -0.83995515742110005 0.52510069545530003  4.9522774947399997 -0.85516284660899999 0.52510069545530003  4.9189660575080003 -0.86259157243399998 0.52510069545530003  4.8988602605529996 -0.86498589856399999 0.52510069545530003  4.8925448432850001 -0.86554281219689999 0.52510069545530003 
 0 4 0.11687513123069999 1 0.37624854540800001 1 0.62818939031029997 1 0.88331065331299996 1 1 4
6 0 0 -1 
7 0 0  3 8 6  5.0959398574880002 -0.77126227820509996 0.52510069545530003  5.0908197443849996 -0.77503255625949996 0.52510069545530003  5.0799505031440004 -0.78288832758140003 0.52510069545530003  5.0632375028530001 -0.794642099027 0.52510069545530003  5.0456748196829997 -0.80681662968010004 0.52510069545530003  5.0283568348600003 -0.81811100075749998 0.52510069545530003  5.0167981193809998 -0.82537190908040003 0.52510069545530003  5.0114043753199997 -0.82873076738189999 0.52510069545530003 
 0 4 0.18652891482119999 1 0.39346415013219999 1 0.59948273447800005 1 0.8134837087972 1 1 4
1 5.1054006048470004 -0.75477259085159998 0.375 0.74329415100342267 -0.66896472633772042 0 0.66896472633772042 0.74329415100342267 0 -0 0 1 
1 5.4460067209460004 -0.40604801877629998 0.375 0.71302367977139414 -0.70113995185359423 0 0.70113995185359423 0.71302367977139414 0 -0 0 1 
1 4.4330448677490004 -0.085000000150000005 0.375 0 1 0 -1 0 0 0 -0 1 
1 3.1043857961999999 -0.21784745605 0.375 1 0 0 0 -1 0 0 0 -1 
1 2.7832065796109999 -0.165262004598 0.375 0.50000000039639014 0.86602540355558277 0 -0.86602540355558277 0.50000000039639014 0 0 -0 1 
1 2.7832065796099998 0.20560381015269999 0.375 -0.50000000049040272 0.86602540350130464 0 0.86602540350130464 0.50000000049040272 0 0 0 -1 
1 3.1043857961999999 0.252653950776 0.375 1 0 0 0 -1 0 0 0 -1 
1 4.8647990996250003 0.114271184 0.375 0 1 0 1 0 0 0 0 -1 
1 6.3095151851880003 0.44085451296200001 0.375 0.71898837619704359 0.69502209669444215 0 -0.69502209669444215 0.71898837619704359 0 0 -0 1 
1 5.9827473460130003 0.77850846378920002 0.375 0.70710679879139737 0.70710676358169733 0 -0.70710676358169733 0.70710679879139737 0 0 -0 1 
2 5.6653793219999997 0.44487039950000001 0.52510069545530003 0 0 -1 1 0 0 0 -1 0 0.46113141000000002
1 5.4576964473120002 0.90582060955300003 0.375 0 1 0 -1 0 0 0 -0 1 
2 4.8812205224999996 0.99992089100000003 0.52510069545530003 0 0 -1 1 0 0 0 -1 0 0.36809815950000002
1 5.4580585970220001 1.1106271049100001 0.375 0 1 0 1 0 0 0 0 -1 
2 5.6736198795000004 0.49347224299999998 0.52510069545530003 0 0 -1 1 0 0 0 -1 0 0.61723948799999995
1 6.0547063870360001 0.97777964544689999 0.375 0.70710673118189582 0.70710683119119577 0 0.70710683119119577 -0.70710673118189582 0 0 0 -1 
1 6.3978956455959999 0.63735804273709995 0.375 0.70419091420599533 0.71001067340549517 0 0.71001067340549517 -0.70419091420599533 0 0 0 -1 
1 6.7466202138369997 0.29140113012989999 0.375 0.70710676309039733 0.70710679928269737 0 0.70710679928269737 -0.70710676309039733 0 0 0 -1 
1 6.7687614599700003 0.27202753855150003 0.375 0.60000005068439877 0.79999996198669843 0 0.79999996198669843 -0.60000005068439877 0 0 0 -1 
1 6.7964380122170001 0.24988629602859999 0.375 0.64018438826022084 0.76822128910092502 0 0.76822128910092502 -0.64018438826022084 0 0 0 -1 
1 6.8351851874299996 0.21944208757850001 0.375 0.59999999534342408 0.80000000349243205 0 0.80000000349243205 -0.59999999534342408 0 0 0 -1 
1 6.8767000180659998 0.1917655341767 0.375 0.49613893135111536 0.86824314612772691 0 0.86824314612772691 -0.49613893135111536 0 0 0 -1 
1 6.9043765715449998 0.17515960187810001 0.375 0.55470022459198276 0.83205027542667409 0 0.83205027542667387 -0.55470022459198265 0 0 0 -1 
1 6.9569620227859996 0.14748304873660001 0.375 0.44721358612911793 0.89442719568533591 0 0.89442719568533591 -0.44721358612911793 0 0 0 -1 
1 7.0160053364000001 0.1198064953811 0.375 0.35112348015371742 0.9363291631070465 0 0.9363291631070465 -0.35112348015371742 0 0 0 -1 
1 7.1959983881660001 0.114271183993 0.375 0 1 0 1 0 0 0 0 -1 
2 7.9090354574999999 0.020170902500000001 0.52510069545530003 0 0 -1 1 0 0 0 -1 0 0.55582822200000004
1 6.7532596105350002 -0.085000000113999996 0.375 0 1 0 -1 0 0 0 -0 1 
1 6.1322007323880001 -0.09053531054642 0.375 -0.44721357871799788 0.89442719939089577 0 -0.89442719939089577 -0.44721357871799788 0 0 0 1 
1 6.1072918343750002 -0.1016059314742 0.375 -0.37139066732241405 0.92847669449793524 0 -0.92847669449793524 -0.37139066732241405 0 0 0 1 
1 6.0851505920640001 -0.1126765527857 0.375 -0.55470022135659813 0.83205027758359718 0 -0.83205027758359718 -0.55470022135659813 0 0 0 1 
1 6.0574740388309998 -0.129282484901 0.375 -0.49613893292377853 0.86824314522906232 0 -0.86824314522906232 -0.49613893292377853 0 0 0 1 
1 6.0214945202030004 -0.151423727186 0.375 -0.55470020563168299 0.83205028806687442 0 -0.83205028806687442 -0.55470020563168299 0 0 0 1 
1 5.9647575856830004 -0.19293855727420001 0.375 -0.60438647621380315 0.79669127481720414 0 -0.79669127481720425 -0.60438647621380326 0 0 0 1 
1 5.9204751003020002 -0.2261504216837 0.375 -0.55470029132061016 0.83205023094091524 0 -0.83205023094091524 -0.55470029132061016 0 0 0 1 
1 5.8969500304490001 -0.2455240089562 0.375 -0.6507913613009132 0.75925661278391543 0 -0.75925661278391543 -0.6507913613009132 0 0 0 1 
1 5.528851870305 -0.61085451337490004 0.375 0.70710678141969763 -0.70710678095339763 0 -0.70710678095339763 -0.70710678141969763 0 0 -0 -1 
1 5.1552184001189998 -0.97618501765080001 0.375 -0.55470019268049842 0.8320502967009975 0 -0.8320502967009975 -0.55470019268049842 0 0 0 1 
1 5.0970976383000002 -1.0093968815800001 0.375 -0.44721359938219796 0.89442718905879592 0 -0.89442718905879592 -0.44721359938219796 0 0 0 1 
1 5.0334415658360001 -1.0370734343920001 0.375 -0.34174304646770365 0.93979342953170997 0 -0.93979342953170997 -0.34174304646770365 0 0 0 1 
1 4.980856114351 -1.0536793663240001 0.375 -0.2425356461411094 0.97014249486913762 0 -0.97014249486913762 -0.2425356461411094 0 0 0 1 
2 4.8936122639999997 -0.87544991500000002 0.505 0 0 -1 1 0 0 0 -1 0 0.19495598850000001
1 4.6238285766539997 -1.0702852987239999 0.375 0 1 0 -1 0 0 0 -0 1 
1 4.3609013185499998 -1.2031327546120001 0.375 1 0 0 0 -1 0 0 0 -1 
1 3.9928031596500002 -1.3359802105 0.375 0 1 0 -1 0 0 0 -0 1 
1 3.6247050007500001 -0.96788205122490001 0.375 1 0 0 -0 1 0 0 -0 1 
1 3.9928031596500002 -0.59978389195000004 0.375 0 1 0 1 0 0 0 0 -1 
1 4.3609013185499998 -0.73539900332499997 0.375 1 0 0 0 -1 0 0 0 -1 
1 4.6044549878250001 -0.87101411470000001 0.375 0 1 0 1 0 0 0 0 -1 
6 0 0 -1 
7 0 0  3 8 6  4.9302693110550004 -0.86016219232119995 0.52510069545530003  4.9240082569380004 -0.86124992482460005 0.52510069545530003  4.9107260853629997 -0.86346912096289996 0.52510069545530003  4.8904453340330001 -0.86641732594400001 0.52510069545530003  4.8692720960700004 -0.86882602625500005 0.52510069545530003  4.8488280368519998 -0.8709814656164 0.52510069545530003  4.8353494618499999 -0.87221138883530003 0.52510069545530003  4.829011892374 -0.87273110485880001 0.52510069545530003 
 0 4 0.18687439222919999 1 0.39580559873929999 1 0.60222522930940003 1 0.81314099236339998 1 1 4
2 13.699999999999999 -4.0800000000000001 2.7248993045450001 0 0 1 0 -1 0 1 0 -0 0.5
5 13.699999999999999 -2.0800000000000001 3.7499999999989999 1 0 0 0 -0.9998946372881945 -0.014516002284029919 0 0.014516002284029919 -0.9998946372881945 2 0.5
2 13.699999999999999 -2.1640000000000001 5.7499999999989999 0 1 0 0 -0 1 1 0 -0 0.5
5 13.699999999999999 2.1200000000000001 3.7499999999989999 -1 0 0 0 -0.015824823634999857 0.99987477963839111 0 0.99987477963839111 0.015824823634999857 2.0000000000010001 0.5
2 11.199999999999999 0.02 6.2751006954540003 0 0 -1 1 0 0 0 -1 0 0.5
2 11.199999999999999 0.02 6.2751006954540003 0 0 -1 1 0 0 0 -1 0 0.5
9 0 1 0 0 3 3 4 42 2 40 8.2549646840560005 4.6202467328100001 3.6821975526070001  1.2249932867740001 8.2568526710000008 4.6206286355920003 3.695713692674  1.2249932867740001 8.2760453327299999 4.623279572475 3.826768407221  1.2249932867740001 8.3298004205430001 4.6086410740919996 4.0807518499200004  1.2249932867740001 8.4449714621030001 4.5410711786469999 4.4218187630859997  1.2249932867740001 8.5887807999190002 4.4384619590109997 4.727277786458  1.2249932867740001 8.7420636731729999 4.3205826320160003 4.9820120469500004  1.2249932867740001 8.8963321869820007 4.1980567644819997 5.1937264327769999  1.2249932867740001 9.0540997159809997 4.0710575816979997 5.3778934222229999  1.2249932867740001 9.2190187612500001 3.937948239417 5.5432848506410002  1.2249932867740001 9.3900172017009993 3.8008143285239999 5.6909517527329996  1.2249932867740001 9.5586809852859993 3.6675419746390001 5.8169134304629999  1.2249932867740001 9.7170250283790001 3.545187860999 5.9199302448699997  1.2249932867740001 9.8611728521910003 3.4369295881930002 6.0024531033340001  1.2249932867740001 9.9926779073399992 3.3414244903479999 6.0693082660669999  1.2249932867740001 10.117721188140001 3.2541229409730001 6.1259664098920004  1.2249932867740001 10.24305796771 3.170749836768 6.1763641961719999  1.2249932867740001 10.37347786322 3.0892944246730001 6.2222809945149997  1.2249932867740001 10.511058405769999 3.0104151175689999 6.2637772464159998  1.2249932867740001 10.65602027704 2.9366251084820001 6.3000965759599996  1.2249932867740001 10.81201063196 2.8696233669910001 6.3311117781539998  1.2249932867740001 10.99024615668 2.8107132219539999 6.3569127268469998  1.2249932867740001 11.20298535941 2.7683846045460001 6.3745567924879998  1.2249932867740001 11.44005215242 2.7628386978999999 6.3768074372979999  1.2249932867740001 11.66132306201 2.7982237686200002 6.3622022521070001  1.2249932867740001 11.846682831200001 2.8542711803469998 6.3379649684480004  1.2249932867740001 12.005292611350001 2.9188059178130001 6.3085131440150004  1.2249932867740001 12.150494249119999 2.9898943440610002 6.2741019070819997  1.2249932867740001 12.28815683068 3.0665473416519999 6.2345273447740004  1.2249932867740001 12.41882912941 3.1463663343310002 6.1904318087050001  1.2249932867740001 12.54315820367 3.2276475673320002 6.1423311517680004  1.2249932867740001 12.66414764648 3.310902719629 6.0895374871839998  1.2249932867740001 12.78669292823 3.3987171180270002 6.0297473575889997  1.2249932867740001 12.9164046874 3.49485065518 5.9590708220759998  1.2249932867740001 13.05657080678 3.6017455452220002 5.8734012184160003  1.2249932867740001 13.20671653924 3.718986043218 5.769707661889  1.2249932867740001 13.3630745669 3.8432710213869998 5.6468507777530004  1.2249932867740001 13.520766043089999 3.9700370759460002 5.5050975660820001  1.2249932867740001 13.67549598077 4.0949339782000003 5.3451098759800004  1.2249932867740001 13.77793573708 4.1772795398589997 5.2224460402900004  1.2249932867740001 13.8296328994 4.2185211416339996 5.1551063641320001  1.2249932867740001 13.83384263562 4.2218771267440003 5.149584792632  1.2249932867740001 
8.4235181358139997 4.6031189033139999 3.659532341911  0.92500223774190005 8.4252852684100006 4.6034981416080001 3.6721506901729999  0.92500223774190005 8.4432360222829992 4.6061310005609997 3.794506641296  0.92500223774190005 8.4932646964940002 4.5915930307400004 4.0317734531799996  0.92500223774190005 8.6002540073759999 4.5244169415790001 4.351101193061  0.92500223774190005 8.7340234053830006 4.422298173083 4.637888079104  0.92500223774190005 8.8768912407679998 4.3048761786240002 4.8776807643369997  0.92500223774190005 9.0209529161869995 4.1827378366639998 5.0774355215420002  0.92500223774190005 9.1685359242669993 4.056065187912 5.2515582551340003  0.92500223774190005 9.3230616899839998 3.923226637065 5.4082459561089999  0.92500223774190005 9.4835423392639999 3.7863006672939998 5.5484312170520003  0.92500223774190005 9.6420801655490003 3.6531626972739999 5.6682615701600003  0.92500223774190005 9.7911432454610008 3.5308696615709998 5.7664690552830002  0.92500223774190005 9.9270402203099994 3.422609329408 5.8453006132249996  0.92500223774190005 10.05119555874 3.3270508708789999 5.9092937395370004  0.92500223774190005 10.169425100590001 3.2396489021739998 5.9636376271440001  0.92500223774190005 10.28812762557 3.1561219085680001 6.0120845234460001  0.92500223774190005 10.411888200410001 3.0744447274320001 6.056337276462  0.92500223774190005 10.54276521355 2.9952602728039999 6.0964513494409998  0.92500223774190005 10.68108731882 2.9210746208499998 6.1316864392030004  0.92500223774190005 10.830486494240001 2.853587805234 6.1618978964610003  0.92500223774190005 11.001924741510001 2.7941173101799999 6.1871429922540004  0.92500223774190005 11.2075127961 2.7512720830789998 6.2044910137529996  0.92500223774190005 11.437300978070001 2.745648814775 6.2067105460900001  0.92500223774190005 11.651359508540001 2.7814876653659999 6.1923349895459996  0.92500223774190005 11.829849900519999 2.8381032001070001 6.1685922666200002  0.92500223774190005 11.98191313959 2.903139015791 6.1398730331599998  0.92500223774190005 12.120591506 2.974641117754 6.1064549681719997  0.92500223774190005 12.251650020710001 3.0516195907619998 6.0681627540900003  0.92500223774190005 12.37573205675 3.1316800244429999 6.025629978165  0.92500223774190005 12.49354609093 3.213131100889 5.9793572426679997  0.92500223774190005 12.60800095035 3.2964995641830002 5.9286849880570003  0.92500223774190005 12.72375744434 3.3843809349930001 5.8714132578109997  0.92500223774190005 12.846116691300001 3.4805372801800001 5.8038426429890002  0.92500223774190005 12.97816077793 3.5874052995599999 5.7220921834040004  0.92500223774190005 13.119413498809999 3.7045610772609998 5.6233306870710003  0.92500223774190005 13.266304384550001 3.8286986113229999 5.5065413567560002  0.92500223774190005 13.414233255879999 3.9552550276740002 5.3720464269230002  0.92500223774190005 13.559164705280001 4.0798846205770003 5.2205411165870004  0.92500223774190005 13.65496548932 4.1620109424939997 5.104605788942  0.92500223774190005 13.70327091643 4.203130579143 5.0410303052129999  0.92500223774190005 13.707204179590001 4.2064765541340003 5.0358178386320001  0.92500223774190005 
8.5427970627810002 4.7239364252550002 3.6397133463550002  0.92500223774190005 8.5445568510019996 4.724334458505 3.6523973307089999  0.92500223774190005 8.5624813353179992 4.7270948368730004 3.775366583756  0.92500223774190005 8.6133361486499993 4.7118477514119999 4.0133086296820002  0.92500223774190005 8.7228130287390009 4.6418938030090002 4.3309712109709997  0.92500223774190005 8.8590492902490006 4.5363154548090003 4.6133744833619996  0.92500223774190005 9.0035081206039997 4.4156674950459998 4.8472270213730004  0.92500223774190005 9.1481729764169994 4.2907955971799998 5.0403814921450003  0.92500223774190005 9.2954522308420007 4.1618196190610002 5.2074597908199998  0.92500223774190005 9.4487432029799994 4.027070940023 5.3566731667929997  0.92500223774190005 9.6070055423999996 3.8886781801320001 5.4891356926550001  0.92500223774190005 9.7624550005629995 3.754592283494 5.6014695044630001  0.92500223774190005 9.9078010218700001 3.6318684118240001 5.692801996279  0.92500223774190005 10.039595909180001 3.5236226060979998 5.7655413285080002  0.92500223774190005 10.15936523737 3.4284405470150001 5.8241330464759997  0.92500223774190005 10.27279015989 3.341746923444 5.8734958625029998  0.92500223774190005 10.38596779001 3.2593054460180002 5.917121594398  0.92500223774190005 10.50309444877 3.1791925953770002 5.9565705910810003  0.92500223774190005 10.62580752665 3.1021606124160002 5.9919021039359999  0.92500223774190005 10.753991966819999 3.0307657747190002 6.022496086286  0.92500223774190005 10.890473835370001 2.966700610038 6.0483011878540003  0.92500223774190005 11.04449103076 2.9111827524399998 6.0694717144329999  0.92500223774190005 11.2257964798 2.8719816241429998 6.0837283774259996  0.92500223774190005 11.42602151859 2.8669040550910001 6.0855294607430004  0.92500223774190005 11.6140055075 2.8995420004270001 6.0737687846680002  0.92500223774190005 11.77365458269 2.952150067976 6.0539538145160003  0.92500223774190005 11.912020261329999 3.0136513418969999 6.0295299569319996  0.92500223774190005 12.040081835620001 3.0822354281950002 6.0006328728570004  0.92500223774190005 12.162596297189999 3.1569180391799998 5.9670316656219997  0.92500223774190005 12.27973436017 3.2352753788639999 5.9292400753749996  0.92500223774190005 12.39182898957 3.3155284013420001 5.8876922446690001  0.92500223774190005 12.50142369175 3.398097583333 5.8417882555489999  0.92500223774190005 12.612874753630001 3.4855065393009999 5.7894965143970003  0.92500223774190005 12.7312814607 3.5815019995289998 5.7273448228359998  0.92500223774190005 12.859696175850001 3.6885595611299999 5.651603029006  0.92500223774190005 12.997760053209999 3.8063129449669999 5.5594311338260001  0.92500223774190005 13.14207797712 3.9314905309329999 5.4496367147909996  0.92500223774190005 13.2881907551 4.059525708432 5.3222786419209998  0.92500223774190005 13.43213537059 4.1860408673659997 5.1777748631289997  0.92500223774190005 13.527833513379999 4.2697136784209997 5.0663915888200002  0.92500223774190005 13.576236998660001 4.3116936414909999 5.0050597620310002  0.92500223774190005 13.58017926842 4.3151102265789998 5.0000296087439997  0.92500223774190005 
8.5251701020420008 4.8939375669410001 3.6373011059809999  1.2249932867740001 8.527041451593 4.8943620463849999 3.650965933063  1.2249932867740001 8.5461746042669997 4.897301856066 3.7834099751900001  1.2249932867740001 8.6018011648720005 4.8810569809900004 4.0389230417809996  1.2249932867740001 8.7226073566999993 4.8071943342879999 4.3762178311950004  1.2249932867740001 8.8720049396539995 4.6967480456599997 4.6717465492799999  1.2249932867740001 9.0288919320269994 4.5715608619849997 4.9130244516049997  1.2249932867740001 9.1845268448669994 4.4428426046059997 5.1097870500580003  1.2249932867740001 9.3416062734169998 4.3106256344859997 5.2779961119000003  1.2249932867740001 9.5037281111340004 4.1731892329400004 5.4264557723779996  1.2249932867740001 9.6697013609819997 4.0327325671600001 5.5566281772139998  1.2249932867740001 9.8313689900900005 3.8973128523399998 5.6656077598929997  1.2249932867740001 9.9812926910499993 3.7739827556369998 5.7530504868449999  1.2249932867740001 10.11614795745 3.6657573899170002 5.8217724800830002  1.2249932867740001 10.23771727824 3.571104958776 5.8763917027690002  1.2249932867740001 10.35187653951 3.485408040646 5.921766105513  1.2249932867740001 10.46469764205 3.404493982315 5.9612423922730002  1.2249932867740001 10.580089568149999 3.326582285662 5.996277126022  1.2249932867740001 10.69917615208 3.2525790243210002 6.0269393296129996  1.2249932867740001 10.82117292709 3.1851111137960002 6.0527450470690001  1.2249932867740001 10.947901396520001 3.1258605203480001 6.0737784258899996  1.2249932867740001 11.086672594019999 3.0759043798689998 6.0903491550869999  1.2249932867740001 11.24440382723 3.0418308270029999 6.1009902920570003  1.2249932867740001 11.41450052197 3.0375211059780001 6.1022930142530001  1.2249932867740001 11.576704146320001 3.0656550891480001 6.0936113805880003  1.2249932867740001 11.71938222809 3.112624289197 6.078271729621  1.2249932867740001 11.84696259561 3.1691521443180002 6.058550323325  1.2249932867740001 11.9681137592 3.2336303195970002 6.0343805730310001  1.2249932867740001 12.08642129199 3.3050824458079999 6.0054326611990003  1.2249932867740001 12.201363241759999 3.3810433787540002 5.9720774469159998  1.2249932867740001 12.312736011029999 3.459610631326 5.9346802302789996  1.2249932867740001 12.4227156229 3.5410551524909999 5.8926882320329996  1.2249932867740001 12.53550770589 3.627799378203 5.8441793913369997  1.2249932867740001 12.656265681520001 3.7235684587939999 5.785778472833  1.2249932867740001 12.78821009854 3.8308927233830001 5.7137204440170004  1.2249932867740001 12.931132067169999 3.9494869929080001 5.6249544692439999  1.2249932867740001 13.081661502579999 4.0761280256349997 5.517943325629  1.2249932867740001 13.23523893892 4.2062439533390004 5.3923574074429999  1.2249932867740001 13.387733378029999 4.3354122736110003 5.2482304549050003  1.2249932867740001 13.489940618629999 4.4212611342530002 5.1358784949630003  1.2249932867740001 13.541859914490001 4.4644516541329997 5.0736214287549997  1.2249932867740001 13.54609005358 4.4679675939910002 5.0685128559399999  1.2249932867740001 

0 4
1 4

-0.0054979240380929996 4
0 1
0.047825376950209997 1
0.098306053026080004 1
0.14528633377239999 1
0.18678509347130001 1
0.22346435486079999 1
0.25784568864570001 1
0.29280594129240001 1
0.3270723266985 1
0.35920115952499998 1
0.38785426023179997 1
0.41244701340090001 1
0.4339398479371 1
0.45364457421999999 1
0.47286818048809998 1
0.49232660677500001 1
0.51192726407650002 1
0.53140408357260005 1
0.55050773620280002 1
0.57043291703749999 1
0.59335047670520003 1
0.6186255597543 1
0.64245679502410002 1
0.66290964512369999 1
0.68179434450650001 1
0.70086897762410005 1
0.72020503386029999 1
0.73947769361210003 1
0.75848535360589997 1
0.77743233801230005 1
0.79727186811179995 1
0.8190375307444 1
0.84368936642909997 1
0.87140257523039999 1
0.90152663819169998 1
0.93332602919079999 1
0.9662806631477 1
1 1
1.0030011312330001 4

2 11.35 2.8897591122640001 3.2499999999989999 0 1 0 -1 0 0 0 -0 1 2.8500000000000001
9 0 1 0 0 3 3 4 9 2 7 13.71124335421 4.1858294755310004 5.1607681732520003  1.133753090098 13.73970930097 4.2157603641439998 5.115790461155  1.133753090098 13.80526162418 4.2768296411740003 5.0067034163980004  1.133753090098 13.90387667327 4.3438629388279999 4.8159066116969997  1.133753090098 14.000598870439999 4.3815600709320002 4.5846035647230003  1.133753090098 14.08339824095 4.3828333652389997 4.3257863841540001  1.133753090098 14.147177875480001 4.34381464299 4.0411284627850002  1.133753090098 14.17359511019 4.2897831798809998 3.8437749996349999  1.133753090098 14.183152021310001 4.2553956701429998 3.7432342293800001  1.133753090098 
13.60831138815 4.2150217283869997 5.0912489460549999  0.95541563663420004 13.635929275300001 4.2482768278340002 5.0489328172720001  0.95541563663420004 13.70040188286 4.3174053334750004 4.9457443280079998  0.95541563663420004 13.800844890760001 4.3981474186940002 4.7628305558530002  0.95541563663420004 13.90421959509 4.4512930288219996 4.5372894794449996  0.95541563663420004 13.99871533968 4.4675122622280004 4.2802903464620004  0.95541563663420004 14.07912184752 4.44096226987 3.9923893587600001  0.95541563663420004 14.11890516944 4.3917925185440003 3.789487611922  0.95541563663420004 14.135522210990001 4.3587476725099998 3.6855230760420001  0.95541563663420004 
13.52146940918 4.3078067828690001 5.0798648677180003  0.95541563663420004 13.55307871221 4.344885972198 5.0383210583300002  0.95541563663420004 13.627495432010001 4.4222945775999998 4.936116302956  0.95541563663420004 13.745873243529999 4.5135220430769998 4.7518884232170002  0.95541563663420004 13.871026556529999 4.5742654543440002 4.5214053485339996  0.95541563663420004 13.98933804608 4.5933442660360004 4.2559656169190001  0.95541563663420004 14.094654197280001 4.5635862094409996 3.9566543921589998  0.95541563663420004 14.150338876059999 4.5077508163609998 3.7454344582650001  0.95541563663420004 14.174625781550001 4.4702897074220003 3.6374596072849998  0.95541563663420004 
13.49169770886 4.4203998401169997 5.1319880273449998  1.133753090098 13.53025437422 4.4599984296650002 5.0889628198089998  1.133753090098 13.620946457760001 4.5420006686949996 4.9823627576589997  1.133753090098 13.764902574440001 4.6355421091049998 4.7882437509480003  1.133753090098 13.91668338209 4.6924472806209998 4.5444468131880003  1.133753090098 14.05969145766 4.7009498892249999 4.2642909126120001  1.133753090098 14.18644528732 4.6538208435869999 3.9507867133380001  1.133753090098 14.25306282258 4.5829379379119999 3.7324039995090001  1.133753090098 14.28200995543 4.5373856516349997 3.6217247314069998  1.133753090098 

0 4
1 4

0.032270403948489998 4
0.14842120067530001 1
0.29941880585989999 1
0.45541801113980002 1
0.62138190827840001 1
0.80165003923080003 1
0.99358115188789997 4

5 11.35 9.3200000000000003 3.2499999999989999 0 1 0 0.99991230879447379 -0 0.013242912115739653 0.013242912115739653 0 -0.99991230879447379 2.600000000004 0.25
2 13.699999999999999 4.1200000000000001 3.77547009792 0 0 -1 0 1 0 1 -0 0 0.5
9 0 1 0 0 3 3 4 8 2 6 14.178318105980001 4.2701067319339998 3.7780134334239999  1.0204057566089999 14.1865359582 4.2475066013880003 3.7340276891389999  1.0204057566089999 14.20074506499 4.2022156517590004 3.6467148316169999  1.0204057566089999 14.215334879009999 4.1359985716949996 3.520680451529  1.0204057566089999 14.22370113839 4.0749430753120004 3.4052626558060002  1.0204057566089999 14.22640347303 4.0337488445909999 3.3275706683280002  1.0204057566089999 14.22696366806 4.0129860686300001 3.2883942538320001  1.0204057566089999 14.227027802049999 4.0099912505219999 3.2827428531290002  1.0204057566089999 
14.16006715586 4.3088692591579996 3.7564997797039998  0.99319808113050001 14.167971010900001 4.2862037370820003 3.7126625724290001  0.99319808113050001 14.181553897800001 4.2408014341370004 3.625697600269  0.99319808113050001 14.195248070650001 4.174475723814 3.5003110742580001  0.99319808113050001 14.202813818499999 4.1133645897479996 3.3856073645659999  0.99319808113050001 14.20499517771 4.0721585137009999 3.3084661269820002  0.99319808113050001 14.20529947611 4.051396099313 3.2695845892930002  0.99319808113050001 14.20532684208 4.0484014633249998 3.263976074806  0.99319808113050001 
14.154791094849999 4.3515555411619999 3.7353216655370001  0.99319808113050001 14.162388576150001 4.3288180082669996 3.6914156179940001  0.99319808113050001 14.175348824189999 4.2832930802130003 3.604373143798  0.99319808113050001 14.188121916389999 4.2168477434840002 3.4790372238009999  0.99319808113050001 14.19483949782 4.1556753397839996 3.3645145840300001  0.99319808113050001 14.19645424714 4.1144562193620002 3.287573379121  0.99319808113050001 14.196476143989999 4.0936940358970002 3.248811931673  0.99319808113050001 14.19646284643 4.0906995722720003 3.2432211318170001  0.99319808113050001 
14.162911959020001 4.3947510700360004 3.7161731442520001  1.0204057566089999 14.17023519712 4.3719406672360002 3.671986385751  1.0204057566089999 14.18262619269 4.3262916511569998 3.5844472215660002  1.0204057566089999 14.194526442700001 4.2597252608799998 3.458560611507  1.0204057566089999 14.200416048279999 4.1984908566000003 3.3436715416289999  1.0204057566089999 14.2014638768 4.157258536184 3.266563651412  1.0204057566089999 14.20119945667 4.1364964345180004 3.2277379015290002  1.0204057566089999 14.20114485281 4.1335021197159998 3.2221382277080002  1.0204057566089999 

0 4
1 4

0.025620806274900002 4
0.29663657812459998 1
0.56208495407689996 1
0.79651624162040002 1
1 1
1.0342937032649999 4

5 11.35 9.3200000000000003 3.2499999999989999 0 1 0 -0.99991230879447346 0 -0.013242912115759649 -0.013242912115759649 0 0.99991230879447346 2.6000000000000001 0.25
1 11.35 9.5700000000000003 3.2499999999989999 0 1 0 -1 0 0 0 -0 1 
2 11.35 -0.82999999999999996 3.2499999999989999 0 1 0 -1 0 0 0 -0 1 1.6000000000000001
2 11.35 -0.82999999999999996 3.2499999999989999 0 1 0 -1 0 0 0 -0 1 1.6000000000000001
1 11.35 19.57 3.2499999999989999 0 1 0 -1 0 0 0 -0 1 
2 11.35 -0.82999999999999996 3.2499999999989999 0 1 0 -1 0 0 0 -0 1 1.6000000000000001
2 0.96499999999999997 3.1000000000000001 4.4799999999990003 1 0 0 -0 1 0 0 -0 1 0.29999999999999999
1 7.0750000000000002 0 4.7799999999990002 0 0 1 0 1 0 -1 0 0 
1 11.35 -0.42999999999999999 3.2499999999989999 0 1 0 -1 0 0 0 -0 1 
2 0.96499999999999997 3.1000000000000001 4.4799999999990003 1 0 0 -0 1 0 0 -0 1 0.29999999999999999
1 7.0750000000000002 3.3999999999999999 3.2549999999989998 0 1 0 0 0 -1 -1 0 0 
1 12.699999999999999 0.39500000000000002 3.25 1 0 0 0 -1 0 0 0 -1 
2 12.93 2.3700000000000001 3.7999999999999998 -1 0 0 0 -1 0 0 0 1 1.5
1 5.5237510399370002 3.8700000000000001 3.25 0 1 0 0 0 -1 -1 0 0 
2 12.93 2.3700000000000001 2.7000000000000002 -1 0 0 0 -1 0 0 0 1 1.5
1 7.0750000000000002 3.3999999999999999 3.2549999999989998 0 1 0 0 0 -1 -1 0 0 
2 0.96499999999999997 3.1000000000000001 2.0299999999990002 1 0 0 0 0 -1 -0 1 0 0.29999999999999999
1 5.4500000000000002 2.3700000000000001 1.7299999999989999 0 0 1 1 0 -0 -0 1 0 
1 11.35 -0.42999999999999999 3.2499999999989999 0 1 0 -1 0 0 0 -0 1 
2 0.96499999999999997 3.1000000000000001 2.0299999999990002 1 0 0 0 0 -1 -0 1 0 0.29999999999999999
1 7.0750000000000002 3.3999999999999999 3.2549999999989998 0 1 0 0 0 -1 -1 0 0 
1 1.2 -3.3300000000000001 3.5474165866790002 1 0 0 0 0 1 0 -1 0 
2 1.4251006954550001 3.1499999999999999 3.25516682664 -1 0 0 0 1 0 0 0 -1 0.29999999999999999
1 1.3999999999999999 0.025000000000000001 3.25 1 0 0 -0 1 0 0 -0 1 
2 1.4251006954550001 3.1499999999999999 2.6499999999999999 -1 0 0 0 1 0 0 0 -1 0.29999999999999999
2 0.96499999999999997 -3.1000000000000001 2.0299999999990002 1 0 0 0 -1 0 0 0 -1 0.29999999999999999
1 7.0750000000000002 -3.3999999999999999 3.2549999999989998 0 1 0 0 -0 1 1 0 -0 
2 0.96499999999999997 -3.1000000000000001 4.4799999999990003 1 0 0 0 0 1 0 -1 0 0.29999999999999999
1 6.9500000000000002 0.02 5.2999999999999998 0 0 1 0 1 0 -1 0 0 
2 12.93 -2.3300000000000001 3.7999999999999998 -1 0 0 0 -1 0 0 0 1 1.5
1 6.9500000000000002 -3.8300000000000001 3.25 0 1 0 0 -0 1 1 0 -0 
2 12.93 -2.3300000000000001 2.7000000000000002 -1 0 0 0 -1 0 0 0 1 1.5
1 6.9500000000000002 0.02 1.2 0 0 1 0 -1 0 1 0 -0 
1 5.4500000000000002 2.3700000000000001 1.7299999999989999 0 0 1 1 0 -0 -0 1 0 
1 6.7999999999999998 2.5449999999999999 2.3999999999989998 1 0 0 -0 1 0 0 -0 1 
1 7.2999999999999998 2.2949999999999999 2.3999999999989998 0 1 0 -1 0 0 0 -0 1 
1 7.7999999999999998 2.5449999999999999 2.3999999999989998 1 0 0 0 -1 0 0 0 -1 
1 7.2999999999999998 2.7949999999999999 2.3999999999989998 0 1 0 1 0 0 0 0 -1 
1 5.4500000000000002 2.3700000000000001 1.7299999999989999 0 0 1 1 0 -0 -0 1 0 
1 7.2999999999999998 -2.3050000000000002 2.3999999999989998 0 1 0 1 0 0 0 0 -1 
1 6.7999999999999998 -2.5550000000000002 2.3999999999989998 1 0 0 -0 1 0 0 -0 1 
1 7.2999999999999998 -2.8050000000000002 2.3999999999989998 0 1 0 -1 0 0 0 -0 1 
1 7.7999999999999998 -2.5550000000000002 2.3999999999989998 1 0 0 0 -1 0 0 0 -1 
1 5.4500000000000002 2.3700000000000001 1.7299999999989999 0 0 1 1 0 -0 -0 1 0 
1 5.0499999999999998 -0.0050000000000000001 3.2499999999989999 1 0 0 -0 1 0 0 -0 1 
1 5.5 -2.6850000000000001 2.3249999999990001 0 1 0 -1 0 0 0 -0 1 
1 5.9500000000000002 -2.3849999999999998 2.2499999999989999 1 0 0 0 -1 0 0 0 -1 
1 5.5 -2.085 2.3249999999990001 0 1 0 1 0 0 0 0 -1 
1 5.4500000000000002 2.3700000000000001 1.7299999999989999 0 0 1 1 0 -0 -0 1 0 
1 5.0499999999999998 -0.0050000000000000001 3.2499999999989999 1 0 0 -0 1 0 0 -0 1 
1 5.5 2.0750000000000002 2.3249999999990001 0 1 0 -1 0 0 0 -0 1 
1 5.9500000000000002 2.375 2.2499999999989999 1 0 0 0 -1 0 0 0 -1 
1 5.5 2.6749999999999998 2.3249999999990001 0 1 0 1 0 0 0 0 -1 
1 8.8000000000000007 -0.0050000000000000001 2.599999999999 1 0 0 0 -1 0 0 0 -1 
1 6.9249999999999998 0.87 2.3999999999989998 0 1 0 0 -0 1 1 0 -0 
1 5.0499999999999998 -0.0050000000000000001 3.2499999999989999 1 0 0 -0 1 0 0 -0 1 
1 3.125 0.64500000000000002 1.849999999999 0 1 0 0 0 -1 -1 0 0 
1 3.125 -0.65500000000000003 1.849999999999 0 1 0 0 -0 1 1 0 -0 
1 5.0499999999999998 -0.0050000000000000001 3.2499999999989999 1 0 0 -0 1 0 0 -0 1 
1 6.9249999999999998 -0.88 2.3999999999989998 0 1 0 0 0 -1 -1 0 0 
1 8.8000000000000007 -0.0050000000000000001 2.599999999999 1 0 0 0 -1 0 0 0 -1 
1 3.125 1.8700000000000001 1.724999999999 0 0 1 0 -1 0 1 0 -0 
2 6.25 3.0950000000000002 1.924999999999 1 0 0 0 0 -1 -0 1 0 0.20000000000000001
2 1.123 3.0950000000000002 2.0249999999989998 1 0 0 0 0 -1 -0 1 0 0.29999999999999999
1 3.125 -1.8799999999999999 1.724999999999 0 0 1 0 -1 0 1 0 -0 
2 1.123 -3.105 2.0249999999989998 1 0 0 0 -1 0 0 0 -1 0.29999999999999999
1 6.2999999999999998 -0.0050000000000000001 3.2499999999989999 1 0 0 0 0 -1 -0 1 0 
2 8.8499999999999996 -3.0550000000000002 1.974999999999 -1 0 0 0 0 -1 -0 -1 -0 0.25
1 3.125 -3.4049999999999998 3.2499999999989999 0 1 0 0 -0 1 1 0 -0 
2 1.123 -3.105 4.4749999999990004 1 0 0 0 0 1 0 -1 0 0.29999999999999999
1 1.3 3.4500000000000002 2.9525834133200002 0 1 0 0 0 -1 -1 0 0 
1 6.2999999999999998 -0.0050000000000000001 3.2499999999989999 1 0 0 0 0 -1 -0 1 0 
1 5.4634455212599997 0.016015752188310001 0.5 0 0 1 1 0 -0 -0 1 0 
1 -5.3499999999999996 -0.0050000000000000001 4.0999999999990004 0.70710678118654757 0 -0.70710678118654757 0 1 0 0.70710678118654757 -0 0.70710678118654757 
2 -4.585 2.3700000000000001 3.9323489224569999 0 0 1 0 1 0 -1 0 0 0.215
1 -2.625 2.1549999999999998 4.0499999999989997 0 1 0 -1 0 0 0 -0 1 
2 -0.66500000000000004 2.3700000000000001 3.9323489224569999 0 0 1 0 -1 0 1 0 -0 0.215
1 -2.625 2.585 4.0499999999989997 0 1 0 1 0 0 0 0 -1 
9 1 1 0 0 3 3 7 4 3 2 -2.0024142769169999 0.45285723494180002 4.1269686264420002  1.324557585357 -1.9807496655950001 0.51465681646630002 4.1835712032699996  1.247827038584 -1.9533328021409999 0.59286503644889998 4.208554903744  1.247827038584 -1.9249283965549999 0.67389027860689998 4.1975778713410001  1.324557585357 
-1.7814711318150001 0.37540286963800001 4.1269686264430003  0.95237448615039999 -1.8065446072810001 0.45358706832759998 4.1835712032699996  0.89720420449329996 -1.838275435171 0.55253024657299998 4.208554903744  0.89720420449329996 -1.8711491921009999 0.65503731014010003 4.1975778713410001  0.95237448615039999 
-1.5904740556729999 0.51081028811240003 4.1269686264420002  0.95237448615039999 -1.655950857149 0.56035054008179996 4.1835712032699996  0.89720420449329996 -1.7388126495309999 0.62304440998239996 4.208554903744  0.89720420449329996 -1.8246590835109999 0.68799648268839997 4.1975778713410001  0.95237448615039999 
-1.5904259777509999 0.74493642881620004 4.1269686264410002  1.324557585357 -1.6559129495810001 0.74494987659959999 4.1835712032680004  1.247827038584 -1.7387876126870001 0.74496689495409996 4.2085549037429999  1.247827038584 -1.8246473809870001 0.74498452630120005 4.19757787134  1.324557585357 
-1.5903778998289999 0.97906256952000004 4.126968626439  0.95237448615039999 -1.655875042014 0.92954921311750005 4.1835712032670003  0.89720420449329996 -1.738762575842 0.86688937992579995 4.2085549037419998  0.89720420449329996 -1.824635678463 0.80197256991400001 4.19757787134  0.95237448615039999 
-1.7813193479 1.1145484192649999 4.1269686264379999  0.95237448615039999 -1.8064249315800001 1.036374524872 4.1835712032660002  0.89720420449329996 -1.8381963928559999 0.93744438685389997 4.2085549037409997  0.89720420449329996 -1.8711122467670001 0.83495083321670005 4.197577871339  0.95237448615039999 
-2.002294284954 1.037184802064 4.1269686264379999  1.324557585357 -1.9806550566079999 0.9753763280751 4.1835712032660002  1.247827038584 -1.9532703156610001 0.89715685455560001 4.2085549037409997  1.247827038584 -1.924899189619 0.81611995351309996 4.19757787134  1.324557585357 

0 4
1 3
2 4

0 4
1 4

2 -1.8599972520450001 0.85839745962159997 3.8999999999989998 -1 0 0 0 0 1 0 1 -0 0.29999999999999999
9 1 1 0 0 3 3 7 4 3 2 -3.7975857230810002 1.037142765057 4.1269686264359997  1.324557585332 -3.8192503344030002 0.97534318353420002 4.183571203264  1.247827038561 -3.8466671978560001 0.89713496355260003 4.2085549037399996  1.247827038561 -3.8750716034430002 0.81610972139490001 4.197577871339  1.324557585332 
-4.0185288681719999 1.1145971303590001 4.126968626439  0.9523744861583 -3.9934553927079999 1.036412931671 4.1835712032670003  0.89720420450119998 -3.9617245648220001 0.93746975342759997 4.2085549037419998  0.89720420450119998 -3.9288508078960001 0.83496268986160005 4.19757787134  0.9523744861583 
-4.2095259443090001 0.97918971189930004 4.1269686264420002  0.9523744861583 -4.1440491428369999 0.92964945992839998 4.1835712032689996  0.89720420450119998 -4.06118735046 0.86695559002529998 4.2085549037429999  0.89720420450119998 -3.9753409164860001 0.80200351731609998 4.1975778713410001  0.9523744861583 
-4.20957402225 0.74506357120730005 4.1269686264420002  1.324557585332 -4.1440870504190004 0.74505012341929999 4.1835712032689996  1.247827038561 -4.0612123873139998 0.74503310505849996 4.2085549037429999  1.247827038561 -3.9753526190140001 0.74501547370459997 4.1975778713410001  1.324557585332 
-4.2096221001899998 0.51093743051539997 4.1269686264430003  0.9523744861583 -4.1441249580020001 0.56045078691009997 4.1835712032699996  0.89720420450119998 -4.0612374241679996 0.62311062009170004 4.208554903744  0.89720420450119998 -3.9753643215430001 0.68802743009309997 4.1975778713410001  0.9523744861583 
-4.018680652145 0.37545158075540003 4.1269686264400001  0.9523744861583 -3.9935750684550002 0.45362547514380003 4.1835712032680004  0.89720420450119998 -3.961803607167 0.55255561315510004 4.2085549037419998  0.89720420450119998 -3.9288877532440001 0.65504916678580005 4.19757787134  0.9523744861583 
-3.7977057150900002 0.45281519791859998 4.1269686264369998  1.324557585332 -3.819344943425 0.514623671911 4.1835712032650001  1.247827038561 -3.8467296843600001 0.59284314543439998 4.2085549037409997  1.247827038561 -3.8751008103900002 0.67388004648080002 4.197577871339  1.324557585332 

0 4
1 3
2 4

0 4
1 4

2 -3.9400027479570001 0.63160254037840002 3.8999999999989998 1 0 0 0 0 1 0 -1 0 0.29999999999999999
9 1 1 0 0 3 3 7 4 3 2 -3.7975857230800001 -0.46285723494219999 4.1269686264420002  1.324557585337 -3.8192503344030002 -0.52465681646619999 4.1835712032689996  1.2478270385650001 -3.8466671978579998 -0.60286503644839995 4.2085549037429999  1.2478270385650001 -3.8750716034439998 -0.6838902786062 4.19757787134  1.324557585337 
-4.018528868173 -0.38540286964030002 4.126968626439  0.9523744861572 -3.9934553927100001 -0.46358706832879998 4.1835712032670003  0.89720420449960003 -3.9617245648239998 -0.56253024657329997 4.2085549037419998  0.89720420449960003 -3.9288508078970001 -0.66503731013970002 4.197577871339  0.9523744861572 
-4.2095259443110002 -0.52081028810249996 4.1269686264369998  0.9523744861572 -4.1440491428400001 -0.57035054007359998 4.1835712032650001  0.89720420449960003 -4.0611873504620002 -0.63304440997660005 4.2085549037409997  0.89720420449960003 -3.9753409164860001 -0.69799648268530001 4.197577871339  0.9523744861572 
-4.2095740222489999 -0.75493642879690004 4.1269686264359997  1.324557585337 -4.1440870504190004 -0.75494987658419999 4.1835712032650001  1.2478270385650001 -4.0612123873139998 -0.75496689494390001 4.2085549037399996  1.2478270385650001 -3.9753526190140001 -0.75498452629650004 4.197577871339  1.324557585337 
-4.2096221001860004 -0.98906256949140003 4.1269686264359997  0.9523744861572 -4.1441249579989998 -0.93954921309490003 4.1835712032650001  0.89720420449960003 -4.0612374241670004 -0.87688937991119997 4.2085549037399996  0.89720420449960003 -3.9753643215409999 -0.81197256990769995 4.197577871339  0.9523744861572 
-4.0186806521360001 -1.1245484192490001 4.1269686264379999  0.9523744861572 -3.993575068448 -1.046374524859 4.1835712032660002  0.89720420449960003 -3.9618036071630001 -0.94744438684599996 4.2085549037409997  0.89720420449960003 -3.9288877532419999 -0.84495083321389997 4.197577871339  0.9523744861572 
-3.7977057150809999 -1.0471848020779999 4.1269686264410002  1.324557585337 -3.8193449434189999 -0.98537632808630005 4.1835712032689996  1.2478270385650001 -3.8467296843569998 -0.90715685456329997 4.2085549037429999  1.2478270385650001 -3.8751008103890001 -0.82611995351739997 4.19757787134  1.324557585337 

0 4
1 3
2 4

0 4
1 4

2 -3.9400027479549999 -0.86839745962159998 3.8999999999989998 1 0 0 0 0 1 0 -1 0 0.29999999999999999
9 1 1 0 0 3 3 7 4 3 2 -2.002414276918 -1.0471427650589999 4.1269686264379999  1.324557585332 -1.9807496655970001 -0.98534318353490002 4.1835712032660002  1.247827038561 -1.9533328021430001 -0.90713496355269996 4.2085549037419998  1.247827038561 -1.9249283965570001 -0.82610972139469996 4.19757787134  1.324557585332 
-1.781471131827 -1.1245971303590001 4.1269686264410002  0.95237448615859999 -1.8065446072910001 -1.046412931671 4.1835712032689996  0.89720420450110006 -1.8382754351770001 -0.94746975342719997 4.2085549037429999  0.89720420450110006 -1.871149192104 -0.84496268986099998 4.1975778713410001  0.95237448615859999 
-1.5904740556900001 -0.98918971189860005 4.1269686264430003  0.95237448615859999 -1.6559508571620001 -0.93964945992759996 4.1835712032699996  0.89720420450110006 -1.7388126495389999 -0.87695559002449996 4.208554903744  0.89720420450110006 -1.824659083514 -0.81200351731550002 4.1975778713410001  0.95237448615859999 
-1.5904259777500001 -0.75506357120629997 4.1269686264420002  1.324557585332 -1.65591294958 -0.75505012341819999 4.1835712032689996  1.247827038561 -1.738787612686 -0.75503310505770005 4.2085549037429999  1.247827038561 -1.824647380986 -0.75501547370419997 4.1975778713410001  1.324557585332 
-1.5903778998110001 -0.52093743051389996 4.1269686264410002  0.95237448615859999 -1.655875041999 -0.57045078690880002 4.1835712032680004  0.89720420450110006 -1.738762575832 -0.63311062009090002 4.2085549037429999  0.89720420450110006 -1.824635678458 -0.69802743009299995 4.19757787134  0.95237448615859999 
-1.781319347857 -0.38545158075469999 4.1269686264379999  0.95237448615859999 -1.806424931547 -0.46362547514309999 4.1835712032660002  0.89720420450110006 -1.8381963928339999 -0.56255561315470004 4.2085549037419998  0.89720420450110006 -1.8711122467570001 -0.66504916678600001 4.19757787134  0.95237448615859999 
-2.0022942849119998 -0.46281519791909997 4.1269686264359997  1.324557585332 -1.9806550565759999 -0.52462367191119996 4.1835712032650001  1.247827038561 -1.9532703156410001 -0.60284314543460005 4.2085549037409997  1.247827038561 -1.9248991896100001 -0.68388004648129996 4.197577871339  1.324557585332 

0 4
1 3
2 4

0 4
1 4

2 -1.859997252044 -0.64160254037840003 3.8999999999989998 -1 0 0 0 0 1 0 1 -0 0.29999999999999999
1 -2.625 -2.165 4.0499999999989997 0 1 0 1 0 0 0 0 -1 
2 -4.585 -2.3799999999999999 3.9323489224569999 0 0 1 0 1 0 -1 0 0 0.215
1 -2.625 -2.5950000000000002 4.0499999999989997 0 1 0 -1 0 0 0 -0 1 
2 -0.66500000000000004 -2.3799999999999999 3.9323489224569999 0 0 1 0 -1 0 1 0 -0 0.215
1 -0.60000000000010001 -2.3799999999999999 4.0249999999990003 0.70710678118844761 0 0.70710678118464765 -0.70710678118464765 0 0.70710678118844761 0 -1 0 
2 -0.43786796564399999 -2.1670873438160001 4.0749999999990001 0 -1 0 -0.70710678118654757 -0 -0.70710678118654757 0.70710678118654757 0 -0.70710678118654757 0.14999999999999999
2 -0.76213203435599997 -2.5929126561840001 3.974999999999 0 1 0 0 -0 1 1 0 -0 0.14999999999999999
1 -1.631066017178 -2.3799999999999999 4.1249999999989999 0 0 1 -1 0 0 0 -1 0 
2 -2.5 -2.5929126561840001 4.3249999999990001 0 1 0 0 0 -1 -1 0 0 0.20000000000000001
1 -2.7083512955220002 -2.3799999999999999 4.3548648177639997 0.98480775301209034 0 0.1736481776675983 -0.1736481776675983 0 0.98480775301209034 0 -1 0 
2 -3.1136641416490001 -2.1670873438160001 4.3499999999990004 0 -1 0 0.98480775301212453 0 0.17364817766740434 -0.17364817766740434 0 0.98480775301212453 0.40000000000019997
1 -3.858643652279 -2.3799999999999999 4.3919775821710001 -0.48773685174188042 0 0.87299070066806495 -0.87299070066806495 0 -0.48773685174188042 -0 -1 0 
2 -4.3499999999999996 -2.1670873438160001 3.9799999999989999 0 -1 0 -0.48773685174231302 0 0.87299070066782336 -0.87299070066782336 -0 -0.48773685174231302 0.1199999999998
1 -5.4000000000000004 -0.0050000000000000001 3.9999999999989999 1 0 0 -0 1 0 0 -0 1 
5 -1.8999999999999999 0.745 3.8999999999989998 0 0 1 -0.00075980524760626308 -0.99999971134795129 0 0.99999971134795129 -0.00075980524760626308 0 0.1133974689839 0.10000000000000001
2 -3.9400000298190001 0.63160254037840002 3.8999999999989998 1 0 0 0 0 1 0 -1 0 0.10000000000000001
5 -3.8999999999999999 0.745 3.8999999999989998 0 0 1 0.00075980524759986304 0.99999971134795129 -0 -0.99999971134795129 0.00075980524759986304 0 0.1133974689839 0.10000000000000001
2 -1.8599999701809999 0.85839745962159997 3.8999999999989998 -1 0 0 0 0 1 0 1 -0 0.10000000000000001
2 -0.43786796564399999 2.5829126561839999 4.0749999999990001 0 -1 0 -0.70710678118654757 -0 -0.70710678118654757 0.70710678118654757 0 -0.70710678118654757 0.14999999999999999
5 -3.8999999999999999 -0.755 3.8999999999989998 0 0 1 0.00075980524760626308 0.99999971134795129 -0 -0.99999971134795129 0.00075980524760626308 0 0.1133974689839 0.10000000000000001
2 -1.8599999701809999 -0.64160254037840003 3.8999999999989998 -1 0 0 0 0 1 0 1 -0 0.10000000000000001
5 -1.8999999999999999 -0.755 3.8999999999989998 0 0 1 -0.00075980524759986304 -0.99999971134795129 0 0.99999971134795129 -0.00075980524759986304 0 0.1133974689839 0.10000000000000001
2 -3.9400000298190001 -0.86839745962159998 3.8999999999989998 1 0 0 0 0 1 0 -1 0 0.10000000000000001
1 -2.8999999999999999 -0.755 3.9999999999989999 0 0 1 -1 0 0 0 -1 0 
1 -2.8999999999999999 0.745 3.9999999999989999 0 0 1 -1 0 0 0 -1 0 
1 -0.60000000000010001 2.3700000000000001 4.0249999999990003 0.70710678118844761 0 0.70710678118464765 -0.70710678118464765 0 0.70710678118844761 0 -1 0 
2 -0.76213203435599997 2.1570873438159999 3.974999999999 0 1 0 0 -0 1 1 0 -0 0.14999999999999999
1 -1.631066017178 2.3700000000000001 4.1249999999989999 0 0 1 -1 0 0 0 -1 0 
2 -2.5 2.1570873438159999 4.3249999999990001 0 1 0 0 0 -1 -1 0 0 0.20000000000000001
1 -2.7083512955220002 2.3700000000000001 4.3548648177639997 0.98480775301209034 0 0.1736481776675983 -0.1736481776675983 0 0.98480775301209034 0 -1 0 
2 -3.1136641416490001 2.5829126561839999 4.3499999999990004 0 -1 0 0.98480775301212453 0 0.17364817766740434 -0.17364817766740434 0 0.98480775301212453 0.40000000000019997
1 -3.858643652279 2.3700000000000001 4.3919775821710001 -0.48773685174188042 0 0.87299070066806495 -0.87299070066806495 0 -0.48773685174188042 -0 -1 0 
2 -4.3499999999999996 2.5829126561839999 3.9799999999989999 0 -1 0 -0.48773685174231302 0 0.87299070066782336 -0.87299070066782336 -0 -0.48773685174231302 0.1199999999998
1 -5.4000000000000004 3.2200000000000002 3.9499999999990001 1 0 0 -0 1 0 0 -0 1 
1 -5.4000000000000004 3.27 3.5474165866790002 1 0 0 0 0 -1 -0 1 0 
1 -5.4000000000000004 3.255240735943 3.1738940295760001 1 0 0 0 0 -1 -0 1 0 
1 -5.4000000000000004 2.9263743446129999 2.841007871005 1 0 0 0 -0.70939143782629199 -0.70481471887209202 0 0.70481471887209202 -0.70939143782629199 
1 -5.4000000000000004 2.5667862691119998 2.504222666819 1 0 0 0 -0.70939143782509584 -0.70481471887329594 0 0.70481471887329594 -0.70939143782509584 
1 -5.4000000000000004 -0.84499999999990005 2.4999999999989999 1 0 0 0 -1 0 0 0 -1 
1 -5.4000000000000004 1.681304273566 2.4999999999989999 1 0 0 0 -1 0 0 0 -1 
1 -5.4000000000000004 -2.6017857454539999 2.5145304281069998 1 0 0 0 -1 0 0 0 -1 
1 -5.4000000000000004 -2.9363743446130002 2.8410078710060001 1 0 0 0 -0.7093914378259929 0.704814718872393 0 -0.70481471887239311 -0.70939143782599301 
1 -5.4000000000000004 -3.2756432824899999 3.1988935059179999 1 0 0 0 -0.70939143782718916 0.70481471887118918 0 -0.70481471887118918 -0.70939143782718916 
1 -5.4000000000000004 -3.2799999999999998 3.5474165866790002 1 0 0 0 0 1 0 -1 0 
1 -5.4000000000000004 -3.23 3.9499999999990001 1 0 0 0 0 1 0 -1 0 
1 -5.3499999999999996 -3.3799999999999999 3.5474165866790002 0.70710678118654757 0.70710678118654757 0 0 -0 1 0.70710678118654757 -0.70710678118654757 -0 
3 -5.3499999999999996 3.1200000000000001 3.849999999999 1 0 0 0 -1 0 0 0 -1 0.25
0.78539816339729995
1 -5.3499999999999996 3.3700000000000001 3.5474165866790002 0.70710678118654757 -0.70710678118654757 0 0 0 -1 0.70710678118654757 0.70710678118654757 0 
3 -5.3499999999999996 3.1200000000000001 3.2448331733589999 1 0 0 0 -1 0 0 0 -1 0.25
0.78539816339729995
1 -5.3499999999999996 2.9968558165010002 2.7700687272220001 0.70710678118772319 -0.49837926719411629 0.50161549620141643 -8.3221583156920375e-15 -0.7093914378257381 -0.70481471887264968 0.70710678118537207 0.49837926719576503 -0.50161549620309254 
3 -5.3499999999999996 2.5213042735659998 2.6499999999989998 1 0 0 0 -1 0 0 0 -1 0.25
0.78539816339729995
1 -5.3499999999999996 1.681304273566 2.3999999999989998 0.70710678118654757 0 0.70710678118654757 0 -1 0 0.70710678118654757 0 -0.70710678118654757 
1 -5.3499999999999996 -0.84499999999999997 2.3999999999989998 0.70710678118654757 0 0.70710678118654757 0 -1 0 0.70710678118654757 0 -0.70710678118654757 
3 -5.3499999999999996 -2.5313042735660001 2.6499999999989998 1 0 0 0 -1 0 0 0 -1 0.25
0.78539816339729995
1 -5.3499999999999996 -3.006855816501 2.7700687272220001 0.70710678118672776 0.49837926719461956 0.5016154962023196 -1.270985973351256e-14 -0.709391437826002 0.70481471887238423 0.70710678118636749 -0.49837926719488629 -0.50161549620256252 
3 -5.3499999999999996 -3.1299999999999999 3.2448331733589999 1 0 0 0 -1 0 0 0 -1 0.25
0.78539816339729995
1 -2.900000000001 0.74499999999989996 4.1999999999990001 0 0 1 -1 0 0 0 -1 0 
1 -2.8999999999999999 -0.755 4.1999999999990001 0 0 1 -1 0 0 0 -1 0 
1 -1.3 1.6950000000000001 3.264999999999 1 0 0 -0 1 0 0 -0 1 
1 -1.375 1.5700000000000001 3.264999999999 0.70710678118654757 -0.70710678118654757 0 0.70710678118654757 0.70710678118654757 0 -0 0 1 
1 -3.2999999999999998 1.4950000000000001 3.264999999999 0 1 0 0 -0 1 1 0 -0 
1 -2.2999999999999998 -0.004999999999999 3.5749999999990001 1 0 0 -0 1 0 0 -0 1 
1 -3.2999999999999998 1.095 3.264999999999 0 1 0 0 0 -1 -1 0 0 
1 -1.3875 1.0325 3.264999999999 0.70710678118729764 0.70710678118579762 0 0.70710678118579762 -0.70710678118729764 0 0 0 -1 
1 -1.3875 0.90749999999999997 3.264999999999 0.70710678118799764 -0.70710678118509762 0 0.70710678118509762 0.70710678118799764 0 -0 0 1 
1 -3.2999999999999998 0.84499999999999997 3.264999999999 0 1 0 0 -0 1 1 0 -0 
1 -3.2999999999999998 0.44500000000000001 3.264999999999 0 1 0 0 0 -1 -1 0 0 
1 -1.3875 0.38250000000000001 3.264999999999 0.70710678118799764 0.70710678118509762 0 0.70710678118509762 -0.70710678118799764 0 0 0 -1 
1 -1.3875 0.25750000000000001 3.264999999999 0.70710678118799764 -0.70710678118509762 0 0.70710678118509762 0.70710678118799764 0 -0 0 1 
1 -3.2999999999999998 0.19500000000000001 3.264999999999 0 1 0 0 -0 1 1 0 -0 
1 -3.2999999999999998 -0.20499999999999999 3.264999999999 0 1 0 0 0 -1 -1 0 0 
1 -1.3875 -0.26750000000000002 3.264999999999 0.70710678118799764 0.70710678118509762 0 0.70710678118509762 -0.70710678118799764 0 0 0 -1 
1 -1.3875 -0.39250000000000002 3.264999999999 0.70710678118799764 -0.70710678118509762 0 0.70710678118509762 0.70710678118799764 0 -0 0 1 
1 -3.2999999999999998 -0.45500000000000002 3.264999999999 0 1 0 0 -0 1 1 0 -0 
1 -3.2999999999999998 -0.85499999999999998 3.264999999999 0 1 0 0 0 -1 -1 0 0 
1 -1.3875 -0.91749999999999998 3.264999999999 0.70710678118799764 0.70710678118509762 0 0.70710678118509762 -0.70710678118799764 0 0 0 -1 
1 -1.3875 -1.0425 3.264999999999 0.70710678118729764 -0.70710678118579762 0 0.70710678118579762 0.70710678118729764 0 -0 0 1 
1 -3.2999999999999998 -1.105 3.264999999999 0 1 0 0 -0 1 1 0 -0 
1 -3.2749999999999999 -1.5049999999999999 3.264999999999 0 1 0 0 0 -1 -1 0 0 
1 -1.3500000000000001 -1.5549999999999999 3.264999999999 0.70710678118654757 0.70710678118654757 0 0.70710678118654757 -0.70710678118654757 0 0 0 -1 
1 -1.3 -1.6799999999999999 3.264999999999 1 0 0 -0 1 0 0 -0 1 
1 -0.55000000000000004 -0.0050000000000000001 3.2499999999989999 1 0 0 0 0 1 0 -1 0 
1 -1.6499999999999999 -0.0050000000000000001 2.8249999999990001 0 0 1 0 1 0 -1 0 0 
1 -3.7999999999999998 -0.0050000000000000001 3.224999999999 0 0 1 0 -1 0 1 0 -0 
1 -5.1500000000000004 -1.3049999999999999 3.0249999999989998 1 0 0 -0 1 0 0 -0 1 
1 -3.7999999999999998 1.845 3.5749999999990001 0 1 0 -1 0 0 0 -0 1 
1 -3.7999999999999998 -1.855 3.5749999999990001 0 1 0 1 0 0 0 0 -1 
1 -5.1500000000000004 -0.65500000000000003 3.0249999999989998 1 0 0 -0 1 0 0 -0 1 
1 -5.1500000000000004 -0.0050000000000000001 3.0249999999989998 1 0 0 -0 1 0 0 -0 1 
1 -5.1500000000000004 0.64500000000000002 3.0249999999989998 1 0 0 -0 1 0 0 -0 1 
1 -5.1500000000000004 1.2949999999999999 3.0249999999989998 1 0 0 -0 1 0 0 -0 1 
1 3.8999999999999999 -2.0425 3.0749999999990001 0 0 1 0 -1 0 1 0 -0 
1 2.0750000000000002 -1.48 3.1749999999990002 0 1 0 -1 0 0 0 -0 1 
1 3.8999999999999999 -2.0425 3.2749999999989998 0 0 1 0 -1 0 1 0 -0 
1 2.125 -1.1299999999999999 3.1749999999990002 0 1 0 1 0 0 0 0 -1 
1 3.8999999999999999 2.0325000000000002 3.2749999999989998 0 0 1 0 -1 0 1 0 -0 
1 2.0750000000000002 1.47 3.1749999999990002 0 1 0 -1 0 0 0 -0 1 
1 3.8999999999999999 2.0325000000000002 3.0749999999990001 0 0 1 0 -1 0 1 0 -0 
1 2.125 1.1200000000000001 3.1749999999990002 0 1 0 1 0 0 0 0 -1 
1 -2.3424500653329998 -0.79164307651889998 3.2636645288519999 0.013834703172169392 0.99990356333455599 -0.001210379690787947 0.99609862839691021 -0.013887549490745504 -0.087147337738660915 -0.087155742747865486 2.5819175360763656e-14 -0.99619469809172756 
1 -0.84999979835299999 -0.65500000000000003 3.2749999999989998 0 0 1 -1 0 0 0 -1 0 
1 -2.3424500621900002 -0.51835692343700002 3.2636645283960002 -0.013834703172149394 0.99990356333455621 0.001210379690826947 0.99609862839694185 0.013887549490728981 -0.087147337738303646 -0.087155742747508785 1.9752429617041531e-14 -0.99619469809175865 
1 -0.85000019225190004 -0.65500000000000003 3.0749999999990001 0 0 1 -1 0 0 0 -1 0 
1 -2.3424500653329998 -0.14164307651890001 3.2636645288519999 0.013834703172169392 0.99990356333455599 -0.001210379690787947 0.99609862839691021 -0.013887549490745504 -0.087147337738660915 -0.087155742747865486 2.5819175360763656e-14 -0.99619469809172756 
1 -0.84999979835299999 -0.0049999999999839999 3.2749999999989998 0 0 1 -1 0 0 0 -1 0 
1 -2.3424500621900002 0.1316430765629 3.2636645283960002 -0.013834703172149394 0.99990356333455621 0.001210379690826947 0.99609862839694185 0.013887549490728981 -0.087147337738303646 -0.087155742747508785 1.9752429617041531e-14 -0.99619469809175865 
1 -0.85000019225190004 -0.0050000000000349999 3.0749999999990001 0 0 1 -1 0 0 0 -1 0 
1 -2.3424500653329998 0.50835692348109995 3.2636645288519999 0.013834703172169392 0.99990356333455599 -0.001210379690787947 0.99609862839691021 -0.013887549490745504 -0.087147337738660915 -0.087155742747865486 2.5819175360763656e-14 -0.99619469809172756 
1 -0.84999979835299999 0.64500000000000002 3.2749999999989998 0 0 1 -1 0 0 0 -1 0 
1 -2.3424500621900002 0.7816430765629 3.2636645283960002 -0.013834703172149394 0.99990356333455621 0.001210379690826947 0.99609862839694185 0.013887549490728981 -0.087147337738303646 -0.087155742747508785 1.9752429617041531e-14 -0.99619469809175865 
1 -0.85000019225190004 0.64500000000000002 3.0749999999990001 0 0 1 -1 0 0 0 -1 0 
1 -2.9461004178599999 -1.1607495931730001 3.2814816314569999 -0.013838313309989374 0.99990351299565472 0.0012106955369749451 0.99609857824956471 0.013891173418710176 -0.087147333351326933 -0.087155742747856563 2.8087730006474202e-14 -0.99619469809172834 
2 -1.55 -1.1347586592479999 7.2749999999990003 0 -1 0 1 0 0 -0 0 1 4.2000000000000002
1 -2.9461004212559998 -1.4492243054009999 3.2814816284699999 0.013838313309659438 0.99990351299565938 -0.0012106955369099509 0.99609857824960402 -0.013891173418375828 -0.087147333350930348 -0.087155742747459117 2.3642952286896049e-15 -0.99619469809176309 
1 -2.9548158048789999 -1.3049864949450001 3.1818621395850002 0.087155742747663953 0 0.9961946980917451 -0.9961946980917451 0 0.087155742747663953 0 -1 0 
9 0 0 0 0 3 3 6 4 4 2 -3.9285531449639999 -1.1746089298089999 3.2325111793139998  -3.9322247033900002 -1.1746089285300001 3.324671193456  -3.935896261815 -1.17460892725 3.4168312075979999  -3.9395678202409998 -1.1746089259700001 3.5089912217400001  
-3.9513548243379999 -1.1748141648979999 3.2317742627319999  -3.9511228513700001 -1.1748141643459999 3.3240604354890002  -3.9508908784029999 -1.1748141637939999 3.4163466082460001  -3.9506589054350001 -1.1748141632410001 3.508632781003  
-4.0422407781120002 -1.175646709912 3.234455330252  -4.0264495193040002 -1.1756467109419999 3.3262825128600002  -4.0106582604950001 -1.175646711972 3.4181096954669998  -3.994867001687 -1.1756467130020001 3.5099368780739999  
-4.1533398060920002 -1.1767373083970001 3.2659937257329998  -4.1185286548109996 -1.176737307412 3.3524216091589998  -4.08371750353 -1.176737306428 3.4388494925850002  -4.0489063522490003 -1.176737305444 3.5252773760120002  
-4.232078593262 -1.1775698758190001 3.3114651241750002  -4.1837876973989996 -1.177569876413 3.3901085014530001  -4.1354968015360001 -1.177569877007 3.4687518787310001  -4.0872059056729997 -1.1775698776000001 3.5473952560100002  
-4.2510921691189996 -1.177775117897 3.3240724061470002  -4.1995462470450002 -1.177775119216 3.4005574790309998  -4.1480003249699999 -1.1777751205360001 3.4770425519149999  -4.0964544028949996 -1.177775121856 3.553527624799  

-0.33583143023299999 4
0 1
1 1
1.3358314302330001 4

-0.15659504831259999 4
1.1565819917419999 4

1 -2.9373850498570002 -1.3049864702409999 3.381101113633 0.087155742747713566 0 0.99619469809174077 -0.99619469809174077 0 0.087155742747713566 0 -1 0 
2 -1.55 -1.134829773543 7.2749999999990003 0 -1 0 1 0 0 -0 0 1 4
9 0 0 0 0 3 3 6 4 4 2 -3.9285531450660001 -1.4353649688050001 3.232511179391  -3.9322247034750002 -1.4353649700860001 3.3246711935179998  -3.9358962618829998 -1.4353649713659999 3.416831207645  -3.9395678202909998 -1.4353649726469999 3.5089912217710002  
-3.9513548244400001 -1.435159733716 3.2317742628110002  -3.9511228514550001 -1.4351597342689999 3.3240604355530001  -3.9508908784700001 -1.435159734822 3.4163466082939999  -3.9506589054850001 -1.4351597353750001 3.5086327810359998  
-4.0422407782169998 -1.434327188703 3.2344553303420001  -4.0264495193909999 -1.4343271876729999 3.326282512933  -4.0106582605650001 -1.4343271866430001 3.4181096955250001  -3.9948670017380001 -1.434327185613 3.5099368781160001  
-4.1533398061940003 -1.4332365902190001 3.2659937258489999  -4.1185286548960001 -1.4332365912030001 3.3524216092539998  -4.0837175035969997 -1.4332365921870001 3.4388494926600002  -4.0489063522990003 -1.4332365931710001 3.5252773760660001  
-4.232078593352 -1.4324040227970001 3.3114651243190001  -4.183787697474 -1.4324040222029999 3.390108501571  -4.1354968015970002 -1.4324040216089999 3.4687518788229998  -4.0872059057200003 -1.432404021015 3.5473952560750002  
-4.2510921692029999 -1.4321987807200001 3.3240724062979998  -4.1995462471160003 -1.4321987794 3.4005574791540001  -4.1480003250279998 -1.4321987780800001 3.4770425520099999  -4.0964544029400001 -1.43219877676 3.5535276248660002  

-0.33583143020669998 4
0 1
1 1
1.3358314302059999 4

-0.15659504393529999 4
1.156581991176 4

2 -3.9500000000000002 -1.170045413625 3.7708393935509998 0 -1 0 1 0 0 -0 0 1 0.29999999999999999
1 -4.2387685885030004 -1.304986946808 3.5802547677569998 0.44925646192650126 0 0.89340283826350253 -0.89340283826350253 0 0.44925646192650126 0 -1 0 
2 -3.9500000000000002 -1.1700454240630001 3.7708393935509998 0 -1 0 1 0 0 -0 0 1 0.5
1 -4.2209600453620002 -1.4314060130599999 3.45936798412 0.012410413761910131 0.99990351299561053 -0.0062406994235490662 -0.89331663649870985 0.013891173421885353 0.44921311451870505 0.44925646192891905 -9.1594783783528251e-15 0.89340283826228684 
1 -4.3286198808940002 -1.304986951804 3.401574200107 0.44925646192877861 0 0.89340283826235756 -0.89340283826235756 0 0.44925646192877861 0 -1 0 
1 -4.2209600474249998 -1.1785678855570001 3.4593679800569999 -0.012410413756030024 0.99990351299570202 0.0062406994205920123 -0.89331663649997695 -0.013891173415303569 0.4492131145163884 0.44925646192656166 -2.7334920113111316e-14 0.89340283826347222 
1 -5.1050000000000004 -1.179986949308 3.0808084517280001 0 1 0 -1 0 0 0 -0 1 
1 -5.1050000000000004 -1.429986949308 3.0808084517290002 0 1 0 -1 0 0 0 -0 1 
2 -4.5499999999999998 -1.174810013581 3.3449999999990001 0 -1 0 1 0 0 -0 0 1 0.34999999999999998
2 -4.5499999999999998 -1.174810013581 3.3449999999990001 0 -1 0 1 0 0 -0 0 1 0.14999999999999999
1 -4.7469722518899999 -1.3049869493090001 3.2836946925669999 0.89828856468190221 0 -0.43940602472170104 -0.43940602472170104 0 -0.89828856468190221 0 1 0 
1 -4.9266299648269998 -1.3049869493090001 3.3715758975119998 0.89828856468259 0 -0.43940602472029511 -0.43940602472029511 0 -0.89828856468259 0 1 0 
2 -5.0999999999999996 -1.174810013581 3.298725351022 0 -1 0 1 0 0 -0 0 1 0.123725351023
1 -5.0907562122860002 -1.3049869493090001 3.1539959723869999 0.78429856924998487 0 -0.62038355416018798 0.62038355416018798 0 0.78429856924998487 0 -1 0 
1 -5.1100000000000003 -1.3049869493090001 3.0788030425090001 1 0 0 -0 1 0 0 -0 1 
1 -5.0813467030139998 -1.304986949308 3.0032067813749999 0.65340191327929487 0 0.75701118863789396 0.75701118863789396 0 -0.65340191327929487 -0 1 0 
2 -5.0999999999999996 -1.174810013581 3.298725351022 0 -1 0 1 0 0 -0 0 1 0.32372535102200001
1 -2.9461004212559998 1.1507756946000001 3.2814816284699999 0.013838313309659438 0.99990351299565938 -0.0012106955369099509 0.99609857824960402 -0.013891173418375828 -0.087147333350930348 -0.087155742747459117 2.3642952286896049e-15 -0.99619469809176309 
2 -1.55 1.4651702264569999 7.2749999999990003 0 -1 0 1 0 0 -0 0 1 4
1 -2.9461004178599999 1.439250406827 3.2814816314569999 -0.013838313309989374 0.99990351299565472 0.0012106955369749451 0.99609857824956471 0.013891173418710176 -0.087147333351326933 -0.087155742747856563 2.8087730006474202e-14 -0.99619469809172834 
2 -1.55 1.465241340752 7.2749999999990003 0 -1 0 1 0 0 -0 0 1 4.2000000000000002
1 -2.9548158048789999 1.295013505055 3.1818621395850002 0.087155742747663953 0 0.9961946980917451 -0.9961946980917451 0 0.087155742747663953 0 -1 0 
9 0 0 0 0 3 3 6 4 4 2 -3.9285531450660001 1.164635031195 3.232511179391  -3.9322247034750002 1.164635029914 3.3246711935179998  -3.9358962618829998 1.1646350286339999 3.416831207645  -3.9395678202909998 1.164635027353 3.5089912217710002  
-3.9513548244400001 1.1648402662840001 3.2317742628110002  -3.9511228514550001 1.164840265731 3.3240604355530001  -3.9508908784700001 1.1648402651780001 3.4163466082939999  -3.9506589054850001 1.164840264625 3.5086327810359998  
-4.0422407782169998 1.1656728112970001 3.2344553303420001  -4.0264495193909999 1.1656728123269999 3.326282512933  -4.0106582605650001 1.165672813357 3.4181096955250001  -3.9948670017380001 1.1656728143870001 3.5099368781160001  
-4.1533398061940003 1.166763409781 3.2659937258489999  -4.1185286548960001 1.166763408797 3.3524216092539998  -4.0837175035969997 1.166763407813 3.4388494926600002  -4.0489063522990003 1.166763406829 3.5252773760660001  
-4.232078593352 1.167595977203 3.3114651243190001  -4.183787697474 1.167595977797 3.390108501571  -4.1354968015970002 1.1675959783909999 3.4687518788229998  -4.0872059057200003 1.1675959789849999 3.5473952560750002  
-4.2510921692029999 1.16780121928 3.3240724062979998  -4.1995462471160003 1.1678012205999999 3.4005574791540001  -4.1480003250279998 1.16780122192 3.4770425520099999  -4.0964544029400001 1.1678012232399999 3.5535276248660002  

-0.33583143020669998 4
0 1
1 1
1.3358314302059999 4

-0.15659504393529999 4
1.156581991176 4

1 -2.9373850498570002 1.295013529759 3.381101113633 0.087155742747713566 0 0.99619469809174077 -0.99619469809174077 0 0.087155742747713566 0 -1 0 
2 -3.9500000000000002 1.4299545863750001 3.7708393935509998 0 -1 0 1 0 0 -0 0 1 0.29999999999999999
1 -4.2387685885030004 1.2950130531920001 3.5802547677569998 0.44925646192650126 0 0.89340283826350253 -0.89340283826350253 0 0.44925646192650126 0 -1 0 
9 0 0 0 0 3 3 6 4 4 2 -3.9285531449639999 1.425391070191 3.2325111793139998  -3.9322247033900002 1.42539107147 3.324671193456  -3.935896261815 1.4253910727500001 3.4168312075979999  -3.9395678202409998 1.42539107403 3.5089912217400001  
-3.9513548243379999 1.4251858351019999 3.2317742627319999  -3.9511228513700001 1.4251858356539999 3.3240604354890002  -3.9508908784029999 1.4251858362059999 3.4163466082460001  -3.9506589054350001 1.425185836759 3.508632781003  
-4.0422407781120002 1.424353290088 3.234455330252  -4.0264495193040002 1.424353289058 3.3262825128600002  -4.0106582604950001 1.4243532880280001 3.4181096954669998  -3.994867001687 1.424353286998 3.5099368780739999  
-4.1533398060920002 1.423262691603 3.2659937257329998  -4.1185286548109996 1.4232626925880001 3.3524216091589998  -4.08371750353 1.4232626935720001 3.4388494925850002  -4.0489063522490003 1.4232626945560001 3.5252773760120002  
-4.232078593262 1.422430124181 3.3114651241750002  -4.1837876973989996 1.4224301235870001 3.3901085014530001  -4.1354968015360001 1.4224301229930001 3.4687518787310001  -4.0872059056729997 1.4224301224 3.5473952560100002  
-4.2510921691189996 1.4222248821029999 3.3240724061470002  -4.1995462470450002 1.4222248807839999 3.4005574790309998  -4.1480003249699999 1.422224879464 3.4770425519149999  -4.0964544028949996 1.4222248781439999 3.553527624799  

-0.33583143023299999 4
0 1
1 1
1.3358314302330001 4

-0.15659504831259999 4
1.1565819917419999 4

2 -3.9500000000000002 1.429954575937 3.7708393935509998 0 -1 0 1 0 0 -0 0 1 0.5
1 -4.2209600453620002 1.1685939869399999 3.45936798412 0.012410413761910133 0.99990351299561064 -0.006240699423548067 -0.89331663649870985 0.013891173421884905 0.44921311451870499 0.44925646192891894 -1.0052081006662236e-14 0.89340283826228672 
1 -4.3286198808940002 1.295013048196 3.401574200107 0.44925646192877861 0 0.89340283826235756 -0.89340283826235756 0 0.44925646192877861 0 -1 0 
1 -4.2209600474249998 1.421432114443 3.4593679800569999 -0.012410413756030024 0.99990351299570202 0.0062406994205930124 -0.89331663649997695 -0.013891173415304018 0.4492131145163884 0.4492564619265616 -2.82282975700924e-14 0.89340283826347222 
1 -5.1050000000000004 1.4200130506919999 3.0808084517280001 0 1 0 -1 0 0 0 -0 1 
1 -5.1050000000000004 1.1700130506919999 3.0808084517290002 0 1 0 -1 0 0 0 -0 1 
2 -4.5499999999999998 1.4251899864190001 3.3449999999990001 0 -1 0 1 0 0 -0 0 1 0.34999999999999998
2 -4.5499999999999998 1.4251899864190001 3.3449999999990001 0 -1 0 1 0 0 -0 0 1 0.14999999999999999
1 -4.7469722518899999 1.295013050691 3.2836946925669999 0.89828856468190221 0 -0.43940602472170104 -0.43940602472170104 0 -0.89828856468190221 0 1 0 
1 -4.9266299648269998 1.295013050691 3.3715758975119998 0.89828856468259 0 -0.43940602472029511 -0.43940602472029511 0 -0.89828856468259 0 1 0 
2 -5.0999999999999996 1.4251899864190001 3.298725351022 0 -1 0 1 0 0 -0 0 1 0.123725351023
1 -5.0907562122860002 1.295013050691 3.1539959723869999 0.78429856924998487 0 -0.62038355416018798 0.62038355416018798 0 0.78429856924998487 0 -1 0 
1 -5.1100000000000003 1.2950130506919999 3.0788030425090001 1 0 0 -0 1 0 0 -0 1 
1 -5.0813467030139998 1.2950130506919999 3.0032067813749999 0.65340191327929487 0 0.75701118863789396 0.75701118863789396 0 -0.65340191327929487 -0 1 0 
2 -5.0999999999999996 1.4251899864190001 3.298725351022 0 -1 0 1 0 0 -0 0 1 0.32372535102200001
2 -1.1499999999999999 -0.4956989867073 7.2749999999990003 0 -1 0 1 0 0 -0 0 1 4
2 -1.1499999999999999 -0.49562789086800002 7.2749999999990003 0 -1 0 1 0 0 -0 0 1 4.2000000000000002
1 -2.5548158039370001 -0.65499954577359998 3.1818621395040001 0.087155742747614326 0 0.99619469809174943 -0.99619469809174943 0 0.087155742747614326 0 -1 0 
1 -4.7300000000000004 -0.78000000000000003 3.0749999999990001 0 1 0 -1 0 0 0 -0 1 
1 -2.5373850477870001 -0.6549995210431 3.3811011134519999 0.087155742747367454 0 0.99619469809177097 -0.99619469809177097 0 0.087155742747367454 0 -1 0 
2 -3.5499999999999998 -0.52479220393180004 3.7708393935509998 0 -1 0 1 0 0 -0 0 1 0.29999999999999999
1 -4.7300000000000004 -0.53000000000000003 3.0749999999990001 0 1 0 -1 0 0 0 -0 1 
1 -4.3469722518899996 -0.65500000000000003 3.2836946925669999 0.89828856468190221 0 -0.43940602472170104 -0.43940602472170104 0 -0.89828856468190221 0 1 0 
2 -4.7000000000000002 -0.52479220393180004 3.298725351022 0 -1 0 1 0 0 -0 0 1 0.32372535102299999
1 -4.7050000000000001 -0.65500000000000003 2.974999999999 0 0 1 -1 0 0 0 -1 0 
1 -4.7350000000000003 -0.65500000000000003 2.9999999999989999 0.70710678118654757 0 0.70710678118654757 0.70710678118654757 0 -0.70710678118654757 -0 1 0 
1 -4.7599999999999998 -0.65500000000000003 3.0749999999990001 1 0 0 -0 1 0 0 -0 1 
1 -4.7350000000000003 -0.65500000000000003 3.1499999999989998 0.70710678118654757 0 -0.70710678118654757 0.70710678118654757 0 0.70710678118654757 0 -1 0 
1 -4.7050000000000001 -0.65500000000000003 3.1749999999990002 0 0 1 -1 0 0 0 -1 0 
2 -4.7000000000000002 -0.52479220393180004 3.298725351022 0 -1 0 1 0 0 -0 0 1 0.123725351023
1 -4.5266299648270003 -0.65500000000000003 3.3715758975110002 0.89828856468121443 0 -0.43940602472310708 -0.43940602472310708 0 -0.89828856468121443 0 1 0 
2 -4.1500000000000004 -0.52479220393180004 3.3449999999990001 0 -1 0 1 0 0 -0 0 1 0.34999999999999998
1 -3.838768588452 -0.65500000000000003 3.5802547677319998 0.44925646192578206 0 0.89340283826386424 -0.89340283826386424 0 0.44925646192578206 0 -1 0 
2 -3.5499999999999998 -0.52479220393180004 3.7708393935509998 0 -1 0 1 0 0 -0 0 1 0.5
1 -3.9286198808380002 -0.65500000000000003 3.4015742000790001 0.44925646192801966 0 0.89340283826273903 -0.89340283826273903 0 0.44925646192801966 0 -1 0 
2 -4.1500000000000004 -0.52479220393180004 3.3449999999990001 0 -1 0 1 0 0 -0 0 1 0.14999999999999999
2 -1.1499999999999999 0.15430101329269999 7.2749999999990003 0 -1 0 1 0 0 -0 0 1 4
2 -1.1499999999999999 0.154372109132 7.2749999999990003 0 -1 0 1 0 0 -0 0 1 4.2000000000000002
1 -2.5548158039370001 -0.004999545773635 3.1818621395040001 0.087155742747614326 0 0.99619469809174943 -0.99619469809174943 0 0.087155742747614326 0 -1 0 
1 -4.7300000000000004 -0.13 3.0749999999990001 0 1 0 -1 0 0 0 -0 1 
1 -2.5373850477870001 -0.0049995210431050003 3.3811011134519999 0.087155742747367454 0 0.99619469809177097 -0.99619469809177097 0 0.087155742747367454 0 -1 0 
2 -3.5499999999999998 0.12520779606820001 3.7708393935509998 0 -1 0 1 0 0 -0 0 1 0.29999999999999999
1 -4.7300000000000004 0.12 3.0749999999990001 0 1 0 -1 0 0 0 -0 1 
1 -4.3469722518899996 -0.0050000000000000001 3.2836946925669999 0.89828856468190221 0 -0.43940602472170104 -0.43940602472170104 0 -0.89828856468190221 0 1 0 
2 -4.7000000000000002 0.12520779606820001 3.298725351022 0 -1 0 1 0 0 -0 0 1 0.32372535102299999
1 -4.7050000000000001 -0.0050000000000000001 2.974999999999 0 0 1 -1 0 0 0 -1 0 
1 -4.7350000000000003 -0.0050000000000000001 2.9999999999989999 0.70710678118654757 0 0.70710678118654757 0.70710678118654757 0 -0.70710678118654757 -0 1 0 
1 -4.7599999999999998 -0.0050000000000000001 3.0749999999990001 1 0 0 -0 1 0 0 -0 1 
1 -4.7350000000000003 -0.0050000000000000001 3.1499999999989998 0.70710678118654757 0 -0.70710678118654757 0.70710678118654757 0 0.70710678118654757 0 -1 0 
1 -4.7050000000000001 -0.0050000000000000001 3.1749999999990002 0 0 1 -1 0 0 0 -1 0 
2 -4.7000000000000002 0.12520779606820001 3.298725351022 0 -1 0 1 0 0 -0 0 1 0.123725351023
1 -4.5266299648270003 -0.0050000000000000001 3.3715758975110002 0.89828856468121443 0 -0.43940602472310708 -0.43940602472310708 0 -0.89828856468121443 0 1 0 
2 -4.1500000000000004 0.12520779606820001 3.3449999999990001 0 -1 0 1 0 0 -0 0 1 0.34999999999999998
1 -3.838768588452 -0.0050000000000000001 3.5802547677319998 0.44925646192578206 0 0.89340283826386424 -0.89340283826386424 0 0.44925646192578206 0 -1 0 
2 -3.5499999999999998 0.12520779606820001 3.7708393935509998 0 -1 0 1 0 0 -0 0 1 0.5
1 -3.9286198808380002 -0.0050000000000000001 3.4015742000790001 0.44925646192801966 0 0.89340283826273903 -0.89340283826273903 0 0.44925646192801966 0 -1 0 
2 -4.1500000000000004 0.12520779606820001 3.3449999999990001 0 -1 0 1 0 0 -0 0 1 0.14999999999999999
2 -1.1499999999999999 0.80430101329269998 7.2749999999990003 0 -1 0 1 0 0 -0 0 1 4
2 -1.1499999999999999 0.80437210913199997 7.2749999999990003 0 -1 0 1 0 0 -0 0 1 4.2000000000000002
1 -2.5548158039370001 0.64500045422639996 3.1818621395040001 0.087155742747614326 0 0.99619469809174943 -0.99619469809174943 0 0.087155742747614326 0 -1 0 
1 -4.7300000000000004 0.52000000000000002 3.0749999999990001 0 1 0 -1 0 0 0 -0 1 
1 -2.5373850477870001 0.64500047895690005 3.3811011134519999 0.087155742747367454 0 0.99619469809177097 -0.99619469809177097 0 0.087155742747367454 0 -1 0 
2 -3.5499999999999998 0.77520779606820001 3.7708393935509998 0 -1 0 1 0 0 -0 0 1 0.29999999999999999
1 -4.7300000000000004 0.77000000000000002 3.0749999999990001 0 1 0 -1 0 0 0 -0 1 
1 -4.3469722518899996 0.64500000000000002 3.2836946925669999 0.89828856468190221 0 -0.43940602472170104 -0.43940602472170104 0 -0.89828856468190221 0 1 0 
2 -4.7000000000000002 0.77520779606820001 3.298725351022 0 -1 0 1 0 0 -0 0 1 0.32372535102299999
1 -4.7050000000000001 0.64500000000000002 2.974999999999 0 0 1 -1 0 0 0 -1 0 
1 -4.7350000000000003 0.64500000000000002 2.9999999999989999 0.70710678118654757 0 0.70710678118654757 0.70710678118654757 0 -0.70710678118654757 -0 1 0 
1 -4.7599999999999998 0.64500000000000002 3.0749999999990001 1 0 0 -0 1 0 0 -0 1 
1 -4.7350000000000003 0.64500000000000002 3.1499999999989998 0.70710678118654757 0 -0.70710678118654757 0.70710678118654757 0 0.70710678118654757 0 -1 0 
1 -4.7050000000000001 0.64500000000000002 3.1749999999990002 0 0 1 -1 0 0 0 -1 0 
2 -4.7000000000000002 0.77520779606820001 3.298725351022 0 -1 0 1 0 0 -0 0 1 0.123725351023
1 -4.5266299648270003 0.64500000000000002 3.3715758975110002 0.89828856468121443 0 -0.43940602472310708 -0.43940602472310708 0 -0.89828856468121443 0 1 0 
2 -4.1500000000000004 0.77520779606820001 3.3449999999990001 0 -1 0 1 0 0 -0 0 1 0.34999999999999998
1 -3.838768588452 0.64500000000000002 3.5802547677319998 0.44925646192578206 0 0.89340283826386424 -0.89340283826386424 0 0.44925646192578206 0 -1 0 
2 -3.5499999999999998 0.77520779606820001 3.7708393935509998 0 -1 0 1 0 0 -0 0 1 0.5
1 -3.9286198808380002 0.64500000000000002 3.4015742000790001 0.44925646192801966 0 0.89340283826273903 -0.89340283826273903 0 0.44925646192801966 0 -1 0 
2 -4.1500000000000004 0.77520779606820001 3.3449999999990001 0 -1 0 1 0 0 -0 0 1 0.14999999999999999
1 -5.3499999999999996 -0.0050000000000000001 3.1749999999990002 0.70710678118654757 0 -0.70710678118654757 -0.70710678118654757 0 -0.70710678118654757 0 1 0 
1 -5.3499999999999996 -1.905 3.5249999999989998 0.70710678118654757 -0.70710678118654757 0 -0.70710678118654757 -0.70710678118654757 0 0 -0 -1 
1 -5.4000000000000004 -0.0050000000000000001 3.2499999999989999 1 0 0 0 -1 0 0 0 -1 
1 -5.3499999999999996 1.895 3.5249999999989998 0.70710678118654757 0.70710678118654757 0 0.70710678118654757 -0.70710678118654757 0 0 0 -1 
1 -4.5999999999999996 2.3700000000000001 3.3749999999989999 1 0 0 -0 1 0 0 -0 1 
1 -4.5999999999999996 -2.3799999999999999 3.3749999999989999 1 0 0 -0 1 0 0 -0 1 
Triangulations 0

TShapes 3110
Ve
1e-07
-5.3 -3.13 4.149999999999
0 0

0101101
*
Ve
1e-07
0.2 -3.13 4.149999999999
0 0

0101101
*
Ed
 1e-07 1 1 0
1  1 0 0 5.5
2  1 1 0 0 5.5
4 G1 1 0 2 0
0

0101000
+3110 0 -3109 0 *
Ve
1e-07
-5.3 -3.43 3.849999999999
0 0

0101101
*
Ed
 1e-07 1 1 0
1  2 0 0 1.57079632679521
2  2 1 0 0 1.57079632679521
2  3 3 0 0 1.57079632679521
4 C0 1 0 3 0
0

0101000
+3110 0 -3107 0 *
Ve
1e-07
0.2 -3.43 3.849999999999
0 0

0101101
*
Ed
 1e-07 1 1 0
1  3 0 0 5.5
2  4 1 0 0 5.5
4 G1 1 0 4 0
0

0101000
+3105 0 -3107 0 *
Ed
 1e-07 1 1 0
1  4 0 0 1.5707963267949
2  5 1 0 0 1.5707963267949
4 C0 1 0 5 0
0

0101000
+3105 0 -3109 0 *
Wi

0101100
-3108 0 +3106 0 -3104 0 +3103 0 *
Fa
0  1e-07 1 0

0111000
+3102 0 *
Ve
1e-07
0.2 2.12 0.4999999999998
0 0

0101101
*
Ve
1e-07
0.2 -2.08 0.5000000000001
0 0

0101101
*
Ed
 1e-07 1 1 0
1  5 0 0 4.2
2  6 6 0 0 4.2
4 G1 5 0 6 0
0

0101000
+3100 0 -3099 0 *
Ve
1e-07
0.2 4.37 2.75
0 0

0101101
*
Ed
 1e-07 1 1 0
1  6 0 0 1.5707963267949
2  7 7 0 0 1.5707963267949
4 G1 5 0 7 0
0

0101000
+3100 0 -3097 0 *
Ve
1e-07
0.2 4.37 3.749999999999
0 0

0101101
*
Ed
 1e-07 1 1 0
1  7 0 0 0.999999999999
2  8 8 0 0 0.999999999999
4 G1 5 0 8 0
0

0101000
+3095 0 -3097 0 *
Ve
1e-07
0.2 2.12 5.999999999999
0 0

0101101
*
Ed
 1e-07 1 1 0
1  8 0 0 1.5707963267949
2  9 9 0 0 1.5707963267949
4 G1 5 0 9 0
0

0101000
+3095 0 -3093 0 *
Ve
1e-07
0.2 -2.08 5.999999999999
0 0

0101101
*
Ed
 1e-07 1 1 0
1  9 0 0 4.2
2  10 10 0 0 4.2
4 G1 5 0 10 0
0

0101000
+3091 0 -3093 0 *
Ve
1e-07
0.2 -4.33 3.749999999999
0 0

0101101
*
Ed
 1e-07 1 1 0
1  10 0 0 1.5707963267949
2  11 11 0 0 1.5707963267949
4 G1 5 0 11 0
0

0101000
+3091 0 -3089 0 *
Ve
1e-07
0.2 -4.33 2.75
0 0

0101101
*
Ed
 1e-07 1 1 0
1  11 0 0 0.999999999999
2  12 12 0 0 0.999999999999
4 G1 5 0 12 0
0

0101000
+3087 0 -3089 0 *
Ed
 1e-07 1 1 0
1  12 0 0 1.5707963267949
2  13 13 0 0 1.5707963267949
4 G1 5 0 13 0
0

0101000
+3087 0 -3099 0 *
Wi

0101100
-3098 0 +3096 0 -3094 0 +3092 0 -3090 0 +3088 0 -3086 0 +3085 0 *
Ve
1e-07
0.2 3.12 4.149999999999
0 0

0101101
*
Ed
 1e-07 1 1 0
1  13 0 0 6.25
4 C0 5 0 2 0
0

0101000
+3109 0 -3083 0 *
Ve
1e-07
0.2 3.42 3.849999999999
0 0

0101101
*
Ed
 1e-07 1 1 0
1  14 0 0 1.5707963267949
2  14 14 0 0 1.5707963267949
4 C0 5 0 14 0
0

0101000
+3083 0 -3081 0 *
Ve
1e-07
0.2 3.42 3.244833173359
0 0

0101101
*
Ed
 1e-07 1 1 0
1  15 0 0 0.60516682664
4 C0 5 0 15 0
0

0101000
+3081 0 -3079 0 *
Ve
1e-07
0.2 3.33144441566 3.03201574201
0 0

0101101
*
Ed
 1e-07 1 1 0
1  16 0 0 0.788634398060971
2  15 16 0 0 0.788634398060971
4 C0 5 0 16 0
0

0101000
+3079 0 -3077 0 *
Ve
1e-07
0.2 2.732748689227 2.437182568651
0 0

0101101
*
Ed
 1e-07 1 1 0
1  17 0 1.41433188044926e-12 0.843956798052995
4 C0 5 0 17 0
0

0101000
+3077 0 -3075 0 *
Ve
1e-07
0.2 2.521304273566 2.349999999999
0 0

0101101
*
Ed
 1e-07 1 1 0
1  18 0 0 0.782161928733529
2  16 18 0 0 0.782161928733529
4 C0 5 0 18 0
0

0101000
+3075 0 -3073 0 *
Ve
1e-07
0.2 -2.531304273566 2.349999999999
0 0

0101101
*
Ed
 1e-07 1 1 0
1  19 0 0 5.052608547132
4 C0 5 0 19 0
0

0101000
+3073 0 -3071 0 *
Ve
1e-07
0.2 -2.742748689227 2.437182568651
0 0

0101101
*
Ed
 1e-07 1 1 0
1  20 0 0 0.782161928738525
2  17 20 0 0 0.782161928738525
4 C0 5 0 20 0
0

0101000
+3071 0 -3069 0 *
Ve
1e-07
0.2 -3.34144441566 3.03201574201
0 0

0101101
*
Ed
 1e-07 1 1 0
1  21 0 0 0.84395679805158
4 C0 5 0 21 0
0

0101000
+3069 0 -3067 0 *
Ve
1e-07
0.2 -3.43 3.244833173359
0 0

0101101
*
Ed
 1e-07 1 1 0
1  22 0 0 0.788634398060661
2  18 22 0 0 0.788634398060661
4 C0 5 0 22 0
0

0101000
+3067 0 -3065 0 *
Ed
 1e-07 1 1 0
1  23 0 0 0.60516682664
4 C0 5 0 4 0
0

0101000
+3065 0 -3105 0 *
Wi

0101100
+3103 0 +3082 0 +3080 0 +3078 0 +3076 0 +3074 0 +3072 0 +3070 0 +3068 0 +3066 0 
+3064 0 +3063 0 *
Fa
0  1e-07 5 0

0111000
+3084 0 +3062 0 *
Ve
1e-07
0.2 -3.13 3.949999999999
0 0

0101101
*
Ve
1e-07
0.2 3.12 3.949999999999
0 0

0101101
*
Ed
 1e-07 1 1 0
1  24 0 0 6.25
4 C0 23 0 24 0
0

0101000
+3060 0 -3059 0 *
Ve
1e-07
0.2 -3.23 3.849999999999
0 0

0101101
*
Ed
 1e-07 1 1 0
1  25 0 0 1.5707963267949
2  19 25 0 0 1.5707963267949
4 C0 23 0 25 0
0

0101000
+3057 0 -3060 0 *
Ve
1e-07
0.2 -3.23 3.244833173359
0 0

0101101
*
Ed
 1e-07 1 1 0
1  26 0 0 0.60516682664
4 C0 23 0 26 0
0

0101000
+3055 0 -3057 0 *
Ve
1e-07
0.2 -3.200481471887 3.173894029576
0 0

0101101
*
Ed
 1e-07 1 1 0
1  27 0 0 0.788634398055074
2  20 27 0 0 0.788634398055074
4 C0 23 0 27 0
0

0101000
+3053 0 -3055 0 *
Ve
1e-07
0.2 -2.601785745451 2.579060856214
0 0

0101101
*
Ed
 1e-07 1 1 0
1  28 0 -2.11920925776011e-12 0.843956798053704
4 C0 23 0 28 0
0

0101000
+3051 0 -3053 0 *
Ve
1e-07
0.2 -2.531304273566 2.549999999999
0 0

0101101
*
Ed
 1e-07 1 1 0
1  29 0 0 0.782161928707869
2  21 29 0 0 0.782161928707869
4 C0 23 0 29 0
0

0101000
+3049 0 -3051 0 *
Ve
1e-07
0.2 2.521304273566 2.549999999999
0 0

0101101
*
Ed
 1e-07 1 1 0
1  30 0 0 5.052608547132
4 C0 23 0 30 0
0

0101000
+3047 0 -3049 0 *
Ve
1e-07
0.2 2.591785745452 2.579060856216
0 0

0101101
*
Ed
 1e-07 1 1 0
1  31 0 0 0.782161928703335
2  22 31 0 0 0.782161928703335
4 C0 23 0 31 0
0

0101000
+3045 0 -3047 0 *
Ve
1e-07
0.2 3.190481471887 3.173894029576
0 0

0101101
*
Ed
 1e-07 1 1 0
1  32 0 0 0.843956798053704
4 C0 23 0 32 0
0

0101000
+3043 0 -3045 0 *
Ve
1e-07
0.2 3.22 3.244833173359
0 0

0101101
*
Ed
 1e-07 1 1 0
1  33 0 0 0.788634398058607
2  23 33 0 0 0.788634398058607
4 C0 23 0 33 0
0

0101000
+3041 0 -3043 0 *
Ve
1e-07
0.2 3.22 3.849999999999
0 0

0101101
*
Ed
 1e-07 1 1 0
1  34 0 0 0.60516682664
4 C0 23 0 34 0
0

0101000
+3039 0 -3041 0 *
Ed
 1e-07 1 1 0
1  35 0 0 1.57079632679487
2  24 35 0 0 1.57079632679487
4 C0 23 0 35 0
0

0101000
+3059 0 -3039 0 *
Wi

0101100
-3058 0 -3056 0 -3054 0 -3052 0 -3050 0 -3048 0 -3046 0 -3044 0 -3042 0 -3040 0 
-3038 0 -3037 0 *
Ve
1e-07
0.2 -2.955 3.924999999999
0 0

0101101
*
Ve
1e-07
0.2 -2.595 3.924999999999
0 0

0101101
*
Ed
 1e-07 1 1 0
1  36 0 0 0.36
4 C0 23 0 36 0
0

0101000
+3035 0 -3034 0 *
Ve
1e-07
0.2 -2.595 2.824999999999
0 0

0101101
*
Ed
 1e-07 1 1 0
1  37 0 0 1.1
4 C0 23 0 37 0
0

0101000
+3034 0 -3032 0 *
Ve
1e-07
0.2 -2.165 2.824999999999
0 0

0101101
*
Ed
 1e-07 1 1 0
1  38 0 0 0.43
4 C0 23 0 38 0
0

0101000
+3032 0 -3030 0 *
Ve
1e-07
0.2 -2.165 3.924999999999
0 0

0101101
*
Ed
 1e-07 1 1 0
1  39 0 0 1.1
4 C0 23 0 39 0
0

0101000
+3030 0 -3028 0 *
Ve
1e-07
0.2 2.155 3.924999999999
0 0

0101101
*
Ed
 1e-07 1 1 0
1  40 0 0 4.32
4 C0 23 0 36 0
0

0101000
+3028 0 -3026 0 *
Ve
1e-07
0.2 2.155 2.824999999999
0 0

0101101
*
Ed
 1e-07 1 1 0
1  41 0 0 1.1
4 C0 23 0 40 0
0

0101000
+3026 0 -3024 0 *
Ve
1e-07
0.2 2.585 2.824999999999
0 0

0101101
*
Ed
 1e-07 1 1 0
1  42 0 0 0.43
4 C0 23 0 41 0
0

0101000
+3024 0 -3022 0 *
Ve
1e-07
0.2 2.585 3.924999999999
0 0

0101101
*
Ed
 1e-07 1 1 0
1  43 0 0 1.1
4 C0 23 0 42 0
0

0101000
+3022 0 -3020 0 *
Ve
1e-07
0.2 2.945 3.924999999999
0 0

0101101
*
Ed
 1e-07 1 1 0
1  44 0 0 0.36
4 C0 23 0 36 0
0

0101000
+3020 0 -3018 0 *
Ve
1e-07
0.2 3.195 3.674999999999
0 0

0101101
*
Ed
 1e-07 1 1 0
1  45 0 0 1.57079632679479
2  25 43 0 0 1.57079632679479
4 C0 23 0 43 0
0

0101000
+3018 0 -3016 0 *
Ve
1e-07
0.2 3.195 3.307383774314
0 0

0101101
*
Ed
 1e-07 1 1 0
1  46 0 0 0.367616225685
4 C0 23 0 44 0
0

0101000
+3016 0 -3014 0 *
Ve
1e-07
0.2 3.123185207026 3.132026903912
0 0

0101101
*
Ed
 1e-07 1 1 0
1  47 0 0 0.777398334044604
2  26 45 0 0 0.777398334044604
4 C0 23 0 45 0
0

0101000
+3014 0 -3012 0 *
Ve
1e-07
0.2 2.648458318015 2.649643129595
0 0

0101101
*
Ed
 1e-07 1 1 0
1  48 0 -2.11578386902603e-12 0.676801096978657
4 C0 23 0 46 0
0

0101000
+3012 0 -3010 0 *
Ve
1e-07
0.2 2.470273110991 2.574999999999
0 0

0101101
*
Ed
 1e-07 1 1 0
1  49 0 0 0.793397992736423
2  27 47 0 0 0.793397992736423
4 C0 23 0 47 0
0

0101000
+3010 0 -3008 0 *
Ve
1e-07
0.2 -2.480273110991 2.574999999999
0 0

0101101
*
Ed
 1e-07 1 1 0
1  50 0 0 4.950546221982
4 C0 23 0 48 0
0

0101000
+3008 0 -3006 0 *
Ve
1e-07
0.2 -2.658458318018 2.649643129598
0 0

0101101
*
Ed
 1e-07 1 1 0
1  51 0 0 0.793397992755934
2  28 49 0 0 0.793397992755934
4 C0 23 0 49 0
0

0101000
+3006 0 -3004 0 *
Ve
1e-07
0.2 -3.133185207024 3.132026903911
0 0

0101101
*
Ed
 1e-07 1 1 0
1  52 0 2.82827656381887e-12 0.676801096977242
4 C0 23 0 50 0
0

0101000
+3004 0 -3002 0 *
Ve
1e-07
0.2 -3.205 3.307383774314
0 0

0101101
*
Ed
 1e-07 1 1 0
1  53 0 0 0.777398334048009
2  29 51 0 0 0.777398334048009
4 C0 23 0 51 0
0

0101000
+3002 0 -3000 0 *
Ve
1e-07
0.2 -3.205 3.674999999999
0 0

0101101
*
Ed
 1e-07 1 1 0
1  54 0 0 0.367616225685
4 C0 23 0 52 0
0

0101000
+3000 0 -2998 0 *
Ed
 1e-07 1 1 0
1  55 0 0 1.57079632679489
2  30 53 0 0 1.57079632679489
4 C0 23 0 53 0
0

0101000
+2998 0 -3035 0 *
Wi

0101100
+3033 0 +3031 0 +3029 0 +3027 0 +3025 0 +3023 0 +3021 0 +3019 0 +3017 0 +3015 0 
+3013 0 +3011 0 +3009 0 +3007 0 +3005 0 +3003 0 +3001 0 +2999 0 +2997 0 +2996 0 
*
Ve
1e-07
0.2 2.57 3.924999999999
0 0

0101101
*
Ve
1e-07
0.2 2.57 3.218538101092
0 0

0101101
*
Ed
 1e-07 1 1 0
1  56 0 0 0.706461898907
4 C0 23 0 54 0
0

0101000
+2994 0 -2993 0 *
Ve
1e-07
0.2 2.17 3.218538101092
0 0

0101101
*
Ed
 1e-07 1 1 0
1  57 0 0 0.4
2  31 55 0 0 0.4
4 C0 23 0 55 0
0

0101000
+2993 0 -2991 0 *
Ve
1e-07
0.2 2.17 3.924999999999
0 0

0101101
*
Ed
 1e-07 1 1 0
1  58 0 0 0.706461898907
4 C0 23 0 56 0
0

0101000
+2989 0 -2991 0 *
Ed
 1e-07 1 1 0
1  59 0 0 0.4
4 C0 23 0 57 0
0

0101000
+2994 0 -2989 0 *
Wi

0101100
+2992 0 +2990 0 -2988 0 -2987 0 *
Ve
1e-07
0.2 -2.18 3.924999999999
0 0

0101101
*
Ve
1e-07
0.2 -2.18 3.218538101092
0 0

0101101
*
Ed
 1e-07 1 1 0
1  60 0 0 0.706461898907
4 C0 23 0 58 0
0

0101000
+2985 0 -2984 0 *
Ve
1e-07
0.2 -2.58 3.218538101092
0 0

0101101
*
Ed
 1e-07 1 1 0
1  61 0 0 0.4
2  32 59 0 0 0.4
4 C0 23 0 59 0
0

0101000
+2984 0 -2982 0 *
Ve
1e-07
0.2 -2.58 3.924999999999
0 0

0101101
*
Ed
 1e-07 1 1 0
1  62 0 0 0.706461898907
4 C0 23 0 60 0
0

0101000
+2980 0 -2982 0 *
Ed
 1e-07 1 1 0
1  63 0 0 0.4
4 C0 23 0 61 0
0

0101000
+2985 0 -2980 0 *
Wi

0101100
+2983 0 +2981 0 -2979 0 -2978 0 *
Fa
0  1e-07 23 0

0111000
+3036 0 +2995 0 +2986 0 +2977 0 *
Ve
1e-07
0.2 1.745 3.704999999999
0 0

0101101
*
Ve
1e-07
0.2 -1.755 3.704999999999
0 0

0101101
*
Ed
 1e-07 1 1 0
1  64 0 0 3.5
4 C0 62 0 63 0
0

0101000
+2975 0 -2974 0 *
Ve
1e-07
0.2 -1.755 3.674999999999
0 0

0101101
*
Ed
 1e-07 1 1 0
1  65 0 0 0.0299999999999998
4 C0 62 0 64 0
0

0101000
+2974 0 -2972 0 *
Ve
1e-07
0.2 1.745 3.674999999999
0 0

0101101
*
Ed
 1e-07 1 1 0
1  66 0 0 3.5
4 C0 62 0 65 0
0

0101000
+2972 0 -2970 0 *
Ed
 1e-07 1 1 0
1  67 0 0 0.0299999999999998
4 C0 62 0 66 0
0

0101000
+2970 0 -2975 0 *
Wi

0101100
+2973 0 +2971 0 +2969 0 +2968 0 *
Fa
0  1e-07 62 0

0111000
+2967 0 *
Ve
1e-07
0.45 2.119999999999 0.2499999999999
0 0

0101101
*
Ed
 1e-07 1 1 0
1  68 0 0 1.57079632679674
2  33 6 0 0 1.57079632679674
2  34 7 0 0 1.57079632679674
4 G1 6 0 7 0
0

0101000
+3100 0 -2965 0 *
Ve
1e-07
0.45 -2.08 0.2500000000003
0 0

0101101
*
Ed
 1e-07 1 1 0
1  69 0 -1.00008890058235e-12 4.199999999998
2  35 6 0 -1.00008890058235e-12 4.199999999998
4 G1 6 0 67 0
0

0101000
+2963 0 -2965 0 *
Ed
 1e-07 1 1 0
1  70 0 0 1.5707963267942
2  36 6 0 0 1.5707963267942
2  37 13 0 0 1.5707963267942
4 G1 6 0 13 0
0

0101000
+2963 0 -3099 0 *
Wi

0101100
+2964 0 -2962 0 +2961 0 -3098 0 *
Fa
0  1e-07 6 0

0111000
+2960 0 *
Ve
1e-07
0.45 -4.58 2.749999999999
0 0

0101101
*
Ed
 1e-07 1 1 0
1  71 0 0 1.570796326798
2  38 13 0 0 1.570796326798
2  39 68 0 0 1.570796326798
4 G1 13 0 68 0
0

0101000
+2958 0 -2963 0 *
Ed
 1e-07 1 1 0
1  72 0 0 1.57079632679383
2  40 13 0 0 1.57079632679383
2  41 12 0 0 1.57079632679383
4 G1 13 0 12 0
0

0101000
+3087 0 -2958 0 *
Wi

0101100
-2961 0 -2957 0 -2956 0 +3085 0 *
Fa
0  1e-07 13 0

0111000
+2955 0 *
Ve
1e-07
0.45 -4.58 3.749999999999
0 0

0101101
*
Ed
 1e-07 1 1 0
1  73 0 -5.00000041370185e-12 0.999999999995
2  42 12 0 -5.00000041370185e-12 0.999999999995
4 G1 12 0 69 0
0

0101000
+2953 0 -2958 0 *
Ed
 1e-07 1 1 0
1  74 0 0 1.570796326795
2  43 12 0 0 1.570796326795
2  44 11 0 0 1.570796326795
4 G1 12 0 11 0
0

0101000
+2953 0 -3089 0 *
Wi

0101100
+2956 0 -2952 0 +2951 0 -3086 0 *
Fa
0  1e-07 12 0

0111000
+2950 0 *
Ve
1e-07
0.45 -2.079999999999 6.249999999999
0 0

0101101
*
Ed
 1e-07 1 1 0
1  75 0 0 1.5707963267949
2  45 11 0 0 1.5707963267949
2  46 70 0 0 1.5707963267949
4 G1 11 0 70 0
0

0101000
+2948 0 -2953 0 *
Ed
 1e-07 1 1 0
1  76 0 0 1.57079632679674
2  47 11 0 0 1.57079632679674
2  48 10 0 0 1.57079632679674
4 G1 11 0 10 0
0

0101000
+3091 0 -2948 0 *
Wi

0101100
-2951 0 -2947 0 -2946 0 +3088 0 *
Fa
0  1e-07 11 0

0111000
+2945 0 *
Ve
1e-07
0.45 2.12 6.249999999999
0 0

0101101
*
Ed
 1e-07 1 1 0
1  77 0 -1.00008890058234e-12 4.199999999998
2  49 10 0 -1.00008890058234e-12 4.199999999998
4 G1 10 0 71 0
0

0101000
+2943 0 -2948 0 *
Ed
 1e-07 1 1 0
1  78 0 0 1.570796326795
2  50 10 0 0 1.570796326795
2  51 9 0 0 1.570796326795
4 G1 10 0 9 0
0

0101000
+2943 0 -3093 0 *
Wi

0101100
+2946 0 -2942 0 +2941 0 -3090 0 *
Fa
0  1e-07 10 0

0111000
+2940 0 *
Ve
1.47408077408678e-05
0.45 4.62 3.75
0 0

0101101
*
Ed
 1e-07 1 1 0
1  79 0 1.17926345034885e-05 1.570808119429
2  52 9 0 1.17926345034885e-05 1.570808119429
2  53 72 0 1.17926345034885e-05 1.570808119429
4 G1 9 0 72 0
0

0101000
+2938 0 -2943 0 *
Ed
 1e-07 1 1 0
1  80 0 0 1.57079632679505
2  54 9 0 0 1.57079632679505
2  55 8 0 0 1.57079632679505
4 G1 9 0 8 0
0

0101000
+3095 0 -2938 0 *
Wi

0101100
-2941 0 -2937 0 -2936 0 +3092 0 *
Fa
0  1e-07 9 0

0111000
+2935 0 *
Ve
1.52433452527522e-05
0.45 4.62 2.75
0 0

0101101
*
Ed
 1e-07 1 1 0
1  81 0 -1.52433300000254e-05 0.99998475667
2  56 8 0 -1.52433300000254e-05 0.99998475667
4 G1 8 0 73 0
0

0101000
+2933 0 -2938 0 *
Ed
 1e-07 1 1 0
1  82 0 0 1.570796326795
2  57 8 0 0 1.570796326795
2  58 7 0 0 1.570796326795
4 G1 8 0 7 0
0

0101000
+2933 0 -3097 0 *
Wi

0101100
+2936 0 -2932 0 +2931 0 -3094 0 *
Fa
0  1e-07 8 0

0111000
+2930 0 *
Ed
 1e-07 1 1 0
1  83 0 0 1.5707963267949
2  59 7 0 0 1.5707963267949
2  60 74 0 0 1.5707963267949
4 G1 7 0 74 0
0

0101000
+2965 0 -2933 0 *
Wi

0101100
-2931 0 -2928 0 -2964 0 +3096 0 *
Fa
0  1e-07 7 0

0111000
+2927 0 *
Ve
0.000358409021011758
13.6999999899 4.202343644515 1.366586330526
0 0

0101101
*
Ve
1e-07
13.7 3.885843053023 0.9803112386388
0 0

0101101
*
Ed
 1e-07 1 1 0
1  84 0 6.28318521174196 6.48327117549062
2  61 74 0 6.28318521174196 6.48327117549062
2  62 75 0 6.28318521174196 6.48327117549062
4 G1 74 0 75 0
0

0101000
+2925 0 -2924 0 *
Ve
1e-07
13.7 2.119999999998 0.25
0 0

0101101
*
Ed
 1e-07 1 1 0
1  85 0 0 0.78431043260612
2  63 74 0 0 0.78431043260612
2  64 75 0 0 0.78431043260612
4 G1 74 0 75 0
0

0101000
+2924 0 -2922 0 *
Ed
 1e-07 1 1 0
1  86 0 0 13.25
2  65 74 0 0 13.25
4 G1 74 0 67 0
0

0101000
+2965 0 -2922 0 *
Ve
0.000358409021011758
8.290585674333 4.619999386247 2.750015218427
0 0

0101101
*
Ed
 6.13759137952439e-07 1 1 0
1  87 0 0 7.84058567433298
2  66 74 0 0 7.84058567433298
4 G1 74 0 73 0
0

0101000
+2919 0 -2933 0 *
Ed
 0.000358409021011758 1 1 0
1  88 0 0 1
2  67 74 0 0 1
2  68 76 0 0 1
4 C0 74 0 76 0
0

0101000
+2919 0 -2925 0 *
Wi

0101100
+2923 0 +2921 0 -2920 0 +2928 0 -2918 0 +2917 0 *
Fa
0  1e-07 74 0

0101000
+2916 0 *
Ve
0.000102705634326575
13.51048389651 4.410579821097 1.391287812766
0 0

0101101
*
Ed
 2.19664275351131e-05 1 1 0
1  89 0 0 1
2  69 76 0 0 1
2  70 77 0 0 1
4 C0 76 0 77 0
0

0101000
+2914 0 -2925 0 *
Ve
0.000102705634326575
8.537315042503 4.87 2.790322580645
0 0

0101101
*
Ed
 0.000102705634326575 1 1 0
1  90 0 1.38293799524014e-08 1
2  71 76 0 1.38293799524014e-08 1
2  72 78 0 1.38293799524014e-08 1
4 C0 76 0 78 0
0

0101000
+2912 0 -2914 0 *
Ed
 2.8871096966422e-06 1 1 0
1  91 0 0 1.57079684141732
2  73 76 0 0 1.57079684141732
2  74 79 0 0 1.57079684141732
4 G1 76 0 79 0
0

0101000
+2912 0 -2919 0 *
Wi

0101100
+2917 0 -2913 0 -2911 0 +2910 0 *
Fa
0  1e-07 76 0

0101000
+2909 0 *
Ve
0.00266525885580476
14.17294088233 4.282254723848 2.749999796814
0 0

0101101
*
Ed
 7.23630236940097e-05 1 1 0
1  92 0 0 1
2  75 77 0 0 1
2  76 75 0 0 1
4 C0 77 0 75 0
0

0101000
+2907 0 -2925 0 *
Ve
0.00124654808521518
14.16268459334 4.363382622637 2.790322478294
0 0

0101101
*
Ed
 0.000895967583774283 1 1 0
1  93 0 0 1
2  77 77 0 0 1
2  78 80 0 0 1
4 C0 77 0 80 0
0

0101000
+2905 0 -2907 0 *
Ed
 1.56601463984305e-05 1 1 0
1  94 0 0 1
2  79 77 0 0 1
2  80 78 0 0 1
4 C0 77 0 78 0
0

0101000
+2905 0 -2914 0 *
Wi

0101100
-2906 0 -2904 0 +2903 0 +2913 0 *
Fa
0  1e-07 77 0

0101000
+2902 0 *
Ve
0.000269760616804154
14.2 4.119999956911 2.750415157248
0 0

0101101
*
Ed
 0.000269760616804154 1 1 0
1  95 0 7.13253501576074e-06 1
2  81 75 0 7.13253501576074e-06 1
2  82 81 0 7.13253501576074e-06 1
4 G1 75 0 81 0
0

0101000
-2907 0 +2900 0 *
Ve
1e-07
14.2 3.532674442419 1.334248990911
0 0

0101101
*
Ed
 1e-07 1 1 0
1  96 0 0 0.786693472814855
2  83 75 0 0 0.786693472814855
4 G1 75 0 82 0
0

0101000
-2900 0 +2898 0 *
Ve
1e-07
14.2 2.119999999999 0.7500000000001
0 0

0101101
*
Ed
 1e-07 1 1 0
1  97 0 0 0.784310432605242
2  84 75 0 0 0.784310432605242
4 G1 75 0 82 0
0

0101000
+2896 0 -2898 0 *
Ed
 1e-07 1 1 0
1  98 0 0 1.5707963267949
2  85 75 0 0 1.5707963267949
2  86 83 0 0 1.5707963267949
4 G1 75 0 83 0
0

0101000
+2922 0 -2896 0 *
Wi

0101100
-2899 0 -2897 0 -2895 0 -2894 0 -2921 0 -2923 0 -2906 0 *
Fa
0  1e-07 75 0

0111000
+2893 0 *
Ve
1e-07
14.2 -2.08 0.7500000000001
0 0

0101101
*
Ed
 1e-07 1 1 0
1  99 0 4.4422729725252e-27 4.199999999999
2  87 83 0 4.4422729725252e-27 4.199999999999
4 G1 83 0 82 0
0

0101000
+2891 0 -2896 0 *
Ve
1e-07
13.7 -2.079999999999 0.2499999999999
0 0

0101101
*
Ed
 1e-07 1 1 0
1  100 0 0 1.57079632679576
2  88 83 0 0 1.57079632679576
2  89 84 0 0 1.57079632679576
4 G1 83 0 84 0
0

0101000
+2891 0 -2889 0 *
Ed
 1e-07 1 1 0
1  101 0 0 4.199999999997
2  90 83 0 0 4.199999999997
4 G1 83 0 67 0
0

0101000
+2922 0 -2889 0 *
Wi

0101100
+2894 0 -2890 0 +2888 0 -2887 0 *
Fa
0  1e-07 83 0

0111000
+2886 0 *
Ed
 1e-07 1 1 0
1  102 0 0 13.25
2  91 68 0 0 13.25
4 G1 67 0 68 0
0

0101000
+2889 0 -2963 0 *
Wi

0101100
-2887 0 -2920 0 -2962 0 -2884 0 *
Ve
1e-07
10.7 0.02 0.25
0 0

0101101
*
Ve
1e-07
11.7 0.02 0.25
0 0

0101101
*
Ed
 1e-07 1 1 0
1  103 0 0 3.14159265358979
2  92 85 0 0 3.14159265358979
4 C0 67 0 85 0
0

0101000
+2882 0 -2881 0 *
Ed
 1e-07 1 1 0
1  104 0 0 3.14159265358979
2  93 86 0 0 3.14159265358979
4 C0 67 0 86 0
0

0101000
+2881 0 -2882 0 *
Wi

0101100
-2880 0 -2879 0 *
Ve
1e-07
5.02753696005 -0.81856650685 0.25
0 0

0101101
*
Ve
1e-07
4.91145574935 -0.86328269815 0.25
0 0

0101101
*
Ed
 1e-07 1 1 0
1  105 0 0 1
2  94 87 0 0 1
4 C0 67 0 87 0
0

0101000
+2877 0 -2876 0 *
Ve
1e-07
5.0804917071 -0.7824491443 0.25
0 0

0101101
*
Ed
 1e-07 1 1 0
1  106 0 0 1
2  95 88 0 0 1
4 C0 67 0 88 0
0

0101000
+2874 0 -2877 0 *
Ve
1e-07
5.130309502596 -0.7270960374017 0.25
0 0

0101101
*
Ed
 1e-07 1 1 0
1  107 0 0 0.0744699885281036
4 C0 67 0 89 0
0

0101000
+2872 0 -2874 0 *
Ve
1e-07
5.761703939298 -0.0850000001499 0.25
0 0

0101101
*
Ed
 1e-07 1 1 0
1  108 0 0 0.900525544197776
4 C0 67 0 90 0
0

0101000
+2870 0 -2872 0 *
Ve
1e-07
3.1043857962 -0.08500000015 0.25
0 0

0101101
*
Ed
 1e-07 1 1 0
1  109 0 0 2.657318143098
4 C0 67 0 91 0
0

0101000
+2868 0 -2870 0 *
Ve
1e-07
3.1043857962 -0.35069491195 0.25
0 0

0101101
*
Ed
 1e-07 1 1 0
1  110 0 0 0.2656949118
4 C0 67 0 92 0
0

0101000
+2866 0 -2868 0 *
Ve
1e-07
2.462027363021 0.02017090275399 0.25
0 0

0101101
*
Ed
 1e-07 1 1 0
1  111 0 0 0.741731628820178
4 C0 67 0 93 0
0

0101000
+2864 0 -2866 0 *
Ve
1e-07
3.1043857962 0.3910367175515 0.25
0 0

0101101
*
Ed
 1e-07 1 1 0
1  112 0 0 0.741731628866938
4 C0 67 0 94 0
0

0101000
+2862 0 -2864 0 *
Ve
1e-07
3.1043857962 0.114271184 0.25
0 0

0101101
*
Ed
 1e-07 1 1 0
1  113 0 0 0.2767655335515
4 C0 67 0 95 0
0

0101000
+2860 0 -2862 0 *
Ve
1e-07
6.62521240305 0.114271184 0.25
0 0

0101101
*
Ed
 1e-07 1 1 0
1  114 0 0 3.52082660685
4 C0 67 0 96 0
0

0101000
+2858 0 -2860 0 *
Ve
1e-07
5.993817967327 0.767437841923 0.25
0 0

0101101
*
Ed
 1e-07 1 1 0
1  115 0 0 0.908452319323511
4 C0 67 0 97 0
0

0101000
+2856 0 -2858 0 *
Ve
1e-07
5.971676724654 0.789579085754 0.25
0 0

0101101
*
Ed
 1e-07 1 1 0
1  116 0 0 0.0313124464947798
4 C0 67 0 98 0
0

0101000
+2854 0 -2856 0 *
Ve
1e-07
5.678305282924 0.9058206102851 0.25
0 0

0101101
*
Ed
 1e-07 1 1 0
1  117 0 0 0.698428892157497
2  96 99 0 0 0.698428892157497
4 C0 67 0 99 0
0

0101000
+2852 0 -2854 0 *
Ve
1e-07
5.237087621402 0.9058206096148 0.25
0 0

0101101
*
Ed
 1e-07 1 1 0
1  118 0 0 0.441217661522
4 C0 67 0 100 0
0

0101000
+2850 0 -2852 0 *
Ve
1e-07
4.513122363 0.999920891 0.25
0 0

0101101
*
Ed
 1e-07 1 1 0
1  119 0 0 2.88308394471683
2  97 101 0 0 2.88308394471683
4 C0 67 0 101 0
0

0101000
+2848 0 -2850 0 *
Ve
1e-07
5.23227662805 1.110627104841 0.25
0 0

0101101
*
Ed
 1e-07 1 1 0
1  120 0 0 2.83611171639292
2  98 101 0 0 2.83611171639292
4 C0 67 0 101 0
0

0101000
+2846 0 -2848 0 *
Ve
1e-07
5.68384056455 1.110627104762 0.25
0 0

0101101
*
Ed
 1e-07 1 1 0
1  121 0 0 0.451563936499999
4 C0 67 0 102 0
0

0101000
+2844 0 -2846 0 *
Ve
1e-07
6.049171070907 0.9833149607973 0.25
0 0

0101101
*
Ed
 1e-07 1 1 0
1  122 0 0 0.637529832353281
2  99 103 0 0 0.637529832353281
4 C0 67 0 103 0
0

0101000
+2842 0 -2844 0 *
Ve
1e-07
6.060241703149 0.972244330117 0.25
0 0

0101101
*
Ed
 1e-07 1 1 0
1  123 0 0 0.0156562371563928
4 C0 67 0 104 0
0

0101000
+2840 0 -2842 0 *
Ve
1e-07
6.735549588028 0.3024717553724 0.25
0 0

0101101
*
Ed
 1e-07 1 1 0
1  124 0 0 0.951123567818483
4 C0 67 0 105 0
0

0101000
+2838 0 -2840 0 *
Ve
1e-07
6.757690839631 0.2803305049023 0.25
0 0

0101101
*
Ed
 1e-07 1 1 0
1  125 0 0 0.0313124575037959
4 C0 67 0 106 0
0

0101000
+2836 0 -2838 0 *
Ve
1e-07
6.779832080309 0.2637245722013 0.25
0 0

0101101
*
Ed
 1e-07 1 1 0
1  126 0 0 0.0276765521630005
4 C0 67 0 107 0
0

0101000
+2834 0 -2836 0 *
Ve
1e-07
6.813043944127 0.2360480198544 0.25
0 0

0101101
*
Ed
 1e-07 1 1 0
1  127 0 0 0.0432321575690604
4 C0 67 0 108 0
0

0101000
+2832 0 -2834 0 *
Ve
1e-07
6.857326430735 0.2028361553007 0.25
0 0

0101101
*
Ed
 1e-07 1 1 0
1  128 0 0 0.05535310801862
4 C0 67 0 109 0
0

0101000
+2830 0 -2832 0 *
Ve
1e-07
6.896073605399 0.1806949130512 0.25
0 0

0101101
*
Ed
 1e-07 1 1 0
1  129 0 0 0.0446271011022846
4 C0 67 0 110 0
0

0101000
+2828 0 -2830 0 *
Ve
1e-07
6.912679537695 0.1696242907027 0.25
0 0

0101101
*
Ed
 1e-07 1 1 0
1  130 0 0 0.01995784724369
4 C0 67 0 111 0
0

0101000
+2826 0 -2828 0 *
Ve
1e-07
7.00124450788 0.1253418067698 0.25
0 0

0101101
*
Ed
 1e-07 1 1 0
1  131 0 0 0.099018646360862
4 C0 67 0 112 0
0

0101000
+2824 0 -2826 0 *
Ve
1e-07
7.03076616492 0.1142711839928 0.25
0 0

0101101
*
Ed
 1e-07 1 1 0
1  132 0 0 0.0315291440267258
4 C0 67 0 113 0
0

0101000
+2822 0 -2824 0 *
Ve
1e-07
7.361230611413 0.1142711839923 0.25
0 0

0101101
*
Ed
 1e-07 1 1 0
1  133 0 0 0.330464446493
4 C0 67 0 114 0
0

0101000
+2820 0 -2822 0 *
Ve
1e-07
8.4648636795 0.0201709025 0.25
0 0

0101101
*
Ed
 1e-07 1 1 0
1  134 0 0 2.97147590293373
2  100 115 0 0 2.97147590293373
4 C0 67 0 115 0
0

0101000
+2818 0 -2820 0 *
Ve
1e-07
7.363247867301 -0.08500000011397 0.25
0 0

0101101
*
Ed
 1e-07 1 1 0
1  135 0 0 2.95123025636415
2  101 115 0 0 2.95123025636415
4 C0 67 0 115 0
0

0101000
+2816 0 -2818 0 *
Ve
1e-07
6.143271353772 -0.085000000114 0.25
0 0

0101101
*
Ed
 1e-07 1 1 0
1  136 0 0 1.219976513529
4 C0 67 0 116 0
0

0101000
+2814 0 -2816 0 *
Ve
1e-07
6.121130111002 -0.09607062097928 0.25
0 0

0101101
*
Ed
 1e-07 1 1 0
1  137 0 0 0.0247546617375963
4 C0 67 0 117 0
0

0101000
+2812 0 -2814 0 *
Ve
1e-07
6.093453557745 -0.1071412419695 0.25
0 0

0101101
*
Ed
 1e-07 1 1 0
1  138 0 0 0.0298085600003874
4 C0 67 0 118 0
0

0101000
+2810 0 -2812 0 *
Ve
1e-07
6.07684762638 -0.1182118636045 0.25
0 0

0101101
*
Ed
 1e-07 1 1 0
1  139 0 0 0.0199578460732717
4 C0 67 0 119 0
0

0101000
+2808 0 -2810 0 *
Ve
1e-07
6.038100451277 -0.1403531061994 0.25
0 0

0101101
*
Ed
 1e-07 1 1 0
1  140 0 0 0.0446271016548105
4 C0 67 0 120 0
0

0101000
+2806 0 -2808 0 *
Ve
1e-07
6.004888589128 -0.1624943481737 0.25
0 0

0101101
*
Ed
 1e-07 1 1 0
1  141 0 0 0.0399156909443977
4 C0 67 0 121 0
0

0101000
+2804 0 -2806 0 *
Ve
1e-07
5.924626582239 -0.2233827663738 0.25
0 0

0101101
*
Ed
 1e-07 1 1 0
1  142 0 0 0.100744177105975
4 C0 67 0 122 0
0

0101000
+2802 0 -2804 0 *
Ve
1e-07
5.916323618368 -0.2289180769918 0.25
0 0

0101101
*
Ed
 1e-07 1 1 0
1  143 0 0 0.00997892141871461
4 C0 67 0 123 0
0

0101000
+2800 0 -2802 0 *
Ve
1e-07
5.87757644253 -0.2621299409201 0.25
0 0

0101101
*
Ed
 1e-07 1 1 0
1  144 0 0 0.0510330436189417
4 C0 67 0 124 0
0

0101000
+2798 0 -2800 0 *
Ve
1e-07
5.180127298079 -0.9595790858313 0.25
0 0

0101101
*
Ed
 1e-07 1 1 0
1  145 0 0 0.986342039473526
4 C0 67 0 125 0
0

0101000
+2796 0 -2798 0 *
Ve
1e-07
5.130309502161 -0.9927909494699 0.25
0 0

0101101
*
Ed
 1e-07 1 1 0
1  146 0 0 0.0598735390341714
4 C0 67 0 126 0
0

0101000
+2794 0 -2796 0 *
Ve
1e-07
5.063885774441 -1.02600281369 0.25
0 0

0101101
*
Ed
 1e-07 1 1 0
1  147 0 0 0.0742639854114703
4 C0 67 0 127 0
0

0101000
+2792 0 -2794 0 *
Ve
1e-07
5.002997357232 -1.048144055092 0.25
0 0

0101101
*
Ed
 1e-07 1 1 0
1  148 0 0 0.0647891497169001
4 C0 67 0 128 0
0

0101000
+2790 0 -2792 0 *
Ve
1e-07
4.958714877281 -1.059214676055 0.25
0 0

0101101
*
Ed
 1e-07 1 1 0
1  149 0 0 0.0456453357871
4 C0 67 0 129 0
0

0101000
+2788 0 -2790 0 *
Ve
1e-07
4.88675584916 -1.070285299434 0.25
0 0

0101101
*
Ed
 1e-07 1 1 0
1  150 0 0 0.37565135750098
2  102 130 0 0 0.37565135750098
4 C0 67 0 130 0
0

0101000
+2786 0 -2788 0 *
Ve
1e-07
4.36090131855 -1.070285298732 0.25
0 0

0101101
*
Ed
 1e-07 1 1 0
1  151 0 0 0.52585453061
4 C0 67 0 131 0
0

0101000
+2784 0 -2786 0 *
Ve
1e-07
4.36090131855 -1.3359802105 0.25
0 0

0101101
*
Ed
 1e-07 1 1 0
1  152 0 0 0.265694911768
4 C0 67 0 132 0
0

0101000
+2782 0 -2784 0 *
Ve
1e-07
3.62470500075 -1.3359802105 0.25
0 0

0101101
*
Ed
 1e-07 1 1 0
1  153 0 0 0.7361963178
4 C0 67 0 133 0
0

0101000
+2780 0 -2782 0 *
Ve
1e-07
3.62470500075 -0.59978389195 0.25
0 0

0101101
*
Ed
 1e-07 1 1 0
1  154 0 0 0.73619631855
4 C0 67 0 134 0
0

0101000
+2778 0 -2780 0 *
Ve
1e-07
4.36090131855 -0.59978389195 0.25
0 0

0101101
*
Ed
 1e-07 1 1 0
1  155 0 0 0.7361963178
4 C0 67 0 135 0
0

0101000
+2776 0 -2778 0 *
Ve
1e-07
4.36090131855 -0.8710141147 0.25
0 0

0101101
*
Ed
 1e-07 1 1 0
1  156 0 0 0.27123022275
4 C0 67 0 136 0
0

0101000
+2774 0 -2776 0 *
Ve
1e-07
4.8480086571 -0.8710141147 0.25
0 0

0101101
*
Ed
 1e-07 1 1 0
1  157 0 0 0.48710733855
4 C0 67 0 137 0
0

0101000
+2772 0 -2774 0 *
Ed
 1e-07 1 1 0
1  158 0 0 1
2  103 138 0 0 1
4 C0 67 0 138 0
0

0101000
+2876 0 -2772 0 *
Wi

0101100
-2875 0 -2873 0 -2871 0 -2869 0 -2867 0 -2865 0 -2863 0 -2861 0 -2859 0 -2857 0 
-2855 0 -2853 0 -2851 0 -2849 0 -2847 0 -2845 0 -2843 0 -2841 0 -2839 0 -2837 0 
-2835 0 -2833 0 -2831 0 -2829 0 -2827 0 -2825 0 -2823 0 -2821 0 -2819 0 -2817 0 
-2815 0 -2813 0 -2811 0 -2809 0 -2807 0 -2805 0 -2803 0 -2801 0 -2799 0 -2797 0 
-2795 0 -2793 0 -2791 0 -2789 0 -2787 0 -2785 0 -2783 0 -2781 0 -2779 0 -2777 0 
-2775 0 -2773 0 -2771 0 -2770 0 *
Fa
0  1e-07 67 0

0111000
+2883 0 +2878 0 +2769 0 *
Ve
1e-07
13.7 -4.58 2.750000000008
0 0

0101101
*
Ed
 1e-07 1 1 0
1  159 0 -9.99755833675785e-14 13.2499999999999
2  104 68 0 -9.99755833675785e-14 13.2499999999999
4 G1 68 0 69 0
0

0101000
+2958 0 -2767 0 *
Ed
 1e-07 1 1 0
1  160 0 0 1.5707963267981
2  105 68 0 0 1.5707963267981
2  106 84 0 0 1.5707963267981
4 G1 68 0 84 0
0

0101000
+2889 0 -2767 0 *
Wi

0101100
-2766 0 +2957 0 -2884 0 +2765 0 *
Fa
0  1e-07 68 0

0111000
+2764 0 *
Ve
1e-07
14.2 -4.08 2.75
0 0

0101101
*
Ed
 1e-07 1 1 0
1  161 0 0 1.5707963267949
2  107 84 0 0 1.5707963267949
4 G1 84 0 82 0
0

0101000
+2762 0 -2891 0 *
Ed
 1e-07 1 1 0
1  162 0 0 1.5707963267949
2  108 84 0 0 1.5707963267949
2  109 139 0 0 1.5707963267949
4 G1 84 0 139 0
0

0101000
+2767 0 -2762 0 *
Wi

0101100
-2888 0 -2761 0 -2760 0 -2765 0 *
Fa
0  1e-07 84 0

0111000
+2759 0 *
Ve
1e-07
14.2 -4.08 3.749999999999
0 0

0101101
*
Ed
 1e-07 1 1 0
1  163 0 0 0.999999999999
2  110 139 0 0 0.999999999999
4 G1 139 0 82 0
0

0101000
+2757 0 -2762 0 *
Ve
1e-07
13.7 -4.58 3.749999999994
0 0

0101101
*
Ed
 1e-07 1 1 0
1  164 0 0 1.5707963267949
2  111 139 0 0 1.5707963267949
2  112 140 0 0 1.5707963267949
4 G1 139 0 140 0
0

0101000
+2757 0 -2755 0 *
Ed
 1e-07 1 1 0
1  165 0 3.99991151311951e-12 0.99999999999
2  113 139 0 3.99991151311951e-12 0.99999999999
4 G1 139 0 69 0
0

0101000
+2767 0 -2755 0 *
Wi

0101100
+2760 0 -2756 0 +2754 0 -2753 0 *
Fa
0  1e-07 139 0

0111000
+2752 0 *
Ed
 1e-07 1 1 0
1  166 0 0 13.25
2  114 70 0 0 13.25
4 G1 69 0 70 0
0

0101000
+2755 0 -2953 0 *
Wi

0101100
-2753 0 -2766 0 -2952 0 -2750 0 *
Fa
0  1e-07 69 0

0111000
+2749 0 *
Ve
1e-07
13.7 -2.08 6.249999999999
0 0

0101101
*
Ed
 1e-07 1 1 0
1  167 0 0 13.25
2  115 70 0 0 13.25
4 G1 70 0 71 0
0

0101000
+2948 0 -2747 0 *
Ed
 1e-07 1 1 0
1  168 0 0 1.570796326799
2  116 70 0 0 1.570796326799
2  117 140 0 0 1.570796326799
4 G1 70 0 140 0
0

0101000
+2755 0 -2747 0 *
Wi

0101100
-2746 0 +2947 0 -2750 0 +2745 0 *
Fa
0  1e-07 70 0

0111000
+2744 0 *
Ve
1e-07
14.2 -2.08 5.749999999999
0 0

0101101
*
Ed
 1e-07 1 1 0
1  169 0 0 1.57079632679495
2  118 140 0 0 1.57079632679495
4 G1 140 0 82 0
0

0101000
+2742 0 -2757 0 *
Ed
 1e-07 1 1 0
1  170 0 0 1.5707963267949
2  119 140 0 0 1.5707963267949
2  120 141 0 0 1.5707963267949
4 G1 140 0 141 0
0

0101000
+2747 0 -2742 0 *
Wi

0101100
-2754 0 -2741 0 -2740 0 -2745 0 *
Fa
0  1e-07 140 0

0111000
+2739 0 *
Ve
1e-07
14.2 2.12 5.749999999999
0 0

0101101
*
Ed
 1e-07 1 1 0
1  171 0 0 4.2
2  121 141 0 0 4.2
4 G1 141 0 82 0
0

0101000
+2737 0 -2742 0 *
Ve
1.49794236745354e-06
13.7 2.119999999999 6.249999999999
0 0

0101101
*
Ed
 1e-07 1 1 0
1  172 0 0 1.57079632679615
2  122 141 0 0 1.57079632679615
2  123 142 0 0 1.57079632679615
4 G1 141 0 142 0
0

0101000
+2737 0 -2735 0 *
Ed
 1e-07 1 1 0
1  173 0 -1.00008890058234e-12 4.199999999998
2  124 141 0 -1.00008890058234e-12 4.199999999998
4 G1 141 0 71 0
0

0101000
+2747 0 -2735 0 *
Wi

0101100
+2740 0 -2736 0 +2734 0 -2733 0 *
Fa
0  1e-07 141 0

0101000
+2732 0 *
Ed
 1e-07 1 1 0
1  174 0 0 13.25
2  125 72 0 0 13.25
4 G1 71 0 72 0
0

0101000
+2735 0 -2943 0 *
Wi

0101100
-2733 0 -2746 0 -2942 0 -2730 0 *
Ve
1e-07
11.7 0.02 6.249999999999
0 0

0101101
*
Ve
1e-07
10.7 0.02 6.249999999999
0 0

0101101
*
Ed
 1e-07 1 1 0
1  175 0 0 3.14159265358979
2  126 143 0 0 3.14159265358979
4 C0 71 0 143 0
0

0101000
+2728 0 -2727 0 *
Ed
 1e-07 1 1 0
1  176 0 0 3.14159265358979
2  127 144 0 0 3.14159265358979
4 C0 71 0 144 0
0

0101000
+2727 0 -2728 0 *
Wi

0101100
-2726 0 -2725 0 *
Fa
0  1e-07 71 0

0101000
-2729 0 -2724 0 *
Ve
0.000267198447710836
8.29058515498 4.619999409149 3.749985398375
0 0

0101101
*
Ed
 5.90856262924069e-07 1 1 0
1  177 0 6.61654050442779e-13 7.84058515498042
2  128 72 0 6.61654050442779e-13 7.84058515498042
4 G1 72 0 73 0
0

0101000
+2938 0 -2722 0 *
Ve
0.000267198447710836
13.7000001166 4.202343789664 5.133413272979
0 0

0101101
*
Ed
 1.49794236745354e-06 1 1 0
1  178 0 0 0.984396560584216
2  129 72 0 0 0.984396560584216
2  130 142 0 0 0.984396560584216
4 G1 72 0 142 0
0

0101000
+2735 0 -2720 0 *
Ed
 0.000267198447710836 1 1 0
1  179 0 0 1
2  131 72 0 0 1
2  132 145 0 0 1
4 C0 72 0 145 0
0

0101000
-2720 0 +2722 0 *
Wi

0101100
-2721 0 +2937 0 -2730 0 +2719 0 -2718 0 *
Fa
0  1e-07 72 0

0101000
+2717 0 *
Ve
0.000104676012489927
8.53731576085 4.870000000007 3.709677349685
0 0

0101101
*
Ed
 2.7745106234143e-06 1 1 0
1  180 0 6.28318234441656 7.8539816340025
2  133 145 0 6.28318234441656 7.8539816340025
2  134 79 0 6.28318234441656 7.8539816340025
4 G1 145 0 79 0
0

0101000
+2722 0 -2715 0 *
Ve
0.000104676012489927
13.51048410978 4.410579967274 5.108712016907
0 0

0101101
*
Ed
 0.000104676012489927 1 1 0
1  181 0 0 1
2  135 145 0 0 1
2  136 146 0 0 1
4 C0 145 0 146 0
0

0101000
+2713 0 -2715 0 *
Ed
 2.19858853910085e-05 1 1 0
1  182 0 0 1
2  137 145 0 0 1
2  138 147 0 0 1
4 C0 145 0 147 0
0

0101000
+2720 0 -2713 0 *
Wi

0101100
-2718 0 +2714 0 -2712 0 -2711 0 *
Fa
0  1e-07 145 0

0101000
+2710 0 *
Ve
1e-07
8.500000000001 4.87 3.249999999999
0 0

0101101
*
Ed
 1e-07 1 1 0
1  183 0 0 0.161997954570889
2  139 79 0 0 0.161997954570889
2  140 78 0 0 0.161997954570889
4 G1 79 0 78 0
0

0101000
+2708 0 -2912 0 *
Ed
 1e-07 1 1 0
1  184 0 0 0.161997954610185
2  141 79 0 0 0.161997954610185
2  142 146 0 0 0.161997954610185
4 G1 79 0 146 0
0

0101000
+2715 0 -2708 0 *
Ed
 1e-07 1 1 0
1  185 0 6.28318027243527 6.60716638875847
2  143 79 0 6.28318027243527 6.60716638875847
4 G1 79 0 73 0
0

0101000
+2919 0 -2722 0 *
Wi

0101100
-2707 0 -2706 0 -2714 0 -2705 0 -2910 0 *
Fa
0  1e-07 79 0

0111000
+2704 0 *
Ve
1e-07
8.499999999999 9.32 3.249999999999
0 0

0101101
*
Ed
 1e-07 1 1 0
1  186 0 -3.30551510131624e-25 4.45
2  144 78 0 -3.30551510131624e-25 4.45
2  145 146 0 -3.30551510131624e-25 4.45
4 CN 78 0 146 0
0

0101000
+2708 0 -2702 0 *
Ve
1.42218643327572e-06
14.2 9.32 3.249998577814
0 0

0101101
*
Ed
 1e-07 1 1 0
1  187 0 6.28318480816766 9.42477696274517
2  146 78 0 6.28318480816766 9.42477696274517
2  147 148 0 6.28318480816766 9.42477696274517
4 G1 78 0 148 0
0

0101000
+2700 0 -2702 0 *
Ve
0.00267242643777427
14.20000000001 4.119996964472 3.249997213143
0 0

0101101
*
Ed
 1e-07 1 1 0
1  188 0 0 5.20000303552818
2  148 78 0 0 5.20000303552818
2  149 146 0 0 5.20000303552818
4 CN 78 0 146 0
0

0101000
+2700 0 -2698 0 *
Ed
 0.00124654808521518 1 1 0
1  189 0 0 1
2  150 78 0 0 1
2  151 80 0 0 1
4 C0 78 0 80 0
0

0101000
+2905 0 -2698 0 *
Wi

0101100
+2701 0 -2699 0 +2697 0 -2696 0 +2903 0 -2911 0 -2707 0 *
Fa
0  1e-07 78 0

0111000
+2695 0 *
Ed
 0.00266525885580476 1 1 0
1  190 0 0 1
2  152 80 0 0 1
2  153 81 0 0 1
4 C0 80 0 81 0
0

0101000
+2907 0 -2698 0 *
Wi

0101100
-2696 0 +2904 0 +2693 0 *
Fa
0  1e-07 80 0

0111000
+2692 0 *
Ed
 1e-07 1 1 0
1  191 0 3.04037945197301e-05 0.499612459696305
2  154 81 0 3.04037945197301e-05 0.499612459696305
4 G1 81 0 82 0
0

0101000
+2900 0 -2698 0 *
Wi

0101100
-2690 0 +2899 0 +2693 0 *
Fa
0  1e-07 81 0

0111000
+2689 0 *
Ve
0.000311394459935026
14.2 4.119999926155 3.750543491667
0 0

0101101
*
Ed
 1e-07 1 1 0
1  192 0 0 1.57052458095772
2  155 142 0 0 1.57052458095772
4 G1 82 0 142 0
0

0101000
+2687 0 -2737 0 *
Ed
 1e-07 1 1 0
1  193 0 0 0.500546278532706
2  156 149 0 0 0.500546278532706
4 G1 82 0 149 0
0

0101000
+2698 0 -2687 0 *
Wi

0101100
-2690 0 -2897 0 -2895 0 -2890 0 -2761 0 -2756 0 -2741 0 -2736 0 -2686 0 -2685 0 
*
Fa
0  1e-07 82 0

0101000
-2684 0 *
Ve
0.00267242643777427
14.17294090818 4.282254703794 3.750000075818
0 0

0101101
*
Ed
 0.000311394459935026 1 1 0
1  194 0 0 1
2  157 142 0 0 1
2  158 149 0 0 1
4 G1 142 0 149 0
0

0101000
+2682 0 -2687 0 *
Ed
 7.17487671616268e-05 1 1 0
1  195 0 0 1
2  159 142 0 0 1
2  160 147 0 0 1
4 C0 142 0 147 0
0

0101000
+2720 0 -2682 0 *
Wi

0101100
-2719 0 -2734 0 -2686 0 -2681 0 -2680 0 *
Fa
0  1e-07 142 0

0101000
+2679 0 *
Ve
0.00124174083912109
14.16268463833 4.363382598357 3.709677342237
0 0

0101101
*
Ed
 1.57109811513512e-05 1 1 0
1  196 0 0 1
2  161 147 0 0 1
2  162 146 0 0 1
4 C0 147 0 146 0
0

0101000
+2713 0 -2677 0 *
Ed
 0.000895969132501558 1 1 0
1  197 0 0 1
2  163 147 0 0 1
2  164 150 0 0 1
4 C0 147 0 150 0
0

0101000
+2682 0 -2677 0 *
Wi

0101100
-2680 0 +2711 0 +2676 0 -2675 0 *
Fa
0  1e-07 147 0

0111000
+2674 0 *
Ed
 1e-07 1 1 0
1  198 0 0 3.14159315260207
2  165 146 0 0 3.14159315260207
2  166 151 0 0 3.14159315260207
4 G1 146 0 151 0
0

0101000
+2702 0 -2700 0 *
Ed
 0.00124174083912109 1 1 0
1  199 0 0 1
2  167 146 0 0 1
2  168 150 0 0 1
4 C0 146 0 150 0
0

0101000
+2698 0 -2677 0 *
Wi

0101100
-2697 0 -2672 0 -2701 0 -2706 0 -2712 0 +2676 0 -2671 0 *
Fa
0  1e-07 146 0

0111000
+2670 0 *
Ed
 0.00267242643777427 1 1 0
1  200 0 0 1
2  169 150 0 0 1
2  170 149 0 0 1
4 C0 150 0 149 0
0

0101000
+2698 0 -2682 0 *
Wi

0101100
+2668 0 +2675 0 -2671 0 *
Fa
0  1e-07 150 0

0111000
+2667 0 *
Wi

0101100
+2681 0 -2685 0 +2668 0 *
Fa
0  1e-07 149 0

0111000
+2665 0 *
Ve
1e-07
8.749999999996 9.57 3.25
0 0

0101101
*
Ed
 1e-07 1 1 0
1  201 0 0 1.57079632679492
2  171 151 0 0 1.57079632679492
2  172 148 0 0 1.57079632679492
4 CN 151 0 148 0
0

0101000
+2663 0 -2702 0 *
Ve
1e-07
13.95 9.57 3.249999999999
0 0

0101101
*
Ed
 1e-07 1 1 0
1  202 0 0 1.5707963267949
2  173 151 0 0 1.5707963267949
2  174 148 0 0 1.5707963267949
4 CN 151 0 148 0
0

0101000
+2700 0 -2661 0 *
Ed
 1e-07 1 1 0
1  203 0 0 3.14159265358979
2  175 151 0 0 3.14159265358979
4 G1 151 0 152 0
0

0101000
+2663 0 -2661 0 *
Wi

0101100
+2662 0 +2672 0 +2660 0 -2659 0 *
Fa
0  1e-07 151 0

0111000
+2658 0 *
Ed
 1e-07 1 1 0
1  204 0 0 3.14159265358979
2  176 148 0 0 3.14159265358979
4 G1 152 0 148 0
0

0101000
+2661 0 -2663 0 *
Wi

0101100
-2656 0 -2659 0 *
Ve
1e-07
9.75 9.57 3.249999999999
0 0

0101101
*
Ve
1e-07
12.95 9.57 3.249999999999
0 0

0101101
*
Ed
 1e-07 1 1 0
1  205 0 0 3.14159265358979
2  177 153 0 0 3.14159265358979
4 C0 152 0 153 0
0

0101000
+2654 0 -2653 0 *
Ed
 1e-07 1 1 0
1  206 0 0 3.14159265358979
2  178 154 0 0 3.14159265358979
4 C0 152 0 154 0
0

0101000
+2653 0 -2654 0 *
Wi

0101100
+2652 0 +2651 0 *
Fa
0  1e-07 152 0

0111000
-2655 0 -2650 0 *
Wi

0101100
-2660 0 +2699 0 -2662 0 -2656 0 *
Fa
0  1e-07 148 0

0111000
+2648 0 *
Ve
1e-07
12.95 19.57 3.249999999999
0 0

0101101
*
Ed
 1e-07 1 1 0
1  207 0 0 10
2  179 153 0 0 10
2  180 154 0 0 10
4 CN 153 0 154 0
0

0101000
+2653 0 -2646 0 *
Ve
1e-07
9.75 19.57 3.249999999999
0 0

0101101
*
Ed
 1e-07 1 1 0
1  208 0 0 3.14159265358979
2  181 153 0 0 3.14159265358979
4 C0 153 0 155 0
0

0101000
+2644 0 -2646 0 *
Ed
 1e-07 1 1 0
1  209 0 0 10
2  182 153 0 0 10
2  183 154 0 0 10
4 CN 153 0 154 0
0

0101000
+2644 0 -2654 0 *
Wi

0101100
+2645 0 -2643 0 +2642 0 +2652 0 *
Fa
0  1e-07 153 0

0111000
+2641 0 *
Ve
6.50185198721575e-06
10.32672095692 3.4 4.479999999999
0 0

0101101
*
Ve
6.50185198721575e-06
10.88191881046 3.1 4.779999999999
0 0

0101101
*
Ed
 6.50185198721575e-06 1 1 0
1  210 0 0 1
2  184 156 0 0 1
2  185 157 0 0 1
4 C0 156 0 157 0
0

0101000
+2639 0 -2638 0 *
Ve
1e-07
10.88191881046 -0.43 4.779999999999
0 0

0101101
*
Ed
 1e-07 1 1 0
1  211 0 0 3.53
2  186 156 0 0 3.53
4 C0 156 0 158 0
0

0101000
+2636 0 -2638 0 *
Ve
1e-07
11.81808118954 -0.43 4.779999999999
0 0

0101101
*
Ed
 1e-07 1 1 0
1  212 0 0 0.593786395064683
2  187 156 0 0 0.593786395064683
4 C0 156 0 159 0
0

0101000
+2636 0 -2634 0 *
Ve
1.4859908633772e-05
11.81808118954 3.1 4.779999999999
0 0

0101101
*
Ed
 1e-07 1 1 0
1  213 0 0 3.53
2  188 156 0 0 3.53
4 C0 156 0 158 0
0

0101000
+2634 0 -2632 0 *
Ve
1.4859908633772e-05
12.37327904308 3.4 4.479999999999
0 0

0101101
*
Ed
 1.4859908633772e-05 1 1 0
1  214 0 0 1
2  189 156 0 0 1
2  190 160 0 0 1
4 C0 156 0 160 0
0

0101000
+2632 0 -2630 0 *
Ve
1e-07
12.7 3.4 4.108778201865
0 0

0101101
*
Ed
 1e-07 1 1 0
1  215 0 0 0.310320017402204
2  191 156 0 0 0.310320017402204
4 C0 156 0 161 0
0

0101000
+2630 0 -2628 0 *
Ve
0.000149622118038362
12.7 3.837874661561 4.108778201865
0 0

0101101
*
Ed
 1e-07 1 1 0
1  216 0 0 0.437874661561
2  192 156 0 0 0.437874661561
4 C0 156 0 162 0
0

0101000
+2628 0 -2626 0 *
Ve
0.000149622118038362
9.84750206998 3.87 3.799999964199
0 0

0101101
*
Ed
 0.000149622118038362 1 1 0
1  217 0 0 1
2  193 156 0 0 1
2  194 163 0 0 1
4 C0 156 0 163 0
0

0101000
+2624 0 -2626 0 *
Ve
0.000161328664799191
9.847502048973 3.87 2.700000105735
0 0

0101101
*
Ed
 1e-07 1 1 0
1  218 0 6.92238193372221e-08 0.701814664574514
2  195 156 0 6.92238193372221e-08 0.701814664574514
4 C0 156 0 164 0
0

0101000
+2622 0 -2624 0 *
Ve
0.000161328664799191
12.7 3.837874661561 2.391221798133
0 0

0101101
*
Ed
 0.000161328664799191 1 1 0
1  219 0 0 1
2  196 156 0 0 1
2  197 165 0 0 1
4 C0 156 0 165 0
0

0101000
+2620 0 -2622 0 *
Ve
1e-07
12.7 3.4 2.391221798133
0 0

0101101
*
Ed
 1e-07 1 1 0
1  220 0 0 0.437874661561
2  198 156 0 0 0.437874661561
4 C0 156 0 162 0
0

0101000
+2618 0 -2620 0 *
Ve
7.94973443262452e-06
12.38518114357 3.4 2.029999999999
0 0

0101101
*
Ed
 1e-07 1 1 0
1  221 0 0 0.300604093431996
2  199 156 0 0 0.300604093431996
4 C0 156 0 166 0
0

0101000
+2618 0 -2616 0 *
Ve
7.94973443262452e-06
11.84959983987 3.1 1.729999999999
0 0

0101101
*
Ed
 7.94973443262452e-06 1 1 0
1  222 0 0 1
2  200 156 0 0 1
2  201 167 0 0 1
4 C0 156 0 167 0
0

0101000
+2616 0 -2614 0 *
Ve
1e-07
11.84959983987 -0.43 1.729999999999
0 0

0101101
*
Ed
 1e-07 1 1 0
1  223 0 0 3.53
2  202 156 0 0 3.53
4 C0 156 0 168 0
0

0101000
+2612 0 -2614 0 *
Ve
1e-07
10.85040016013 -0.43 1.729999999999
0 0

0101101
*
Ed
 1e-07 1 1 0
1  224 0 0 0.635120858581912
2  203 156 0 0 0.635120858581912
4 C0 156 0 169 0
0

0101000
+2612 0 -2610 0 *
Ve
1.17907099274837e-05
10.85040016013 3.1 1.729999999999
0 0

0101101
*
Ed
 1e-07 1 1 0
1  225 0 0 3.53
2  204 156 0 0 3.53
4 C0 156 0 168 0
0

0101000
+2610 0 -2608 0 *
Ve
1.17907099274837e-05
10.31481885643 3.4 2.029999999999
0 0

0101101
*
Ed
 1.17907099274837e-05 1 1 0
1  226 0 0 1
2  205 156 0 0 1
2  206 170 0 0 1
4 C0 156 0 170 0
0

0101000
+2608 0 -2606 0 *
Ed
 1e-07 1 1 0
1  227 0 0 1.74405277207644
2  207 156 0 0 1.74405277207644
4 C0 156 0 171 0
0

0101000
+2639 0 -2606 0 *
Wi

0101100
+2637 0 -2635 0 +2633 0 +2631 0 +2629 0 +2627 0 +2625 0 -2623 0 -2621 0 -2619 0 
-2617 0 +2615 0 +2613 0 -2611 0 +2609 0 +2607 0 +2605 0 -2604 0 *
Fa
0  1e-07 156 0

0111000
+2603 0 *
Ed
 1e-07 1 1 0
1  228 0 0 3.14159265358979
2  208 154 0 0 3.14159265358979
4 C0 154 0 155 0
0

0101000
+2646 0 -2644 0 *
Wi

0101100
-2642 0 -2601 0 -2645 0 +2651 0 *
Fa
0  1e-07 154 0

0111000
+2600 0 *
Ve
1e-07
12.7 3.4 4.479999999999
0 0

0101101
*
Ed
 1e-07 1 1 0
1  229 0 0 0.371221798134
4 C0 161 0 162 0
0

0101000
+2598 0 -2628 0 *
Ed
 1e-07 1 1 0
1  230 0 0 0.326720956919999
2  209 160 0 0 0.326720956919999
4 G1 161 0 160 0
0

0101000
+2630 0 -2598 0 *
Wi

0101100
-2597 0 -2596 0 +2627 0 *
Fa
0  1e-07 161 0

0111000
-2595 0 *
Ve
1e-07
12.7 3.4 2.029999999999
0 0

0101101
*
Ed
 1e-07 1 1 0
1  231 0 0 0.361221798134
4 C0 166 0 162 0
0

0101000
+2618 0 -2593 0 *
Ed
 1e-07 1 1 0
1  232 0 0 0.31481885643
2  210 167 0 0 0.31481885643
4 G1 166 0 167 0
0

0101000
+2593 0 -2616 0 *
Wi

0101100
-2592 0 +2615 0 -2591 0 *
Fa
0  1e-07 166 0

0111000
-2590 0 *
Ve
1e-07
1.2 3.4 3.420998066158
0 0

0101101
*
Ve
1e-07
1.2 3.4 4.479999999999
0 0

0101101
*
Ed
 1e-07 1 1 0
1  233 0 0 1.059001933841
4 C0 171 0 172 0
0

0101000
+2588 0 -2587 0 *
Ve
1e-07
1.4 3.4 3.420998066158
0 0

0101101
*
Ed
 1e-07 1 1 0
1  234 0 0 0.2
2  211 173 0 0 0.2
4 C0 171 0 173 0
0

0101000
+2585 0 -2588 0 *
Ve
1e-07
1.4 3.4 2.484168760482
0 0

0101101
*
Ed
 1e-07 1 1 0
1  235 0 0 0.936829305676
4 C0 171 0 174 0
0

0101000
+2583 0 -2585 0 *
Ve
1e-07
1.2 3.4 2.484168760482
0 0

0101101
*
Ed
 1e-07 1 1 0
1  236 0 0 0.2
2  212 175 0 0 0.2
4 C0 171 0 175 0
0

0101000
+2583 0 -2581 0 *
Ve
1e-07
1.2 3.4 2.029999999999
0 0

0101101
*
Ed
 1e-07 1 1 0
1  237 0 0 0.454168760483
4 C0 171 0 172 0
0

0101000
+2581 0 -2579 0 *
Ed
 1e-07 1 1 0
1  238 0 0 9.11481885643
2  213 170 0 0 9.11481885643
4 G1 171 0 170 0
0

0101000
+2606 0 -2579 0 *
Ed
 1e-07 1 1 0
1  239 0 0 9.12672095692
2  214 157 0 0 9.12672095692
4 G1 171 0 157 0
0

0101000
+2587 0 -2639 0 *
Wi

0101100
-2586 0 -2584 0 -2582 0 +2580 0 +2578 0 -2577 0 -2604 0 -2576 0 *
Fa
0  1e-07 171 0

0111000
-2575 0 *
Ve
0.000222669872072399
12.7 -3.1 1.729999999999
0 0

0101101
*
Ve
1e-07
12.7 3.1 1.729999999999
0 0

0101101
*
Ed
 1e-07 1 1 0
1  240 0 0 6.2
4 C0 162 0 168 0
0

0101000
+2573 0 -2572 0 *
Ve
1e-07
12.7 -3.4 2.029999999999
0 0

0101101
*
Ed
 1e-07 1 1 0
1  241 0 0 1.5707963267949
2  215 176 0 0 1.5707963267949
4 C0 162 0 176 0
0

0101000
+2570 0 -2573 0 *
Ve
1e-07
12.7 -3.4 4.479999999999
0 0

0101101
*
Ed
 1e-07 1 1 0
1  242 0 0 2.45
4 C0 162 0 177 0
0

0101000
+2570 0 -2568 0 *
Ve
1e-07
12.7 -3.1 4.779999999999
0 0

0101101
*
Ed
 1e-07 1 1 0
1  243 0 0 1.5707963267949
2  216 178 0 0 1.5707963267949
4 C0 162 0 178 0
0

0101000
+2566 0 -2568 0 *
Ve
1e-07
12.7 3.1 4.779999999999
0 0

0101101
*
Ed
 1e-07 1 1 0
1  244 0 0 6.2
4 C0 162 0 158 0
0

0101000
+2566 0 -2564 0 *
Ed
 1e-07 1 1 0
1  245 0 0 1.5707963267949
2  217 160 0 0 1.5707963267949
4 C0 162 0 160 0
0

0101000
+2598 0 -2564 0 *
Ve
1e-07
12.7 2.37 5.3
0 0

0101101
*
Ed
 1e-07 1 1 0
1  246 0 0 1.36346191509746
2  218 163 0 0 1.36346191509746
4 C0 162 0 163 0
0

0101000
+2626 0 -2561 0 *
Ve
1e-07
12.7 -2.33 5.3
0 0

0101101
*
Ed
 1e-07 1 1 0
1  247 0 0 4.7
4 C0 162 0 179 0
0

0101000
+2559 0 -2561 0 *
Ve
1e-07
12.7 -3.83 3.8
0 0

0101101
*
Ed
 1e-07 1 1 0
1  248 0 0 1.5707963267949
2  219 180 0 0 1.5707963267949
4 C0 162 0 180 0
0

0101000
+2559 0 -2557 0 *
Ve
1e-07
12.7 -3.83 2.7
0 0

0101101
*
Ed
 1e-07 1 1 0
1  249 0 0 1.1
4 C0 162 0 181 0
0

0101000
+2555 0 -2557 0 *
Ve
1e-07
12.7 -2.33 1.2
0 0

0101101
*
Ed
 1e-07 1 1 0
1  250 0 0 1.5707963267949
2  220 182 0 0 1.5707963267949
4 C0 162 0 182 0
0

0101000
+2555 0 -2553 0 *
Ve
1e-07
12.7 2.37 1.2
0 0

0101101
*
Ed
 1e-07 1 1 0
1  251 0 0 4.7
4 C0 162 0 183 0
0

0101000
+2551 0 -2553 0 *
Ed
 1e-07 1 1 0
1  252 0 0 1.36346191509607
2  221 165 0 0 1.36346191509607
4 C0 162 0 165 0
0

0101000
+2551 0 -2620 0 *
Ed
 1e-07 1 1 0
1  253 0 0 1.5707963267949
2  222 167 0 0 1.5707963267949
4 C0 162 0 167 0
0

0101000
+2572 0 -2593 0 *
Wi

0101100
-2571 0 -2569 0 +2567 0 -2565 0 +2563 0 -2562 0 +2597 0 +2625 0 +2560 0 -2558 0 
+2556 0 -2554 0 +2552 0 -2550 0 +2549 0 -2617 0 +2592 0 -2548 0 *
Fa
0  1e-07 162 0

0111000
+2547 0 *
Ve
1e-07
6.8 2.295 1.729999999999
0 0

0101101
*
Ve
1e-07
6.8 2.795 1.729999999999
0 0

0101101
*
Ed
 1e-07 1 1 0
1  254 0 0 0.5
4 C0 184 0 185 0
0

0101000
+2545 0 -2544 0 *
Ve
1e-07
7.8 2.295 1.729999999999
0 0

0101101
*
Ed
 1e-07 1 1 0
1  255 0 0 1
4 C0 184 0 186 0
0

0101000
+2542 0 -2545 0 *
Ve
1e-07
7.8 2.795 1.729999999999
0 0

0101101
*
Ed
 1e-07 1 1 0
1  256 0 0 0.5
4 C0 184 0 187 0
0

0101000
+2540 0 -2542 0 *
Ed
 1e-07 1 1 0
1  257 0 0 1
4 C0 184 0 188 0
0

0101000
+2544 0 -2540 0 *
Wi

0101100
-2543 0 -2541 0 -2539 0 -2538 0 *
Fa
0  1e-07 184 0

0111000
+2537 0 *
Ve
1e-07
6.8 -2.305 1.729999999999
0 0

0101101
*
Ve
1e-07
7.8 -2.305 1.729999999999
0 0

0101101
*
Ed
 1e-07 1 1 0
1  258 0 0 1
4 C0 189 0 190 0
0

0101000
+2535 0 -2534 0 *
Ve
1e-07
6.8 -2.805 1.729999999999
0 0

0101101
*
Ed
 1e-07 1 1 0
1  259 0 0 0.5
4 C0 189 0 191 0
0

0101000
+2532 0 -2535 0 *
Ve
1e-07
7.8 -2.805 1.729999999999
0 0

0101101
*
Ed
 1e-07 1 1 0
1  260 0 0 1
4 C0 189 0 192 0
0

0101000
+2530 0 -2532 0 *
Ed
 1e-07 1 1 0
1  261 0 0 0.5
4 C0 189 0 193 0
0

0101000
+2534 0 -2530 0 *
Wi

0101100
-2533 0 -2531 0 -2529 0 -2528 0 *
Fa
0  1e-07 189 0

0111000
+2527 0 *
Ve
1e-07
5.05 -2.085 1.729999999999
0 0

0101101
*
Ve
1e-07
5.05 -2.685 1.729999999999
0 0

0101101
*
Ed
 1e-07 1 1 0
1  262 0 0 0.6
4 C0 194 0 195 0
0

0101000
+2525 0 -2524 0 *
Ve
1e-07
5.95 -2.685 1.729999999999
0 0

0101101
*
Ed
 1e-07 1 1 0
1  263 0 0 0.9
4 C0 194 0 196 0
0

0101000
+2522 0 -2524 0 *
Ve
1e-07
5.95 -2.085 1.729999999999
0 0

0101101
*
Ed
 1e-07 1 1 0
1  264 0 0 0.6
4 C0 194 0 197 0
0

0101000
+2520 0 -2522 0 *
Ed
 1e-07 1 1 0
1  265 0 0 0.9
4 C0 194 0 198 0
0

0101000
+2525 0 -2520 0 *
Wi

0101100
+2523 0 -2521 0 -2519 0 -2518 0 *
Fa
0  1e-07 194 0

0111000
+2517 0 *
Ve
1e-07
5.05 2.675 1.729999999999
0 0

0101101
*
Ve
1e-07
5.05 2.075 1.729999999999
0 0

0101101
*
Ed
 1e-07 1 1 0
1  266 0 0 0.6
4 C0 199 0 200 0
0

0101000
+2515 0 -2514 0 *
Ve
1e-07
5.95 2.075 1.729999999999
0 0

0101101
*
Ed
 1e-07 1 1 0
1  267 0 0 0.9
4 C0 199 0 201 0
0

0101000
+2512 0 -2514 0 *
Ve
1e-07
5.95 2.675 1.729999999999
0 0

0101101
*
Ed
 1e-07 1 1 0
1  268 0 0 0.6
4 C0 199 0 202 0
0

0101000
+2510 0 -2512 0 *
Ed
 1e-07 1 1 0
1  269 0 0 0.9
4 C0 199 0 203 0
0

0101000
+2515 0 -2510 0 *
Wi

0101100
+2513 0 -2511 0 -2509 0 -2508 0 *
Fa
0  1e-07 199 0

0111000
+2507 0 *
Ed
 1e-07 1 1 0
1  270 0 0 0.850400160129999
2  223 167 0 0 0.850400160129999
4 G1 168 0 167 0
0

0101000
+2614 0 -2572 0 *
Ed
 1e-07 1 1 0
1  271 0 0 0.99919967974
4 C0 168 0 169 0
0

0101000
+2612 0 -2610 0 *
Ve
1e-07
8.8 3.1 1.729999999999
0 0

0101101
*
Ed
 1e-07 1 1 0
1  272 0 0 2.05040016013
2  224 170 0 0 2.05040016013
4 G1 168 0 170 0
0

0101000
+2503 0 -2608 0 *
Ve
1e-07
8.8 0.87 1.729999999999
0 0

0101101
*
Ed
 1e-07 1 1 0
1  273 0 0 2.23
4 C0 168 0 204 0
0

0101000
+2503 0 -2501 0 *
Ve
1e-07
5.05 0.87 1.729999999999
0 0

0101101
*
Ed
 1e-07 1 1 0
1  274 0 0 3.75
4 C0 168 0 205 0
0

0101000
+2499 0 -2501 0 *
Ve
1e-07
5.05 0.645 1.729999999999
0 0

0101101
*
Ed
 1e-07 1 1 0
1  275 0 0 0.225
4 C0 168 0 206 0
0

0101000
+2497 0 -2499 0 *
Ve
1e-07
1.2 0.645 1.729999999999
0 0

0101101
*
Ed
 1e-07 1 1 0
1  276 0 0 3.85
4 C0 168 0 207 0
0

0101000
+2497 0 -2495 0 *
Ve
1e-07
1.2 -0.655 1.729999999999
0 0

0101101
*
Ed
 1e-07 1 1 0
1  277 0 0 1.3
4 C0 168 0 172 0
0

0101000
+2493 0 -2495 0 *
Ve
1e-07
5.05 -0.655 1.729999999999
0 0

0101101
*
Ed
 1e-07 1 1 0
1  278 0 0 3.85
4 C0 168 0 208 0
0

0101000
+2493 0 -2491 0 *
Ve
1e-07
5.05 -0.88 1.729999999999
0 0

0101101
*
Ed
 1e-07 1 1 0
1  279 0 0 0.225
4 C0 168 0 209 0
0

0101000
+2489 0 -2491 0 *
Ve
0.00022170010675818
8.8 -0.88 1.729999999999
0 0

0101101
*
Ed
 1e-07 1 1 0
1  280 0 0 3.75
4 C0 168 0 210 0
0

0101000
+2487 0 -2489 0 *
Ve
0.000765373461901363
8.8 -3.100763075659 1.729778302109
0 0

0101101
*
Ed
 0.00022170010675818 1 1 0
1  281 0 0 2.22076308672501
4 C0 168 0 211 0
0

0101000
+2487 0 -2485 0 *
Ed
 0.000222669872072399 1 1 0
1  282 0 -0 3.90000008095313
2  225 176 0 -0 3.90000008095313
4 G1 168 0 176 0
0

0101000
+2573 0 -2485 0 *
Wi

0101100
+2571 0 -2505 0 -2611 0 +2504 0 +2607 0 -2502 0 +2500 0 -2498 0 -2496 0 +2494 0 
-2492 0 +2490 0 -2488 0 -2486 0 +2484 0 -2483 0 *
Fa
0  1e-07 168 0

0111000
+2482 0 *
Ve
1e-07
6.8 2.795 1.724999999999
0 0

0101101
*
Ed
 1e-07 1 1 0
1  283 0 0 0.00499999999999989
4 C0 185 0 188 0
0

0101000
+2480 0 -2544 0 *
Ve
1e-07
6.8 2.295 1.724999999999
0 0

0101101
*
Ed
 1e-07 1 1 0
1  284 0 0 0.5
4 C0 185 0 212 0
0

0101000
+2480 0 -2478 0 *
Ed
 1e-07 1 1 0
1  285 0 0 0.00499999999999989
4 C0 185 0 186 0
0

0101000
+2545 0 -2478 0 *
Wi

0101100
+2543 0 -2479 0 +2477 0 -2476 0 *
Fa
0  1e-07 185 0

0111000
-2475 0 *
Ve
1e-07
7.8 2.795 1.724999999999
0 0

0101101
*
Ed
 1e-07 1 1 0
1  286 0 0 0.00499999999999989
4 C0 188 0 187 0
0

0101000
+2473 0 -2540 0 *
Ed
 1e-07 1 1 0
1  287 0 0 1
4 C0 188 0 212 0
0

0101000
+2473 0 -2480 0 *
Wi

0101100
+2538 0 -2472 0 +2471 0 +2479 0 *
Fa
0  1e-07 188 0

0111000
+2470 0 *
Ve
1e-07
7.8 2.295 1.724999999999
0 0

0101101
*
Ed
 1e-07 1 1 0
1  288 0 0 0.00499999999999989
4 C0 187 0 186 0
0

0101000
+2468 0 -2542 0 *
Ed
 1e-07 1 1 0
1  289 0 0 0.5
4 C0 187 0 212 0
0

0101000
+2468 0 -2473 0 *
Wi

0101100
+2539 0 -2467 0 +2466 0 +2472 0 *
Fa
0  1e-07 187 0

0111000
+2465 0 *
Ed
 1e-07 1 1 0
1  290 0 0 1
4 C0 186 0 212 0
0

0101000
+2478 0 -2468 0 *
Wi

0101100
+2541 0 +2476 0 +2463 0 +2467 0 *
Fa
0  1e-07 186 0

0111000
-2462 0 *
Ve
1e-07
5.05 0.645 1.724999999999
0 0

0101101
*
Ve
1e-07
1.2 0.645 1.724999999999
0 0

0101101
*
Ed
 1e-07 1 1 0
1  291 0 0 3.85
4 C0 212 0 207 0
0

0101000
+2460 0 -2459 0 *
Ve
1e-07
5.05 0.87 1.724999999999
0 0

0101101
*
Ed
 1e-07 1 1 0
1  292 0 0 0.225
4 C0 212 0 206 0
0

0101000
+2457 0 -2460 0 *
Ve
1e-07
8.8 0.87 1.724999999999
0 0

0101101
*
Ed
 1e-07 1 1 0
1  293 0 0 3.75
4 C0 212 0 205 0
0

0101000
+2455 0 -2457 0 *
Ve
1e-07
8.8 3.095 1.724999999999
0 0

0101101
*
Ed
 1e-07 1 1 0
1  294 0 0 2.225
4 C0 212 0 204 0
0

0101000
+2453 0 -2455 0 *
Ve
1e-07
6.3 3.095 1.724999999999
0 0

0101101
*
Ed
 1e-07 1 1 0
1  295 0 0 2.5
2  226 213 0 0 2.5
4 G1 212 0 213 0
0

0101000
+2451 0 -2453 0 *
Ve
1e-07
1.2 3.095 1.724999999999
0 0

0101101
*
Ed
 1e-07 1 1 0
1  296 0 0 5.1
2  227 214 0 0 5.1
4 G1 212 0 214 0
0

0101000
+2449 0 -2451 0 *
Ed
 1e-07 1 1 0
1  297 0 0 2.45
4 C0 212 0 172 0
0

0101000
+2449 0 -2459 0 *
Wi

0101100
-2458 0 -2456 0 -2454 0 -2452 0 -2450 0 -2448 0 +2447 0 *
Wi

0101100
-2477 0 -2471 0 -2466 0 -2463 0 *
Ve
1e-07
5.05 2.675 1.724999999999
0 0

0101101
*
Ve
1e-07
5.05 2.075 1.724999999999
0 0

0101101
*
Ed
 1e-07 1 1 0
1  298 0 0 0.6
4 C0 212 0 200 0
0

0101000
+2444 0 -2443 0 *
Ve
1e-07
5.95 2.675 1.724999999999
0 0

0101101
*
Ed
 1e-07 1 1 0
1  299 0 0 0.9
4 C0 212 0 203 0
0

0101000
+2441 0 -2444 0 *
Ve
1e-07
5.95 2.075 1.724999999999
0 0

0101101
*
Ed
 1e-07 1 1 0
1  300 0 0 0.6
4 C0 212 0 202 0
0

0101000
+2439 0 -2441 0 *
Ed
 1e-07 1 1 0
1  301 0 0 0.9
4 C0 212 0 201 0
0

0101000
+2443 0 -2439 0 *
Wi

0101100
-2442 0 -2440 0 -2438 0 -2437 0 *
Fa
0  1e-07 212 0

0111000
+2446 0 +2445 0 +2436 0 *
Ve
1e-07
5.05 -2.085 1.724999999999
0 0

0101101
*
Ed
 1e-07 1 1 0
1  302 0 0 0.00499999999999989
4 C0 195 0 198 0
0

0101000
+2434 0 -2525 0 *
Ve
1e-07
5.05 -2.685 1.724999999999
0 0

0101101
*
Ed
 1e-07 1 1 0
1  303 0 0 0.6
4 C0 195 0 215 0
0

0101000
+2434 0 -2432 0 *
Ed
 1e-07 1 1 0
1  304 0 0 0.00499999999999989
4 C0 195 0 196 0
0

0101000
+2432 0 -2524 0 *
Wi

0101100
-2523 0 -2433 0 +2431 0 +2430 0 *
Fa
0  1e-07 195 0

0111000
-2429 0 *
Ve
1e-07
5.05 -0.655 1.724999999999
0 0

0101101
*
Ed
 1e-07 1 1 0
1  305 0 0 0.00499999999999989
4 C0 209 0 208 0
0

0101000
+2491 0 -2427 0 *
Ve
1e-07
5.05 -0.88 1.724999999999
0 0

0101101
*
Ed
 1e-07 1 1 0
1  306 0 0 0.225
4 C0 209 0 215 0
0

0101000
+2427 0 -2425 0 *
Ed
 1e-07 1 1 0
1  307 0 0 0.00499999999999989
4 C0 209 0 210 0
0

0101000
+2425 0 -2489 0 *
Wi

0101100
+2488 0 +2426 0 +2424 0 +2423 0 *
Fa
0  1e-07 209 0

0111000
-2422 0 *
Ed
 1e-07 1 1 0
1  308 0 0 0.00499999999999989
4 C0 206 0 205 0
0

0101000
+2457 0 -2499 0 *
Ed
 1e-07 1 1 0
1  309 0 0 0.00499999999999989
4 C0 206 0 207 0
0

0101000
+2460 0 -2497 0 *
Wi

0101100
+2496 0 -2420 0 +2456 0 +2419 0 *
Fa
0  1e-07 206 0

0111000
-2418 0 *
Ed
 1e-07 1 1 0
1  310 0 0 0.00499999999999989
4 C0 200 0 203 0
0

0101000
+2444 0 -2515 0 *
Ed
 1e-07 1 1 0
1  311 0 0 0.00499999999999989
4 C0 200 0 201 0
0

0101000
+2443 0 -2514 0 *
Wi

0101100
-2513 0 -2416 0 +2442 0 +2415 0 *
Fa
0  1e-07 200 0

0111000
-2414 0 *
Ve
1e-07
5.95 -2.085 1.724999999999
0 0

0101101
*
Ed
 1e-07 1 1 0
1  312 0 0 0.00499999999999989
4 C0 198 0 197 0
0

0101000
+2412 0 -2520 0 *
Ed
 1e-07 1 1 0
1  313 0 0 0.9
4 C0 198 0 215 0
0

0101000
+2412 0 -2434 0 *
Wi

0101100
+2518 0 -2411 0 +2410 0 +2433 0 *
Fa
0  1e-07 198 0

0111000
+2409 0 *
Ve
1e-07
5.95 -2.685 1.724999999999
0 0

0101101
*
Ed
 1e-07 1 1 0
1  314 0 0 0.00499999999999989
4 C0 197 0 196 0
0

0101000
+2522 0 -2407 0 *
Ed
 1e-07 1 1 0
1  315 0 0 0.6
4 C0 197 0 215 0
0

0101000
+2407 0 -2412 0 *
Wi

0101100
+2519 0 +2406 0 +2405 0 +2411 0 *
Fa
0  1e-07 197 0

0111000
+2404 0 *
Ed
 1e-07 1 1 0
1  316 0 0 0.9
4 C0 196 0 215 0
0

0101000
+2432 0 -2407 0 *
Wi

0101100
+2521 0 -2430 0 +2402 0 -2406 0 *
Fa
0  1e-07 196 0

0111000
-2401 0 *
Ve
1e-07
1.2 -3.105 1.724999999999
0 0

0101101
*
Ve
2.00748292233988e-07
6.3 -3.105000579638 1.725
0 0

0101101
*
Ed
 1e-07 1 1 0
1  317 0 0 5.10000000000003
2  228 216 0 0 5.10000000000003
4 G1 215 0 216 0
0

0101000
+2399 0 -2398 0 *
Ve
1e-07
6.3 -3.055 1.724999999999
0 0

0101101
*
Ed
 1e-07 1 1 0
1  318 0 0 0.0500005796379996
4 C0 215 0 217 0
0

0101000
+2396 0 -2398 0 *
Ve
0.000765373461901363
8.8 -3.055 1.724999999999
0 0

0101101
*
Ed
 1e-07 1 1 0
1  319 0 0 2.5
2  229 218 0 0 2.5
4 G1 215 0 218 0
0

0101000
+2394 0 -2396 0 *
Ve
1e-07
8.8 -0.8799999999999 1.724999999999
0 0

0101101
*
Ed
 1e-07 1 1 0
1  320 0 0 2.1750000000001
4 C0 215 0 211 0
0

0101000
+2392 0 -2394 0 *
Ed
 1e-07 1 1 0
1  321 0 0 3.75
4 C0 215 0 210 0
0

0101000
+2425 0 -2392 0 *
Ve
1e-07
1.2 -0.655 1.724999999999
0 0

0101101
*
Ed
 1e-07 1 1 0
1  322 0 0 3.85
4 C0 215 0 208 0
0

0101000
+2389 0 -2427 0 *
Ed
 1e-07 1 1 0
1  323 0 0 2.45
4 C0 215 0 172 0
0

0101000
+2389 0 -2399 0 *
Wi

0101100
+2397 0 -2395 0 -2393 0 -2391 0 -2390 0 -2424 0 -2388 0 +2387 0 *
Ve
1e-07
7.8 -2.305 1.724999999999
0 0

0101101
*
Ve
1e-07
6.8 -2.305 1.724999999999
0 0

0101101
*
Ed
 1e-07 1 1 0
1  324 0 0 1
4 C0 215 0 190 0
0

0101000
+2385 0 -2384 0 *
Ve
1e-07
7.8 -2.805 1.724999999999
0 0

0101101
*
Ed
 1e-07 1 1 0
1  325 0 0 0.5
4 C0 215 0 193 0
0

0101000
+2382 0 -2385 0 *
Ve
1e-07
6.8 -2.805 1.724999999999
0 0

0101101
*
Ed
 1e-07 1 1 0
1  326 0 0 1
4 C0 215 0 192 0
0

0101000
+2380 0 -2382 0 *
Ed
 1e-07 1 1 0
1  327 0 0 0.5
4 C0 215 0 191 0
0

0101000
+2384 0 -2380 0 *
Wi

0101100
-2383 0 -2381 0 -2379 0 -2378 0 *
Wi

0101100
-2431 0 -2410 0 -2405 0 -2402 0 *
Fa
0  1e-07 215 0

0111000
+2386 0 +2377 0 +2376 0 *
Ed
 1e-07 1 1 0
1  328 0 0 0.00499999999999989
4 C0 190 0 193 0
0

0101000
+2385 0 -2534 0 *
Ed
 1e-07 1 1 0
1  329 0 0 0.00499999999999989
4 C0 190 0 191 0
0

0101000
+2535 0 -2384 0 *
Wi

0101100
+2533 0 -2374 0 +2383 0 -2373 0 *
Fa
0  1e-07 190 0

0111000
+2372 0 *
Ed
 1e-07 1 1 0
1  330 0 0 0.00499999999999989
4 C0 193 0 192 0
0

0101000
+2382 0 -2530 0 *
Wi

0101100
+2528 0 -2370 0 +2381 0 +2374 0 *
Fa
0  1e-07 193 0

0111000
+2369 0 *
Ed
 1e-07 1 1 0
1  331 0 0 0.00499999999999989
4 C0 192 0 191 0
0

0101000
+2380 0 -2532 0 *
Wi

0101100
+2529 0 -2367 0 +2379 0 +2370 0 *
Fa
0  1e-07 192 0

0111000
-2366 0 *
Wi

0101100
+2531 0 +2373 0 +2378 0 +2367 0 *
Fa
0  1e-07 191 0

0111000
-2364 0 *
Ve
1e-07
6.3 -3.405 2.02500000092
0 0

0101101
*
Ed
 1e-07 1 1 0
1  332 0 0 1.57079439773956
2  230 216 0 0 1.57079439773956
4 C0 216 0 217 0
0

0101000
+2398 0 -2362 0 *
Ve
1e-07
1.2 -3.405 2.024999999999
0 0

0101101
*
Ed
 1e-07 1 1 0
1  333 0 0 5.1
2  231 216 0 0 5.1
4 G1 216 0 219 0
0

0101000
+2360 0 -2362 0 *
Ed
 1e-07 1 1 0
1  334 0 0 1.5707963267949
2  232 216 0 0 1.5707963267949
4 C0 216 0 172 0
0

0101000
+2360 0 -2399 0 *
Wi

0101100
+2397 0 +2361 0 -2359 0 +2358 0 *
Fa
0  1e-07 216 0

0111000
+2357 0 *
Ve
1e-07
1.2 -3.83 3.8
0 0

0101101
*
Ve
1e-07
1.2 -2.33 5.3
0 0

0101101
*
Ed
 1e-07 1 1 0
1  335 0 0 1.5707963267949
2  233 180 0 0 1.5707963267949
4 C0 172 0 180 0
0

0101000
+2355 0 -2354 0 *
Ve
1e-07
1.2 2.37 5.3
0 0

0101101
*
Ed
 1e-07 1 1 0
1  336 0 0 4.7
4 C0 172 0 179 0
0

0101000
+2354 0 -2352 0 *
Ve
1e-07
1.2 3.87 3.8
0 0

0101101
*
Ed
 1e-07 1 1 0
1  337 0 0 1.5707963267949
2  234 163 0 0 1.5707963267949
4 C0 172 0 163 0
0

0101000
+2352 0 -2350 0 *
Ve
1e-07
1.2 3.87 2.7
0 0

0101101
*
Ed
 1e-07 1 1 0
1  338 0 0 1.1
4 C0 172 0 164 0
0

0101000
+2350 0 -2348 0 *
Ve
1e-07
1.2 2.37 1.2
0 0

0101101
*
Ed
 1e-07 1 1 0
1  339 0 0 1.5707963267949
2  235 165 0 0 1.5707963267949
4 C0 172 0 165 0
0

0101000
+2348 0 -2346 0 *
Ve
1e-07
1.2 -2.33 1.2
0 0

0101101
*
Ed
 1e-07 1 1 0
1  340 0 0 4.7
4 C0 172 0 183 0
0

0101000
+2346 0 -2344 0 *
Ve
1e-07
1.2 -3.83 2.7
0 0

0101101
*
Ed
 1e-07 1 1 0
1  341 0 0 1.5707963267949
2  236 182 0 0 1.5707963267949
4 C0 172 0 182 0
0

0101000
+2344 0 -2342 0 *
Ed
 1e-07 1 1 0
1  342 0 0 1.1
4 C0 172 0 181 0
0

0101000
+2342 0 -2355 0 *
Wi

0101100
+2353 0 +2351 0 +2349 0 +2347 0 +2345 0 +2343 0 +2341 0 +2340 0 *
Ve
1e-07
1.2 3.45 3.25516682664
0 0

0101101
*
Ed
 1e-07 1 1 0
1  343 0 0 0.58568554345779
2  237 173 0 0 0.58568554345779
4 C0 172 0 173 0
0

0101000
+2338 0 -2588 0 *
Ve
1e-07
1.2 3.1 4.779999999999
0 0

0101101
*
Ed
 1e-07 1 1 0
1  344 0 0 1.5707963267949
2  238 157 0 0 1.5707963267949
4 C0 172 0 157 0
0

0101000
+2587 0 -2336 0 *
Ve
1e-07
1.2 -3.1 4.779999999999
0 0

0101101
*
Ed
 1e-07 1 1 0
1  345 0 0 6.2
4 C0 172 0 158 0
0

0101000
+2334 0 -2336 0 *
Ve
1e-07
1.2 -3.314617313632 4.689617291534
0 0

0101101
*
Ed
 1e-07 1 1 0
1  346 0 0 0.797183601310089
2  239 178 0 0 0.797183601310089
4 C0 172 0 178 0
0

0101000
+2334 0 -2332 0 *
Ve
1e-07
1.2 -3.405 4.474999999999
0 0

0101101
*
Ed
 1e-07 1 1 0
1  347 0 0 0.797183497151355
2  240 220 0 0 0.797183497151355
4 C0 172 0 220 0
0

0101000
+2332 0 -2330 0 *
Ed
 1e-07 1 1 0
1  348 0 0 2.45
4 C0 172 0 219 0
0

0101000
+2330 0 -2360 0 *
Ed
 1e-07 1 1 0
1  349 0 0 0.00499999999999989
4 C0 172 0 208 0
0

0101000
+2389 0 -2493 0 *
Ed
 1e-07 1 1 0
1  350 0 0 0.00499999999999989
4 C0 172 0 207 0
0

0101000
+2495 0 -2459 0 *
Ve
1e-07
1.2 3.309617291535 1.815382686367
0 0

0101101
*
Ed
 1e-07 1 1 0
1  351 0 0 0.797183497151064
2  241 214 0 0 0.797183497151064
4 C0 172 0 214 0
0

0101000
+2449 0 -2325 0 *
Ed
 1e-07 1 1 0
1  352 0 0 0.797183601475518
2  242 170 0 0 0.797183601475518
4 C0 172 0 170 0
0

0101000
+2325 0 -2579 0 *
Ve
1e-07
1.2 3.45 2.65
0 0

0101101
*
Ed
 1e-07 1 1 0
1  353 0 0 0.585685543457197
2  243 175 0 0 0.585685543457197
4 C0 172 0 175 0
0

0101000
+2581 0 -2322 0 *
Ed
 1e-07 1 1 0
1  354 0 0 0.60516682664
4 C0 172 0 221 0
0

0101000
+2322 0 -2338 0 *
Wi

0101100
+2337 0 +2586 0 +2335 0 -2333 0 +2331 0 +2329 0 +2328 0 +2358 0 -2387 0 +2327 0 
+2492 0 +2326 0 -2447 0 +2324 0 +2323 0 -2578 0 +2321 0 +2320 0 *
Fa
0  1e-07 172 0

0111000
-2339 0 -2319 0 *
Ed
 1e-07 1 1 0
1  355 0 0 11.5
2  244 180 0 0 11.5
4 G1 180 0 179 0
0

0101000
+2354 0 -2559 0 *
Ed
 1e-07 1 1 0
1  356 0 0 11.5
2  245 180 0 0 11.5
4 G1 180 0 181 0
0

0101000
+2557 0 -2355 0 *
Wi

0101100
-2556 0 -2317 0 -2353 0 -2316 0 *
Fa
0  1e-07 180 0

0111000
+2315 0 *
Ed
 1e-07 1 1 0
1  357 0 0 11.5
2  246 163 0 0 11.5
4 G1 179 0 163 0
0

0101000
+2561 0 -2352 0 *
Wi

0101100
+2558 0 +2313 0 -2351 0 +2317 0 *
Ve
1e-07
11.7 0.02 5.3
0 0

0101101
*
Ve
1e-07
10.7 0.02 5.3
0 0

0101101
*
Ed
 1e-07 1 1 0
1  358 0 0 3.14159265358979
2  247 143 0 0 3.14159265358979
4 C0 179 0 143 0
0

0101000
+2311 0 -2310 0 *
Ed
 1e-07 1 1 0
1  359 0 0 3.14159265358979
2  248 144 0 0 3.14159265358979
4 C0 179 0 144 0
0

0101000
+2310 0 -2311 0 *
Wi

0101100
+2309 0 +2308 0 *
Fa
0  1e-07 179 0

0111000
+2312 0 +2307 0 *
Ed
 1e-07 1 1 0
1  360 0 0 8.64750206998
2  249 163 0 0 8.64750206998
4 G1 163 0 164 0
0

0101000
+2350 0 -2624 0 *
Wi

0101100
-2623 0 -2305 0 -2349 0 -2313 0 -2560 0 *
Fa
0  1e-07 163 0

0111000
+2304 0 *
Ed
 1e-07 1 1 0
1  361 0 0 8.647502048973
2  250 165 0 0 8.647502048973
4 G1 164 0 165 0
0

0101000
+2622 0 -2348 0 *
Wi

0101100
-2621 0 +2302 0 -2347 0 +2305 0 *
Fa
0  1e-07 164 0

0111000
+2301 0 *
Ed
 1e-07 1 1 0
1  362 0 0 11.5
2  251 165 0 0 11.5
4 G1 165 0 183 0
0

0101000
+2346 0 -2551 0 *
Wi

0101100
-2619 0 -2549 0 -2299 0 -2345 0 -2302 0 *
Fa
0  1e-07 165 0

0111000
+2298 0 *
Ed
 1e-07 1 1 0
1  363 0 0 11.5
2  252 182 0 0 11.5
4 G1 183 0 182 0
0

0101000
+2553 0 -2344 0 *
Wi

0101100
+2550 0 +2296 0 -2343 0 +2299 0 *
Ve
1e-07
10.7 0.02 1.2
0 0

0101101
*
Ve
1e-07
11.7 0.02 1.2
0 0

0101101
*
Ed
 1e-07 1 1 0
1  364 0 0 3.14159265358979
2  253 85 0 0 3.14159265358979
4 C0 183 0 85 0
0

0101000
+2294 0 -2293 0 *
Ed
 1e-07 1 1 0
1  365 0 0 3.14159265358979
2  254 86 0 0 3.14159265358979
4 C0 183 0 86 0
0

0101000
+2293 0 -2294 0 *
Wi

0101100
+2292 0 +2291 0 *
Fa
0  1e-07 183 0

0111000
-2295 0 -2290 0 *
Ed
 1e-07 1 1 0
1  366 0 0 11.5
2  255 182 0 0 11.5
4 G1 182 0 181 0
0

0101000
+2342 0 -2555 0 *
Wi

0101100
-2552 0 -2288 0 -2341 0 -2296 0 *
Fa
0  1e-07 182 0

0111000
+2287 0 *
Wi

0101100
+2554 0 +2316 0 -2340 0 +2288 0 *
Fa
0  1e-07 181 0

0111000
-2285 0 *
Ed
 1e-07 1 1 0
1  367 0 0 0.95
2  256 85 0 0 0.95
2  257 86 0 0 0.95
4 CN 85 0 86 0
0

0101000
+2294 0 -2882 0 *
Ed
 1e-07 1 1 0
1  368 0 0 0.95
2  258 85 0 0 0.95
2  259 86 0 0 0.95
4 CN 85 0 86 0
0

0101000
+2881 0 -2293 0 *
Wi

0101100
-2292 0 +2283 0 +2880 0 +2282 0 *
Fa
0  1e-07 85 0

0111000
+2281 0 *
Wi

0101100
-2291 0 -2282 0 +2879 0 -2283 0 *
Fa
0  1e-07 86 0

0111000
+2279 0 *
Ed
 1e-07 1 1 0
1  369 0 0 0.949999999999
2  260 143 0 0 0.949999999999
2  261 144 0 0 0.949999999999
4 CN 143 0 144 0
0

0101000
+2311 0 -2728 0 *
Ed
 1e-07 1 1 0
1  370 0 0 0.949999999999
2  262 143 0 0 0.949999999999
2  263 144 0 0 0.949999999999
4 CN 143 0 144 0
0

0101000
+2727 0 -2310 0 *
Wi

0101100
-2309 0 +2277 0 +2726 0 +2276 0 *
Fa
0  1e-07 143 0

0111000
+2275 0 *
Wi

0101100
-2308 0 -2276 0 +2725 0 -2277 0 *
Fa
0  1e-07 144 0

0111000
+2273 0 *
Ve
1e-07
1.4 3.45 3.25516682664
0 0

0101101
*
Ed
 1e-07 1 1 0
1  371 0 0 0.585685543457197
2  264 173 0 0 0.585685543457197
4 C0 173 0 174 0
0

0101000
+2585 0 -2271 0 *
Ed
 1e-07 1 1 0
1  372 0 0 0.2
2  265 173 0 0 0.2
4 G1 173 0 221 0
0

0101000
+2338 0 -2271 0 *
Wi

0101100
-2584 0 +2270 0 -2269 0 +2337 0 *
Fa
0  1e-07 173 0

0111000
+2268 0 *
Ve
1e-07
1.4 3.45 2.65
0 0

0101101
*
Ed
 1e-07 1 1 0
1  373 0 0 0.2
2  266 175 0 0 0.2
4 G1 221 0 175 0
0

0101000
+2266 0 -2322 0 *
Ed
 1e-07 1 1 0
1  374 0 0 0.60516682664
4 C0 221 0 174 0
0

0101000
+2271 0 -2266 0 *
Wi

0101100
-2320 0 -2265 0 -2264 0 -2269 0 *
Fa
0  1e-07 221 0

0111000
-2263 0 *
Ed
 1e-07 1 1 0
1  375 0 0 0.58568554345779
2  267 175 0 0 0.58568554345779
4 C0 175 0 174 0
0

0101000
+2266 0 -2583 0 *
Wi

0101100
+2321 0 -2265 0 +2261 0 +2580 0 *
Fa
0  1e-07 175 0

0111000
+2260 0 *
Wi

0101100
+2582 0 +2270 0 +2264 0 +2261 0 *
Fa
0  1e-07 174 0

0111000
-2258 0 *
Ed
 1e-07 1 1 0
1  376 0 0 0.881918810459998
2  268 160 0 0 0.881918810459998
4 G1 160 0 158 0
0

0101000
+2564 0 -2632 0 *
Wi

0101100
-2596 0 -2629 0 -2256 0 -2562 0 *
Fa
0  1e-07 160 0

0111000
+2255 0 *
Ed
 1e-07 1 1 0
1  377 0 0 9.68191881046
2  269 157 0 0 9.68191881046
4 G1 157 0 158 0
0

0101000
+2638 0 -2336 0 *
Wi

0101100
-2253 0 -2637 0 -2576 0 +2335 0 *
Fa
0  1e-07 157 0

0111000
+2252 0 *
Ed
 1e-07 1 1 0
1  378 0 0 11.5
2  270 178 0 0 11.5
4 G1 158 0 178 0
0

0101000
+2334 0 -2566 0 *
Ed
 1e-07 1 1 0
1  379 0 0 0.936162379080001
4 C0 158 0 159 0
0

0101000
+2634 0 -2636 0 *
Wi

0101100
-2563 0 -2250 0 +2333 0 -2253 0 -2635 0 -2249 0 +2631 0 -2256 0 *
Fa
0  1e-07 158 0

0111000
-2248 0 *
Ve
1e-07
6.3 -3.314617302452 4.689617302454
0 0

0101101
*
Ed
 1e-07 1 1 0
1  380 0 -1.05460045657583e-17 5.1
2  271 178 0 -1.05460045657583e-17 5.1
2  272 220 0 -1.05460045657583e-17 5.1
4 C0 178 0 220 0
0

0101000
+2332 0 -2246 0 *
Ve
1e-07
6.3 -3.4 4.479999999999
0 0

0101101
*
Ed
 1e-07 1 1 0
1  381 0 0 0.773612777564764
2  273 178 0 0 0.773612777564764
4 C0 178 0 217 0
0

0101000
+2246 0 -2244 0 *
Ed
 1e-07 1 1 0
1  382 0 0 6.4
2  274 178 0 0 6.4
4 G1 178 0 177 0
0

0101000
+2568 0 -2244 0 *
Wi

0101100
-2250 0 +2331 0 +2245 0 +2243 0 -2242 0 -2565 0 *
Fa
0  1e-07 178 0

0111000
+2241 0 *
Ve
1e-07
6.3 -3.4 2.029999999999
0 0

0101101
*
Ed
 1e-07 1 1 0
1  383 0 0 6.4
2  275 176 0 0 6.4
4 G1 177 0 176 0
0

0101000
+2239 0 -2570 0 *
Ed
 1e-07 1 1 0
1  384 0 0 2.45
4 C0 177 0 217 0
0

0101000
+2239 0 -2244 0 *
Wi

0101100
-2567 0 -2238 0 +2237 0 -2242 0 *
Fa
0  1e-07 177 0

0111000
+2236 0 *
Ve
1e-07
6.3 -3.10495008244 1.730040841639
0 0

0101101
*
Ed
 1e-07 1 1 0
1  385 0 0 1.55429530317826
2  276 176 0 0 1.55429530317826
4 C0 176 0 217 0
0

0101000
+2239 0 -2234 0 *
Ve
0.000758412138982644
8.8 -3.10495008244 1.730040841639
0 0

0101101
*
Ed
 1e-07 1 1 0
1  386 0 0 2.5
2  277 176 0 0 2.5
2  278 218 0 0 2.5
4 C0 176 0 218 0
0

0101000
+2232 0 -2234 0 *
Ed
 0.000758412138982644 1 1 0
1  387 0 0 0.0166572146609758
2  279 176 0 0 0.0166572146609758
2  280 218 0 0 0.0166572146609758
4 C1 176 0 218 0
0

0101000
+2232 0 -2485 0 *
Wi

0101100
-2238 0 +2233 0 -2231 0 +2230 0 -2483 0 -2569 0 *
Fa
0  1e-07 176 0

0111000
+2229 0 *
Ed
 1e-07 1 1 0
1  388 0 0 0.201154137440339
2  281 218 0 0 0.201154137440339
4 C0 218 0 217 0
0

0101000
+2234 0 -2396 0 *
Ed
 0.000765373461901363 1 1 0
1  389 0 0 1
2  282 218 0 0 1
4 C0 218 0 211 0
0

0101000
+2394 0 -2485 0 *
Wi

0101100
+2231 0 +2227 0 -2393 0 +2226 0 -2230 0 *
Fa
0  1e-07 218 0

0111000
+2225 0 *
Ve
1e-07
8.8 3.16144448657 1.736359786353
0 0

0101101
*
Ed
 1e-07 1 1 0
1  390 0 0 0.2062746509744
2  283 170 0 0 0.2062746509744
4 C0 204 0 170 0
0

0101000
+2503 0 -2223 0 *
Ed
 1e-07 1 1 0
1  391 0 0 0.33865886661101
2  284 213 0 0 0.33865886661101
4 C0 204 0 213 0
0

0101000
+2223 0 -2453 0 *
Ed
 1e-07 1 1 0
1  392 0 0 0.00499999999999989
4 C0 204 0 205 0
0

0101000
+2501 0 -2455 0 *
Wi

0101100
+2222 0 +2221 0 +2452 0 -2220 0 -2500 0 *
Fa
0  1e-07 204 0

0111000
-2219 0 *
Ed
 1e-07 1 1 0
1  393 0 0 0.00499999999999989
4 C0 211 0 210 0
0

0101000
+2392 0 -2487 0 *
Wi

0101100
-2484 0 -2217 0 +2391 0 +2226 0 *
Fa
0  1e-07 211 0

0111000
-2216 0 *
Wi

0101100
-2505 0 -2613 0 -2591 0 -2548 0 *
Fa
0  1e-07 167 0

0111000
+2214 0 *
Ve
1e-07
6.3 3.16144448657 1.736359786353
0 0

0101101
*
Ed
 1e-07 1 1 0
1  394 0 0 2.5
2  285 170 0 0 2.5
2  286 213 0 0 2.5
4 C0 170 0 213 0
0

0101000
+2212 0 -2223 0 *
Ve
1e-07
6.3 3.309617302455 1.815382697547
0 0

0101101
*
Ed
 1e-07 1 1 0
1  395 0 0 0.567338126590505
2  287 170 0 0 0.567338126590505
4 C0 170 0 222 0
0

0101000
+2212 0 -2210 0 *
Ed
 1e-07 1 1 0
1  396 0 -1.05463674486467e-17 5.1
2  288 170 0 -1.05463674486467e-17 5.1
2  289 214 0 -1.05463674486467e-17 5.1
4 C0 170 0 214 0
0

0101000
+2325 0 -2210 0 *
Wi

0101100
-2577 0 -2605 0 -2502 0 +2222 0 -2211 0 +2209 0 -2208 0 +2323 0 *
Fa
0  1e-07 170 0

0111000
+2207 0 *
Ed
 1e-07 1 1 0
1  397 0 0 0.79718354924562
2  290 214 0 0 0.79718354924562
4 C0 214 0 222 0
0

0101000
+2210 0 -2451 0 *
Wi

0101100
+2208 0 +2205 0 -2448 0 +2324 0 *
Fa
0  1e-07 214 0

0111000
+2204 0 *
Ed
 1e-07 1 1 0
1  398 0 0 0.338658866612346
2  291 213 0 0 0.338658866612346
4 C0 222 0 213 0
0

0101000
+2451 0 -2212 0 *
Wi

0101100
+2209 0 +2205 0 +2202 0 *
Fa
0  1e-07 222 0

0111000
-2201 0 *
Ve
1e-07
6.3 -3.405 4.474999999999
0 0

0101101
*
Ed
 1e-07 1 1 0
1  399 0 0 2.449999999079
4 C0 217 0 219 0
0

0101000
+2362 0 -2199 0 *
Ed
 1e-07 1 1 0
1  400 0 0 0.797183549244867
2  292 220 0 0 0.797183549244867
4 C0 217 0 220 0
0

0101000
+2199 0 -2246 0 *
Wi

0101100
+2233 0 +2227 0 +2395 0 +2361 0 +2198 0 +2197 0 +2243 0 -2237 0 *
Fa
0  1e-07 217 0

0111000
-2196 0 *
Wi

0101100
+2221 0 -2450 0 +2202 0 +2211 0 *
Fa
0  1e-07 213 0

0111000
+2194 0 *
Ed
 1e-07 1 1 0
1  401 0 0 5.1
2  293 220 0 0 5.1
4 G1 219 0 220 0
0

0101000
+2330 0 -2199 0 *
Wi

0101100
-2328 0 +2192 0 -2198 0 -2359 0 *
Fa
0  1e-07 219 0

0111000
+2191 0 *
Wi

0101100
+2192 0 +2197 0 -2245 0 +2329 0 *
Fa
0  1e-07 220 0

0111000
+2189 0 *
Wi

0101100
+2498 0 +2220 0 +2454 0 +2420 0 *
Fa
0  1e-07 205 0

0111000
+2187 0 *
Wi

0101100
+2486 0 -2423 0 +2390 0 +2217 0 *
Fa
0  1e-07 210 0

0111000
-2185 0 *
Wi

0101100
-2504 0 +2609 0 *
Fa
0  1e-07 169 0

0111000
+2183 0 *
Wi

0101100
+2249 0 +2633 0 *
Fa
0  1e-07 159 0

0111000
+2181 0 *
Wi

0101100
-2327 0 +2388 0 -2426 0 -2490 0 *
Fa
0  1e-07 208 0

0111000
-2179 0 *
Wi

0101100
-2326 0 -2494 0 -2419 0 +2458 0 *
Fa
0  1e-07 207 0

0111000
+2177 0 *
Ed
 1e-07 1 1 0
1  402 0 0 0.00499999999999989
4 C0 203 0 202 0
0

0101000
+2441 0 -2510 0 *
Wi

0101100
+2508 0 -2175 0 +2440 0 +2416 0 *
Fa
0  1e-07 203 0

0111000
+2174 0 *
Ed
 1e-07 1 1 0
1  403 0 0 0.00499999999999989
4 C0 202 0 201 0
0

0101000
+2512 0 -2439 0 *
Wi

0101100
+2509 0 +2172 0 +2438 0 +2175 0 *
Fa
0  1e-07 202 0

0111000
+2171 0 *
Wi

0101100
+2511 0 -2415 0 +2437 0 -2172 0 *
Fa
0  1e-07 201 0

0111000
-2169 0 *
Wi

0101100
-2643 0 -2601 0 *
Fa
0  1e-07 155 0

0111000
-2167 0 *
Wi

0101100
+2705 0 -2721 0 -2932 0 -2918 0 *
Fa
0  1e-07 73 0

0111000
-2165 0 *
Ve
1e-07
5.02753696005 -0.81856650685 0.5
0 0

0101101
*
Ed
 1e-07 1 1 0
1  404 0 0 0.25
2  294 87 0 0 0.25
2  295 88 0 0 0.25
4 G1 87 0 88 0
0

0101000
+2163 0 -2877 0 *
Ve
1e-07
4.91145574935 -0.86328269815 0.5
0 0

0101101
*
Ed
 1e-07 1 1 0
1  405 0 0 1
2  296 87 0 0 1
4 C0 87 0 223 0
0

0101000
+2161 0 -2163 0 *
Ed
 1e-07 1 1 0
1  406 0 0 0.25
2  297 87 0 0 0.25
2  298 138 0 0 0.25
4 G1 87 0 138 0
0

0101000
+2876 0 -2161 0 *
Wi

0101100
-2162 0 -2160 0 -2159 0 -2875 0 *
Fa
0  1e-07 87 0

0111000
+2158 0 *
Ve
1e-07
4.8480086571 -0.8710141147 0.5
0 0

0101101
*
Ed
 1e-07 1 1 0
1  407 0 0 1
2  299 138 0 0 1
4 C0 138 0 223 0
0

0101000
+2156 0 -2161 0 *
Ed
 1e-07 1 1 0
1  408 0 0 0.25
2  300 138 0 0 0.25
4 C0 138 0 137 0
0

0101000
+2156 0 -2772 0 *
Wi

0101100
+2159 0 -2155 0 +2154 0 -2770 0 *
Fa
0  1e-07 138 0

0111000
+2153 0 *
Ve
1e-07
4.36090131855 -0.8710141147 0.5
0 0

0101101
*
Ed
 1e-07 1 1 0
1  409 0 0 0.25
4 C0 137 0 136 0
0

0101000
+2151 0 -2774 0 *
Ed
 1e-07 1 1 0
1  410 0 0 0.48710733855
4 C0 137 0 223 0
0

0101000
+2151 0 -2156 0 *
Wi

0101100
+2771 0 -2150 0 +2149 0 +2154 0 *
Fa
0  1e-07 137 0

0111000
+2148 0 *
Ve
1e-07
4.36090131855 -0.59978389195 0.5
0 0

0101101
*
Ed
 1e-07 1 1 0
1  411 0 0 0.25
4 C0 136 0 135 0
0

0101000
+2146 0 -2776 0 *
Ed
 1e-07 1 1 0
1  412 0 0 0.27123022275
4 C0 136 0 223 0
0

0101000
+2146 0 -2151 0 *
Wi

0101100
+2773 0 -2145 0 +2144 0 +2150 0 *
Fa
0  1e-07 136 0

0111000
+2143 0 *
Ve
1e-07
3.62470500075 -0.59978389195 0.5
0 0

0101101
*
Ed
 1e-07 1 1 0
1  413 0 0 0.25
4 C0 135 0 134 0
0

0101000
+2141 0 -2778 0 *
Ed
 1e-07 1 1 0
1  414 0 0 0.7361963178
4 C0 135 0 223 0
0

0101000
+2141 0 -2146 0 *
Wi

0101100
+2775 0 -2140 0 +2139 0 +2145 0 *
Fa
0  1e-07 135 0

0111000
+2138 0 *
Ve
1e-07
3.62470500075 -1.3359802105 0.5
0 0

0101101
*
Ed
 1e-07 1 1 0
1  415 0 0 0.25
4 C0 134 0 133 0
0

0101000
+2136 0 -2780 0 *
Ed
 1e-07 1 1 0
1  416 0 0 0.73619631855
4 C0 134 0 223 0
0

0101000
+2136 0 -2141 0 *
Wi

0101100
+2777 0 -2135 0 +2134 0 +2140 0 *
Fa
0  1e-07 134 0

0111000
-2133 0 *
Ve
1e-07
4.36090131855 -1.3359802105 0.5
0 0

0101101
*
Ed
 1e-07 1 1 0
1  417 0 0 0.25
4 C0 133 0 132 0
0

0101000
+2131 0 -2782 0 *
Ed
 1e-07 1 1 0
1  418 0 0 0.7361963178
4 C0 133 0 223 0
0

0101000
+2131 0 -2136 0 *
Wi

0101100
+2779 0 -2130 0 +2129 0 +2135 0 *
Fa
0  1e-07 133 0

0111000
-2128 0 *
Ve
1e-07
4.36090131855 -1.070285298732 0.5
0 0

0101101
*
Ed
 1e-07 1 1 0
1  419 0 0 0.25
4 C0 132 0 131 0
0

0101000
+2126 0 -2784 0 *
Ed
 1e-07 1 1 0
1  420 0 0 0.265694911768
4 C0 132 0 223 0
0

0101000
+2126 0 -2131 0 *
Wi

0101100
+2781 0 -2125 0 +2124 0 +2130 0 *
Fa
0  1e-07 132 0

0111000
+2123 0 *
Ve
1e-07
4.886755839564 -1.070285298799 0.5
0 0

0101101
*
Ed
 1e-07 1 1 0
1  421 0 0 0.25
2  301 130 0 0 0.25
4 C0 131 0 130 0
0

0101000
+2786 0 -2121 0 *
Ed
 1e-07 1 1 0
1  422 0 0 0.525854521014
4 C0 131 0 223 0
0

0101000
+2121 0 -2126 0 *
Wi

0101100
+2783 0 +2120 0 +2119 0 +2125 0 *
Fa
0  1e-07 131 0

0111000
-2118 0 *
Ve
1e-07
4.958714888356 -1.059214671561 0.5
0 0

0101101
*
Ed
 1e-07 1 1 0
1  423 0 0 0.25
2  302 130 0 0 0.25
4 C0 130 0 129 0
0

0101000
+2116 0 -2788 0 *
Ed
 1e-07 1 1 0
1  424 0 0 0.375651468050165
2  303 130 0 0 0.375651468050165
4 C0 130 0 223 0
0

0101000
+2116 0 -2121 0 *
Wi

0101100
+2785 0 -2115 0 +2114 0 -2120 0 *
Fa
0  1e-07 130 0

0111000
+2113 0 *
Ve
1e-07
5.002997357232 -1.048144055092 0.5
0 0

0101101
*
Ed
 1e-07 1 1 0
1  425 0 0 0.25
4 C0 129 0 128 0
0

0101000
+2111 0 -2790 0 *
Ed
 1e-07 1 1 0
1  426 0 0 0.0456453239528171
4 C0 129 0 223 0
0

0101000
+2111 0 -2116 0 *
Wi

0101100
+2787 0 -2110 0 +2109 0 +2115 0 *
Fa
0  1e-07 129 0

0111000
-2108 0 *
Ve
1e-07
5.063885774441 -1.02600281369 0.5
0 0

0101101
*
Ed
 1e-07 1 1 0
1  427 0 0 0.25
4 C0 128 0 127 0
0

0101000
+2106 0 -2792 0 *
Ed
 1e-07 1 1 0
1  428 0 0 0.0647891497169001
4 C0 128 0 223 0
0

0101000
+2106 0 -2111 0 *
Wi

0101100
+2789 0 -2105 0 +2104 0 +2110 0 *
Fa
0  1e-07 128 0

0111000
-2103 0 *
Ve
1e-07
5.130309502161 -0.9927909494699 0.5
0 0

0101101
*
Ed
 1e-07 1 1 0
1  429 0 0 0.25
4 C0 127 0 126 0
0

0101000
+2101 0 -2794 0 *
Ed
 1e-07 1 1 0
1  430 0 0 0.0742639854114703
4 C0 127 0 223 0
0

0101000
+2101 0 -2106 0 *
Wi

0101100
+2791 0 -2100 0 +2099 0 +2105 0 *
Fa
0  1e-07 127 0

0111000
-2098 0 *
Ve
1e-07
5.180127298079 -0.9595790858313 0.5
0 0

0101101
*
Ed
 1e-07 1 1 0
1  431 0 0 0.25
4 C0 126 0 125 0
0

0101000
+2096 0 -2796 0 *
Ed
 1e-07 1 1 0
1  432 0 0 0.0598735390341714
4 C0 126 0 223 0
0

0101000
+2096 0 -2101 0 *
Wi

0101100
+2793 0 -2095 0 +2094 0 +2100 0 *
Fa
0  1e-07 126 0

0111000
-2093 0 *
Ve
1e-07
5.87757644253 -0.2621299409201 0.5
0 0

0101101
*
Ed
 1e-07 1 1 0
1  433 0 0 0.25
4 C0 125 0 124 0
0

0101000
+2091 0 -2798 0 *
Ed
 1e-07 1 1 0
1  434 0 0 0.986342039473526
4 C0 125 0 223 0
0

0101000
+2091 0 -2096 0 *
Wi

0101100
+2795 0 -2090 0 +2089 0 +2095 0 *
Fa
0  1e-07 125 0

0111000
+2088 0 *
Ve
1e-07
5.916323618368 -0.2289180769918 0.5
0 0

0101101
*
Ed
 1e-07 1 1 0
1  435 0 0 0.25
4 C0 124 0 123 0
0

0101000
+2086 0 -2800 0 *
Ed
 1e-07 1 1 0
1  436 0 0 0.0510330436189417
4 C0 124 0 223 0
0

0101000
+2086 0 -2091 0 *
Wi

0101100
+2797 0 -2085 0 +2084 0 +2090 0 *
Fa
0  1e-07 124 0

0111000
-2083 0 *
Ve
1e-07
5.924626582239 -0.2233827663738 0.5
0 0

0101101
*
Ed
 1e-07 1 1 0
1  437 0 0 0.25
4 C0 123 0 122 0
0

0101000
+2081 0 -2802 0 *
Ed
 1e-07 1 1 0
1  438 0 0 0.00997892141871461
4 C0 123 0 223 0
0

0101000
+2081 0 -2086 0 *
Wi

0101100
+2799 0 -2080 0 +2079 0 +2085 0 *
Fa
0  1e-07 123 0

0111000
-2078 0 *
Ve
1e-07
6.004888589128 -0.1624943481737 0.5
0 0

0101101
*
Ed
 1e-07 1 1 0
1  439 0 0 0.25
4 C0 122 0 121 0
0

0101000
+2076 0 -2804 0 *
Ed
 1e-07 1 1 0
1  440 0 0 0.100744177105975
4 C0 122 0 223 0
0

0101000
+2076 0 -2081 0 *
Wi

0101100
+2801 0 -2075 0 +2074 0 +2080 0 *
Fa
0  1e-07 122 0

0111000
-2073 0 *
Ve
1e-07
6.038100451277 -0.1403531061994 0.5
0 0

0101101
*
Ed
 1e-07 1 1 0
1  441 0 0 0.25
4 C0 121 0 120 0
0

0101000
+2071 0 -2806 0 *
Ed
 1e-07 1 1 0
1  442 0 0 0.0399156909443977
4 C0 121 0 223 0
0

0101000
+2071 0 -2076 0 *
Wi

0101100
+2803 0 -2070 0 +2069 0 +2075 0 *
Fa
0  1e-07 121 0

0111000
-2068 0 *
Ve
1e-07
6.07684762638 -0.1182118636045 0.5
0 0

0101101
*
Ed
 1e-07 1 1 0
1  443 0 0 0.25
4 C0 120 0 119 0
0

0101000
+2066 0 -2808 0 *
Ed
 1e-07 1 1 0
1  444 0 0 0.0446271016548105
4 C0 120 0 223 0
0

0101000
+2066 0 -2071 0 *
Wi

0101100
+2805 0 -2065 0 +2064 0 +2070 0 *
Fa
0  1e-07 120 0

0111000
-2063 0 *
Ve
1e-07
6.093453557745 -0.1071412419695 0.5
0 0

0101101
*
Ed
 1e-07 1 1 0
1  445 0 0 0.25
4 C0 119 0 118 0
0

0101000
+2061 0 -2810 0 *
Ed
 1e-07 1 1 0
1  446 0 -0 0.0199578460732717
4 C0 119 0 223 0
0

0101000
+2061 0 -2066 0 *
Wi

0101100
+2807 0 -2060 0 +2059 0 +2065 0 *
Fa
0  1e-07 119 0

0111000
-2058 0 *
Ve
1e-07
6.121130111002 -0.09607062097928 0.5
0 0

0101101
*
Ed
 1e-07 1 1 0
1  447 0 0 0.25
4 C0 118 0 117 0
0

0101000
+2056 0 -2812 0 *
Ed
 1e-07 1 1 0
1  448 0 0 0.0298085600003874
4 C0 118 0 223 0
0

0101000
+2056 0 -2061 0 *
Wi

0101100
+2809 0 -2055 0 +2054 0 +2060 0 *
Fa
0  1e-07 118 0

0111000
-2053 0 *
Ve
1e-07
6.143271353772 -0.085000000114 0.5
0 0

0101101
*
Ed
 1e-07 1 1 0
1  449 0 0 0.25
4 C0 117 0 116 0
0

0101000
+2051 0 -2814 0 *
Ed
 1e-07 1 1 0
1  450 0 0 0.0247546617375963
4 C0 117 0 223 0
0

0101000
+2051 0 -2056 0 *
Wi

0101100
+2811 0 -2050 0 +2049 0 +2055 0 *
Fa
0  1e-07 117 0

0111000
-2048 0 *
Ve
1e-07
7.3632478673 -0.08500000011358 0.5
0 0

0101101
*
Ed
 1e-07 1 1 0
1  451 0 0 0.25
2  304 115 0 0 0.25
4 C0 116 0 115 0
0

0101000
+2816 0 -2046 0 *
Ed
 1e-07 1 1 0
1  452 0 0 1.219976513528
4 C0 116 0 223 0
0

0101000
+2046 0 -2051 0 *
Wi

0101100
+2813 0 +2045 0 +2044 0 +2050 0 *
Fa
0  1e-07 116 0

0111000
-2043 0 *
Ve
1e-07
7.361230611414 0.1142711839919 0.5
0 0

0101101
*
Ve
1e-07
8.4648636795 0.0201709025 0.5
0 0

0101101
*
Ed
 1e-07 1 1 0
1  453 0 0 2.97147590293397
2  305 115 0 0 2.97147590293397
4 C0 115 0 223 0
0

0101000
+2041 0 -2040 0 *
Ed
 1e-07 1 1 0
1  454 0 0 2.95123025636522
2  306 115 0 0 2.95123025636522
4 C0 115 0 223 0
0

0101000
+2040 0 -2046 0 *
Ed
 1e-07 1 1 0
1  455 0 1.19543159898402e-24 0.25
2  307 115 0 1.19543159898402e-24 0.25
4 C0 115 0 114 0
0

0101000
+2041 0 -2820 0 *
Wi

0101100
+2039 0 +2038 0 -2045 0 +2815 0 +2817 0 -2037 0 *
Fa
0  1e-07 115 0

0111000
+2036 0 *
Ve
1e-07
7.030766164921 0.1142711839924 0.5
0 0

0101101
*
Ed
 1e-07 1 1 0
1  456 0 0 0.330464446493
4 C0 223 0 114 0
0

0101000
+2034 0 -2041 0 *
Ve
1e-07
7.00124450788 0.1253418067698 0.5
0 0

0101101
*
Ed
 1e-07 1 1 0
1  457 0 0 0.0315291440278027
4 C0 223 0 113 0
0

0101000
+2032 0 -2034 0 *
Ve
1e-07
6.912679537695 0.1696242907027 0.5
0 0

0101101
*
Ed
 1e-07 1 1 0
1  458 0 0 0.099018646360862
4 C0 223 0 112 0
0

0101000
+2030 0 -2032 0 *
Ve
1e-07
6.896073605399 0.1806949130512 0.5
0 0

0101101
*
Ed
 1e-07 1 1 0
1  459 0 0 0.01995784724369
4 C0 223 0 111 0
0

0101000
+2028 0 -2030 0 *
Ve
1e-07
6.857326430735 0.2028361553007 0.5
0 0

0101101
*
Ed
 1e-07 1 1 0
1  460 0 0 0.0446271011022846
4 C0 223 0 110 0
0

0101000
+2026 0 -2028 0 *
Ve
1e-07
6.813043944127 0.2360480198544 0.5
0 0

0101101
*
Ed
 1e-07 1 1 0
1  461 0 0 0.05535310801862
4 C0 223 0 109 0
0

0101000
+2024 0 -2026 0 *
Ve
1e-07
6.779832080309 0.2637245722013 0.5
0 0

0101101
*
Ed
 1e-07 1 1 0
1  462 0 0 0.0432321575690604
4 C0 223 0 108 0
0

0101000
+2022 0 -2024 0 *
Ve
1e-07
6.757690839631 0.2803305049023 0.5
0 0

0101101
*
Ed
 1e-07 1 1 0
1  463 0 0 0.0276765521630005
4 C0 223 0 107 0
0

0101000
+2020 0 -2022 0 *
Ve
1e-07
6.735549588028 0.3024717553724 0.5
0 0

0101101
*
Ed
 1e-07 1 1 0
1  464 0 0 0.0313124575037959
4 C0 223 0 106 0
0

0101000
+2018 0 -2020 0 *
Ve
1e-07
6.060241703149 0.972244330117 0.5
0 0

0101101
*
Ed
 1e-07 1 1 0
1  465 0 0 0.951123567818483
4 C0 223 0 105 0
0

0101000
+2016 0 -2018 0 *
Ve
1e-07
6.049171070918 0.983314960786 0.5
0 0

0101101
*
Ed
 1e-07 1 1 0
1  466 0 0 0.0156562371406243
4 C0 223 0 104 0
0

0101000
+2014 0 -2016 0 *
Ve
1e-07
5.683840561642 1.110627104605 0.5
0 0

0101101
*
Ed
 1e-07 1 1 0
1  467 0 0 0.63752983708466
2  308 103 0 0 0.63752983708466
4 C0 223 0 103 0
0

0101000
+2012 0 -2014 0 *
Ve
1e-07
5.232276628042 1.110627104887 0.5
0 0

0101101
*
Ed
 1e-07 1 1 0
1  468 0 0 0.451563933599999
4 C0 223 0 102 0
0

0101000
+2010 0 -2012 0 *
Ve
1e-07
4.513122363 0.999920891 0.5
0 0

0101101
*
Ed
 1e-07 1 1 0
1  469 0 0 2.83611171626676
2  309 101 0 0 2.83611171626676
4 C0 223 0 101 0
0

0101000
+2008 0 -2010 0 *
Ve
1e-07
5.237087621421 0.9058206097424 0.5
0 0

0101101
*
Ed
 1e-07 1 1 0
1  470 0 0 2.88308394506519
2  310 101 0 0 2.88308394506519
4 C0 223 0 101 0
0

0101000
+2006 0 -2008 0 *
Ve
1e-07
5.678305276457 0.9058206099481 0.5
0 0

0101101
*
Ed
 1e-07 1 1 0
1  471 0 0 0.441217655036001
4 C0 223 0 100 0
0

0101000
+2004 0 -2006 0 *
Ve
1e-07
5.97167672435 0.7895790860778 0.5
0 0

0101101
*
Ed
 1e-07 1 1 0
1  472 0 0 0.698428905195558
2  311 99 0 0 0.698428905195558
4 C0 223 0 99 0
0

0101000
+2002 0 -2004 0 *
Ve
1e-07
5.993817967327 0.767437841923 0.5
0 0

0101101
*
Ed
 1e-07 1 1 0
1  473 0 0 0.0313124469387017
4 C0 223 0 98 0
0

0101000
+2000 0 -2002 0 *
Ve
1e-07
6.62521240305 0.114271184 0.5
0 0

0101101
*
Ed
 1e-07 1 1 0
1  474 0 0 0.908452319323511
4 C0 223 0 97 0
0

0101000
+1998 0 -2000 0 *
Ve
1e-07
3.1043857962 0.114271184 0.5
0 0

0101101
*
Ed
 1e-07 1 1 0
1  475 0 0 3.52082660685
4 C0 223 0 96 0
0

0101000
+1996 0 -1998 0 *
Ve
1e-07
3.1043857962 0.3910367175515 0.5
0 0

0101101
*
Ed
 1e-07 1 1 0
1  476 0 0 0.2767655335515
4 C0 223 0 95 0
0

0101000
+1994 0 -1996 0 *
Ve
1e-07
2.462027363021 0.02017090275399 0.5
0 0

0101101
*
Ed
 1e-07 1 1 0
1  477 0 0 0.741731628866938
4 C0 223 0 94 0
0

0101000
+1992 0 -1994 0 *
Ve
1e-07
3.1043857962 -0.35069491195 0.5
0 0

0101101
*
Ed
 1e-07 1 1 0
1  478 0 0 0.741731628820178
4 C0 223 0 93 0
0

0101000
+1990 0 -1992 0 *
Ve
1e-07
3.1043857962 -0.08500000015 0.5
0 0

0101101
*
Ed
 1e-07 1 1 0
1  479 0 0 0.2656949118
4 C0 223 0 92 0
0

0101000
+1988 0 -1990 0 *
Ve
1e-07
5.761703939298 -0.0850000001499 0.5
0 0

0101101
*
Ed
 1e-07 1 1 0
1  480 0 0 2.657318143098
4 C0 223 0 91 0
0

0101000
+1986 0 -1988 0 *
Ve
1e-07
5.130309502596 -0.7270960374017 0.5
0 0

0101101
*
Ed
 1e-07 1 1 0
1  481 0 0 0.900525544197776
4 C0 223 0 90 0
0

0101000
+1984 0 -1986 0 *
Ve
1e-07
5.0804917071 -0.7824491443 0.5
0 0

0101101
*
Ed
 1e-07 1 1 0
1  482 0 0 0.0744699885281036
4 C0 223 0 89 0
0

0101000
+1982 0 -1984 0 *
Ed
 1e-07 1 1 0
1  483 0 0 1
2  312 88 0 0 1
4 C0 223 0 88 0
0

0101000
+2163 0 -1982 0 *
Wi

0101100
-2160 0 -2155 0 -2149 0 -2144 0 -2139 0 -2134 0 -2129 0 -2124 0 -2119 0 -2114 0 
-2109 0 -2104 0 -2099 0 -2094 0 -2089 0 -2084 0 -2079 0 -2074 0 -2069 0 -2064 0 
-2059 0 -2054 0 -2049 0 -2044 0 -2038 0 -2039 0 -2033 0 -2031 0 -2029 0 -2027 0 
-2025 0 -2023 0 -2021 0 -2019 0 -2017 0 -2015 0 -2013 0 -2011 0 -2009 0 -2007 0 
-2005 0 -2003 0 -2001 0 -1999 0 -1997 0 -1995 0 -1993 0 -1991 0 -1989 0 -1987 0 
-1985 0 -1983 0 -1981 0 -1980 0 *
Fa
0  1e-07 223 0

0111000
+1979 0 *
Ed
 1e-07 1 1 0
1  484 0 0 0.25
4 C0 114 0 113 0
0

0101000
+2034 0 -2822 0 *
Wi

0101100
+2819 0 -1977 0 +2033 0 +2037 0 *
Fa
0  1e-07 114 0

0111000
+1976 0 *
Ed
 1e-07 1 1 0
1  485 0 0 0.25
4 C0 113 0 112 0
0

0101000
+2032 0 -2824 0 *
Wi

0101100
+2821 0 -1974 0 +2031 0 +1977 0 *
Fa
0  1e-07 113 0

0111000
+1973 0 *
Ed
 1e-07 1 1 0
1  486 0 0 0.25
4 C0 112 0 111 0
0

0101000
+2030 0 -2826 0 *
Wi

0101100
+2823 0 -1971 0 +2029 0 +1974 0 *
Fa
0  1e-07 112 0

0111000
+1970 0 *
Ed
 1e-07 1 1 0
1  487 0 0 0.25
4 C0 111 0 110 0
0

0101000
+2028 0 -2828 0 *
Wi

0101100
+2825 0 -1968 0 +2027 0 +1971 0 *
Fa
0  1e-07 111 0

0111000
+1967 0 *
Ed
 1e-07 1 1 0
1  488 0 0 0.25
4 C0 110 0 109 0
0

0101000
+2026 0 -2830 0 *
Wi

0101100
+2827 0 -1965 0 +2025 0 +1968 0 *
Fa
0  1e-07 110 0

0111000
+1964 0 *
Ed
 1e-07 1 1 0
1  489 0 0 0.25
4 C0 109 0 108 0
0

0101000
+2024 0 -2832 0 *
Wi

0101100
+2829 0 -1962 0 +2023 0 +1965 0 *
Fa
0  1e-07 109 0

0111000
+1961 0 *
Ed
 1e-07 1 1 0
1  490 0 0 0.25
4 C0 108 0 107 0
0

0101000
+2022 0 -2834 0 *
Wi

0101100
+2831 0 -1959 0 +2021 0 +1962 0 *
Fa
0  1e-07 108 0

0111000
+1958 0 *
Ed
 1e-07 1 1 0
1  491 0 0 0.25
4 C0 107 0 106 0
0

0101000
+2020 0 -2836 0 *
Wi

0101100
+2833 0 -1956 0 +2019 0 +1959 0 *
Fa
0  1e-07 107 0

0111000
+1955 0 *
Ed
 1e-07 1 1 0
1  492 0 0 0.25
4 C1 106 0 105 0
0

0101000
+2018 0 -2838 0 *
Wi

0101100
+2835 0 -1953 0 +2017 0 +1956 0 *
Fa
0  1e-07 106 0

0111000
+1952 0 *
Ed
 1e-07 1 1 0
1  493 0 0 0.25
4 C1 105 0 104 0
0

0101000
+2016 0 -2840 0 *
Wi

0101100
+2837 0 -1950 0 +2015 0 +1953 0 *
Fa
0  1e-07 105 0

0111000
+1949 0 *
Ed
 1e-07 1 1 0
1  494 0 0 0.25
2  313 103 0 0 0.25
4 C0 104 0 103 0
0

0101000
+2842 0 -2014 0 *
Wi

0101100
+2839 0 +1947 0 +2013 0 +1950 0 *
Fa
0  1e-07 104 0

0111000
+1946 0 *
Ed
 1e-07 1 1 0
1  495 0 4.24967944911687e-20 0.25
2  314 103 0 4.24967944911687e-20 0.25
4 C0 103 0 102 0
0

0101000
+2012 0 -2844 0 *
Wi

0101100
+2841 0 -1944 0 +2011 0 -1947 0 *
Fa
0  1e-07 103 0

0111000
+1943 0 *
Ed
 1e-07 1 1 0
1  496 0 6.13661469382495e-23 0.25
2  315 101 0 6.13661469382495e-23 0.25
4 C0 102 0 101 0
0

0101000
+2846 0 -2010 0 *
Wi

0101100
+2843 0 +1941 0 +2009 0 +1944 0 *
Fa
0  1e-07 102 0

0111000
+1940 0 *
Ed
 1e-07 1 1 0
1  497 0 -7.21113930238645e-22 0.25
2  316 101 0 -7.21113930238645e-22 0.25
4 C0 101 0 100 0
0

0101000
+2006 0 -2850 0 *
Wi

0101100
+2005 0 +2007 0 -1941 0 +2845 0 +2847 0 -1938 0 *
Fa
0  1e-07 101 0

0111000
+1937 0 *
Ed
 1e-07 1 1 0
1  498 0 0 0.25
2  317 99 0 0 0.25
4 C0 100 0 99 0
0

0101000
+2004 0 -2852 0 *
Wi

0101100
+2849 0 -1935 0 +2003 0 +1938 0 *
Fa
0  1e-07 100 0

0111000
-1934 0 *
Ed
 1e-07 1 1 0
1  499 0 0 0.25
2  318 99 0 0 0.25
4 C0 99 0 98 0
0

0101000
+2854 0 -2002 0 *
Wi

0101100
-1935 0 -2001 0 -1932 0 -2851 0 *
Fa
0  1e-07 99 0

0111000
+1931 0 *
Ed
 1e-07 1 1 0
1  500 0 0 0.25
4 C0 98 0 97 0
0

0101000
+2000 0 -2856 0 *
Wi

0101100
+2853 0 -1929 0 +1999 0 -1932 0 *
Fa
0  1e-07 98 0

0111000
-1928 0 *
Ed
 1e-07 1 1 0
1  501 0 0 0.25
4 C0 97 0 96 0
0

0101000
+1998 0 -2858 0 *
Wi

0101100
+2855 0 -1926 0 +1997 0 +1929 0 *
Fa
0  1e-07 97 0

0111000
-1925 0 *
Ed
 1e-07 1 1 0
1  502 0 0 0.25
4 C0 96 0 95 0
0

0101000
+1996 0 -2860 0 *
Wi

0101100
+2857 0 -1923 0 +1995 0 +1926 0 *
Fa
0  1e-07 96 0

0111000
+1922 0 *
Ed
 1e-07 1 1 0
1  503 0 0 0.25
4 C0 95 0 94 0
0

0101000
+1994 0 -2862 0 *
Wi

0101100
+2859 0 -1920 0 +1993 0 +1923 0 *
Fa
0  1e-07 95 0

0111000
+1919 0 *
Ed
 1e-07 1 1 0
1  504 0 0 0.25
4 C0 94 0 93 0
0

0101000
+1992 0 -2864 0 *
Wi

0101100
+2861 0 -1917 0 +1991 0 +1920 0 *
Fa
0  1e-07 94 0

0111000
+1916 0 *
Ed
 1e-07 1 1 0
1  505 0 0 0.25
4 C0 93 0 92 0
0

0101000
+1990 0 -2866 0 *
Wi

0101100
+2863 0 -1914 0 +1989 0 +1917 0 *
Fa
0  1e-07 93 0

0111000
-1913 0 *
Ed
 1e-07 1 1 0
1  506 0 0 0.25
4 C0 92 0 91 0
0

0101000
+1988 0 -2868 0 *
Wi

0101100
+2865 0 -1911 0 +1987 0 +1914 0 *
Fa
0  1e-07 92 0

0111000
+1910 0 *
Ed
 1e-07 1 1 0
1  507 0 0 0.25
4 C0 91 0 90 0
0

0101000
+1986 0 -2870 0 *
Wi

0101100
+2867 0 -1908 0 +1985 0 +1911 0 *
Fa
0  1e-07 91 0

0111000
-1907 0 *
Ed
 1e-07 1 1 0
1  508 0 0 0.25
4 C0 90 0 89 0
0

0101000
+1984 0 -2872 0 *
Wi

0101100
+2869 0 -1905 0 +1983 0 +1908 0 *
Fa
0  1e-07 90 0

0111000
-1904 0 *
Ed
 1e-07 1 1 0
1  509 0 0 0.25
2  319 88 0 0 0.25
4 C0 89 0 88 0
0

0101000
+2874 0 -1982 0 *
Wi

0101100
+2871 0 +1902 0 +1981 0 +1905 0 *
Fa
0  1e-07 89 0

0111000
-1901 0 *
Wi

0101100
+1902 0 -1980 0 +2162 0 -2873 0 *
Fa
0  1e-07 88 0

0111000
+1899 0 *
Ve
1e-07
-5.3 3.12 4.149999999999
0 0

0101101
*
Ed
 1e-07 1 1 0
1  510 0 0 6.25
4 C0 2 0 224 0
0

0101000
+1897 0 -3110 0 *
Ed
 1e-07 1 1 0
1  511 0 0 5.5
2  320 14 0 0 5.5
4 G1 2 0 14 0
0

0101000
+3083 0 -1897 0 *
Wi

0101100
-3082 0 -3108 0 -1896 0 -1895 0 *
Ve
1e-07
-4.585 2.155 4.149999999999
0 0

0101101
*
Ve
1e-07
-4.585 2.585 4.149999999999
0 0

0101101
*
Ed
 1e-07 1 1 0
1  512 0 0 3.14159265358979
2  321 225 0 0 3.14159265358979
4 C0 2 0 225 0
0

0101000
+1893 0 -1892 0 *
Ve
1e-07
-0.665 2.155 4.149999999999
0 0

0101101
*
Ed
 1e-07 1 1 0
1  513 0 0 3.92
4 C0 2 0 226 0
0

0101000
+1893 0 -1890 0 *
Ve
1e-07
-0.665 2.585 4.149999999999
0 0

0101101
*
Ed
 1e-07 1 1 0
1  514 0 0 3.14159265358979
2  322 227 0 0 3.14159265358979
4 C0 2 0 227 0
0

0101000
+1888 0 -1890 0 *
Ed
 1e-07 1 1 0
1  515 0 0 3.92
4 C0 2 0 228 0
0

0101000
+1888 0 -1892 0 *
Wi

0101100
-1891 0 +1889 0 -1887 0 +1886 0 *
Ve
0.000241633312141803
-1.899831137499 1.024206754787 4.150014527191
0 0

0101101
*
Ve
0.0002774977730979
-1.900273920822 0.4657933285163 4.150014527195
0 0

0101101
*
Ed
 0.000138739161850116 1 1 0
1  516 0 0 3.14196892793083
2  323 229 0 0 3.14196892793083
4 C0 2 0 229 0
0

0101000
+1884 0 -1883 0 *
Ve
0.000241734107494282
-3.899836829355 1.024214679013 4.150006718447
0 0

0101101
*
Ed
 6.71851518418955e-06 1 1 0
1  517 0 0 2.00000569185597
2  324 230 0 0 2.00000569185597
4 C0 2 0 230 0
0

0101000
+1881 0 -1884 0 *
Ve
0.000241606863723743
-3.900168862513 0.4657932452118 4.150014527191
0 0

0101101
*
Ed
 1.45273412123764e-05 1 1 0
1  518 0 0 3.14157225116131
2  325 231 0 0 3.14157225116131
4 C0 2 0 231 0
0

0101000
-1881 0 +1879 0 *
Ed
 6.71851701563177e-06 1 1 0
1  519 0 0.000110750178973527 2.00000569186997
2  326 232 0 0.000110750178973527 2.00000569186997
4 C0 2 0 232 0
0

0101000
+1883 0 -1879 0 *
Wi

0101100
-1882 0 -1880 0 -1878 0 -1877 0 *
Ve
0.00024163331206818
-3.9001688625 -1.034206754787 4.150014527193
0 0

0101101
*
Ve
0.000277497779098285
-3.899726079172 -0.4757933285169 4.150014527194
0 0

0101101
*
Ed
 0.000138739164849523 1 1 0
1  520 0 0 3.14196892794963
2  327 233 0 0 3.14196892794963
4 C0 2 0 233 0
0

0101000
+1875 0 -1874 0 *
Ve
0.000241734107488972
-1.900163170644 -1.034214679013 4.150006718448
0 0

0101101
*
Ed
 6.71851618428845e-06 1 1 0
1  521 0 0 2.00000569185597
2  328 234 0 0 2.00000569185597
4 C0 2 0 234 0
0

0101000
+1872 0 -1875 0 *
Ve
0.000241606863751167
-1.899831137492 -0.4757932452116 4.15001452719
0 0

0101101
*
Ed
 1.45273405249194e-05 1 1 0
1  522 0 0 3.14157225117474
2  329 235 0 0 3.14157225117474
4 C0 2 0 235 0
0

0101000
-1872 0 +1870 0 *
Ed
 6.71851701563177e-06 1 1 0
1  523 0 0.000110750181973351 2.00000569186197
2  330 236 0 0.000110750181973351 2.00000569186197
4 C0 2 0 236 0
0

0101000
+1874 0 -1870 0 *
Wi

0101100
-1873 0 -1871 0 -1869 0 -1868 0 *
Ve
1e-07
-0.665 -2.165 4.149999999999
0 0

0101101
*
Ve
1e-07
-4.585 -2.165 4.149999999999
0 0

0101101
*
Ed
 1e-07 1 1 0
1  524 0 0 3.92
4 C0 2 0 237 0
0

0101000
+1866 0 -1865 0 *
Ve
1e-07
-4.585 -2.595 4.149999999999
0 0

0101101
*
Ed
 1e-07 1 1 0
1  525 0 0 3.14159265358979
2  331 238 0 0 3.14159265358979
4 C0 2 0 238 0
0

0101000
+1863 0 -1865 0 *
Ve
1e-07
-0.665 -2.595 4.149999999999
0 0

0101101
*
Ed
 1e-07 1 1 0
1  526 0 0 3.92
4 C0 2 0 239 0
0

0101000
+1863 0 -1861 0 *
Ed
 1e-07 1 1 0
1  527 0 0 3.14159265358979
2  332 240 0 0 3.14159265358979
4 C0 2 0 240 0
0

0101000
+1866 0 -1861 0 *
Wi

0101100
+1864 0 -1862 0 +1860 0 -1859 0 *
Fa
0  1e-07 2 0

0101000
-1894 0 -1885 0 -1876 0 -1867 0 -1858 0 *
Ve
1e-07
-0.665 -2.165 3.949999999999
0 0

0101101
*
Ed
 1e-07 1 1 0
1  528 0 0 0.2
2  333 240 0 0 0.2
4 G1 237 0 240 0
0

0101000
+1866 0 -1856 0 *
Ve
1e-07
-4.585 -2.165 3.949999999999
0 0

0101101
*
Ed
 1e-07 1 1 0
1  529 0 0 3.92
4 C0 237 0 24 0
0

0101000
+1854 0 -1856 0 *
Ed
 1e-07 1 1 0
1  530 0 0 0.2
2  334 238 0 0 0.2
4 G1 237 0 238 0
0

0101000
+1854 0 -1865 0 *
Wi

0101100
-1864 0 +1855 0 -1853 0 +1852 0 *
Fa
0  1e-07 237 0

0111000
+1851 0 *
Ve
1e-07
-0.5861013308097 -2.18 3.949999999999
0 0

0101101
*
Ve
0.000467498503012914
-0.5861013308097 -2.18 4.011101330809
0 0

0101101
*
Ed
 1e-07 1 1 0
1  531 0 0 0.0611013308099997
2  335 240 0 0 0.0611013308099997
4 C0 240 0 58 0
0

0101000
+1849 0 -1848 0 *
Ed
 1e-07 1 1 0
1  532 0 0 0.375750266224355
2  336 240 0 0 0.375750266224355
4 C0 240 0 24 0
0

0101000
+1856 0 -1849 0 *
Ve
1e-07
-0.665 -2.595 3.949999999999
0 0

0101101
*
Ed
 1e-07 1 1 0
1  533 0 0 0.2
2  337 240 0 0 0.2
4 G1 240 0 239 0
0

0101000
+1845 0 -1861 0 *
Ve
1e-07
-0.5861013308097 -2.58 3.949999999999
0 0

0101101
*
Ed
 1e-07 1 1 0
1  534 0 0 0.375750266224378
2  338 240 0 0 0.375750266224378
4 C0 240 0 24 0
0

0101000
+1843 0 -1845 0 *
Ve
0.000467498503012914
-0.5861013308097 -2.58 4.011101330809
0 0

0101101
*
Ed
 1e-07 1 1 0
1  535 0 0 0.0611013308099997
2  339 240 0 0 0.0611013308099997
4 C0 240 0 60 0
0

0101000
+1843 0 -1841 0 *
Ve
0.00108704405261945
-0.5439339828224 -2.557673913349 3.968933982821
0 0

0101101
*
Ed
 0.000467498503012914 1 1 0
1  536 0 0 1
2  340 240 0 0 1
4 C0 240 0 241 0
0

0101000
+1841 0 -1839 0 *
Ve
0.00108704405261945
-0.5207835854029 -2.539457285066 3.949999999999
0 0

0101101
*
Ed
 0.00108704405261945 1 1 0
1  537 0 0 1
2  341 240 0 0 1
2  342 242 0 0 1
4 C0 240 0 242 0
0

0101000
+1839 0 -1837 0 *
Ve
0.00124635116196192
-0.5207835854029 -2.220542714934 3.949999999999
0 0

0101101
*
Ed
 1e-07 1 1 0
1  538 0 0 1.67108880004744
2  343 240 0 0 1.67108880004744
4 C0 240 0 24 0
0

0101000
+1835 0 -1837 0 *
Ve
0.00124635116196192
-0.5439339828224 -2.202326086651 3.968933982821
0 0

0101101
*
Ed
 0.00124635116196192 1 1 0
1  539 0 0 1
2  344 240 0 0 1
2  345 242 0 0 1
4 C0 240 0 242 0
0

0101000
+1835 0 -1833 0 *
Ed
 0.000467498503012914 1 1 0
1  540 0 0 1
2  346 240 0 0 1
4 C0 240 0 241 0
0

0101000
+1833 0 -1848 0 *
Wi

0101100
-1847 0 -1846 0 -1855 0 +1859 0 -1844 0 -1842 0 +1840 0 +1838 0 +1836 0 -1834 0 
+1832 0 +1831 0 *
Fa
0  1e-07 240 0

0111000
+1830 0 *
Ve
1e-07
-0.437867965644 -2.18 3.924999999999
0 0

0101101
*
Ed
 1e-07 1 1 0
1  541 0 0 0.637867965644
4 C0 58 0 61 0
0

0101000
+1828 0 -2985 0 *
Ve
1e-07
-0.5207835854029 -2.18 3.949999999999
0 0

0101101
*
Ed
 1e-07 1 1 0
1  542 0 0 0.585685543458046
2  347 242 0 0 0.585685543458046
4 C0 58 0 242 0
0

0101000
+1828 0 -1826 0 *
Ed
 1e-07 1 1 0
1  543 0 0 0.0653177454067999
4 C0 58 0 24 0
0

0101000
+1826 0 -1849 0 *
Ve
1e-07
-0.6560660171761 -2.18 4.081066017175
0 0

0101101
*
Ed
 1e-07 1 1 0
1  544 0 0 0.0989450083462602
4 C0 58 0 241 0
0

0101000
+1848 0 -1823 0 *
Ve
1e-07
-0.762132034356 -2.18 4.124999999999
0 0

0101101
*
Ed
 1e-07 1 1 0
1  545 0 0 0.785398163415762
2  348 243 0 0 0.785398163415762
4 C0 58 0 243 0
0

0101000
+1823 0 -1821 0 *
Ve
1e-07
-2.5 -2.18 4.124999999999
0 0

0101101
*
Ed
 1e-07 1 1 0
1  546 0 0 1.737867965644
4 C0 58 0 244 0
0

0101000
+1819 0 -1821 0 *
Ve
1e-07
-2.696961550602 -2.18 4.290270364463
0 0

0101101
*
Ed
 1e-07 1 1 0
1  547 0 0 1.39626340158252
2  349 245 0 0 1.39626340158252
4 C0 58 0 245 0
0

0101000
+1819 0 -1817 0 *
Ve
1e-07
-2.719741040445 -2.18 4.41945927107
0 0

0101101
*
Ed
 1e-07 1 1 0
1  548 0 0 0.131181853729163
4 C0 58 0 246 0
0

0101000
+1817 0 -1815 0 *
Ve
1e-07
-3.308758882345 -2.18 4.699196280266
0 0

0101101
*
Ed
 1e-07 1 1 0
1  549 0 0 1.90575886329031
2  350 247 0 0 1.90575886329031
4 C0 58 0 247 0
0

0101000
+1815 0 -1813 0 *
Ve
1e-07
-4.408528422216 -2.18 4.084758884075
0 0

0101101
*
Ed
 1e-07 1 1 0
1  550 0 0 1.25977234239606
4 C0 58 0 248 0
0

0101000
+1813 0 -1811 0 *
Ve
1e-07
-4.369999999996 -2.18 3.861678404336
0 0

0101101
*
Ed
 1e-07 1 1 0
1  551 0 0 2.46464911263179
2  351 249 0 0 2.46464911263179
4 C0 58 0 249 0
0

0101000
+1811 0 -1809 0 *
Ed
 1e-07 1 1 0
1  552 0 0 1
2  352 59 0 0 1
4 C0 58 0 59 0
0

0101000
+1809 0 -2984 0 *
Wi

0101100
-2983 0 -1827 0 +1825 0 +1824 0 +1847 0 +1822 0 +1820 0 -1818 0 +1816 0 +1814 0 
+1812 0 +1810 0 +1808 0 +1807 0 *
Fa
0  1e-07 58 0

0111000
-1806 0 *
Ve
1e-07
-0.437867965644 -2.58 3.924999999999
0 0

0101101
*
Ed
 1e-07 1 1 0
1  553 0 0 0.637867965644
4 C0 61 0 60 0
0

0101000
+2980 0 -1804 0 *
Ed
 1e-07 1 1 0
1  554 0 0 0.4
2  353 242 0 0 0.4
4 G1 61 0 242 0
0

0101000
+1804 0 -1828 0 *
Wi

0101100
+2978 0 +1803 0 +1802 0 +1827 0 *
Fa
0  1e-07 61 0

0111000
-1801 0 *
Ve
1e-07
-4.369999999996 -2.58 3.861678404336
0 0

0101101
*
Ed
 1e-07 1 1 0
1  555 0 0 1
2  354 59 0 0 1
4 C0 60 0 59 0
0

0101000
+1799 0 -2982 0 *
Ve
1e-07
-4.408528422216 -2.58 4.084758884075
0 0

0101101
*
Ed
 1e-07 1 1 0
1  556 0 0 2.46464911263098
2  355 249 0 0 2.46464911263098
4 C0 60 0 249 0
0

0101000
+1797 0 -1799 0 *
Ve
1e-07
-3.308758882345 -2.58 4.699196280267
0 0

0101101
*
Ed
 1e-07 1 1 0
1  557 0 0 1.25977234239655
4 C0 60 0 248 0
0

0101000
+1795 0 -1797 0 *
Ve
1e-07
-2.719741040444 -2.58 4.419459271064
0 0

0101101
*
Ed
 1e-07 1 1 0
1  558 0 0 1.9057588633024
2  356 247 0 0 1.9057588633024
4 C0 60 0 247 0
0

0101000
+1793 0 -1795 0 *
Ve
1e-07
-2.696961550601 -2.58 4.290270364461
0 0

0101101
*
Ed
 1e-07 1 1 0
1  559 0 0 0.131181853725225
4 C0 60 0 246 0
0

0101000
+1791 0 -1793 0 *
Ve
1e-07
-2.5 -2.58 4.124999999999
0 0

0101101
*
Ed
 1e-07 1 1 0
1  560 0 0 1.39626340157179
2  357 245 0 0 1.39626340157179
4 C0 60 0 245 0
0

0101000
+1789 0 -1791 0 *
Ve
1e-07
-0.762132034356 -2.58 4.124999999999
0 0

0101101
*
Ed
 1e-07 1 1 0
1  561 0 0 1.737867965644
4 C0 60 0 244 0
0

0101000
+1787 0 -1789 0 *
Ve
1e-07
-0.656066017178 -2.58 4.081066017177
0 0

0101101
*
Ed
 1e-07 1 1 0
1  562 0 0 0.785398163397802
2  358 243 0 0 0.785398163397802
4 C0 60 0 243 0
0

0101000
+1785 0 -1787 0 *
Ed
 1e-07 1 1 0
1  563 0 0 0.098945008349018
4 C0 60 0 241 0
0

0101000
+1841 0 -1785 0 *
Ve
1e-07
-0.5207835854029 -2.58 3.949999999999
0 0

0101101
*
Ed
 1e-07 1 1 0
1  564 0 0 0.0653177454067999
4 C0 60 0 24 0
0

0101000
+1782 0 -1843 0 *
Ed
 1e-07 1 1 0
1  565 0 0 0.585685543458039
2  359 242 0 0 0.585685543458039
4 C0 60 0 242 0
0

0101000
+1804 0 -1782 0 *
Wi

0101100
+2979 0 -1798 0 -1796 0 -1794 0 -1792 0 -1790 0 -1788 0 -1786 0 -1784 0 -1783 0 
-1840 0 -1781 0 -1780 0 -1803 0 *
Fa
0  1e-07 60 0

0111000
+1779 0 *
Ed
 1e-07 1 1 0
1  566 0 2.34173852752715e-25 0.4
2  360 59 0 2.34173852752715e-25 0.4
2  361 249 0 2.34173852752715e-25 0.4
4 G1 59 0 249 0
0

0101000
+1799 0 -1809 0 *
Wi

0101100
-1798 0 +1777 0 +1807 0 +2981 0 *
Fa
0  1e-07 59 0

0111000
+1776 0 *
Ed
 1e-07 1 1 0
1  567 0 3.24213943436638e-25 0.4
2  362 249 0 3.24213943436638e-25 0.4
4 G1 249 0 248 0
0

0101000
+1811 0 -1797 0 *
Wi

0101100
-1777 0 -1796 0 -1774 0 +1808 0 *
Fa
0  1e-07 249 0

0111000
+1773 0 *
Ed
 1e-07 1 1 0
1  568 0 0 0.4
2  363 247 0 0 0.4
4 G1 248 0 247 0
0

0101000
+1795 0 -1813 0 *
Wi

0101100
-1810 0 -1771 0 +1794 0 -1774 0 *
Fa
0  1e-07 248 0

0111000
-1770 0 *
Ed
 1e-07 1 1 0
1  569 0 -1.39567440719092e-23 0.4
2  364 247 0 -1.39567440719092e-23 0.4
4 G1 247 0 246 0
0

0101000
+1815 0 -1793 0 *
Wi

0101100
-1771 0 -1792 0 -1768 0 +1812 0 *
Fa
0  1e-07 247 0

0111000
+1767 0 *
Ed
 1e-07 1 1 0
1  570 0 0 0.4
2  365 245 0 0 0.4
4 G1 246 0 245 0
0

0101000
+1817 0 -1791 0 *
Wi

0101100
-1814 0 +1765 0 +1790 0 -1768 0 *
Fa
0  1e-07 246 0

0111000
-1764 0 *
Ed
 1e-07 1 1 0
1  571 0 0 0.4
2  366 245 0 0 0.4
4 G1 245 0 244 0
0

0101000
+1789 0 -1819 0 *
Wi

0101100
-1816 0 -1762 0 +1788 0 -1765 0 *
Fa
0  1e-07 245 0

0111000
+1761 0 *
Ed
 1e-07 1 1 0
1  572 0 0 0.4
2  367 243 0 0 0.4
4 G1 244 0 243 0
0

0101000
+1787 0 -1821 0 *
Wi

0101100
-1759 0 +1786 0 +1762 0 +1818 0 *
Fa
0  1e-07 244 0

0111000
-1758 0 *
Ed
 1e-07 1 1 0
1  573 0 -5.00603365103281e-24 0.4
2  368 243 0 -5.00603365103281e-24 0.4
4 G1 243 0 241 0
0

0101000
+1823 0 -1785 0 *
Wi

0101100
-1759 0 -1784 0 -1756 0 +1820 0 *
Fa
0  1e-07 243 0

0111000
+1755 0 *
Ed
 1e-07 1 1 0
1  574 0 4.70540315132288e-26 0.355347826698
2  369 242 0 4.70540315132288e-26 0.355347826698
4 G1 241 0 242 0
0

0101000
+1833 0 -1839 0 *
Wi

0101100
-1838 0 +1783 0 -1756 0 -1822 0 -1831 0 +1753 0 *
Fa
0  1e-07 241 0

0111000
-1752 0 *
Ed
 1e-07 1 1 0
1  575 0 0 0.0405427149339999
2  370 242 0 0 0.0405427149339999
4 C0 242 0 24 0
0

0101000
+1826 0 -1835 0 *
Ed
 1e-07 1 1 0
1  576 0 0 0.0405427149339999
2  371 242 0 0 0.0405427149339999
4 C0 242 0 24 0
0

0101000
+1837 0 -1782 0 *
Wi

0101100
-1750 0 -1825 0 -1802 0 +1780 0 -1749 0 -1836 0 -1753 0 -1832 0 *
Fa
0  1e-07 242 0

0111000
+1748 0 *
Ve
1e-07
-5.4 3.12 3.949999999999
0 0

0101101
*
Ed
 1e-07 1 1 0
1  577 0 0 5.6
2  372 35 0 0 5.6
4 G1 24 0 35 0
0

0101000
+3059 0 -1746 0 *
Ve
1e-07
-5.4 -3.13 3.949999999999
0 0

0101101
*
Ed
 1e-07 1 1 0
1  578 0 0 6.25
4 C0 24 0 250 0
0

0101000
+1746 0 -1744 0 *
Ed
 1e-07 1 1 0
1  579 0 0 5.6
2  373 25 0 0 5.6
4 G1 24 0 25 0
0

0101000
+1744 0 -3060 0 *
Wi

0101100
+3058 0 +1745 0 +1743 0 +1742 0 *
Ve
0.000149054095929823
-1.899850946045 0.9449999538197 3.949999999999
0 0

0101101
*
Ve
1.62071896357965e-06
-1.899999778329 0.5449999906378 3.949999999999
0 0

0101101
*
Ed
 1e-07 1 1 0
1  580 0 0 3.14084627542371
2  374 251 0 0 3.14084627542371
4 C0 24 0 251 0
0

0101000
+1740 0 -1739 0 *
Ve
0.000149054095930267
-3.900149053955 0.5450000461803 3.949999999999
0 0

0101101
*
Ed
 1e-07 1 1 0
1  581 0 9.6310899988517e-07 2.000150238735
2  375 252 0 9.6310899988517e-07 2.000150238735
4 C0 24 0 252 0
0

0101000
+1739 0 -1737 0 *
Ve
6.57603489285874e-07
-3.90000118478 0.945000005609 3.949999998921
0 0

0101101
*
Ed
 1e-07 1 1 0
1  582 0 0 3.14084145987883
2  376 253 0 0 3.14084145987883
4 C0 24 0 253 0
0

0101000
+1737 0 -1735 0 *
Ed
 1e-07 1 1 0
1  583 0 0 2.000150238735
2  377 254 0 0 2.000150238735
4 C0 24 0 254 0
0

0101000
+1735 0 -1740 0 *
Wi

0101100
+1738 0 +1736 0 +1734 0 +1733 0 *
Ve
1e-07
-0.5207835854029 2.57 3.949999999999
0 0

0101101
*
Ve
1e-07
-0.5861013308097 2.57 3.949999999999
0 0

0101101
*
Ed
 1e-07 1 1 0
1  584 0 0 0.0653177454067999
4 C0 24 0 54 0
0

0101000
+1731 0 -1730 0 *
Ve
0.00124635116196192
-0.5207835854029 2.529457285066 3.949999999999
0 0

0101101
*
Ed
 1e-07 1 1 0
1  585 0 0 0.0405427149339999
2  378 255 0 0 0.0405427149339999
4 C0 24 0 255 0
0

0101000
+1731 0 -1728 0 *
Ve
0.00108704405261945
-0.5207835854029 2.210542714934 3.949999999999
0 0

0101101
*
Ed
 1e-07 1 1 0
1  586 0 0 1.67108880004744
2  379 227 0 0 1.67108880004744
4 C0 24 0 227 0
0

0101000
+1728 0 -1726 0 *
Ve
1e-07
-0.5207835854029 2.17 3.949999999999
0 0

0101101
*
Ed
 1e-07 1 1 0
1  587 0 0 0.0405427149339999
2  380 255 0 0 0.0405427149339999
4 C0 24 0 255 0
0

0101000
+1726 0 -1724 0 *
Ve
1e-07
-0.5861013308097 2.17 3.949999999999
0 0

0101101
*
Ed
 1e-07 1 1 0
1  588 0 0 0.0653177454067999
4 C0 24 0 56 0
0

0101000
+1724 0 -1722 0 *
Ve
1e-07
-0.665 2.155 3.949999999999
0 0

0101101
*
Ed
 1e-07 1 1 0
1  589 0 0 0.375750266224378
2  381 227 0 0 0.375750266224378
4 C0 24 0 227 0
0

0101000
+1722 0 -1720 0 *
Ve
1e-07
-4.585 2.155 3.949999999999
0 0

0101101
*
Ed
 1e-07 1 1 0
1  590 0 0 3.92
4 C0 24 0 226 0
0

0101000
+1720 0 -1718 0 *
Ve
1e-07
-4.585 2.585 3.949999999999
0 0

0101101
*
Ed
 1e-07 1 1 0
1  591 0 0 3.14159265358979
2  382 225 0 0 3.14159265358979
4 C0 24 0 225 0
0

0101000
+1718 0 -1716 0 *
Ve
1e-07
-0.665 2.585 3.949999999999
0 0

0101101
*
Ed
 1e-07 1 1 0
1  592 0 0 3.92
4 C0 24 0 228 0
0

0101000
+1716 0 -1714 0 *
Ed
 1e-07 1 1 0
1  593 0 0 0.375750266224355
2  383 227 0 0 0.375750266224355
4 C0 24 0 227 0
0

0101000
+1714 0 -1730 0 *
Wi

0101100
-1729 0 +1727 0 +1725 0 +1723 0 +1721 0 +1719 0 +1717 0 +1715 0 +1713 0 +1712 0 
*
Ve
1e-07
-4.585 -2.595 3.949999999999
0 0

0101101
*
Ed
 1e-07 1 1 0
1  594 0 0 3.92
4 C0 24 0 239 0
0

0101000
+1845 0 -1710 0 *
Ed
 1e-07 1 1 0
1  595 0 0 3.14159265358979
2  384 238 0 0 3.14159265358979
4 C0 24 0 238 0
0

0101000
+1710 0 -1854 0 *
Wi

0101100
-1824 0 +1750 0 +1834 0 +1749 0 +1781 0 +1842 0 +1709 0 +1708 0 +1853 0 +1846 0 
*
Ve
0.000149054095929823
-3.900149053955 -0.9549999538197 3.949999999999
0 0

0101101
*
Ve
1.62071896335761e-06
-3.900000221671 -0.5549999906378 3.949999999999
0 0

0101101
*
Ed
 1e-07 1 1 0
1  596 0 0 3.14084627542372
2  385 256 0 0 3.14084627542372
4 C0 24 0 256 0
0

0101000
+1706 0 -1705 0 *
Ve
0.000149054095930045
-1.899850946045 -0.5550000461803 3.949999999999
0 0

0101101
*
Ed
 1e-07 1 1 0
1  597 0 9.63108999663126e-07 2.000150238735
2  386 257 0 9.63108999663126e-07 2.000150238735
4 C0 24 0 257 0
0

0101000
+1705 0 -1703 0 *
Ve
6.57603488397714e-07
-1.89999881522 -0.955000005609 3.949999998921
0 0

0101101
*
Ed
 1e-07 1 1 0
1  598 0 0 3.14084145987883
2  387 258 0 0 3.14084145987883
4 C0 24 0 258 0
0

0101000
+1703 0 -1701 0 *
Ed
 1e-07 1 1 0
1  599 0 0 2.000150238735
2  388 259 0 0 2.000150238735
4 C0 24 0 259 0
0

0101000
+1701 0 -1706 0 *
Wi

0101100
+1704 0 +1702 0 +1700 0 +1699 0 *
Fa
0  1e-07 24 0

0101000
+1741 0 +1732 0 +1711 0 +1707 0 +1698 0 *
Ve
8.60031811460744e-05
-3.900086003101 -0.8683974363706 3.999999999999
0 0

0101101
*
Ed
 1e-07 1 1 0
1  600 0 0 1.04719736710642
2  389 256 0 0 1.04719736710642
2  390 259 0 0 1.04719736710642
4 G1 256 0 259 0
0

0101000
+1696 0 -1706 0 *
Ve
1e-07
-3.9000010446 -0.6416025403743 3.999999999999
0 0

0101101
*
Ed
 1e-07 1 1 0
1  601 0 6.99753780849552e-06 3.1408320175101
2  391 256 0 6.99753780849552e-06 3.1408320175101
4 G1 256 0 260 0
0

0101000
+1694 0 -1696 0 *
Ed
 1e-07 1 1 0
1  602 0 0 1.04719763528561
2  392 256 0 0 1.04719763528561
2  393 257 0 0 1.04719763528561
4 G1 256 0 257 0
0

0101000
+1705 0 -1694 0 *
Wi

0101100
-1704 0 -1695 0 -1693 0 -1692 0 *
Fa
0  1e-07 256 0

0101000
+1691 0 *
Ve
1.15934072817908e-07
-1.899999071334 -0.8683974643 3.999999999999
0 0

0101101
*
Ed
 1e-07 1 1 0
1  603 0 0 1.04719758855329
2  394 259 0 0 1.04719758855329
2  395 258 0 0 1.04719758855329
4 G1 259 0 258 0
0

0101000
+1701 0 -1689 0 *
Ed
 1e-07 1 1 0
1  604 0 -5.73353859998349e-05 2.000029596381
2  396 259 0 -5.73353859998349e-05 2.000029596381
4 G1 259 0 260 0
0

0101000
+1696 0 -1689 0 *
Wi

0101100
-1699 0 +1688 0 -1687 0 +1695 0 *
Fa
0  1e-07 259 0

0111000
+1686 0 *
Ve
8.60031811460744e-05
-1.899913996899 -0.6416025636294 3.999999999999
0 0

0101101
*
Ed
 1e-07 1 1 0
1  605 0 0 1.04719736710642
2  397 258 0 0 1.04719736710642
2  398 257 0 0 1.04719736710642
4 G1 258 0 257 0
0

0101000
+1684 0 -1703 0 *
Ed
 1e-07 1 1 0
1  606 0 5.97516887959858e-06 3.1408320175101
2  399 258 0 5.97516887959858e-06 3.1408320175101
4 G1 258 0 260 0
0

0101000
+1689 0 -1684 0 *
Wi

0101100
-1700 0 -1683 0 -1682 0 -1688 0 *
Fa
0  1e-07 258 0

0111000
+1681 0 *
Ed
 1e-07 1 1 0
1  607 0 -5.73353860000569e-05 2.000029712315
2  400 257 0 -5.73353860000569e-05 2.000029712315
4 G1 257 0 260 0
0

0101000
+1684 0 -1694 0 *
Wi

0101100
-1702 0 +1692 0 -1679 0 +1683 0 *
Fa
0  1e-07 257 0

0111000
+1678 0 *
Wi

0101100
+1693 0 +1687 0 +1682 0 +1679 0 *
Fa
0  1e-07 260 0

0111000
+1676 0 *
Ve
8.60031811460744e-05
-1.899913996899 0.8583974363706 3.999999999999
0 0

0101101
*
Ed
 1e-07 1 1 0
1  608 0 0 1.04719736710642
2  401 251 0 0 1.04719736710642
2  402 254 0 0 1.04719736710642
4 G1 251 0 254 0
0

0101000
+1674 0 -1740 0 *
Ve
1e-07
-1.8999989554 0.6316025403743 3.999999999999
0 0

0101101
*
Ed
 1e-07 1 1 0
1  609 0 6.9975377947893e-06 3.14083201751009
2  403 251 0 6.9975377947893e-06 3.14083201751009
4 G1 251 0 261 0
0

0101000
+1672 0 -1674 0 *
Ed
 1e-07 1 1 0
1  610 0 0 1.04719763528561
2  404 251 0 0 1.04719763528561
2  405 252 0 0 1.04719763528561
4 G1 251 0 252 0
0

0101000
+1739 0 -1672 0 *
Wi

0101100
-1738 0 -1673 0 -1671 0 -1670 0 *
Fa
0  1e-07 251 0

0101000
+1669 0 *
Ve
1.15934073039953e-07
-3.900000928666 0.8583974643 3.999999999999
0 0

0101101
*
Ed
 1e-07 1 1 0
1  611 0 0 1.04719758855329
2  406 254 0 0 1.04719758855329
2  407 253 0 0 1.04719758855329
4 G1 254 0 253 0
0

0101000
+1735 0 -1667 0 *
Ed
 1e-07 1 1 0
1  612 0 -5.73353860000569e-05 2.000029596381
2  408 254 0 -5.73353860000569e-05 2.000029596381
4 G1 254 0 261 0
0

0101000
+1674 0 -1667 0 *
Wi

0101100
-1733 0 +1666 0 -1665 0 +1673 0 *
Fa
0  1e-07 254 0

0111000
+1664 0 *
Ve
8.60031811460744e-05
-3.900086003101 0.6316025636294 3.999999999999
0 0

0101101
*
Ed
 1e-07 1 1 0
1  613 0 0 1.04719736710642
2  409 253 0 0 1.04719736710642
2  410 252 0 0 1.04719736710642
4 G1 253 0 252 0
0

0101000
+1662 0 -1737 0 *
Ed
 1e-07 1 1 0
1  614 0 5.97516889134669e-06 3.14083201751011
2  411 253 0 5.97516889134669e-06 3.14083201751011
4 G1 253 0 261 0
0

0101000
+1667 0 -1662 0 *
Wi

0101100
-1734 0 -1661 0 -1660 0 -1666 0 *
Fa
0  1e-07 253 0

0111000
+1659 0 *
Ed
 1e-07 1 1 0
1  615 0 -5.73353859998349e-05 2.000029712315
2  412 252 0 -5.73353859998349e-05 2.000029712315
4 G1 252 0 261 0
0

0101000
+1662 0 -1672 0 *
Wi

0101100
-1736 0 +1670 0 -1657 0 +1661 0 *
Fa
0  1e-07 252 0

0111000
+1656 0 *
Wi

0101100
+1671 0 +1665 0 +1660 0 +1657 0 *
Fa
0  1e-07 261 0

0111000
+1654 0 *
Ve
1e-07
-0.437867965644 2.57 3.924999999999
0 0

0101101
*
Ed
 1e-07 1 1 0
1  616 0 0 0.637867965644
4 C0 54 0 57 0
0

0101000
+1652 0 -2994 0 *
Ed
 1e-07 1 1 0
1  617 0 0 0.585685543458046
2  413 255 0 0 0.585685543458046
4 C0 54 0 255 0
0

0101000
+1652 0 -1731 0 *
Ve
0.000467498503012914
-0.5861013308097 2.57 4.011101330809
0 0

0101101
*
Ed
 1e-07 1 1 0
1  618 0 0 0.0611013308099997
2  414 227 0 0 0.0611013308099997
4 C0 54 0 227 0
0

0101000
+1730 0 -1649 0 *
Ve
1e-07
-0.6560660171761 2.57 4.081066017175
0 0

0101101
*
Ed
 1e-07 1 1 0
1  619 0 0 0.0989450083462602
4 C0 54 0 262 0
0

0101000
+1649 0 -1647 0 *
Ve
1e-07
-0.762132034356 2.57 4.124999999999
0 0

0101101
*
Ed
 1e-07 1 1 0
1  620 0 0 0.785398163415762
2  415 263 0 0 0.785398163415762
4 C0 54 0 263 0
0

0101000
+1647 0 -1645 0 *
Ve
1e-07
-2.5 2.57 4.124999999999
0 0

0101101
*
Ed
 1e-07 1 1 0
1  621 0 0 1.737867965644
4 C0 54 0 264 0
0

0101000
+1643 0 -1645 0 *
Ve
1e-07
-2.696961550602 2.57 4.290270364463
0 0

0101101
*
Ed
 1e-07 1 1 0
1  622 0 0 1.39626340158252
2  416 265 0 0 1.39626340158252
4 C0 54 0 265 0
0

0101000
+1643 0 -1641 0 *
Ve
1e-07
-2.719741040445 2.57 4.41945927107
0 0

0101101
*
Ed
 1e-07 1 1 0
1  623 0 0 0.131181853729163
4 C0 54 0 266 0
0

0101000
+1641 0 -1639 0 *
Ve
1e-07
-3.308758882345 2.57 4.699196280266
0 0

0101101
*
Ed
 1e-07 1 1 0
1  624 0 0 1.90575886329031
2  417 267 0 0 1.90575886329031
4 C0 54 0 267 0
0

0101000
+1639 0 -1637 0 *
Ve
1e-07
-4.408528422216 2.57 4.084758884075
0 0

0101101
*
Ed
 1e-07 1 1 0
1  625 0 0 1.25977234239606
4 C0 54 0 268 0
0

0101000
+1637 0 -1635 0 *
Ve
1e-07
-4.369999999996 2.57 3.861678404336
0 0

0101101
*
Ed
 1e-07 1 1 0
1  626 0 0 2.46464911263179
2  418 269 0 0 2.46464911263179
4 C0 54 0 269 0
0

0101000
+1635 0 -1633 0 *
Ed
 1e-07 1 1 0
1  627 0 0 1
2  419 55 0 0 1
4 C0 54 0 55 0
0

0101000
+1633 0 -2993 0 *
Wi

0101100
-2992 0 -1651 0 +1650 0 +1729 0 +1648 0 +1646 0 +1644 0 -1642 0 +1640 0 +1638 0 
+1636 0 +1634 0 +1632 0 +1631 0 *
Fa
0  1e-07 54 0

0111000
-1630 0 *
Ve
1e-07
-0.437867965644 2.17 3.924999999999
0 0

0101101
*
Ed
 1e-07 1 1 0
1  628 0 0 0.637867965644
4 C0 57 0 56 0
0

0101000
+2989 0 -1628 0 *
Ed
 1e-07 1 1 0
1  629 0 0 0.4
2  420 255 0 0 0.4
4 G1 57 0 255 0
0

0101000
+1628 0 -1652 0 *
Wi

0101100
+2987 0 +1627 0 +1626 0 +1651 0 *
Fa
0  1e-07 57 0

0111000
-1625 0 *
Ve
1e-07
-4.369999999996 2.17 3.861678404336
0 0

0101101
*
Ed
 1e-07 1 1 0
1  630 0 0 1
2  421 55 0 0 1
4 C0 56 0 55 0
0

0101000
+1623 0 -2991 0 *
Ve
1e-07
-4.408528422216 2.17 4.084758884075
0 0

0101101
*
Ed
 1e-07 1 1 0
1  631 0 0 2.46464911263098
2  422 269 0 0 2.46464911263098
4 C0 56 0 269 0
0

0101000
+1621 0 -1623 0 *
Ve
1e-07
-3.308758882345 2.17 4.699196280267
0 0

0101101
*
Ed
 1e-07 1 1 0
1  632 0 0 1.25977234239655
4 C0 56 0 268 0
0

0101000
+1619 0 -1621 0 *
Ve
1e-07
-2.719741040444 2.17 4.419459271064
0 0

0101101
*
Ed
 1e-07 1 1 0
1  633 0 0 1.9057588633024
2  423 267 0 0 1.9057588633024
4 C0 56 0 267 0
0

0101000
+1617 0 -1619 0 *
Ve
1e-07
-2.696961550601 2.17 4.290270364461
0 0

0101101
*
Ed
 1e-07 1 1 0
1  634 0 0 0.131181853725225
4 C0 56 0 266 0
0

0101000
+1615 0 -1617 0 *
Ve
1e-07
-2.5 2.17 4.124999999999
0 0

0101101
*
Ed
 1e-07 1 1 0
1  635 0 0 1.39626340157179
2  424 265 0 0 1.39626340157179
4 C0 56 0 265 0
0

0101000
+1613 0 -1615 0 *
Ve
1e-07
-0.762132034356 2.17 4.124999999999
0 0

0101101
*
Ed
 1e-07 1 1 0
1  636 0 0 1.737867965644
4 C0 56 0 264 0
0

0101000
+1611 0 -1613 0 *
Ve
1e-07
-0.656066017178 2.17 4.081066017177
0 0

0101101
*
Ed
 1e-07 1 1 0
1  637 0 0 0.785398163397802
2  425 263 0 0 0.785398163397802
4 C0 56 0 263 0
0

0101000
+1609 0 -1611 0 *
Ve
0.000467498503012914
-0.5861013308097 2.17 4.011101330809
0 0

0101101
*
Ed
 1e-07 1 1 0
1  638 0 0 0.098945008349018
4 C0 56 0 262 0
0

0101000
+1607 0 -1609 0 *
Ed
 1e-07 1 1 0
1  639 0 0 0.0611013308099997
2  426 227 0 0 0.0611013308099997
4 C0 56 0 227 0
0

0101000
+1722 0 -1607 0 *
Ed
 1e-07 1 1 0
1  640 0 0 0.585685543458039
2  427 255 0 0 0.585685543458039
4 C0 56 0 255 0
0

0101000
+1628 0 -1724 0 *
Wi

0101100
+2988 0 -1622 0 -1620 0 -1618 0 -1616 0 -1614 0 -1612 0 -1610 0 -1608 0 -1606 0 
-1605 0 -1721 0 -1604 0 -1627 0 *
Fa
0  1e-07 56 0

0111000
+1603 0 *
Ed
 1e-07 1 1 0
1  641 0 2.34173852752715e-25 0.4
2  428 55 0 2.34173852752715e-25 0.4
2  429 269 0 2.34173852752715e-25 0.4
4 G1 55 0 269 0
0

0101000
+1623 0 -1633 0 *
Wi

0101100
-1622 0 +1601 0 +1631 0 +2990 0 *
Fa
0  1e-07 55 0

0111000
+1600 0 *
Ed
 1e-07 1 1 0
1  642 0 3.24213943436638e-25 0.4
2  430 269 0 3.24213943436638e-25 0.4
4 G1 269 0 268 0
0

0101000
+1635 0 -1621 0 *
Wi

0101100
-1601 0 -1620 0 -1598 0 +1632 0 *
Fa
0  1e-07 269 0

0111000
+1597 0 *
Ed
 1e-07 1 1 0
1  643 0 0 0.4
2  431 267 0 0 0.4
4 G1 268 0 267 0
0

0101000
+1619 0 -1637 0 *
Wi

0101100
-1634 0 -1595 0 +1618 0 -1598 0 *
Fa
0  1e-07 268 0

0111000
-1594 0 *
Ed
 1e-07 1 1 0
1  644 0 -1.39567440719092e-23 0.4
2  432 267 0 -1.39567440719092e-23 0.4
4 G1 267 0 266 0
0

0101000
+1639 0 -1617 0 *
Wi

0101100
-1595 0 -1616 0 -1592 0 +1636 0 *
Fa
0  1e-07 267 0

0111000
+1591 0 *
Ed
 1e-07 1 1 0
1  645 0 0 0.4
2  433 265 0 0 0.4
4 G1 266 0 265 0
0

0101000
+1641 0 -1615 0 *
Wi

0101100
-1638 0 +1589 0 +1614 0 -1592 0 *
Fa
0  1e-07 266 0

0111000
-1588 0 *
Ed
 1e-07 1 1 0
1  646 0 0 0.4
2  434 265 0 0 0.4
4 G1 265 0 264 0
0

0101000
+1613 0 -1643 0 *
Wi

0101100
-1640 0 -1586 0 +1612 0 -1589 0 *
Fa
0  1e-07 265 0

0111000
+1585 0 *
Ed
 1e-07 1 1 0
1  647 0 0 0.4
2  435 263 0 0 0.4
4 G1 264 0 263 0
0

0101000
+1611 0 -1645 0 *
Wi

0101100
-1583 0 +1610 0 +1586 0 +1642 0 *
Fa
0  1e-07 264 0

0111000
-1582 0 *
Ed
 1e-07 1 1 0
1  648 0 -5.00603365103281e-24 0.4
2  436 263 0 -5.00603365103281e-24 0.4
4 G1 263 0 262 0
0

0101000
+1647 0 -1609 0 *
Wi

0101100
-1583 0 -1608 0 -1580 0 +1644 0 *
Fa
0  1e-07 263 0

0111000
+1579 0 *
Ve
0.00108704405261945
-0.5439339828224 2.192326086651 3.968933982821
0 0

0101101
*
Ed
 0.000467498503012914 1 1 0
1  649 0 0 1
2  437 227 0 0 1
4 C0 262 0 227 0
0

0101000
+1607 0 -1577 0 *
Ve
0.00124635116196192
-0.5439339828224 2.547673913349 3.968933982821
0 0

0101101
*
Ed
 0.000467498503012914 1 1 0
1  650 0 0 1
2  438 227 0 0 1
4 C0 262 0 227 0
0

0101000
+1575 0 -1649 0 *
Ed
 1e-07 1 1 0
1  651 0 4.72414800852458e-26 0.355347826698
2  439 255 0 4.72414800852458e-26 0.355347826698
4 G1 262 0 255 0
0

0101000
+1575 0 -1577 0 *
Wi

0101100
-1576 0 +1606 0 -1580 0 -1646 0 -1574 0 +1573 0 *
Fa
0  1e-07 262 0

0111000
-1572 0 *
Ed
 1e-07 1 1 0
1  652 0 0 0.2
2  440 227 0 0 0.2
4 G1 227 0 228 0
0

0101000
+1888 0 -1714 0 *
Ed
 1e-07 1 1 0
1  653 0 0 0.2
2  441 227 0 0 0.2
4 G1 227 0 226 0
0

0101000
+1720 0 -1890 0 *
Ed
 0.00108704405261945 1 1 0
1  654 0 0 1
2  442 227 0 0 1
2  443 255 0 0 1
4 C0 227 0 255 0
0

0101000
+1577 0 -1726 0 *
Ed
 0.00124635116196192 1 1 0
1  655 0 0 1
2  444 227 0 0 1
2  445 255 0 0 1
4 C0 227 0 255 0
0

0101000
+1728 0 -1575 0 *
Wi

0101100
-1648 0 -1712 0 -1570 0 +1887 0 -1569 0 -1719 0 +1605 0 +1576 0 +1568 0 -1725 0 
+1567 0 +1574 0 *
Fa
0  1e-07 227 0

0111000
+1566 0 *
Ed
 1e-07 1 1 0
1  656 0 0 0.2
2  446 225 0 0 0.2
4 G1 228 0 225 0
0

0101000
+1716 0 -1892 0 *
Wi

0101100
-1886 0 +1570 0 -1713 0 +1564 0 *
Fa
0  1e-07 228 0

0111000
+1563 0 *
Ed
 1e-07 1 1 0
1  657 0 0 0.2
2  447 225 0 0 0.2
4 G1 225 0 226 0
0

0101000
+1893 0 -1718 0 *
Wi

0101100
+1891 0 -1564 0 -1715 0 -1561 0 *
Fa
0  1e-07 225 0

0111000
+1560 0 *
Wi

0101100
-1889 0 +1561 0 -1717 0 +1569 0 *
Fa
0  1e-07 226 0

0111000
-1558 0 *
Wi

0101100
-1727 0 -1650 0 -1626 0 +1604 0 -1723 0 -1568 0 -1573 0 -1567 0 *
Fa
0  1e-07 255 0

0111000
+1556 0 *
Ed
 1e-07 1 1 0
1  658 0 0 0.2
2  448 238 0 0 0.2
4 G1 239 0 238 0
0

0101000
+1863 0 -1710 0 *
Wi

0101100
-1860 0 +1554 0 -1709 0 +1844 0 *
Fa
0  1e-07 239 0

0111000
-1553 0 *
Wi

0101100
+1862 0 -1852 0 -1708 0 -1554 0 *
Fa
0  1e-07 238 0

0111000
+1551 0 *
Ve
1e-07
-5.4 3.22 3.849999999999
0 0

0101101
*
Ed
 1e-07 1 1 0
1  659 0 0 5.6
2  449 35 0 0 5.6
4 G1 35 0 34 0
0

0101000
+1549 0 -3039 0 *
Ed
 1e-07 1 1 0
1  660 0 0 1.57079632679575
2  450 35 0 0 1.57079632679575
4 C0 35 0 270 0
0

0101000
+1746 0 -1549 0 *
Wi

0101100
+3037 0 -1548 0 -1547 0 -1745 0 *
Fa
0  1e-07 35 0

0111000
+1546 0 *
Ve
1e-07
-5.4 3.22 3.244833173359
0 0

0101101
*
Ed
 1e-07 1 1 0
1  661 0 0 5.6
2  451 33 0 0 5.6
4 G1 34 0 33 0
0

0101000
+3041 0 -1544 0 *
Ed
 1e-07 1 1 0
1  662 0 0 0.60516682664
4 C0 34 0 271 0
0

0101000
+1549 0 -1544 0 *
Wi

0101100
+3038 0 +1543 0 -1542 0 +1548 0 *
Fa
0  1e-07 34 0

0111000
+1541 0 *
Ve
1e-07
-5.4 3.190481471887 3.173894029576
0 0

0101101
*
Ed
 1e-07 1 1 0
1  663 0 0 5.6
2  452 33 0 0 5.6
4 G1 33 0 32 0
0

0101000
+1539 0 -3043 0 *
Ed
 1e-07 1 1 0
1  664 0 0 0.788634398059828
2  453 33 0 0 0.788634398059828
4 C0 33 0 272 0
0

0101000
+1544 0 -1539 0 *
Wi

0101100
+3040 0 -1538 0 -1537 0 -1543 0 *
Fa
0  1e-07 33 0

0111000
+1536 0 *
Ve
1e-07
-5.4 2.591785745453 2.579060856217
0 0

0101101
*
Ed
 1e-07 1 1 0
1  665 0 0 5.6
2  454 31 0 0 5.6
4 G1 32 0 31 0
0

0101000
+3045 0 -1534 0 *
Ed
 1e-07 1 1 0
1  666 0 0 0.843956798052289
4 C0 32 0 273 0
0

0101000
+1534 0 -1539 0 *
Wi

0101100
+3042 0 +1533 0 +1532 0 +1538 0 *
Fa
0  1e-07 32 0

0111000
-1531 0 *
Ve
1e-07
-5.4 2.521304273566 2.549999999999
0 0

0101101
*
Ed
 1e-07 1 1 0
1  667 0 0 5.6
2  455 31 0 0 5.6
4 G1 31 0 30 0
0

0101000
+1529 0 -3047 0 *
Ed
 1e-07 1 1 0
1  668 0 0 0.782161928740671
2  456 31 0 0 0.782161928740671
4 C0 31 0 274 0
0

0101000
+1534 0 -1529 0 *
Wi

0101100
+3044 0 -1528 0 -1527 0 -1533 0 *
Fa
0  1e-07 31 0

0111000
+1526 0 *
Ve
1e-07
-5.4 -2.531304273566 2.549999999999
0 0

0101101
*
Ed
 1e-07 1 1 0
1  669 0 0 5.6
2  457 29 0 0 5.6
4 G1 30 0 29 0
0

0101000
+3049 0 -1524 0 *
Ve
1e-07
-5.4 0.841304273566 2.549999999999
0 0

0101101
*
Ed
 1e-07 1 1 0
1  670 0 0 3.372608547132
4 C0 30 0 275 0
0

0101000
+1522 0 -1524 0 *
Ed
 1e-07 1 1 0
1  671 0 0 1.68
4 C0 30 0 276 0
0

0101000
+1529 0 -1522 0 *
Wi

0101100
+3046 0 +1523 0 -1521 0 -1520 0 +1528 0 *
Fa
0  1e-07 30 0

0111000
-1519 0 *
Ve
1e-07
-5.4 -2.601785745453 2.579060856216
0 0

0101101
*
Ed
 1e-07 1 1 0
1  672 0 0 5.6
2  458 29 0 0 5.6
4 G1 29 0 28 0
0

0101000
+1517 0 -3051 0 *
Ed
 1e-07 1 1 0
1  673 0 0 0.782161928736761
2  459 29 0 0 0.782161928736761
4 C0 29 0 277 0
0

0101000
+1524 0 -1517 0 *
Wi

0101100
+3048 0 -1516 0 -1515 0 -1523 0 *
Fa
0  1e-07 29 0

0111000
+1514 0 *
Ve
1e-07
-5.4 -3.200481471887 3.173894029576
0 0

0101101
*
Ed
 1e-07 1 1 0
1  674 0 0 5.6
2  460 27 0 0 5.6
4 G1 28 0 27 0
0

0101000
+3053 0 -1512 0 *
Ed
 1e-07 1 1 0
1  675 0 7.04877377311143e-13 0.843956798053699
4 C0 28 0 278 0
0

0101000
+1512 0 -1517 0 *
Wi

0101100
+3050 0 +1511 0 +1510 0 +1516 0 *
Fa
0  1e-07 28 0

0111000
-1509 0 *
Ve
1e-07
-5.4 -3.23 3.244833173359
0 0

0101101
*
Ed
 1e-07 1 1 0
1  676 0 0 5.6
2  461 27 0 0 5.6
4 G1 27 0 26 0
0

0101000
+1507 0 -3055 0 *
Ed
 1e-07 1 1 0
1  677 0 0 0.788634398053448
2  462 27 0 0 0.788634398053448
4 C0 27 0 279 0
0

0101000
+1512 0 -1507 0 *
Wi

0101100
+3052 0 -1506 0 -1505 0 -1511 0 *
Fa
0  1e-07 27 0

0111000
+1504 0 *
Ve
1e-07
-5.4 -3.23 3.849999999999
0 0

0101101
*
Ed
 1e-07 1 1 0
1  678 0 0 5.6
2  463 25 0 0 5.6
4 G1 26 0 25 0
0

0101000
+3057 0 -1502 0 *
Ed
 1e-07 1 1 0
1  679 0 0 0.60516682664
4 C0 26 0 280 0
0

0101000
+1502 0 -1507 0 *
Wi

0101100
+3054 0 +1501 0 +1500 0 +1506 0 *
Fa
0  1e-07 26 0

0111000
-1499 0 *
Ed
 1e-07 1 1 0
1  680 0 0 1.57079632679574
2  464 25 0 0 1.57079632679574
4 C0 25 0 281 0
0

0101000
+1502 0 -1744 0 *
Wi

0101100
+3056 0 -1742 0 -1497 0 -1501 0 *
Fa
0  1e-07 25 0

0111000
+1496 0 *
Ve
1e-07
-5.4 -3.13 4.049999999999
0 0

0101101
*
Ve
1e-07
-5.4 -3.33 3.849999999999
0 0

0101101
*
Ed
 1e-07 1 1 0
1  681 0 0 1.57079632679532
2  465 3 0 0 1.57079632679532
4 C0 281 0 3 0
0

0101000
+1494 0 -1493 0 *
Ed
 1e-07 1 1 0
1  682 0 0 0.1
4 CN 281 0 280 0
0

0101000
+1502 0 -1493 0 *
Ed
 1e-07 1 1 0
1  683 0 0 0.0999999999999996
4 G2 281 0 250 0
0

0101000
+1494 0 -1744 0 *
Wi

0101100
+1492 0 -1491 0 +1497 0 -1490 0 *
Fa
0  1e-07 281 0

0111000
+1489 0 *
Ed
 1e-07 1 1 0
1  684 0 0 0.14142135623731
2  466 3 0 0 0.14142135623731
4 G1 3 0 282 0
0

0101000
+3107 0 -1493 0 *
Ed
 1e-07 1 1 0
1  685 0 0 0.14142135623731
2  467 3 0 0 0.14142135623731
4 G1 3 0 224 0
0

0101000
+1494 0 -3110 0 *
Wi

0101100
-1487 0 -3106 0 -1486 0 +1492 0 *
Fa
0  1e-07 3 0

0111000
+1485 0 *
Ve
1e-07
-5.4 3.12 4.049999999999
0 0

0101101
*
Ed
 1e-07 1 1 0
1  686 0 0 6.25
4 C0 224 0 250 0
0

0101000
+1494 0 -1483 0 *
Ed
 1e-07 1 1 0
1  687 0 -0 0.14142135623731
2  468 283 0 -0 0.14142135623731
4 G1 224 0 283 0
0

0101000
+1897 0 -1483 0 *
Wi

0101100
+1482 0 -1481 0 +1896 0 -1486 0 *
Fa
0  1e-07 224 0

0111000
+1480 0 *
Ed
 1e-07 1 1 0
1  688 0 0 0.0999999999999996
4 CN 250 0 270 0
0

0101000
+1746 0 -1483 0 *
Wi

0101100
-1482 0 +1490 0 -1743 0 +1478 0 *
Fa
0  1e-07 250 0

0111000
+1477 0 *
Ve
1e-07
-5.4 3.32 3.849999999999
0 0

0101101
*
Ed
 1e-07 1 1 0
1  689 0 0 1.57079632679532
2  469 283 0 0 1.57079632679532
4 C0 270 0 283 0
0

0101000
+1475 0 -1483 0 *
Ed
 1e-07 1 1 0
1  690 0 0 0.0999999999999996
4 G2 270 0 271 0
0

0101000
+1475 0 -1549 0 *
Wi

0101100
+1474 0 -1478 0 +1547 0 -1473 0 *
Fa
0  1e-07 270 0

0111000
+1472 0 *
Ve
1e-07
-5.3 3.42 3.849999999999
0 0

0101101
*
Ed
 1e-07 1 1 0
1  691 0 0 1.5707963267949
2  470 283 0 0 1.5707963267949
2  471 14 0 0 1.5707963267949
4 C0 283 0 14 0
0

0101000
+1470 0 -1897 0 *
Ed
 1e-07 1 1 0
1  692 0 0 0.14142135623731
2  472 283 0 0 0.14142135623731
4 G1 283 0 284 0
0

0101000
+1475 0 -1470 0 *
Wi

0101100
-1481 0 -1469 0 -1468 0 +1474 0 *
Fa
0  1e-07 283 0

0111000
+1467 0 *
Ve
1e-07
-5.4 3.32 3.244833173359
0 0

0101101
*
Ed
 1e-07 1 1 0
1  693 0 0 0.60516682664
4 C0 284 0 271 0
0

0101000
+1475 0 -1465 0 *
Ve
1e-07
-5.3 3.42 3.244833173359
0 0

0101101
*
Ed
 1e-07 1 1 0
1  694 0 0 0.14142135623731
2  473 285 0 0 0.14142135623731
4 G1 284 0 285 0
0

0101000
+1463 0 -1465 0 *
Ed
 1e-07 1 1 0
1  695 0 0 0.60516682664
4 C0 284 0 15 0
0

0101000
+1463 0 -1470 0 *
Wi

0101100
+1464 0 -1462 0 +1461 0 -1468 0 *
Fa
0  1e-07 284 0

0111000
+1460 0 *
Ed
 1e-07 1 1 0
1  696 0 0 0.0999999999999996
4 CN 271 0 272 0
0

0101000
+1465 0 -1544 0 *
Wi

0101100
-1464 0 +1473 0 +1542 0 -1458 0 *
Fa
0  1e-07 271 0

0111000
+1457 0 *
Ve
1e-07
-5.4 3.260962943774 3.102954885794
0 0

0101101
*
Ed
 1e-07 1 1 0
1  697 0 0 0.78863439805465
2  474 285 0 0 0.78863439805465
4 C0 272 0 285 0
0

0101000
+1455 0 -1465 0 *
Ed
 1e-07 1 1 0
1  698 0 0 0.0999999999994064
4 C1 272 0 273 0
0

0101000
+1539 0 -1455 0 *
Wi

0101100
+1454 0 +1458 0 +1537 0 +1453 0 *
Fa
0  1e-07 272 0

0111000
+1452 0 *
Ve
1e-07
-5.3 3.331444415662 3.032015742011
0 0

0101101
*
Ed
 1e-07 1 1 0
1  699 0 0 0.788634398053094
2  475 285 0 0 0.788634398053094
2  476 16 0 0 0.788634398053094
4 C0 285 0 16 0
0

0101000
+1450 0 -1463 0 *
Ed
 1e-07 1 1 0
1  700 0 0 0.14142135623789
2  477 285 0 0 0.14142135623789
4 G1 285 0 286 0
0

0101000
+1455 0 -1450 0 *
Wi

0101100
-1462 0 -1449 0 -1448 0 +1454 0 *
Fa
0  1e-07 285 0

0111000
+1447 0 *
Ve
1e-07
-5.4 2.662267217341 2.508121712434
0 0

0101101
*
Ed
 1e-07 1 1 0
1  701 0 0 0.843956798052285
4 C0 286 0 273 0
0

0101000
+1445 0 -1455 0 *
Ve
1e-07
-5.3 2.732748689228 2.437182568651
0 0

0101101
*
Ed
 1e-07 1 1 0
1  702 0 0 0.141421356237392
2  478 287 0 0 0.141421356237392
4 G1 286 0 287 0
0

0101000
+1443 0 -1445 0 *
Ed
 1e-07 1 1 0
1  703 0 0 0.843956798052994
4 C0 286 0 17 0
0

0101000
+1443 0 -1450 0 *
Wi

0101100
-1444 0 -1442 0 +1441 0 -1448 0 *
Fa
0  1e-07 286 0

0111000
+1440 0 *
Ed
 1e-07 1 1 0
1  704 0 0 0.10000000000082
4 CN 273 0 274 0
0

0101000
+1445 0 -1534 0 *
Wi

0101100
+1444 0 -1453 0 -1532 0 -1438 0 *
Fa
0  1e-07 273 0

0111000
+1437 0 *
Ve
1e-07
-5.4 2.521304273566 2.449999999999
0 0

0101101
*
Ed
 1e-07 1 1 0
1  705 0 0 0.78216192874242
2  479 287 0 0 0.78216192874242
4 C0 274 0 287 0
0

0101000
+1435 0 -1445 0 *
Ed
 1e-07 1 1 0
1  706 0 0 0.1
4 C1 274 0 276 0
0

0101000
+1529 0 -1435 0 *
Wi

0101100
+1434 0 +1438 0 +1527 0 +1433 0 *
Fa
0  1e-07 274 0

0111000
+1432 0 *
Ve
1e-07
-5.3 2.521304273566 2.349999999999
0 0

0101101
*
Ed
 1e-07 1 1 0
1  707 0 0 0.782161928741109
2  480 287 0 0 0.782161928741109
2  481 18 0 0 0.782161928741109
4 C0 287 0 18 0
0

0101000
+1430 0 -1443 0 *
Ed
 1e-07 1 1 0
1  708 0 0 0.14142135623731
2  482 287 0 0 0.14142135623731
4 G1 287 0 288 0
0

0101000
+1435 0 -1430 0 *
Wi

0101100
-1442 0 -1429 0 -1428 0 +1434 0 *
Fa
0  1e-07 287 0

0111000
+1427 0 *
Ve
1e-07
-5.4 0.8413042735661 2.449999999999
0 0

0101101
*
Ed
 1e-07 1 1 0
1  709 0 0 1.6799999999999
4 C0 288 0 276 0
0

0101000
+1425 0 -1435 0 *
Ve
1e-07
-5.3 0.841304273566 2.349999999999
0 0

0101101
*
Ed
 1e-07 1 1 0
1  710 0 0 0.14142135623731
4 CN 288 0 289 0
0

0101000
+1423 0 -1425 0 *
Ed
 1e-07 1 1 0
1  711 0 0 1.68
4 C0 288 0 19 0
0

0101000
+1423 0 -1430 0 *
Wi

0101100
-1424 0 -1422 0 +1421 0 -1428 0 *
Fa
0  1e-07 288 0

0111000
+1420 0 *
Ed
 1e-07 1 1 0
1  712 0 0 0.1
4 CN 276 0 275 0
0

0101000
+1425 0 -1522 0 *
Wi

0101100
+1424 0 -1433 0 +1520 0 -1418 0 *
Fa
0  1e-07 276 0

0111000
+1417 0 *
Ve
1e-07
-5.4 -2.531304273566 2.449999999999
0 0

0101101
*
Ed
 1e-07 1 1 0
1  713 0 0 0.1
4 CN 275 0 277 0
0

0101000
+1524 0 -1415 0 *
Ed
 1e-07 1 1 0
1  714 0 0 3.3726085471321
4 C0 275 0 289 0
0

0101000
+1415 0 -1425 0 *
Wi

0101100
+1418 0 +1521 0 +1414 0 +1413 0 *
Fa
0  1e-07 275 0

0111000
+1412 0 *
Ve
1e-07
-5.4 -2.672267217341 2.508121712434
0 0

0101101
*
Ed
 1e-07 1 1 0
1  715 0 0 0.782161928742934
2  483 290 0 0 0.782161928742934
4 C0 277 0 290 0
0

0101000
+1410 0 -1415 0 *
Ed
 1e-07 1 1 0
1  716 0 -0 0.100000000000111
4 C1 277 0 278 0
0

0101000
+1517 0 -1410 0 *
Wi

0101100
+1409 0 -1414 0 +1515 0 +1408 0 *
Fa
0  1e-07 277 0

0111000
+1407 0 *
Ve
1e-07
-5.3 -2.531304273566 2.349999999999
0 0

0101101
*
Ed
 1e-07 1 1 0
1  717 0 0 0.14142135623731
2  484 290 0 0 0.14142135623731
4 G1 290 0 289 0
0

0101000
+1405 0 -1415 0 *
Ve
1e-07
-5.3 -2.742748689228 2.437182568651
0 0

0101101
*
Ed
 1e-07 1 1 0
1  718 0 0 0.782161928742085
2  485 290 0 0 0.782161928742085
2  486 20 0 0 0.782161928742085
4 C0 290 0 20 0
0

0101000
+1403 0 -1405 0 *
Ed
 1e-07 1 1 0
1  719 0 0 0.141421356237392
2  487 290 0 0 0.141421356237392
4 G1 290 0 291 0
0

0101000
+1410 0 -1403 0 *
Wi

0101100
-1404 0 -1402 0 -1401 0 +1409 0 *
Fa
0  1e-07 290 0

0111000
+1400 0 *
Ve
1e-07
-5.4 -3.270962943775 3.102954885794
0 0

0101101
*
Ed
 1e-07 1 1 0
1  720 0 -7.09139470054825e-13 0.843956798052285
4 C0 291 0 278 0
0

0101000
+1398 0 -1410 0 *
Ve
1e-07
-5.3 -3.341444415662 3.032015742012
0 0

0101101
*
Ed
 1e-07 1 1 0
1  721 0 5.01660090111509e-13 0.141421356237392
2  488 292 0 5.01660090111509e-13 0.141421356237392
4 G1 291 0 292 0
0

0101000
+1396 0 -1398 0 *
Ed
 1e-07 1 1 0
1  722 0 -7.04877377311092e-13 0.843956798052994
4 C0 291 0 21 0
0

0101000
+1396 0 -1403 0 *
Wi

0101100
-1397 0 -1395 0 +1394 0 -1401 0 *
Fa
0  1e-07 291 0

0111000
+1393 0 *
Ed
 1e-07 1 1 0
1  723 0 7.09454503137973e-13 0.10000000000082
4 CN 278 0 279 0
0

0101000
+1512 0 -1398 0 *
Wi

0101100
+1397 0 -1408 0 -1510 0 +1391 0 *
Fa
0  1e-07 278 0

0111000
+1390 0 *
Ve
1e-07
-5.4 -3.33 3.244833173359
0 0

0101101
*
Ed
 1e-07 1 1 0
1  724 0 0 0.788634398050938
2  489 292 0 0 0.788634398050938
4 C0 279 0 292 0
0

0101000
+1388 0 -1398 0 *
Ed
 1e-07 1 1 0
1  725 0 0 0.1
4 C1 279 0 280 0
0

0101000
+1507 0 -1388 0 *
Wi

0101100
+1387 0 -1391 0 +1505 0 +1386 0 *
Fa
0  1e-07 279 0

0111000
+1385 0 *
Ve
1e-07
-5.3 -3.43 3.244833173359
0 0

0101101
*
Ed
 1e-07 1 1 0
1  726 0 0 0.788634398051749
2  490 292 0 0 0.788634398051749
2  491 22 0 0 0.788634398051749
4 C0 292 0 22 0
0

0101000
+1383 0 -1396 0 *
Ed
 1e-07 1 1 0
1  727 0 0 0.14142135623731
2  492 292 0 0 0.14142135623731
4 G1 292 0 282 0
0

0101000
+1388 0 -1383 0 *
Wi

0101100
-1395 0 -1382 0 -1381 0 +1387 0 *
Fa
0  1e-07 292 0

0111000
+1380 0 *
Ed
 1e-07 1 1 0
1  728 0 0 0.60516682664
4 C0 282 0 280 0
0

0101000
+1388 0 -1493 0 *
Ed
 1e-07 1 1 0
1  729 0 0 0.60516682664
4 C0 282 0 4 0
0

0101000
+3107 0 -1383 0 *
Wi

0101100
+1378 0 -1487 0 +1377 0 -1381 0 *
Fa
0  1e-07 282 0

0111000
+1376 0 *
Wi

0101100
-1378 0 -1386 0 -1500 0 +1491 0 *
Fa
0  1e-07 280 0

0111000
+1374 0 *
Ed
 1e-07 1 1 0
1  730 0 0 5.5
2  493 22 0 0 5.5
4 G1 4 0 22 0
0

0101000
+1383 0 -3065 0 *
Wi

0101100
-3063 0 -1372 0 -1377 0 -3104 0 *
Fa
0  1e-07 4 0

0111000
+1371 0 *
Ed
 1e-07 1 1 0
1  731 0 -2.85292120090161e-25 5.5
2  494 22 0 -2.85292120090161e-25 5.5
4 G1 22 0 21 0
0

0101000
+3067 0 -1396 0 *
Wi

0101100
-1372 0 +1382 0 -1369 0 +3064 0 *
Fa
0  1e-07 22 0

0111000
+1368 0 *
Ed
 1e-07 1 1 0
1  732 0 0 5.5
2  495 20 0 0 5.5
4 G1 21 0 20 0
0

0101000
+1403 0 -3069 0 *
Wi

0101100
-3066 0 -1366 0 -1394 0 -1369 0 *
Fa
0  1e-07 21 0

0111000
+1365 0 *
Ed
 1e-07 1 1 0
1  733 0 0 5.5
2  496 20 0 0 5.5
4 G1 20 0 19 0
0

0101000
+3071 0 -1405 0 *
Wi

0101100
-1366 0 +1402 0 -1363 0 +3068 0 *
Fa
0  1e-07 20 0

0111000
+1362 0 *
Ed
 1e-07 1 1 0
1  734 0 0 5.5
2  497 18 0 0 5.5
4 G1 19 0 18 0
0

0101000
+1430 0 -3073 0 *
Ed
 1e-07 1 1 0
1  735 0 0 3.372608547132
4 C0 19 0 289 0
0

0101000
+1405 0 -1423 0 *
Wi

0101100
-3070 0 -1360 0 -1421 0 -1359 0 -1363 0 *
Fa
0  1e-07 19 0

0111000
+1358 0 *
Ed
 1e-07 1 1 0
1  736 0 0 5.5
2  498 18 0 0 5.5
4 G1 18 0 17 0
0

0101000
+3075 0 -1443 0 *
Wi

0101100
-1360 0 +1429 0 -1356 0 +3072 0 *
Fa
0  1e-07 18 0

0111000
+1355 0 *
Ed
 1e-07 1 1 0
1  737 0 0 5.5
2  499 16 0 0 5.5
4 G1 17 0 16 0
0

0101000
+1450 0 -3077 0 *
Wi

0101100
-3074 0 -1353 0 -1441 0 -1356 0 *
Fa
0  1e-07 17 0

0111000
+1352 0 *
Ed
 1e-07 1 1 0
1  738 0 0 5.5
2  500 16 0 0 5.5
4 G1 16 0 15 0
0

0101000
+3079 0 -1463 0 *
Wi

0101100
-1353 0 +1449 0 -1350 0 +3076 0 *
Fa
0  1e-07 16 0

0111000
+1349 0 *
Ed
 1e-07 1 1 0
1  739 0 0 5.5
2  501 14 0 0 5.5
4 G1 15 0 14 0
0

0101000
+1470 0 -3081 0 *
Wi

0101100
-3078 0 -1347 0 -1461 0 -1350 0 *
Fa
0  1e-07 15 0

0111000
-1346 0 *
Wi

0101100
-1347 0 +1469 0 -1895 0 +3080 0 *
Fa
0  1e-07 14 0

0111000
+1344 0 *
Wi

0101100
-1413 0 -1404 0 +1359 0 +1422 0 *
Fa
0  1e-07 289 0

0111000
+1342 0 *
Ve
0.000241633312141803
-1.900054887577 0.858395204285 4.19999999999
0 0

0101101
*
Ed
 0.000241633312141803 1 1 0
1  740 0 6.28317778939092 6.86878312673712
2  502 229 0 6.28317778939092 6.86878312673712
2  503 230 0 6.28317778939092 6.86878312673712
4 G1 229 0 230 0
0

0101000
+1340 0 -1884 0 *
Ve
0.000259330045056968
-1.899996423335 0.6316025403784 4.199999999999
0 0

0101101
*
Ed
 1e-07 1 1 0
1  741 0 6.28293838625284 9.42498353676411
2  504 229 0 6.28293838625284 9.42498353676411
4 G1 229 0 293 0
0

0101000
+1338 0 -1340 0 *
Ed
 0.000259330045056968 1 1 0
1  742 0 4.53481649744889e-05 0.585642936303568
2  505 229 0 4.53481649744889e-05 0.585642936303568
2  506 232 0 4.53481649744889e-05 0.585642936303568
4 G1 229 0 232 0
0

0101000
+1883 0 -1338 0 *
Wi

0101100
-1339 0 -1337 0 -1336 0 -1882 0 *
Fa
0  1e-07 229 0

0111000
+1335 0 *
Ve
0.000241606863723743
-3.900002623945 0.6316025403784 4.199999999999
0 0

0101101
*
Ed
 1e-07 1 1 0
1  743 0 -3.41906638911687e-05 1.999972009946
2  507 232 0 -3.41906638911687e-05 1.999972009946
4 G1 232 0 293 0
0

0101000
+1333 0 -1338 0 *
Ed
 0.000241606863723743 1 1 0
1  744 0 0 0.58559781956087
2  508 232 0 0 0.58559781956087
2  509 231 0 0 0.58559781956087
4 G1 232 0 231 0
0

0101000
+1333 0 -1879 0 *
Wi

0101100
+1336 0 -1332 0 +1331 0 -1877 0 *
Fa
0  1e-07 232 0

0101000
+1330 0 *
Ve
0.000241734107494282
-3.900003576664 0.8583974596216 4.199999999999
0 0

0101101
*
Ed
 1e-07 1 1 0
1  745 0 6.282938386289 9.42447635956215
2  510 231 0 6.282938386289 9.42447635956215
4 G1 231 0 293 0
0

0101000
+1328 0 -1333 0 *
Ed
 0.000241734107494282 1 1 0
1  746 0 8.71721753492478e-06 0.585642936305011
2  511 231 0 8.71721753492478e-06 0.585642936305011
2  512 230 0 8.71721753492478e-06 0.585642936305011
4 G1 231 0 230 0
0

0101000
-1328 0 +1881 0 *
Wi

0101100
-1331 0 -1327 0 -1326 0 -1878 0 *
Fa
0  1e-07 231 0

0111000
+1325 0 *
Ed
 1e-07 1 1 0
1  747 0 2.33208443595431e-05 1.999972009932
2  513 230 0 2.33208443595431e-05 1.999972009932
4 G1 230 0 293 0
0

0101000
+1340 0 -1328 0 *
Wi

0101100
+1326 0 -1323 0 +1339 0 -1880 0 *
Fa
0  1e-07 230 0

0111000
+1322 0 *
Wi

0101100
-1337 0 -1332 0 -1327 0 -1323 0 *
Fa
0  1e-07 293 0

0111000
-1320 0 *
Ve
0.00024163331206818
-3.899945112442 -0.8683952042862 4.199999999991
0 0

0101101
*
Ed
 0.00024163331206818 1 1 0
1  748 0 6.28317778939492 6.86878312673344
2  514 233 0 6.28317778939492 6.86878312673344
2  515 234 0 6.28317778939492 6.86878312673344
4 G1 233 0 234 0
0

0101000
+1318 0 -1875 0 *
Ve
0.000259330046081443
-3.900003576665 -0.6416025403784 4.199999999999
0 0

0101101
*
Ed
 1e-07 1 1 0
1  749 0 6.28293838633132 9.42498353667504
2  516 233 0 6.28293838633132 9.42498353667504
4 G1 233 0 294 0
0

0101000
+1316 0 -1318 0 *
Ed
 0.000259330046081443 1 1 0
1  750 0 4.53481669619339e-05 0.585642936305732
2  517 233 0 4.53481669619339e-05 0.585642936305732
2  518 236 0 4.53481669619339e-05 0.585642936305732
4 G1 233 0 236 0
0

0101000
+1874 0 -1316 0 *
Wi

0101100
-1317 0 -1315 0 -1314 0 -1873 0 *
Fa
0  1e-07 233 0

0111000
+1313 0 *
Ve
0.000241606863751167
-1.899997376056 -0.6416025403784 4.199999999999
0 0

0101101
*
Ed
 1e-07 1 1 0
1  751 0 -3.41906638911687e-05 1.999972009945
2  519 236 0 -3.41906638911687e-05 1.999972009945
4 G1 236 0 294 0
0

0101000
+1311 0 -1316 0 *
Ed
 0.000241606863751167 1 1 0
1  752 0 0 0.585597819563268
2  520 236 0 0 0.585597819563268
2  521 235 0 0 0.585597819563268
4 G1 236 0 235 0
0

0101000
+1311 0 -1870 0 *
Wi

0101100
+1314 0 -1310 0 +1309 0 -1868 0 *
Fa
0  1e-07 236 0

0101000
+1308 0 *
Ve
0.000241734107488972
-1.899996423335 -0.8683974596216 4.199999999999
0 0

0101101
*
Ed
 1e-07 1 1 0
1  753 0 6.28293838632339 9.42447635959654
2  522 235 0 6.28293838632339 9.42447635959654
4 G1 235 0 294 0
0

0101000
+1306 0 -1311 0 *
Ed
 0.000241734107488972 1 1 0
1  754 0 8.71722068109534e-06 0.585642936306314
2  523 235 0 8.71722068109534e-06 0.585642936306314
2  524 234 0 8.71722068109534e-06 0.585642936306314
4 G1 235 0 234 0
0

0101000
-1306 0 +1872 0 *
Wi

0101100
-1309 0 -1305 0 -1304 0 -1869 0 *
Fa
0  1e-07 235 0

0111000
+1303 0 *
Ed
 1e-07 1 1 0
1  755 0 2.33208353596319e-05 1.999972009943
2  525 234 0 2.33208353596319e-05 1.999972009943
4 G1 234 0 294 0
0

0101000
+1318 0 -1306 0 *
Wi

0101100
+1304 0 -1301 0 +1317 0 -1871 0 *
Fa
0  1e-07 234 0

0111000
+1300 0 *
Wi

0101100
-1315 0 -1310 0 -1305 0 -1301 0 *
Fa
0  1e-07 294 0

0111000
-1298 0 *
Ve
1e-07
-1.3 1.745 3.704999999999
0 0

0101101
*
Ed
 1e-07 1 1 0
1  756 0 0 1.5
4 C0 63 0 66 0
0

0101000
+1296 0 -2975 0 *
Ve
1e-07
-1.3 1.645 3.704999999999
0 0

0101101
*
Ed
 1e-07 1 1 0
1  757 0 0 0.1
4 C0 63 0 295 0
0

0101000
+1296 0 -1294 0 *
Ve
1e-07
-1.45 1.495 3.704999999999
0 0

0101101
*
Ed
 1e-07 1 1 0
1  758 0 0 0.212132034355964
4 C0 63 0 296 0
0

0101000
+1294 0 -1292 0 *
Ve
1e-07
-2.3 1.495 3.704999999999
0 0

0101101
*
Ed
 1e-07 1 1 0
1  759 0 0 0.85
4 C0 63 0 297 0
0

0101000
+1290 0 -1292 0 *
Ve
1e-07
-2.3 1.095 3.704999999999
0 0

0101101
*
Ed
 1e-07 1 1 0
1  760 0 0 0.4
4 C0 63 0 298 0
0

0101000
+1288 0 -1290 0 *
Ve
1e-07
-1.45 1.095 3.704999999999
0 0

0101101
*
Ed
 1e-07 1 1 0
1  761 0 0 0.85
4 C0 63 0 299 0
0

0101000
+1286 0 -1288 0 *
Ve
1e-07
-1.325 0.97 3.704999999999
0 0

0101101
*
Ed
 1e-07 1 1 0
1  762 0 0 0.176776695296637
4 C0 63 0 300 0
0

0101000
+1286 0 -1284 0 *
Ve
1e-07
-1.45 0.845 3.704999999999
0 0

0101101
*
Ed
 1e-07 1 1 0
1  763 0 0 0.176776695296637
4 C0 63 0 301 0
0

0101000
+1284 0 -1282 0 *
Ve
1e-07
-2.3 0.845 3.704999999999
0 0

0101101
*
Ed
 1e-07 1 1 0
1  764 0 0 0.85
4 C0 63 0 302 0
0

0101000
+1280 0 -1282 0 *
Ve
1e-07
-2.3 0.445 3.704999999999
0 0

0101101
*
Ed
 1e-07 1 1 0
1  765 0 0 0.4
4 C0 63 0 298 0
0

0101000
+1278 0 -1280 0 *
Ve
1e-07
-1.45 0.445 3.704999999999
0 0

0101101
*
Ed
 1e-07 1 1 0
1  766 0 0 0.85
4 C0 63 0 303 0
0

0101000
+1276 0 -1278 0 *
Ve
1e-07
-1.325 0.32 3.704999999999
0 0

0101101
*
Ed
 1e-07 1 1 0
1  767 0 0 0.176776695296637
4 C0 63 0 304 0
0

0101000
+1276 0 -1274 0 *
Ve
1e-07
-1.45 0.195 3.704999999999
0 0

0101101
*
Ed
 1e-07 1 1 0
1  768 0 0 0.176776695296637
4 C0 63 0 305 0
0

0101000
+1274 0 -1272 0 *
Ve
1e-07
-2.3 0.195 3.704999999999
0 0

0101101
*
Ed
 1e-07 1 1 0
1  769 0 0 0.85
4 C0 63 0 306 0
0

0101000
+1270 0 -1272 0 *
Ve
1e-07
-2.3 -0.205 3.704999999999
0 0

0101101
*
Ed
 1e-07 1 1 0
1  770 0 0 0.4
4 C0 63 0 298 0
0

0101000
+1268 0 -1270 0 *
Ve
1e-07
-1.45 -0.205 3.704999999999
0 0

0101101
*
Ed
 1e-07 1 1 0
1  771 0 0 0.85
4 C0 63 0 307 0
0

0101000
+1266 0 -1268 0 *
Ve
1e-07
-1.325 -0.33 3.704999999999
0 0

0101101
*
Ed
 1e-07 1 1 0
1  772 0 0 0.176776695296637
4 C0 63 0 308 0
0

0101000
+1266 0 -1264 0 *
Ve
1e-07
-1.45 -0.455 3.704999999999
0 0

0101101
*
Ed
 1e-07 1 1 0
1  773 0 0 0.176776695296637
4 C0 63 0 309 0
0

0101000
+1264 0 -1262 0 *
Ve
1e-07
-2.3 -0.455 3.704999999999
0 0

0101101
*
Ed
 1e-07 1 1 0
1  774 0 0 0.85
4 C0 63 0 310 0
0

0101000
+1260 0 -1262 0 *
Ve
1e-07
-2.3 -0.855 3.704999999999
0 0

0101101
*
Ed
 1e-07 1 1 0
1  775 0 0 0.4
4 C0 63 0 298 0
0

0101000
+1258 0 -1260 0 *
Ve
1e-07
-1.45 -0.855 3.704999999999
0 0

0101101
*
Ed
 1e-07 1 1 0
1  776 0 0 0.85
4 C0 63 0 311 0
0

0101000
+1256 0 -1258 0 *
Ve
1e-07
-1.325 -0.98 3.704999999999
0 0

0101101
*
Ed
 1e-07 1 1 0
1  777 0 0 0.176776695296637
4 C0 63 0 312 0
0

0101000
+1256 0 -1254 0 *
Ve
1e-07
-1.45 -1.105 3.704999999999
0 0

0101101
*
Ed
 1e-07 1 1 0
1  778 0 0 0.176776695296637
4 C0 63 0 313 0
0

0101000
+1254 0 -1252 0 *
Ve
1e-07
-2.3 -1.105 3.704999999999
0 0

0101101
*
Ed
 1e-07 1 1 0
1  779 0 0 0.85
4 C0 63 0 314 0
0

0101000
+1250 0 -1252 0 *
Ve
1e-07
-2.3 -1.505 3.704999999999
0 0

0101101
*
Ed
 1e-07 1 1 0
1  780 0 0 0.4
4 C0 63 0 298 0
0

0101000
+1248 0 -1250 0 *
Ve
1e-07
-1.4 -1.505 3.704999999999
0 0

0101101
*
Ed
 1e-07 1 1 0
1  781 0 0 0.9
4 C0 63 0 315 0
0

0101000
+1246 0 -1248 0 *
Ve
1e-07
-1.3 -1.605 3.704999999999
0 0

0101101
*
Ed
 1e-07 1 1 0
1  782 0 0 0.141421356237309
4 C0 63 0 316 0
0

0101000
+1246 0 -1244 0 *
Ve
1e-07
-1.3 -1.755 3.704999999999
0 0

0101101
*
Ed
 1e-07 1 1 0
1  783 0 0 0.15
4 C0 63 0 317 0
0

0101000
+1244 0 -1242 0 *
Ed
 1e-07 1 1 0
1  784 0 0 1.5
4 C0 63 0 64 0
0

0101000
+2974 0 -1242 0 *
Wi

0101100
-2973 0 -1295 0 +1293 0 +1291 0 -1289 0 -1287 0 -1285 0 +1283 0 +1281 0 -1279 0 
-1277 0 -1275 0 +1273 0 +1271 0 -1269 0 -1267 0 -1265 0 +1263 0 +1261 0 -1259 0 
-1257 0 -1255 0 +1253 0 +1251 0 -1249 0 -1247 0 -1245 0 +1243 0 +1241 0 -1240 0 
*
Fa
0  1e-07 63 0

0111000
+1239 0 *
Ve
1e-07
-0.55 1.745 3.674999999999
0 0

0101101
*
Ed
 1e-07 1 1 0
1  785 0 0 0.75
4 C0 66 0 65 0
0

0101000
+2970 0 -1237 0 *
Ve
1e-07
-0.55 1.745 2.824999999999
0 0

0101101
*
Ed
 1e-07 1 1 0
1  786 0 0 0.85
4 C0 66 0 318 0
0

0101000
+1235 0 -1237 0 *
Ve
1e-07
-1.3 1.745 2.824999999999
0 0

0101101
*
Ed
 1e-07 1 1 0
1  787 0 0 0.75
4 C0 66 0 319 0
0

0101000
+1233 0 -1235 0 *
Ed
 1e-07 1 1 0
1  788 0 0 0.88
4 C0 66 0 295 0
0

0101000
+1233 0 -1296 0 *
Wi

0101100
-2968 0 +1236 0 -1234 0 -1232 0 +1231 0 +1295 0 *
Fa
0  1e-07 66 0

0111000
+1230 0 *
Ve
1e-07
-0.55 -1.755 3.674999999999
0 0

0101101
*
Ed
 1e-07 1 1 0
1  789 0 0 0.75
4 C0 65 0 64 0
0

0101000
+2972 0 -1228 0 *
Ed
 1e-07 1 1 0
1  790 0 0 3.5
4 C0 65 0 318 0
0

0101000
+1228 0 -1237 0 *
Wi

0101100
-2969 0 +1227 0 +1226 0 -1236 0 *
Fa
0  1e-07 65 0

0111000
-1225 0 *
Ve
1e-07
-1.3 -1.755 2.824999999999
0 0

0101101
*
Ed
 1e-07 1 1 0
1  791 0 0 0.88
4 C0 64 0 317 0
0

0101000
+1242 0 -1223 0 *
Ve
1e-07
-0.55 -1.755 2.824999999999
0 0

0101101
*
Ed
 1e-07 1 1 0
1  792 0 0 0.75
4 C0 64 0 319 0
0

0101000
+1221 0 -1223 0 *
Ed
 1e-07 1 1 0
1  793 0 0 0.85
4 C0 64 0 318 0
0

0101000
+1221 0 -1228 0 *
Wi

0101100
-2971 0 +1240 0 +1222 0 -1220 0 +1219 0 -1227 0 *
Fa
0  1e-07 64 0

0111000
-1218 0 *
Ve
1e-07
-1.3 -1.605 2.824999999999
0 0

0101101
*
Ed
 1e-07 1 1 0
1  794 0 0 0.88
4 C0 317 0 316 0
0

0101000
+1244 0 -1216 0 *
Ed
 1e-07 1 1 0
1  795 0 0 0.15
4 C0 317 0 319 0
0

0101000
+1223 0 -1216 0 *
Wi

0101100
+1215 0 -1214 0 -1222 0 -1241 0 *
Fa
0  1e-07 317 0

0111000
-1213 0 *
Ve
1e-07
-1.4 -1.505 2.824999999999
0 0

0101101
*
Ed
 1e-07 1 1 0
1  796 0 0 0.88
4 C0 316 0 315 0
0

0101000
+1211 0 -1246 0 *
Ed
 1e-07 1 1 0
1  797 0 0 0.141421356237309
4 C0 316 0 319 0
0

0101000
+1216 0 -1211 0 *
Wi

0101100
-1215 0 -1243 0 -1210 0 -1209 0 *
Fa
0  1e-07 316 0

0111000
-1208 0 *
Ve
1e-07
-2.3 -1.505 3.224999999999
0 0

0101101
*
Ed
 1e-07 1 1 0
1  798 0 0 0.48
4 C0 315 0 298 0
0

0101000
+1206 0 -1248 0 *
Ve
1e-07
-5.15 -1.505 3.224999999999
0 0

0101101
*
Ed
 1e-07 1 1 0
1  799 0 0 2.85
4 C0 315 0 320 0
0

0101000
+1206 0 -1204 0 *
Ve
1e-07
-5.15 -1.505 2.824999999999
0 0

0101101
*
Ed
 1e-07 1 1 0
1  800 0 0 0.4
4 C0 315 0 321 0
0

0101000
+1204 0 -1202 0 *
Ed
 1e-07 1 1 0
1  801 0 0 3.75
4 C0 315 0 319 0
0

0101000
+1211 0 -1202 0 *
Wi

0101100
+1210 0 +1245 0 -1205 0 +1203 0 +1201 0 -1200 0 *
Fa
0  1e-07 315 0

0111000
-1199 0 *
Ve
1e-07
-2.3 -0.855 3.224999999999
0 0

0101101
*
Ed
 1e-07 1 1 0
1  802 0 0 0.48
4 C0 298 0 311 0
0

0101000
+1258 0 -1197 0 *
Ve
1e-07
-2.3 -0.455 3.224999999999
0 0

0101101
*
Ed
 1e-07 1 1 0
1  803 0 0 0.48
4 C0 298 0 310 0
0

0101000
+1195 0 -1260 0 *
Ve
1e-07
-2.3 -0.205 3.224999999999
0 0

0101101
*
Ed
 1e-07 1 1 0
1  804 0 0 0.25
4 C0 298 0 320 0
0

0101000
+1195 0 -1193 0 *
Ed
 1e-07 1 1 0
1  805 0 0 0.48
4 C0 298 0 307 0
0

0101000
+1268 0 -1193 0 *
Ve
1e-07
-2.3 0.195 3.224999999999
0 0

0101101
*
Ed
 1e-07 1 1 0
1  806 0 0 0.48
4 C0 298 0 306 0
0

0101000
+1190 0 -1270 0 *
Ve
1e-07
-2.3 0.445 3.224999999999
0 0

0101101
*
Ed
 1e-07 1 1 0
1  807 0 0 0.25
4 C0 298 0 320 0
0

0101000
+1190 0 -1188 0 *
Ed
 1e-07 1 1 0
1  808 0 0 0.48
4 C0 298 0 303 0
0

0101000
+1278 0 -1188 0 *
Ve
1e-07
-2.3 0.845 3.224999999999
0 0

0101101
*
Ed
 1e-07 1 1 0
1  809 0 0 0.48
4 C0 298 0 302 0
0

0101000
+1185 0 -1280 0 *
Ve
1e-07
-2.3 1.095 3.224999999999
0 0

0101101
*
Ed
 1e-07 1 1 0
1  810 0 0 0.25
4 C0 298 0 320 0
0

0101000
+1185 0 -1183 0 *
Ed
 1e-07 1 1 0
1  811 0 0 0.48
4 C0 298 0 299 0
0

0101000
+1288 0 -1183 0 *
Ve
1e-07
-2.3 1.495 3.224999999999
0 0

0101101
*
Ed
 1e-07 1 1 0
1  812 0 0 0.48
4 C0 298 0 297 0
0

0101000
+1180 0 -1290 0 *
Ve
1e-07
-2.3 1.845 3.224999999999
0 0

0101101
*
Ed
 1e-07 1 1 0
1  813 0 0 0.35
4 C0 298 0 320 0
0

0101000
+1180 0 -1178 0 *
Ve
1e-07
-2.3 1.845 3.924999999999
0 0

0101101
*
Ed
 1e-07 1 1 0
1  814 0 0 0.7
4 C0 298 0 322 0
0

0101000
+1176 0 -1178 0 *
Ve
1e-07
-2.3 -1.855 3.924999999999
0 0

0101101
*
Ed
 1e-07 1 1 0
1  815 0 0 3.7
4 C0 298 0 36 0
0

0101000
+1176 0 -1174 0 *
Ve
1e-07
-2.3 -1.855 3.224999999999
0 0

0101101
*
Ed
 1e-07 1 1 0
1  816 0 0 0.7
4 C0 298 0 323 0
0

0101000
+1172 0 -1174 0 *
Ed
 1e-07 1 1 0
1  817 0 0 0.35
4 C0 298 0 320 0
0

0101000
+1172 0 -1206 0 *
Ve
1e-07
-2.3 -1.105 3.224999999999
0 0

0101101
*
Ed
 1e-07 1 1 0
1  818 0 0 0.48
4 C0 298 0 314 0
0

0101000
+1169 0 -1250 0 *
Ed
 1e-07 1 1 0
1  819 0 0 0.25
4 C0 298 0 320 0
0

0101000
+1169 0 -1197 0 *
Wi

0101100
-1196 0 +1257 0 -1194 0 +1192 0 -1191 0 +1267 0 -1189 0 +1187 0 -1186 0 +1277 0 
-1184 0 +1182 0 -1181 0 +1287 0 -1179 0 +1177 0 -1175 0 +1173 0 -1171 0 +1170 0 
+1205 0 +1247 0 -1168 0 +1167 0 *
Fa
0  1e-07 298 0

0111000
+1166 0 *
Ve
1e-07
-1.45 -0.855 2.824999999999
0 0

0101101
*
Ed
 1e-07 1 1 0
1  820 0 0 0.88
4 C0 311 0 312 0
0

0101000
+1164 0 -1256 0 *
Ve
1e-07
-5.15 -0.855 3.224999999999
0 0

0101101
*
Ed
 1e-07 1 1 0
1  821 0 0 2.85
4 C0 311 0 320 0
0

0101000
+1197 0 -1162 0 *
Ve
1e-07
-5.15 -0.855 2.824999999999
0 0

0101101
*
Ed
 1e-07 1 1 0
1  822 0 0 0.4
4 C0 311 0 324 0
0

0101000
+1162 0 -1160 0 *
Ed
 1e-07 1 1 0
1  823 0 0 3.7
4 C0 311 0 319 0
0

0101000
+1164 0 -1160 0 *
Wi

0101100
+1163 0 +1255 0 +1196 0 +1161 0 +1159 0 -1158 0 *
Fa
0  1e-07 311 0

0111000
-1157 0 *
Ve
1e-07
-1.325 -0.98 2.824999999999
0 0

0101101
*
Ed
 1e-07 1 1 0
1  824 0 0 0.176776695296637
4 C0 312 0 319 0
0

0101000
+1155 0 -1164 0 *
Ed
 1e-07 1 1 0
1  825 0 0 0.88
4 C0 312 0 313 0
0

0101000
+1155 0 -1254 0 *
Wi

0101100
-1163 0 -1154 0 +1153 0 -1253 0 *
Fa
0  1e-07 312 0

0111000
-1152 0 *
Ed
 1e-07 1 1 0
1  826 0 0 3.5
4 C0 319 0 318 0
0

0101000
+1221 0 -1235 0 *
Ve
1e-07
-5.15 -1.105 2.824999999999
0 0

0101101
*
Ed
 1e-07 1 1 0
1  827 0 0 0.4
4 C0 319 0 321 0
0

0101000
+1202 0 -1149 0 *
Ve
1e-07
-1.45 -1.105 2.824999999999
0 0

0101101
*
Ed
 1e-07 1 1 0
1  828 0 0 3.7
4 C0 319 0 314 0
0

0101000
+1147 0 -1149 0 *
Ed
 1e-07 1 1 0
1  829 0 0 0.176776695296637
4 C0 319 0 313 0
0

0101000
+1147 0 -1155 0 *
Ve
1e-07
-5.15 -0.455 2.824999999999
0 0

0101101
*
Ed
 1e-07 1 1 0
1  830 0 0 0.4
4 C0 319 0 324 0
0

0101000
+1160 0 -1144 0 *
Ve
1e-07
-1.45 -0.455 2.824999999999
0 0

0101101
*
Ed
 1e-07 1 1 0
1  831 0 0 3.7
4 C0 319 0 310 0
0

0101000
+1142 0 -1144 0 *
Ve
1e-07
-1.325 -0.33 2.824999999999
0 0

0101101
*
Ed
 1e-07 1 1 0
1  832 0 0 0.176776695296637
4 C0 319 0 309 0
0

0101000
+1142 0 -1140 0 *
Ve
1e-07
-1.45 -0.205 2.824999999999
0 0

0101101
*
Ed
 1e-07 1 1 0
1  833 0 0 0.176776695296637
4 C0 319 0 308 0
0

0101000
+1140 0 -1138 0 *
Ve
1e-07
-5.15 -0.205 2.824999999999
0 0

0101101
*
Ed
 1e-07 1 1 0
1  834 0 0 3.7
4 C0 319 0 307 0
0

0101000
+1136 0 -1138 0 *
Ve
1e-07
-5.15 0.195 2.824999999999
0 0

0101101
*
Ed
 1e-07 1 1 0
1  835 0 0 0.4
4 C0 319 0 325 0
0

0101000
+1136 0 -1134 0 *
Ve
1e-07
-1.45 0.195 2.824999999999
0 0

0101101
*
Ed
 1e-07 1 1 0
1  836 0 0 3.7
4 C0 319 0 306 0
0

0101000
+1132 0 -1134 0 *
Ve
1e-07
-1.325 0.32 2.824999999999
0 0

0101101
*
Ed
 1e-07 1 1 0
1  837 0 0 0.176776695296637
4 C0 319 0 305 0
0

0101000
+1132 0 -1130 0 *
Ve
1e-07
-1.45 0.445 2.824999999999
0 0

0101101
*
Ed
 1e-07 1 1 0
1  838 0 0 0.176776695296637
4 C0 319 0 304 0
0

0101000
+1130 0 -1128 0 *
Ve
1e-07
-5.15 0.445 2.824999999999
0 0

0101101
*
Ed
 1e-07 1 1 0
1  839 0 0 3.7
4 C0 319 0 303 0
0

0101000
+1126 0 -1128 0 *
Ve
1e-07
-5.15 0.845 2.824999999999
0 0

0101101
*
Ed
 1e-07 1 1 0
1  840 0 0 0.4
4 C0 319 0 326 0
0

0101000
+1126 0 -1124 0 *
Ve
1e-07
-1.45 0.845 2.824999999999
0 0

0101101
*
Ed
 1e-07 1 1 0
1  841 0 0 3.7
4 C0 319 0 302 0
0

0101000
+1122 0 -1124 0 *
Ve
1e-07
-1.325 0.97 2.824999999999
0 0

0101101
*
Ed
 1e-07 1 1 0
1  842 0 0 0.176776695296637
4 C0 319 0 301 0
0

0101000
+1122 0 -1120 0 *
Ve
1e-07
-1.45 1.095 2.824999999999
0 0

0101101
*
Ed
 1e-07 1 1 0
1  843 0 0 0.176776695296637
4 C0 319 0 300 0
0

0101000
+1120 0 -1118 0 *
Ve
1e-07
-5.15 1.095 2.824999999999
0 0

0101101
*
Ed
 1e-07 1 1 0
1  844 0 0 3.7
4 C0 319 0 299 0
0

0101000
+1116 0 -1118 0 *
Ve
1e-07
-5.15 1.495 2.824999999999
0 0

0101101
*
Ed
 1e-07 1 1 0
1  845 0 0 0.4
4 C0 319 0 327 0
0

0101000
+1116 0 -1114 0 *
Ve
1e-07
-1.45 1.495 2.824999999999
0 0

0101101
*
Ed
 1e-07 1 1 0
1  846 0 0 3.7
4 C0 319 0 297 0
0

0101000
+1112 0 -1114 0 *
Ve
1e-07
-1.3 1.645 2.824999999999
0 0

0101101
*
Ed
 1e-07 1 1 0
1  847 0 0 0.212132034355964
4 C0 319 0 296 0
0

0101000
+1112 0 -1110 0 *
Ed
 1e-07 1 1 0
1  848 0 0 0.1
4 C0 319 0 295 0
0

0101000
+1110 0 -1233 0 *
Wi

0101100
-1150 0 +1220 0 +1214 0 +1209 0 +1200 0 +1148 0 -1146 0 +1145 0 +1154 0 +1158 0 
+1143 0 -1141 0 +1139 0 +1137 0 -1135 0 +1133 0 -1131 0 +1129 0 +1127 0 -1125 0 
+1123 0 -1121 0 +1119 0 +1117 0 -1115 0 +1113 0 -1111 0 +1109 0 +1108 0 +1232 0 
*
Fa
0  1e-07 319 0

0111000
-1107 0 *
Wi

0101100
+1234 0 -1226 0 -1219 0 +1150 0 *
Ve
0.00147114297328253
-0.55 -1.48 3.074999999999
0 0

0101101
*
Ve
0.00145833482630065
-0.55 -1.13 3.074999999999
0 0

0101101
*
Ed
 1e-07 1 1 0
1  849 0 0 0.35
4 C0 318 0 328 0
0

0101000
+1104 0 -1103 0 *
Ve
0.00155184908749503
-0.55 -1.48 3.274999999999
0 0

0101101
*
Ed
 1e-07 1 1 0
1  850 0 0 0.2
4 C0 318 0 329 0
0

0101000
+1104 0 -1101 0 *
Ve
0.00153904094025557
-0.55 -1.13 3.274999999999
0 0

0101101
*
Ed
 1e-07 1 1 0
1  851 0 0 0.35
4 C0 318 0 330 0
0

0101000
+1101 0 -1099 0 *
Ed
 1e-07 1 1 0
1  852 0 0 0.2
4 C0 318 0 331 0
0

0101000
+1099 0 -1103 0 *
Wi

0101100
-1102 0 +1100 0 +1098 0 +1097 0 *
Ve
0.00153880035684975
-0.55 1.47 3.274999999999
0 0

0101101
*
Ve
0.00155209176321344
-0.55 1.12 3.274999999999
0 0

0101101
*
Ed
 1e-07 1 1 0
1  853 0 0 0.35
4 C0 318 0 332 0
0

0101000
+1095 0 -1094 0 *
Ve
0.00145809424281845
-0.55 1.47 3.074999999999
0 0

0101101
*
Ed
 1e-07 1 1 0
1  854 0 0 0.2
4 C0 318 0 333 0
0

0101000
+1092 0 -1095 0 *
Ve
0.00147138564870918
-0.55 1.12 3.074999999999
0 0

0101101
*
Ed
 1e-07 1 1 0
1  855 0 0 0.35
4 C0 318 0 334 0
0

0101000
+1092 0 -1090 0 *
Ed
 1e-07 1 1 0
1  856 0 0 0.2
4 C0 318 0 335 0
0

0101000
+1094 0 -1090 0 *
Wi

0101100
-1093 0 -1091 0 +1089 0 -1088 0 *
Ve
8.47105700987434e-05
-0.549999467591 -0.816506450242 3.274999999999
0 0

0101101
*
Ve
8.47105701301207e-05
-0.5500005882057 -0.8165871344989 3.074999999999
0 0

0101101
*
Ed
 8.47105700987434e-05 1 1 0
1  857 0 0 0.200000016278012
4 C0 318 0 336 0
0

0101000
+1086 0 -1085 0 *
Ve
8.47105702290373e-05
-0.549999467591 -0.4934935497581 3.274999999999
0 0

0101101
*
Ed
 5.32414324088069e-07 1 1 0
1  858 0 0 0.3230129004839
4 C0 318 0 337 0
0

0101000
+1083 0 -1086 0 *
Ve
8.5266106648333e-05
-0.5500005882057 -0.4934128655011 3.074999999999
0 0

0101101
*
Ed
 8.47105702290373e-05 1 1 0
1  859 0 0 0.200000016278012
4 C0 318 0 338 0
0

0101000
+1083 0 -1081 0 *
Ed
 5.88211581982126e-07 1 1 0
1  860 0 0 0.3231742689978
4 C0 318 0 339 0
0

0101000
+1081 0 -1085 0 *
Wi

0101100
-1084 0 -1082 0 +1080 0 +1079 0 *
Ve
8.47105700988252e-05
-0.549999467591 -0.166506450242 3.274999999999
0 0

0101101
*
Ve
8.47105701301484e-05
-0.5500005882057 -0.1665871344989 3.074999999999
0 0

0101101
*
Ed
 8.47105700988252e-05 1 1 0
1  861 0 0 0.200000016278012
4 C0 318 0 340 0
0

0101000
+1077 0 -1076 0 *
Ve
8.47105701290514e-05
-0.549999467591 0.1565064502419 3.274999999999
0 0

0101101
*
Ed
 5.32414324088069e-07 1 1 0
1  862 0 0 0.3230129004839
4 C0 318 0 341 0
0

0101000
+1074 0 -1077 0 *
Ve
8.52661065482947e-05
-0.5500005882057 0.1565871344989 3.074999999999
0 0

0101101
*
Ed
 8.47105701290514e-05 1 1 0
1  863 0 0 0.200000016278012
4 C0 318 0 342 0
0

0101000
+1074 0 -1072 0 *
Ed
 5.88211581982126e-07 1 1 0
1  864 0 0 0.3231742689978
4 C0 318 0 343 0
0

0101000
+1072 0 -1076 0 *
Wi

0101100
-1075 0 -1073 0 +1071 0 +1070 0 *
Ve
8.47105700988544e-05
-0.549999467591 0.483493549758 3.274999999999
0 0

0101101
*
Ve
8.47105701301762e-05
-0.5500005882057 0.4834128655011 3.074999999999
0 0

0101101
*
Ed
 8.47105700988544e-05 1 1 0
1  865 0 0 0.200000016278012
4 C0 318 0 344 0
0

0101000
+1068 0 -1067 0 *
Ve
8.47105701291609e-05
-0.549999467591 0.8065064502419 3.274999999999
0 0

0101101
*
Ed
 5.32414324088069e-07 1 1 0
1  866 0 0 0.3230129004839
4 C0 318 0 345 0
0

0101000
+1065 0 -1068 0 *
Ve
8.52661065484057e-05
-0.5500005882057 0.8065871344989 3.074999999999
0 0

0101101
*
Ed
 8.47105701291609e-05 1 1 0
1  867 0 0 0.200000016278012
4 C0 318 0 346 0
0

0101000
+1065 0 -1063 0 *
Ed
 5.88211581982126e-07 1 1 0
1  868 0 0 0.3231742689978
4 C0 318 0 347 0
0

0101000
+1063 0 -1067 0 *
Wi

0101100
-1066 0 -1064 0 +1062 0 +1061 0 *
Fa
0  1e-07 318 0

0101000
+1105 0 +1096 0 +1087 0 +1078 0 +1069 0 +1060 0 *
Ve
0.00157724732053566
-0.9500005885127 -1.131458320243 3.074999999999
0 0

0101101
*
Ed
 0.00145833482630065 1 1 0
1  869 0 0 0.400003246872369
4 C0 328 0 331 0
0

0101000
+1103 0 -1058 0 *
Ve
0.00141581963467855
-1.549999154577 -1.14126332676 3.075000001826
0 0

0101101
*
Ed
 0.00141581963467855 1 1 0
1  870 0 0 1
4 C0 328 0 348 0
0

0101000
+1058 0 -1056 0 *
Ve
0.00142886938218623
-1.54999913247 -1.468711831751 3.075000001736
0 0

0101101
*
Ed
 1e-07 1 1 0
1  871 0 0 0.327448504991001
2  526 349 0 0 0.327448504991001
4 G1 328 0 349 0
0

0101000
+1054 0 -1056 0 *
Ve
0.00159029706803512
-0.9499830672559 -1.478528871738 3.074999999999
0 0

0101101
*
Ed
 0.00142886938218623 1 1 0
1  872 0 0 1
4 C0 328 0 350 0
0

0101000
+1054 0 -1052 0 *
Ed
 0.00147114297328253 1 1 0
1  873 0 0 0.399985772634229
4 C0 328 0 329 0
0

0101000
+1052 0 -1104 0 *
Wi

0101100
+1057 0 +1055 0 -1053 0 +1051 0 +1050 0 +1102 0 *
Fa
0  1e-07 328 0

0101000
+1049 0 *
Ve
0.00157724732083634
-0.9499994673131 -1.13153902555 3.274999999999
0 0

0101101
*
Ed
 0.00153904094025557 1 1 0
1  874 0 0 0.40000242805564
4 C0 331 0 330 0
0

0101000
+1047 0 -1099 0 *
Ed
 0.00157724732053566 1 1 0
1  875 0 0 0.200000016286508
4 C0 331 0 348 0
0

0101000
+1058 0 -1047 0 *
Wi

0101100
+1046 0 +1097 0 +1057 0 +1045 0 *
Fa
0  1e-07 331 0

0101000
+1044 0 *
Ve
8.52876925840694e-05
-1.916053541445 -1.146285297877 3.090982221195
0 0

0101101
*
Ve
0.000252559492229992
-3.993577873056 -1.175235482975 3.272742049601
0 0

0101101
*
Ed
 2.18487246152291e-05 1 1 0
1  876 0 0 2.08566106951132
4 C0 348 0 351 0
0

0101000
+1042 0 -1041 0 *
Ve
0.000151752080088712
-3.976146726621 -1.175235479147 3.47198098525
0 0

0101101
*
Ed
 2.51990129405146e-07 1 1 0
1  877 0 0 0.199999995861462
2  527 352 0 0 0.199999995861462
4 G1 348 0 352 0
0

0101000
+1039 0 -1041 0 *
Ve
3.25139824008446e-05
-1.898623603773 -1.146241753446 3.290221263021
0 0

0101101
*
Ed
 2.17088207352622e-05 1 1 0
1  878 0 0 2.08566046103456
4 C0 348 0 353 0
0

0101000
+1037 0 -1039 0 *
Ve
0.00157724732083634
-1.550000112948 -1.141387690628 3.274999998398
0 0

0101101
*
Ed
 3.25139824008446e-05 1 1 0
1  879 0 0 1
2  528 354 0 0 1
4 C0 348 0 354 0
0

0101000
+1035 0 -1037 0 *
Ed
 0.00157724732083634 1 1 0
1  880 0 0 1
4 C0 348 0 330 0
0

0101000
+1047 0 -1035 0 *
Ed
 8.52876925840694e-05 1 1 0
1  881 0 0 1
2  529 349 0 0 1
4 C0 348 0 349 0
0

0101000
+1042 0 -1056 0 *
Wi

0101100
+1040 0 -1038 0 -1036 0 -1034 0 -1033 0 -1045 0 +1055 0 -1032 0 *
Fa
0  1e-07 348 0

0111000
+1031 0 *
Ve
8.40282134938451e-05
-1.916053520957 -1.46368986061 3.090982217228
0 0

0101101
*
Ed
 1e-07 1 1 0
1  882 0 0 0.317404562733001
2  530 349 0 0 0.317404562733001
4 G1 349 0 351 0
0

0101000
+1042 0 -1029 0 *
Ed
 8.40282134938451e-05 1 1 0
1  883 0 0 1
2  531 349 0 0 1
4 C0 349 0 350 0
0

0101000
+1029 0 -1054 0 *
Wi

0101100
-1028 0 +1032 0 -1053 0 -1027 0 *
Fa
0  1e-07 349 0

0101000
+1026 0 *
Ve
3.38419532416921e-05
-1.8986236107 -1.463733473159 3.290221263613
0 0

0101101
*
Ve
0.00159029706833092
-1.550000119712 -1.468587535981 3.27499999841
0 0

0101101
*
Ed
 3.38419532416921e-05 1 1 0
1  884 0 0 1
2  532 354 0 0 1
4 C0 350 0 354 0
0

0101000
+1024 0 -1023 0 *
Ve
0.00159029706833092
-0.9499819460563 -1.478448166431 3.274999999999
0 0

0101101
*
Ed
 0.00159029706833092 1 1 0
1  885 0 0 1
4 C0 350 0 330 0
0

0101000
+1023 0 -1021 0 *
Ed
 0.00159029706803512 1 1 0
1  886 0 0 0.200000016286508
4 C0 350 0 329 0
0

0101000
+1052 0 -1021 0 *
Ve
0.000252560824337912
-3.99357787314 -1.43473841951 3.272742046285
0 0

0101101
*
Ed
 2.05892524319794e-05 1 1 0
1  887 0 0 2.08566110749421
4 C0 350 0 351 0
0

0101000
+1018 0 -1029 0 *
Ve
0.000151510577984225
-3.976146726612 -1.434738415599 3.471980985228
0 0

0101101
*
Ed
 2.52002534140085e-07 1 1 0
1  888 0 0 0.199999999151033
2  533 355 0 0 0.199999999151033
4 G1 350 0 355 0
0

0101000
+1016 0 -1018 0 *
Ed
 2.30367907056148e-05 1 1 0
1  889 0 0 2.08566047258732
4 C0 350 0 353 0
0

0101000
+1016 0 -1024 0 *
Wi

0101100
+1022 0 +1020 0 -1019 0 -1051 0 -1027 0 -1017 0 -1015 0 +1014 0 *
Fa
0  1e-07 350 0

0101000
+1013 0 *
Ed
 1e-07 1 1 0
1  890 0 0 0.317491719713
2  534 354 0 0 0.317491719713
4 G1 354 0 353 0
0

0101000
+1037 0 -1024 0 *
Ed
 1e-07 1 1 0
1  891 0 0 0.327199845353
2  535 354 0 0 0.327199845353
4 G1 354 0 330 0
0

0101000
+1023 0 -1035 0 *
Wi

0101100
-1022 0 -1011 0 -1034 0 -1010 0 *
Fa
0  1e-07 354 0

0111000
+1009 0 *
Ed
 1e-07 1 1 0
1  892 0 0 0.259502936452
2  536 356 0 0 0.259502936452
4 G1 353 0 356 0
0

0101000
+1016 0 -1039 0 *
Wi

0101100
-1014 0 +1007 0 -1036 0 +1011 0 *
Fa
0  1e-07 353 0

0111000
-1006 0 *
Ve
0.000151510577984225
-4.084776937459 -1.432825084804 3.502818544666
0 0

0101101
*
Ed
 0.000151510577984225 1 1 0
1  893 0 0 1
2  537 356 0 0 1
2  538 355 0 0 1
4 C0 356 0 355 0
0

0101000
+1004 0 -1016 0 *
Ve
0.000151752080088712
-4.084776937453 -1.177148809942 3.502818544653
0 0

0101101
*
Ed
 1e-07 1 1 0
1  894 0 0 0.255676274862
2  539 356 0 0 0.255676274862
4 G1 356 0 357 0
0

0101000
+1002 0 -1004 0 *
Ed
 0.000151752080088712 1 1 0
1  895 0 0 1
2  540 356 0 0 1
2  541 352 0 0 1
4 C0 356 0 352 0
0

0101000
+1039 0 -1002 0 *
Wi

0101100
-1003 0 -1001 0 -1000 0 -1007 0 *
Fa
0  1e-07 356 0

0111000
+999 0 *
Ve
0.000252560824337912
-4.1746282291 -1.432825088678 3.324137978392
0 0

0101101
*
Ed
 0.000252560824337912 1 1 0
1  896 0 0 1
2  542 355 0 0 1
2  543 358 0 0 1
4 C0 355 0 358 0
0

0101000
+1018 0 -997 0 *
Ed
 1e-07 1 1 0
1  897 0 0 0.199999998433883
2  544 355 0 0 0.199999998433883
4 G1 355 0 359 0
0

0101000
+997 0 -1004 0 *
Wi

0101100
+1003 0 +1015 0 +996 0 +995 0 *
Fa
0  1e-07 355 0

0111000
+994 0 *
Ve
0.000252559492229992
-4.174628231154 -1.177148813807 3.324137974515
0 0

0101101
*
Ed
 1e-07 1 1 0
1  898 0 0 0.255676274871
2  545 358 0 0 0.255676274871
4 G1 358 0 360 0
0

0101000
+992 0 -997 0 *
Ed
 0.000252559492229992 1 1 0
1  899 0 0 1
2  546 358 0 0 1
2  547 352 0 0 1
4 C0 358 0 352 0
0

0101000
+1041 0 -992 0 *
Ed
 1e-07 1 1 0
1  900 0 0 0.259502936535
2  548 358 0 0 0.259502936535
4 G1 358 0 351 0
0

0101000
+1018 0 -1041 0 *
Wi

0101100
-991 0 -990 0 -989 0 +996 0 *
Fa
0  1e-07 358 0

0111000
+988 0 *
Wi

0101100
+1017 0 -1028 0 +1040 0 -989 0 *
Fa
0  1e-07 351 0

0111000
+986 0 *
Ed
 1e-07 1 1 0
1  901 0 0 0.20000000281146
2  549 352 0 0 0.20000000281146
4 G1 352 0 361 0
0

0101000
+992 0 -1002 0 *
Wi

0101100
+1038 0 +990 0 +984 0 -1000 0 *
Fa
0  1e-07 352 0

0111000
+983 0 *
Ve
1e-07
-4.267291865 -1.179986949308 3.594597983425
0 0

0101101
*
Ed
 1e-07 1 1 0
1  902 0 0 0.204311573812769
4 C0 361 0 357 0
0

0101000
+981 0 -1002 0 *
Ve
1e-07
-4.357143158871 -1.179986949308 3.415917412819
0 0

0101101
*
Ed
 1e-07 1 1 0
1  903 0 0 0.200000003305946
4 C0 361 0 362 0
0

0101000
+981 0 -979 0 *
Ed
 1e-07 1 1 0
1  904 0 0 0.204311573700712
4 C0 361 0 360 0
0

0101000
+992 0 -979 0 *
Wi

0101100
-980 0 +978 0 -977 0 +984 0 *
Fa
0  1e-07 361 0

0111000
-976 0 *
Ve
1e-07
-4.267291865002 -1.429986949308 3.594597983429
0 0

0101101
*
Ed
 1e-07 1 1 0
1  905 0 0 0.204311573751394
4 C0 357 0 359 0
0

0101000
+974 0 -1004 0 *
Ve
1e-07
-4.392760215373 -1.429986949309 3.657690981849
0 0

0101101
*
Ed
 1e-07 1 1 0
1  906 0 1.71269621820568e-08 0.140438734703157
4 C0 357 0 363 0
0

0101000
+972 0 -974 0 *
Ve
1e-07
-4.392760230063 -1.179986949308 3.657690990759
0 0

0101101
*
Ed
 1e-07 1 1 0
1  907 0 0 0.250000000001
2  550 364 0 0 0.250000000001
4 G1 357 0 364 0
0

0101000
+970 0 -972 0 *
Ed
 1e-07 1 1 0
1  908 0 0 0.140438734706741
4 C0 357 0 362 0
0

0101000
+970 0 -981 0 *
Wi

0101100
-973 0 -971 0 -969 0 +968 0 +980 0 +1001 0 *
Fa
0  1e-07 357 0

0111000
-967 0 *
Ve
1e-07
-4.357143156555 -1.429986949308 3.415917417431
0 0

0101101
*
Ed
 1e-07 1 1 0
1  909 0 0 0.20431157385058
4 C0 359 0 360 0
0

0101000
+965 0 -997 0 *
Ed
 1e-07 1 1 0
1  910 0 -0 0.19999999814777
4 C0 359 0 363 0
0

0101000
+974 0 -965 0 *
Wi

0101100
+973 0 -995 0 -964 0 -963 0 *
Fa
0  1e-07 359 0

0111000
+962 0 *
Ve
1e-07
-4.482611530713 -1.179986949308 3.479010425739
0 0

0101101
*
Ed
 1e-07 1 1 0
1  911 0 0 0.140438743272666
4 C0 360 0 362 0
0

0101000
+979 0 -960 0 *
Ve
1e-07
-4.482611502185 -1.429986949309 3.479010411394
0 0

0101101
*
Ed
 1e-07 1 1 0
1  912 0 0 0.250000000001001
2  551 365 0 0 0.250000000001001
4 G1 360 0 365 0
0

0101000
+960 0 -958 0 *
Ed
 1e-07 1 1 0
1  913 0 0 0.140438711338236
4 C0 360 0 363 0
0

0101000
+965 0 -958 0 *
Wi

0101100
+964 0 -991 0 +977 0 +959 0 +957 0 -956 0 *
Fa
0  1e-07 360 0

0111000
+955 0 *
Ve
1e-07
-4.684743284702 -1.179986949308 3.410910903707
0 0

0101101
*
Ve
1e-07
-4.809201219078 -1.179986949308 3.156478481428
0 0

0101101
*
Ed
 1e-07 1 1 0
1  914 0 0 0.283241301606775
4 C0 362 0 366 0
0

0101000
+953 0 -952 0 *
Ed
 1e-07 1 1 0
1  915 0 0 1.58179190104556
2  552 365 0 0 1.58179190104556
4 C0 362 0 365 0
0

0101000
+960 0 -953 0 *
Ve
1e-07
-4.864400997639 -1.179986949308 3.498792108651
0 0

0101101
*
Ed
 1e-07 1 1 0
1  916 0 0 1.5817919255519
2  553 364 0 0 1.5817919255519
4 C0 362 0 364 0
0

0101000
+949 0 -970 0 *
Ve
1e-07
-4.988858932015 -1.179986949308 3.244359686371
0 0

0101101
*
Ed
 1e-07 1 1 0
1  917 0 0 0.283241301607674
4 C0 362 0 367 0
0

0101000
+947 0 -949 0 *
Ve
1e-07
-5.071512424573 -1.179986949308 3.178324269083
0 0

0101101
*
Ed
 1e-07 1 1 0
1  918 0 0 0.883525962890887
2  554 368 0 0 0.883525962890887
4 C0 362 0 368 0
0

0101000
+945 0 -947 0 *
Ve
1e-07
-5.11 -1.179986949308 3.129667675692
0 0

0101101
*
Ed
 1e-07 1 1 0
1  919 0 0 0.06203835541555
4 C0 362 0 369 0
0

0101000
+945 0 -943 0 *
Ve
1e-07
-5.11 -1.179986949308 3.027938409327
0 0

0101101
*
Ed
 1e-07 1 1 0
1  920 0 0 0.101729266365
4 C0 362 0 370 0
0

0101000
+941 0 -943 0 *
Ve
1e-07
-5.052693406027 -1.179986949308 2.978475153425
0 0

0101101
*
Ed
 1e-07 1 1 0
1  921 0 0 0.0757011188636804
4 C0 362 0 371 0
0

0101000
+941 0 -939 0 *
Ed
 1e-07 1 1 0
1  922 0 0 0.969201952366398
2  555 372 0 0 0.969201952366398
4 C0 362 0 372 0
0

0101000
+952 0 -939 0 *
Wi

0101100
-951 0 -950 0 -959 0 -978 0 -968 0 -948 0 -946 0 -944 0 +942 0 -940 0 
+938 0 -937 0 *
Fa
0  1e-07 362 0

0111000
-936 0 *
Ve
1e-07
-4.809201219078 -1.429986949309 3.15647848143
0 0

0101101
*
Ed
 1e-07 1 1 0
1  923 0 -1.00008890058227e-12 0.25
2  556 372 0 -1.00008890058227e-12 0.25
4 G1 366 0 372 0
0

0101000
+934 0 -952 0 *
Ve
1e-07
-4.684743284702 -1.429986949308 3.410910903707
0 0

0101101
*
Ed
 1e-07 1 1 0
1  924 0 1.79673684611694e-12 0.283241301606775
4 C0 366 0 363 0
0

0101000
+934 0 -932 0 *
Ed
 1e-07 1 1 0
1  925 0 0 0.25
2  557 365 0 0 0.25
4 G1 366 0 365 0
0

0101000
+932 0 -953 0 *
Wi

0101100
-933 0 +931 0 +930 0 +951 0 *
Fa
0  1e-07 366 0

0111000
-929 0 *
Ve
1e-07
-5.052693406027 -1.429986949309 2.978475153425
0 0

0101101
*
Ed
 1e-07 1 1 0
1  926 0 0 0.969201952366264
2  558 372 0 0 0.969201952366264
4 C0 372 0 363 0
0

0101000
+934 0 -927 0 *
Ed
 1e-07 1 1 0
1  927 0 -7.63562135990366e-26 0.250000000001
2  559 372 0 -7.63562135990366e-26 0.250000000001
4 C0 372 0 371 0
0

0101000
+939 0 -927 0 *
Wi

0101100
-937 0 -933 0 +926 0 -925 0 *
Fa
0  1e-07 372 0

0111000
+924 0 *
Ve
1e-07
-5.11 -1.429986949308 3.027938409327
0 0

0101101
*
Ed
 1e-07 1 1 0
1  928 0 6.53169832344978e-13 0.0757011188643336
4 C0 371 0 363 0
0

0101000
+927 0 -922 0 *
Ed
 1e-07 1 1 0
1  929 0 0 0.25
4 C0 371 0 370 0
0

0101000
+922 0 -941 0 *
Wi

0101100
-921 0 -925 0 -938 0 -920 0 *
Fa
0  1e-07 371 0

0111000
+919 0 *
Ed
 1e-07 1 1 0
1  930 0 0 1.58179211394885
2  560 365 0 0 1.58179211394885
4 C0 363 0 365 0
0

0101000
+958 0 -932 0 *
Ve
1e-07
-5.11 -1.429986949308 3.129667675691
0 0

0101101
*
Ed
 1e-07 1 1 0
1  931 0 0 0.101729266364
4 C0 363 0 370 0
0

0101000
+922 0 -916 0 *
Ve
1e-07
-5.071512424573 -1.429986949308 3.178324269083
0 0

0101101
*
Ed
 1e-07 1 1 0
1  932 0 0 0.0620383554163344
4 C0 363 0 369 0
0

0101000
+916 0 -914 0 *
Ve
1e-07
-4.988858932015 -1.429986949308 3.244359686372
0 0

0101101
*
Ed
 1e-07 1 1 0
1  933 0 0 0.883525962898853
2  561 368 0 0 0.883525962898853
4 C0 363 0 368 0
0

0101000
+914 0 -912 0 *
Ve
1e-07
-4.864400997638 -1.429986949308 3.498792108652
0 0

0101101
*
Ed
 1e-07 1 1 0
1  934 0 0 0.283241301608113
4 C0 363 0 367 0
0

0101000
+912 0 -910 0 *
Ed
 1e-07 1 1 0
1  935 0 0 1.58179197447619
2  562 364 0 0 1.58179197447619
4 C0 363 0 364 0
0

0101000
+910 0 -972 0 *
Wi

0101100
+917 0 -931 0 +926 0 +921 0 +915 0 +913 0 +911 0 +909 0 +908 0 +971 0 
+963 0 +956 0 *
Fa
0  1e-07 363 0

0111000
+907 0 *
Wi

0101100
-957 0 +950 0 -930 0 -917 0 *
Fa
0  1e-07 365 0

0111000
+905 0 *
Ed
 1e-07 1 1 0
1  936 0 0 0.25
4 C0 370 0 369 0
0

0101000
+943 0 -916 0 *
Wi

0101100
+903 0 -915 0 +920 0 +940 0 *
Fa
0  1e-07 370 0

0111000
+902 0 *
Ed
 1e-07 1 1 0
1  937 0 0 0.25
2  563 368 0 0 0.25
4 C0 369 0 368 0
0

0101000
+945 0 -914 0 *
Wi

0101100
-942 0 +900 0 -913 0 -903 0 *
Fa
0  1e-07 369 0

0111000
+899 0 *
Ed
 1e-07 1 1 0
1  938 0 0 0.25
2  564 368 0 0 0.25
4 G1 368 0 367 0
0

0101000
+912 0 -947 0 *
Wi

0101100
-900 0 +944 0 -897 0 -911 0 *
Fa
0  1e-07 368 0

0111000
+896 0 *
Ed
 1e-07 1 1 0
1  939 0 0 0.25
2  565 364 0 0 0.25
4 G1 367 0 364 0
0

0101000
+910 0 -949 0 *
Wi

0101100
+897 0 +946 0 -894 0 -909 0 *
Fa
0  1e-07 367 0

0111000
+893 0 *
Wi

0101100
-948 0 -894 0 +908 0 -969 0 *
Fa
0  1e-07 364 0

0111000
+891 0 *
Ed
 0.00155184908749503 1 1 0
1  940 0 0 0.399984956415127
4 C0 330 0 329 0
0

0101000
+1101 0 -1021 0 *
Wi

0101100
+889 0 -1020 0 +1010 0 -1033 0 +1046 0 -1098 0 *
Fa
0  1e-07 330 0

0101000
-888 0 *
Wi

0101100
+1019 0 -889 0 -1100 0 -1050 0 *
Fa
0  1e-07 329 0

0111000
+886 0 *
Ve
0.0015902968843849
-0.9499994673131 1.121552076242 3.274999999999
0 0

0101101
*
Ed
 0.00155209176321344 1 1 0
1  941 0 0 0.400002478481602
4 C0 332 0 335 0
0

0101000
+1094 0 -884 0 *
Ve
0.0015902968843849
-1.550000119712 1.131412464019 3.27499999841
0 0

0101101
*
Ed
 0.0015902968843849 1 1 0
1  942 0 0 1
4 C0 332 0 373 0
0

0101000
+882 0 -884 0 *
Ve
0.00157724750439951
-1.550000112948 1.458612309372 3.274999998398
0 0

0101101
*
Ed
 1e-07 1 1 0
1  943 0 0 0.327199845353
2  566 374 0 0 0.327199845353
4 G1 332 0 374 0
0

0101000
+882 0 -880 0 *
Ve
0.00157724750439951
-0.9499820971163 1.468461215031 3.274999999999
0 0

0101101
*
Ed
 0.00157724750439951 1 1 0
1  944 0 0 1
4 C0 332 0 375 0
0

0101000
+878 0 -880 0 *
Ed
 0.00153880035684975 1 1 0
1  945 0 0 0.399985057061803
4 C0 332 0 333 0
0

0101000
+878 0 -1095 0 *
Wi

0101100
+883 0 -881 0 +879 0 -877 0 +876 0 +1093 0 *
Fa
0  1e-07 332 0

0101000
-875 0 *
Ve
0.0015902968843849
-0.9500005885127 1.121471370935 3.074999999999
0 0

0101101
*
Ed
 0.0015902968843849 1 1 0
1  946 0 0 0.200000016286508
4 C0 335 0 373 0
0

0101000
+884 0 -873 0 *
Ed
 0.00147138564870918 1 1 0
1  947 0 0 0.4000032946651
4 C0 335 0 334 0
0

0101000
+873 0 -1090 0 *
Wi

0101100
-872 0 -883 0 +1088 0 -871 0 *
Fa
0  1e-07 335 0

0101000
+870 0 *
Ve
3.38419542416707e-05
-1.8986236107 1.136266526841 3.290221263613
0 0

0101101
*
Ed
 3.38419542416707e-05 1 1 0
1  948 0 0 1
2  567 374 0 0 1
4 C0 373 0 374 0
0

0101000
+868 0 -882 0 *
Ve
0.00142886919824021
-1.54999913247 1.131288168249 3.075000001736
0 0

0101101
*
Ed
 0.00142886919824021 1 1 0
1  949 0 0 1
4 C0 373 0 334 0
0

0101000
+866 0 -873 0 *
Ve
8.40282124938664e-05
-1.916053520957 1.13631013939 3.090982217228
0 0

0101101
*
Ed
 8.40282124938664e-05 1 1 0
1  950 0 0 1
2  568 376 0 0 1
4 C0 373 0 376 0
0

0101000
+864 0 -866 0 *
Ve
0.000252560824338061
-3.99357787314 1.16526158049 3.272742046285
0 0

0101101
*
Ed
 2.05892514320069e-05 1 1 0
1  951 0 0 2.08566110749421
4 C0 373 0 377 0
0

0101000
+862 0 -864 0 *
Ve
0.000151510577984227
-3.976146726612 1.165261584401 3.471980985228
0 0

0101101
*
Ed
 2.52003533890563e-07 1 1 0
1  952 0 0 0.199999999151033
2  569 378 0 0 0.199999999151033
4 G1 373 0 378 0
0

0101000
+860 0 -862 0 *
Ed
 2.30367917055873e-05 1 1 0
1  953 0 0 2.08566047258732
4 C0 373 0 379 0
0

0101000
+860 0 -868 0 *
Wi

0101100
+867 0 +881 0 +872 0 -865 0 -863 0 -861 0 -859 0 +858 0 *
Fa
0  1e-07 373 0

0111000
+857 0 *
Ve
3.25139824008446e-05
-1.898623603773 1.453758246554 3.290221263021
0 0

0101101
*
Ed
 1e-07 1 1 0
1  954 0 0 0.317491719713
2  570 374 0 0 0.317491719713
4 G1 374 0 379 0
0

0101000
+855 0 -868 0 *
Ed
 3.25139824008446e-05 1 1 0
1  955 0 0 1
2  571 374 0 0 1
4 C0 374 0 375 0
0

0101000
+880 0 -855 0 *
Wi

0101100
-867 0 -854 0 -853 0 -879 0 *
Fa
0  1e-07 374 0

0101000
+852 0 *
Ve
0.000151752080088712
-3.976146726621 1.424764520853 3.47198098525
0 0

0101101
*
Ed
 1e-07 1 1 0
1  956 0 0 0.259502936452
2  572 380 0 0 0.259502936452
4 G1 379 0 380 0
0

0101000
+860 0 -850 0 *
Ed
 2.17088207352622e-05 1 1 0
1  957 0 0 2.08566046103456
4 C0 379 0 375 0
0

0101000
+855 0 -850 0 *
Wi

0101100
-858 0 +849 0 -848 0 +854 0 *
Fa
0  1e-07 379 0

0101000
-847 0 *
Ve
0.000151510577984227
-4.084776937459 1.167174915196 3.502818544666
0 0

0101101
*
Ed
 0.000151510577984227 1 1 0
1  958 0 0 1
2  573 380 0 0 1
2  574 378 0 0 1
4 C0 380 0 378 0
0

0101000
+845 0 -860 0 *
Ve
0.000151752080088712
-4.084776937453 1.422851190058 3.502818544653
0 0

0101101
*
Ed
 1e-07 1 1 0
1  959 0 0 0.255676274862
2  575 380 0 0 0.255676274862
4 G1 380 0 381 0
0

0101000
+843 0 -845 0 *
Ed
 0.000151752080088712 1 1 0
1  960 0 0 1
2  576 380 0 0 1
2  577 382 0 0 1
4 C0 380 0 382 0
0

0101000
+850 0 -843 0 *
Wi

0101100
-844 0 -842 0 -841 0 -849 0 *
Fa
0  1e-07 380 0

0101000
+840 0 *
Ve
0.000252560824338061
-4.1746282291 1.167174911322 3.324137978392
0 0

0101101
*
Ed
 0.000252560824338061 1 1 0
1  961 0 0 1
2  578 378 0 0 1
2  579 383 0 0 1
4 C0 378 0 383 0
0

0101000
+862 0 -838 0 *
Ed
 1e-07 1 1 0
1  962 0 0 0.199999998433883
2  580 378 0 0 0.199999998433883
4 G1 378 0 384 0
0

0101000
+838 0 -845 0 *
Wi

0101100
+844 0 +859 0 +837 0 +836 0 *
Fa
0  1e-07 378 0

0111000
+835 0 *
Ve
0.000252559492229993
-4.174628231154 1.422851186193 3.324137974515
0 0

0101101
*
Ed
 1e-07 1 1 0
1  963 0 0 0.255676274871
2  581 383 0 0 0.255676274871
4 G1 383 0 385 0
0

0101000
+833 0 -838 0 *
Ve
0.000252559492229993
-3.993577873056 1.424764517025 3.272742049601
0 0

0101101
*
Ed
 0.000252559492229993 1 1 0
1  964 0 0 1
2  582 383 0 0 1
2  583 382 0 0 1
4 C0 383 0 382 0
0

0101000
+831 0 -833 0 *
Ed
 1e-07 1 1 0
1  965 0 0 0.259502936535
2  584 383 0 0 0.259502936535
4 G1 383 0 377 0
0

0101000
+862 0 -831 0 *
Wi

0101100
-832 0 -830 0 -829 0 +837 0 *
Fa
0  1e-07 383 0

0101000
+828 0 *
Ve
8.52876925840694e-05
-1.916053541445 1.453714702123 3.090982221195
0 0

0101101
*
Ed
 1e-07 1 1 0
1  966 0 0 0.317404562733001
2  585 376 0 0 0.317404562733001
4 G1 377 0 376 0
0

0101000
+826 0 -864 0 *
Ed
 2.18487246154511e-05 1 1 0
1  967 0 0 2.08566106951132
4 C0 377 0 375 0
0

0101000
+826 0 -831 0 *
Wi

0101100
+861 0 -825 0 +824 0 -829 0 *
Fa
0  1e-07 377 0

0101000
+823 0 *
Ve
0.00141581981824172
-1.549999154577 1.45873667324 3.075000001826
0 0

0101101
*
Ed
 8.52876925840694e-05 1 1 0
1  968 0 0 1
2  586 376 0 0 1
4 C0 376 0 375 0
0

0101000
+826 0 -821 0 *
Ed
 1e-07 1 1 0
1  969 0 0 0.327448504991001
2  587 376 0 0 0.327448504991001
4 G1 376 0 334 0
0

0101000
+866 0 -821 0 *
Wi

0101100
-825 0 +820 0 -819 0 -863 0 *
Fa
0  1e-07 376 0

0101000
+818 0 *
Ve
0.00157724750409905
-0.9499832183159 1.468541920338 3.074999999999
0 0

0101101
*
Ed
 0.00145809424281845 1 1 0
1  970 0 0 0.399985875913945
4 C0 334 0 333 0
0

0101000
+1092 0 -816 0 *
Ed
 0.00141581981824172 1 1 0
1  971 0 0 1
4 C0 334 0 375 0
0

0101000
+816 0 -821 0 *
Wi

0101100
+815 0 +814 0 -819 0 +865 0 +871 0 -1089 0 *
Fa
0  1e-07 334 0

0101000
+813 0 *
Ed
 0.00157724750409905 1 1 0
1  972 0 0 0.200000016286508
4 C0 333 0 375 0
0

0101000
+816 0 -878 0 *
Wi

0101100
+876 0 -1091 0 +815 0 +811 0 *
Fa
0  1e-07 333 0

0101000
+810 0 *
Ed
 2.51990129405146e-07 1 1 0
1  973 0 0 0.199999995861462
2  588 382 0 0 0.199999995861462
4 G1 375 0 382 0
0

0101000
+850 0 -831 0 *
Wi

0101100
+824 0 -808 0 -848 0 -853 0 -877 0 -811 0 +814 0 -820 0 *
Fa
0  1e-07 375 0

0111000
+807 0 *
Ed
 1e-07 1 1 0
1  974 0 0 0.20000000281146
2  589 382 0 0 0.20000000281146
4 G1 382 0 386 0
0

0101000
+833 0 -843 0 *
Wi

0101100
+808 0 +830 0 +805 0 -841 0 *
Fa
0  1e-07 382 0

0111000
+804 0 *
Ve
1e-07
-4.267291865 1.420013050692 3.594597983425
0 0

0101101
*
Ed
 1e-07 1 1 0
1  975 0 0 0.204311573812769
4 C0 386 0 381 0
0

0101000
+802 0 -843 0 *
Ve
1e-07
-4.357143158871 1.420013050692 3.415917412819
0 0

0101101
*
Ed
 1e-07 1 1 0
1  976 0 0 0.200000003305946
4 C0 386 0 387 0
0

0101000
+802 0 -800 0 *
Ed
 1e-07 1 1 0
1  977 0 0 0.204311573700712
4 C0 386 0 385 0
0

0101000
+833 0 -800 0 *
Wi

0101100
-801 0 +799 0 -798 0 +805 0 *
Fa
0  1e-07 386 0

0111000
-797 0 *
Ve
1e-07
-4.267291865002 1.170013050692 3.594597983429
0 0

0101101
*
Ed
 1e-07 1 1 0
1  978 0 0 0.204311573751394
4 C0 381 0 384 0
0

0101000
+795 0 -845 0 *
Ve
1e-07
-4.392760215373 1.170013050691 3.657690981849
0 0

0101101
*
Ed
 1e-07 1 1 0
1  979 0 1.71269621820568e-08 0.140438734703157
4 C0 381 0 388 0
0

0101000
+793 0 -795 0 *
Ve
1e-07
-4.392760230063 1.420013050692 3.657690990759
0 0

0101101
*
Ed
 1e-07 1 1 0
1  980 0 0 0.250000000001
2  590 389 0 0 0.250000000001
4 G1 381 0 389 0
0

0101000
+791 0 -793 0 *
Ed
 1e-07 1 1 0
1  981 0 0 0.140438734706741
4 C0 381 0 387 0
0

0101000
+791 0 -802 0 *
Wi

0101100
-794 0 -792 0 -790 0 +789 0 +801 0 +842 0 *
Fa
0  1e-07 381 0

0111000
-788 0 *
Ve
1e-07
-4.357143156555 1.170013050692 3.415917417431
0 0

0101101
*
Ed
 1e-07 1 1 0
1  982 0 0 0.20431157385058
4 C0 384 0 385 0
0

0101000
+786 0 -838 0 *
Ed
 1e-07 1 1 0
1  983 0 -0 0.19999999814777
4 C0 384 0 388 0
0

0101000
+795 0 -786 0 *
Wi

0101100
+794 0 -836 0 -785 0 -784 0 *
Fa
0  1e-07 384 0

0111000
+783 0 *
Ve
1e-07
-4.482611530713 1.420013050692 3.479010425739
0 0

0101101
*
Ed
 1e-07 1 1 0
1  984 0 0 0.140438743272666
4 C0 385 0 387 0
0

0101000
+800 0 -781 0 *
Ve
1e-07
-4.482611502185 1.170013050691 3.479010411394
0 0

0101101
*
Ed
 1e-07 1 1 0
1  985 0 0 0.250000000001001
2  591 390 0 0 0.250000000001001
4 G1 385 0 390 0
0

0101000
+781 0 -779 0 *
Ed
 1e-07 1 1 0
1  986 0 0 0.140438711338236
4 C0 385 0 388 0
0

0101000
+786 0 -779 0 *
Wi

0101100
+785 0 -832 0 +798 0 +780 0 +778 0 -777 0 *
Fa
0  1e-07 385 0

0111000
+776 0 *
Ve
1e-07
-4.684743284702 1.420013050692 3.410910903707
0 0

0101101
*
Ve
1e-07
-4.809201219078 1.420013050692 3.156478481428
0 0

0101101
*
Ed
 1e-07 1 1 0
1  987 0 0 0.283241301606775
4 C0 387 0 391 0
0

0101000
+774 0 -773 0 *
Ed
 1e-07 1 1 0
1  988 0 0 1.58179190104556
2  592 390 0 0 1.58179190104556
4 C0 387 0 390 0
0

0101000
+781 0 -774 0 *
Ve
1e-07
-4.864400997639 1.420013050692 3.498792108651
0 0

0101101
*
Ed
 1e-07 1 1 0
1  989 0 0 1.5817919255519
2  593 389 0 0 1.5817919255519
4 C0 387 0 389 0
0

0101000
+770 0 -791 0 *
Ve
1e-07
-4.988858932015 1.420013050692 3.244359686371
0 0

0101101
*
Ed
 1e-07 1 1 0
1  990 0 0 0.283241301607674
4 C0 387 0 392 0
0

0101000
+768 0 -770 0 *
Ve
1e-07
-5.071512424573 1.420013050692 3.178324269083
0 0

0101101
*
Ed
 1e-07 1 1 0
1  991 0 0 0.883525962890887
2  594 393 0 0 0.883525962890887
4 C0 387 0 393 0
0

0101000
+766 0 -768 0 *
Ve
1e-07
-5.11 1.420013050692 3.129667675692
0 0

0101101
*
Ed
 1e-07 1 1 0
1  992 0 0 0.06203835541555
4 C0 387 0 394 0
0

0101000
+766 0 -764 0 *
Ve
1e-07
-5.11 1.420013050692 3.027938409327
0 0

0101101
*
Ed
 1e-07 1 1 0
1  993 0 0 0.101729266365
4 C0 387 0 395 0
0

0101000
+762 0 -764 0 *
Ve
1e-07
-5.052693406027 1.420013050692 2.978475153425
0 0

0101101
*
Ed
 1e-07 1 1 0
1  994 0 0 0.0757011188636804
4 C0 387 0 396 0
0

0101000
+762 0 -760 0 *
Ed
 1e-07 1 1 0
1  995 0 0 0.969201952366398
2  595 397 0 0 0.969201952366398
4 C0 387 0 397 0
0

0101000
+773 0 -760 0 *
Wi

0101100
-772 0 -771 0 -780 0 -799 0 -789 0 -769 0 -767 0 -765 0 +763 0 -761 0 
+759 0 -758 0 *
Fa
0  1e-07 387 0

0111000
-757 0 *
Ve
1e-07
-4.809201219078 1.170013050691 3.15647848143
0 0

0101101
*
Ed
 1e-07 1 1 0
1  996 0 -9.99866855977341e-13 0.25
2  596 397 0 -9.99866855977341e-13 0.25
4 G1 391 0 397 0
0

0101000
+755 0 -773 0 *
Ve
1e-07
-4.684743284702 1.170013050692 3.410910903707
0 0

0101101
*
Ed
 1e-07 1 1 0
1  997 0 1.79673684611694e-12 0.283241301606775
4 C0 391 0 388 0
0

0101000
+755 0 -753 0 *
Ed
 1e-07 1 1 0
1  998 0 0 0.25
2  597 390 0 0 0.25
4 G1 391 0 390 0
0

0101000
+753 0 -774 0 *
Wi

0101100
-754 0 +752 0 +751 0 +772 0 *
Fa
0  1e-07 391 0

0111000
-750 0 *
Ve
1e-07
-5.052693406027 1.170013050691 2.978475153425
0 0

0101101
*
Ed
 1e-07 1 1 0
1  999 0 0 0.969201952366264
2  598 397 0 0 0.969201952366264
4 C0 397 0 388 0
0

0101000
+755 0 -748 0 *
Ed
 1e-07 1 1 0
1  1000 0 -7.63562135990366e-26 0.250000000001
2  599 397 0 -7.63562135990366e-26 0.250000000001
4 C0 397 0 396 0
0

0101000
+760 0 -748 0 *
Wi

0101100
-758 0 -754 0 +747 0 -746 0 *
Fa
0  1e-07 397 0

0111000
+745 0 *
Ve
1e-07
-5.11 1.170013050692 3.027938409327
0 0

0101101
*
Ed
 1e-07 1 1 0
1  1001 0 6.53169832344975e-13 0.0757011188643336
4 C0 396 0 388 0
0

0101000
+748 0 -743 0 *
Ed
 1e-07 1 1 0
1  1002 0 0 0.25
4 C0 396 0 395 0
0

0101000
+743 0 -762 0 *
Wi

0101100
-742 0 -746 0 -759 0 -741 0 *
Fa
0  1e-07 396 0

0111000
+740 0 *
Ed
 1e-07 1 1 0
1  1003 0 0 1.58179211394885
2  600 390 0 0 1.58179211394885
4 C0 388 0 390 0
0

0101000
+779 0 -753 0 *
Ve
1e-07
-5.11 1.170013050692 3.129667675691
0 0

0101101
*
Ed
 1e-07 1 1 0
1  1004 0 0 0.101729266364
4 C0 388 0 395 0
0

0101000
+743 0 -737 0 *
Ve
1e-07
-5.071512424573 1.170013050692 3.178324269083
0 0

0101101
*
Ed
 1e-07 1 1 0
1  1005 0 0 0.0620383554163344
4 C0 388 0 394 0
0

0101000
+737 0 -735 0 *
Ve
1e-07
-4.988858932015 1.170013050692 3.244359686372
0 0

0101101
*
Ed
 1e-07 1 1 0
1  1006 0 0 0.883525962898853
2  601 393 0 0 0.883525962898853
4 C0 388 0 393 0
0

0101000
+735 0 -733 0 *
Ve
1e-07
-4.864400997638 1.170013050692 3.498792108652
0 0

0101101
*
Ed
 1e-07 1 1 0
1  1007 0 0 0.283241301608113
4 C0 388 0 392 0
0

0101000
+733 0 -731 0 *
Ed
 1e-07 1 1 0
1  1008 0 0 1.58179197447619
2  602 389 0 0 1.58179197447619
4 C0 388 0 389 0
0

0101000
+731 0 -793 0 *
Wi

0101100
+738 0 -752 0 +747 0 +742 0 +736 0 +734 0 +732 0 +730 0 +729 0 +792 0 
+784 0 +777 0 *
Fa
0  1e-07 388 0

0111000
+728 0 *
Wi

0101100
-778 0 +771 0 -751 0 -738 0 *
Fa
0  1e-07 390 0

0111000
+726 0 *
Ed
 1e-07 1 1 0
1  1009 0 0 0.25
4 C0 395 0 394 0
0

0101000
+764 0 -737 0 *
Wi

0101100
+724 0 -736 0 +741 0 +761 0 *
Fa
0  1e-07 395 0

0111000
+723 0 *
Ed
 1e-07 1 1 0
1  1010 0 0 0.25
2  603 393 0 0 0.25
4 C0 394 0 393 0
0

0101000
+766 0 -735 0 *
Wi

0101100
-763 0 +721 0 -734 0 -724 0 *
Fa
0  1e-07 394 0

0111000
+720 0 *
Ed
 1e-07 1 1 0
1  1011 0 0 0.25
2  604 393 0 0 0.25
4 G1 393 0 392 0
0

0101000
+733 0 -768 0 *
Wi

0101100
-721 0 +765 0 -718 0 -732 0 *
Fa
0  1e-07 393 0

0111000
+717 0 *
Ed
 1e-07 1 1 0
1  1012 0 0 0.25
2  605 389 0 0 0.25
4 G1 392 0 389 0
0

0101000
+731 0 -770 0 *
Wi

0101100
+718 0 +767 0 -715 0 -730 0 *
Fa
0  1e-07 392 0

0111000
+714 0 *
Wi

0101100
-769 0 -715 0 +729 0 -790 0 *
Fa
0  1e-07 389 0

0111000
+712 0 *
Ve
3.38324918111924e-05
-1.498623615956 -0.803309177502 3.290221262521
0 0

0101101
*
Ve
7.66750025349426e-05
-1.150000119635 -0.8081619725239 3.27499999841
0 0

0101101
*
Ed
 3.38324918111924e-05 1 1 0
1  1013 0 0 1
2  606 398 0 0 1
4 C0 336 0 398 0
0

0101000
+710 0 -709 0 *
Ed
 7.66750025349426e-05 1 1 0
1  1014 0 0 0.600058674432437
4 C0 336 0 337 0
0

0101000
+709 0 -1086 0 *
Ve
8.47105701301207e-05
-1.149999132933 -0.8082862357819 3.075000001735
0 0

0101101
*
Ed
 8.47105701301207e-05 1 1 0
1  1015 0 0 0.600055962885452
4 C0 336 0 339 0
0

0101000
+706 0 -1085 0 *
Ve
8.40069969685224e-05
-1.516053516442 -0.8032655764636 3.09098221695
0 0

0101101
*
Ed
 8.40069969685224e-05 1 1 0
1  1016 0 0 1
2  607 399 0 0 1
4 C0 336 0 399 0
0

0101000
+704 0 -706 0 *
Ve
2.05832160010186e-05
-3.186277158467 -0.78 3.237107851632
0 0

0101101
*
Ed
 2.05832160010186e-05 1 1 0
1  1017 0 0 1.676765040946
4 C0 336 0 400 0
0

0101000
+702 0 -704 0 *
Ve
2.30314486451355e-05
-3.168846010268 -0.78 3.436346787243
0 0

0101101
*
Ed
 1e-07 1 1 0
1  1018 0 0 0.199999995977349
4 C0 336 0 401 0
0

0101000
+702 0 -700 0 *
Ed
 2.30314486451355e-05 1 1 0
1  1019 0 0 1.67676439406149
4 C0 336 0 402 0
0

0101000
+700 0 -710 0 *
Wi

0101100
+708 0 +707 0 +1084 0 -705 0 -703 0 -701 0 +699 0 +698 0 *
Fa
0  1e-07 336 0

0111000
+697 0 *
Ve
3.25048290929301e-05
-1.498623609165 -0.5066921501808 3.29022126194
0 0

0101101
*
Ed
 1e-07 1 1 0
1  1020 0 0 0.2966170273212
2  608 398 0 0 0.2966170273212
4 G1 398 0 402 0
0

0101000
+695 0 -710 0 *
Ve
7.66750023874526e-05
-1.150000112889 -0.5018393551602 3.274999998399
0 0

0101101
*
Ed
 3.25048290929301e-05 1 1 0
1  1021 0 0 1
2  609 398 0 0 1
4 C0 398 0 338 0
0

0101000
+693 0 -695 0 *
Ed
 1e-07 1 1 0
1  1022 0 0 0.3063226173637
2  610 398 0 0 0.3063226173637
4 G1 398 0 337 0
0

0101000
+709 0 -693 0 *
Wi

0101100
-708 0 -694 0 -692 0 -691 0 *
Fa
0  1e-07 398 0

0101000
+690 0 *
Ve
1e-07
-3.576146706418 -0.78 3.471980982688
0 0

0101101
*
Ed
 1e-07 1 1 0
1  1023 0 0 0.408856518804931
4 C0 402 0 401 0
0

0101000
+700 0 -688 0 *
Ve
1e-07
-3.576146717422 -0.53 3.471980983305
0 0

0101101
*
Ed
 1e-07 1 1 0
1  1024 0 -1.62055234699091e-18 0.25
2  611 403 0 -1.62055234699091e-18 0.25
4 G1 402 0 403 0
0

0101000
+688 0 -686 0 *
Ve
2.17037859274972e-05
-3.16884601027 -0.53 3.436346787258
0 0

0101101
*
Ed
 1e-07 1 1 0
1  1025 0 0 0.408856529817533
4 C0 402 0 404 0
0

0101000
+684 0 -686 0 *
Ed
 2.17037859274972e-05 1 1 0
1  1026 0 0 1.67676438242396
4 C0 402 0 338 0
0

0101000
+695 0 -684 0 *
Wi

0101100
-698 0 +687 0 +685 0 -683 0 -682 0 +694 0 *
Fa
0  1e-07 402 0

0101000
-681 0 *
Ve
1e-07
-4.284743284702 -0.78 3.410910903708
0 0

0101101
*
Ve
1e-07
-4.409201219079 -0.78 3.156478481425
0 0

0101101
*
Ed
 1e-07 1 1 0
1  1027 0 0 0.283241301610807
4 C0 401 0 405 0
0

0101000
+679 0 -678 0 *
Ve
1e-07
-4.7 -0.78 2.974999999999
0 0

0101101
*
Ed
 1e-07 1 1 0
1  1028 0 0 1.11585899033444
2  612 406 0 0 1.11585899033444
4 C0 401 0 406 0
0

0101000
+678 0 -676 0 *
Ve
1e-07
-4.71 -0.78 2.974999999999
0 0

0101101
*
Ed
 1e-07 1 1 0
1  1029 0 0 0.00999999999999979
4 C0 401 0 407 0
0

0101000
+674 0 -676 0 *
Ve
1e-07
-4.76 -0.78 3.024999999999
0 0

0101101
*
Ed
 1e-07 1 1 0
1  1030 0 0 0.0707106781186545
4 C0 401 0 408 0
0

0101000
+674 0 -672 0 *
Ve
1e-07
-4.76 -0.78 3.124999999999
0 0

0101101
*
Ed
 1e-07 1 1 0
1  1031 0 0 0.1
4 C0 401 0 409 0
0

0101000
+672 0 -670 0 *
Ve
1e-07
-4.71 -0.78 3.174999999999
0 0

0101101
*
Ed
 1e-07 1 1 0
1  1032 0 0 0.0707106781186548
4 C0 401 0 410 0
0

0101000
+670 0 -668 0 *
Ve
1e-07
-4.7 -0.78 3.174999999999
0 0

0101101
*
Ed
 1e-07 1 1 0
1  1033 0 0 0.00999999999999979
4 C0 401 0 411 0
0

0101000
+668 0 -666 0 *
Ve
1e-07
-4.588858932016 -0.78 3.244359686368
0 0

0101101
*
Ed
 1e-07 1 1 0
1  1034 0 0 1.11585899031672
2  613 412 0 0 1.11585899031672
4 C0 401 0 412 0
0

0101000
+666 0 -664 0 *
Ve
1e-07
-4.464400997639 -0.78 3.498792108652
0 0

0101101
*
Ed
 1e-07 1 1 0
1  1035 0 -2.69470634891562e-12 0.283241301609011
4 C0 401 0 413 0
0

0101000
+664 0 -662 0 *
Ve
1e-07
-3.992760238325 -0.78 3.657690993391
0 0

0101101
*
Ed
 1e-07 1 1 0
1  1036 0 0 1.58179190108005
2  614 414 0 0 1.58179190108005
4 C0 401 0 414 0
0

0101000
+662 0 -660 0 *
Ve
1e-07
-3.684776938576 -0.78 3.502818542071
0 0

0101101
*
Ed
 1e-07 1 1 0
1  1037 0 0 0.344730603663423
4 C0 401 0 415 0
0

0101000
+660 0 -658 0 *
Ed
 1e-07 1 1 0
1  1038 0 0 0.378666503029115
2  615 403 0 0 0.378666503029115
4 C0 401 0 403 0
0

0101000
+688 0 -658 0 *
Ve
1e-07
-3.59357789269 -0.78 3.27274204637
0 0

0101101
*
Ed
 1e-07 1 1 0
1  1039 0 -1.42650631182548e-08 0.40885654240637
4 C0 401 0 400 0
0

0101000
+655 0 -702 0 *
Ve
1e-07
-3.774628230968 -0.78 3.324137974421
0 0

0101101
*
Ed
 1e-07 1 1 0
1  1040 0 0 0.37866640537129
2  616 416 0 0 0.37866640537129
4 C0 401 0 416 0
0

0101000
+653 0 -655 0 *
Ve
1e-07
-4.082611530714 -0.78 3.47901042574
0 0

0101101
*
Ed
 1e-07 1 1 0
1  1041 0 0 0.344730603660293
4 C0 401 0 417 0
0

0101000
+653 0 -651 0 *
Ed
 1e-07 1 1 0
1  1042 0 0 1.58179190105473
2  617 418 0 0 1.58179190105473
4 C0 401 0 418 0
0

0101000
+651 0 -679 0 *
Wi

0101100
+677 0 +675 0 -673 0 +671 0 +669 0 +667 0 +665 0 +663 0 +661 0 +659 0 
+657 0 -656 0 -687 0 -699 0 -654 0 -652 0 +650 0 +649 0 *
Fa
0  1e-07 401 0

0111000
+648 0 *
Ve
1e-07
-4.409201219079 -0.53 3.156478481425
0 0

0101101
*
Ed
 1e-07 1 1 0
1  1043 0 0 0.25
2  618 406 0 0 0.25
4 G1 405 0 406 0
0

0101000
+678 0 -646 0 *
Ve
1e-07
-4.284743284702 -0.53 3.410910903708
0 0

0101101
*
Ed
 1e-07 1 1 0
1  1044 0 0 0.25
2  619 418 0 0 0.25
4 G1 405 0 418 0
0

0101000
+679 0 -644 0 *
Ed
 1e-07 1 1 0
1  1045 0 -8.9796950279984e-13 0.283241301609909
4 C0 405 0 404 0
0

0101000
+646 0 -644 0 *
Wi

0101100
-645 0 -677 0 +643 0 -642 0 *
Fa
0  1e-07 405 0

0111000
-641 0 *
Ve
1e-07
-4.7 -0.53 2.974999999999
0 0

0101101
*
Ed
 1e-07 1 1 0
1  1046 0 0 0.25
2  620 406 0 0 0.25
4 G1 406 0 407 0
0

0101000
+639 0 -676 0 *
Ed
 1e-07 1 1 0
1  1047 0 0 1.11585899033444
2  621 406 0 0 1.11585899033444
4 C0 406 0 404 0
0

0101000
+646 0 -639 0 *
Wi

0101100
+675 0 -638 0 -637 0 -645 0 *
Fa
0  1e-07 406 0

0111000
+636 0 *
Ve
1e-07
-4.71 -0.53 2.974999999999
0 0

0101101
*
Ed
 1e-07 1 1 0
1  1048 0 0 0.00999999999999979
4 C0 404 0 407 0
0

0101000
+639 0 -634 0 *
Ve
1e-07
-4.082611530712 -0.53 3.479010425739
0 0

0101101
*
Ed
 1e-07 1 1 0
1  1049 0 0 1.58179190104766
2  622 418 0 0 1.58179190104766
4 C0 404 0 418 0
0

0101000
+632 0 -644 0 *
Ve
1e-07
-3.774628230968 -0.53 3.324137974421
0 0

0101101
*
Ed
 1e-07 1 1 0
1  1050 0 0 0.344730603658057
4 C0 404 0 417 0
0

0101000
+630 0 -632 0 *
Ve
1e-07
-3.593577889884 -0.53 3.272742046125
0 0

0101101
*
Ed
 1e-07 1 1 0
1  1051 0 0 0.378666411003433
2  623 416 0 0 0.378666411003433
4 C0 404 0 416 0
0

0101000
+630 0 -628 0 *
Ve
2.18423255634872e-05
-3.186277158488 -0.53 3.237107851441
0 0

0101101
*
Ed
 1e-07 1 1 0
1  1052 0 -1.23871378345894e-08 0.408856541463346
4 C0 404 0 400 0
0

0101000
+628 0 -626 0 *
Ed
 1e-07 1 1 0
1  1053 0 0 0.199999996184221
4 C0 404 0 338 0
0

0101000
+684 0 -626 0 *
Ve
1e-07
-3.684776938576 -0.53 3.502818542071
0 0

0101101
*
Ed
 1e-07 1 1 0
1  1054 0 0 0.378666502659391
2  624 403 0 0 0.378666502659391
4 C0 404 0 403 0
0

0101000
+686 0 -623 0 *
Ve
1e-07
-3.992760238325 -0.53 3.657690993391
0 0

0101101
*
Ed
 1e-07 1 1 0
1  1055 0 0 0.344730603663423
4 C0 404 0 415 0
0

0101000
+621 0 -623 0 *
Ve
1e-07
-4.464400997639 -0.53 3.498792108652
0 0

0101101
*
Ed
 1e-07 1 1 0
1  1056 0 0 1.58179190107996
2  625 414 0 0 1.58179190107996
4 C0 404 0 414 0
0

0101000
+619 0 -621 0 *
Ve
1e-07
-4.588858932016 -0.53 3.244359686371
0 0

0101101
*
Ed
 1e-07 1 1 0
1  1057 0 0 0.283241301609011
4 C0 404 0 413 0
0

0101000
+619 0 -617 0 *
Ve
1e-07
-4.7 -0.53 3.174999999999
0 0

0101101
*
Ed
 1e-07 1 1 0
1  1058 0 0 1.1158589903385
2  626 412 0 0 1.1158589903385
4 C0 404 0 412 0
0

0101000
+615 0 -617 0 *
Ve
1e-07
-4.71 -0.53 3.174999999999
0 0

0101101
*
Ed
 1e-07 1 1 0
1  1059 0 0 0.00999999999999979
4 C0 404 0 411 0
0

0101000
+613 0 -615 0 *
Ve
1e-07
-4.76 -0.53 3.124999999999
0 0

0101101
*
Ed
 1e-07 1 1 0
1  1060 0 0 0.0707106781186548
4 C0 404 0 410 0
0

0101000
+611 0 -613 0 *
Ve
1e-07
-4.76 -0.53 3.024999999999
0 0

0101101
*
Ed
 1e-07 1 1 0
1  1061 0 0 0.1
4 C0 404 0 409 0
0

0101000
+609 0 -611 0 *
Ed
 1e-07 1 1 0
1  1062 0 0 0.0707106781186545
4 C0 404 0 408 0
0

0101000
+634 0 -609 0 *
Wi

0101100
-633 0 -637 0 +642 0 -631 0 -629 0 +627 0 +625 0 -624 0 +683 0 +622 0 
-620 0 -618 0 +616 0 -614 0 -612 0 -610 0 -608 0 -607 0 *
Fa
0  1e-07 404 0

0101000
-606 0 *
Ed
 1e-07 1 1 0
1  1063 0 0 0.25
4 C0 407 0 408 0
0

0101000
+634 0 -674 0 *
Wi

0101100
+604 0 +673 0 -638 0 +633 0 *
Fa
0  1e-07 407 0

0111000
+603 0 *
Ed
 1e-07 1 1 0
1  1064 0 0 0.25
4 C0 408 0 409 0
0

0101000
+672 0 -609 0 *
Wi

0101100
-671 0 -604 0 +607 0 -601 0 *
Fa
0  1e-07 408 0

0111000
+600 0 *
Ed
 1e-07 1 1 0
1  1065 0 0 0.25
4 C0 409 0 410 0
0

0101000
+611 0 -670 0 *
Wi

0101100
-669 0 +601 0 +608 0 +598 0 *
Fa
0  1e-07 409 0

0111000
+597 0 *
Ed
 1e-07 1 1 0
1  1066 0 0 0.25
4 C0 410 0 411 0
0

0101000
+668 0 -613 0 *
Wi

0101100
+610 0 -595 0 -667 0 -598 0 *
Fa
0  1e-07 410 0

0111000
+594 0 *
Ed
 1e-07 1 1 0
1  1067 0 0 0.25
2  627 412 0 0 0.25
4 G1 411 0 412 0
0

0101000
+615 0 -666 0 *
Wi

0101100
+595 0 +612 0 +592 0 -665 0 *
Fa
0  1e-07 411 0

0111000
-591 0 *
Ed
 1e-07 1 1 0
1  1068 0 2.18478972005485e-25 0.25
2  628 412 0 2.18478972005485e-25 0.25
4 G1 412 0 413 0
0

0101000
+664 0 -617 0 *
Wi

0101100
-589 0 -663 0 -592 0 +614 0 *
Fa
0  1e-07 412 0

0111000
+588 0 *
Ed
 1e-07 1 1 0
1  1069 0 0 0.25
2  629 414 0 0 0.25
4 G1 413 0 414 0
0

0101000
+662 0 -619 0 *
Wi

0101100
+589 0 -616 0 -586 0 -661 0 *
Fa
0  1e-07 413 0

0111000
+585 0 *
Ed
 1e-07 1 1 0
1  1070 0 0 0.25
2  630 414 0 0 0.25
4 G1 414 0 415 0
0

0101000
+621 0 -660 0 *
Wi

0101100
-618 0 -586 0 +659 0 -583 0 *
Fa
0  1e-07 414 0

0111000
+582 0 *
Ed
 1e-07 1 1 0
1  1071 0 0 0.25
2  631 403 0 0 0.25
4 G1 415 0 403 0
0

0101000
+623 0 -658 0 *
Wi

0101100
-583 0 +620 0 +580 0 -657 0 *
Fa
0  1e-07 415 0

0111000
-579 0 *
Wi

0101100
-580 0 -622 0 -685 0 +656 0 *
Fa
0  1e-07 403 0

0111000
+577 0 *
Ed
 1e-07 1 1 0
1  1072 0 0 0.25
2  632 418 0 0 0.25
4 G1 418 0 417 0
0

0101000
+632 0 -651 0 *
Wi

0101100
-575 0 +631 0 -643 0 -649 0 *
Fa
0  1e-07 418 0

0111000
+574 0 *
Ed
 1e-07 1 1 0
1  1073 0 0 0.25
2  633 416 0 0 0.25
4 G1 417 0 416 0
0

0101000
+630 0 -653 0 *
Wi

0101100
+575 0 -650 0 -572 0 +629 0 *
Fa
0  1e-07 417 0

0111000
+571 0 *
Ed
 1e-07 1 1 0
1  1074 0 -5.34625245939746e-17 0.25
2  634 416 0 -5.34625245939746e-17 0.25
4 G1 416 0 400 0
0

0101000
+655 0 -628 0 *
Wi

0101100
+627 0 -569 0 -652 0 -572 0 *
Fa
0  1e-07 416 0

0111000
+568 0 *
Ve
8.52661066236859e-05
-1.516053539715 -0.5067356830791 3.090982218853
0 0

0101101
*
Ed
 1e-07 1 1 0
1  1075 0 0 0.296529893384501
2  635 399 0 0 0.296529893384501
4 G1 400 0 399 0
0

0101000
+566 0 -704 0 *
Ed
 2.18423255634872e-05 1 1 0
1  1076 0 0 1.6767650001262
4 C0 400 0 338 0
0

0101000
+566 0 -626 0 *
Wi

0101100
+701 0 -565 0 +564 0 -625 0 -569 0 +654 0 *
Fa
0  1e-07 400 0

0101000
+563 0 *
Ve
8.5266106648333e-05
-1.149999154994 -0.5017150237419 3.075000001825
0 0

0101101
*
Ed
 8.52661066236859e-05 1 1 0
1  1077 0 0 1
2  636 399 0 0 1
4 C0 399 0 338 0
0

0101000
+566 0 -561 0 *
Ed
 1e-07 1 1 0
1  1078 0 0 0.306571212040001
2  637 399 0 0 0.306571212040001
4 G1 399 0 339 0
0

0101000
+706 0 -561 0 *
Wi

0101100
-565 0 +560 0 -559 0 -703 0 *
Fa
0  1e-07 399 0

0101000
+558 0 *
Ed
 8.5266106648333e-05 1 1 0
1  1079 0 0 0.600056002369337
4 C0 339 0 338 0
0

0101000
+1081 0 -561 0 *
Wi

0101100
-1079 0 +556 0 -559 0 +705 0 *
Fa
0  1e-07 339 0

0101000
+555 0 *
Ed
 7.66750023874526e-05 1 1 0
1  1080 0 0 0.600058686151468
4 C0 338 0 337 0
0

0101000
+1083 0 -693 0 *
Wi

0101100
+564 0 -624 0 -682 0 -692 0 -553 0 +1080 0 +556 0 -560 0 *
Fa
0  1e-07 338 0

0111000
+552 0 *
Wi

0101100
+1082 0 -707 0 +691 0 -553 0 *
Fa
0  1e-07 337 0

0111000
-550 0 *
Ve
3.38324918111924e-05
-1.498623615956 -0.153309177502 3.290221262521
0 0

0101101
*
Ve
7.66750025349148e-05
-1.150000119635 -0.1581619725239 3.27499999841
0 0

0101101
*
Ed
 3.38324918111924e-05 1 1 0
1  1081 0 0 1
2  638 419 0 0 1
4 C0 340 0 419 0
0

0101000
+548 0 -547 0 *
Ed
 7.66750025349148e-05 1 1 0
1  1082 0 0 0.600058674432437
4 C0 340 0 341 0
0

0101000
+547 0 -1077 0 *
Ve
8.47105701301484e-05
-1.149999132933 -0.1582862357819 3.075000001735
0 0

0101101
*
Ed
 8.47105701301484e-05 1 1 0
1  1083 0 0 0.600055962885452
4 C0 340 0 343 0
0

0101000
+544 0 -1076 0 *
Ve
8.40069969685224e-05
-1.516053516442 -0.1532655764636 3.09098221695
0 0

0101101
*
Ed
 8.40069969685224e-05 1 1 0
1  1084 0 0 1
2  639 420 0 0 1
4 C0 340 0 420 0
0

0101000
+542 0 -544 0 *
Ve
2.05832160010742e-05
-3.186277158467 -0.13 3.237107851632
0 0

0101101
*
Ed
 2.05832160010742e-05 1 1 0
1  1085 0 0 1.676765040946
4 C0 340 0 421 0
0

0101000
+540 0 -542 0 *
Ve
2.30314486450245e-05
-3.168846010268 -0.13 3.436346787243
0 0

0101101
*
Ed
 1e-07 1 1 0
1  1086 0 0 0.199999995977349
4 C0 340 0 422 0
0

0101000
+540 0 -538 0 *
Ed
 2.30314486450245e-05 1 1 0
1  1087 0 0 1.67676439406149
4 C0 340 0 423 0
0

0101000
+538 0 -548 0 *
Wi

0101100
+546 0 +545 0 +1075 0 -543 0 -541 0 -539 0 +537 0 +536 0 *
Fa
0  1e-07 340 0

0111000
+535 0 *
Ve
3.25048291928322e-05
-1.498623609165 0.1433078498192 3.29022126194
0 0

0101101
*
Ed
 1e-07 1 1 0
1  1088 0 0 0.2966170273212
2  640 419 0 0 0.2966170273212
4 G1 419 0 423 0
0

0101000
+533 0 -548 0 *
Ve
7.66750024874138e-05
-1.150000112889 0.1481606448398 3.274999998399
0 0

0101101
*
Ed
 3.25048291928322e-05 1 1 0
1  1089 0 0 1
2  641 419 0 0 1
4 C0 419 0 342 0
0

0101000
+531 0 -533 0 *
Ed
 1e-07 1 1 0
1  1090 0 0 0.3063226173637
2  642 419 0 0 0.3063226173637
4 G1 419 0 341 0
0

0101000
+547 0 -531 0 *
Wi

0101100
-546 0 -532 0 -530 0 -529 0 *
Fa
0  1e-07 419 0

0101000
+528 0 *
Ve
1e-07
-3.576146706418 -0.13 3.471980982688
0 0

0101101
*
Ed
 1e-07 1 1 0
1  1091 0 0 0.408856518804931
4 C0 423 0 422 0
0

0101000
+538 0 -526 0 *
Ve
1e-07
-3.576146717422 0.12 3.471980983305
0 0

0101101
*
Ed
 1e-07 1 1 0
1  1092 0 -1.62055234699091e-18 0.25
2  643 424 0 -1.62055234699091e-18 0.25
4 G1 423 0 424 0
0

0101000
+526 0 -524 0 *
Ve
2.17037860275103e-05
-3.16884601027 0.12 3.436346787258
0 0

0101101
*
Ed
 1e-07 1 1 0
1  1093 0 0 0.408856529817533
4 C0 423 0 425 0
0

0101000
+522 0 -524 0 *
Ed
 2.17037860275103e-05 1 1 0
1  1094 0 0 1.67676438242396
4 C0 423 0 342 0
0

0101000
+533 0 -522 0 *
Wi

0101100
-536 0 +525 0 +523 0 -521 0 -520 0 +532 0 *
Fa
0  1e-07 423 0

0101000
-519 0 *
Ve
1e-07
-4.284743284702 -0.13 3.410910903708
0 0

0101101
*
Ve
1e-07
-4.409201219079 -0.13 3.156478481425
0 0

0101101
*
Ed
 1e-07 1 1 0
1  1095 0 0 0.283241301610807
4 C0 422 0 426 0
0

0101000
+517 0 -516 0 *
Ve
1e-07
-4.7 -0.13 2.974999999999
0 0

0101101
*
Ed
 1e-07 1 1 0
1  1096 0 0 1.11585899033444
2  644 427 0 0 1.11585899033444
4 C0 422 0 427 0
0

0101000
+516 0 -514 0 *
Ve
1e-07
-4.71 -0.13 2.974999999999
0 0

0101101
*
Ed
 1e-07 1 1 0
1  1097 0 0 0.00999999999999979
4 C0 422 0 428 0
0

0101000
+512 0 -514 0 *
Ve
1e-07
-4.76 -0.13 3.024999999999
0 0

0101101
*
Ed
 1e-07 1 1 0
1  1098 0 0 0.0707106781186545
4 C0 422 0 429 0
0

0101000
+512 0 -510 0 *
Ve
1e-07
-4.76 -0.13 3.124999999999
0 0

0101101
*
Ed
 1e-07 1 1 0
1  1099 0 0 0.1
4 C0 422 0 430 0
0

0101000
+510 0 -508 0 *
Ve
1e-07
-4.71 -0.13 3.174999999999
0 0

0101101
*
Ed
 1e-07 1 1 0
1  1100 0 0 0.0707106781186548
4 C0 422 0 431 0
0

0101000
+508 0 -506 0 *
Ve
1e-07
-4.7 -0.13 3.174999999999
0 0

0101101
*
Ed
 1e-07 1 1 0
1  1101 0 0 0.00999999999999979
4 C0 422 0 432 0
0

0101000
+506 0 -504 0 *
Ve
1e-07
-4.588858932016 -0.13 3.244359686368
0 0

0101101
*
Ed
 1e-07 1 1 0
1  1102 0 0 1.11585899031672
2  645 433 0 0 1.11585899031672
4 C0 422 0 433 0
0

0101000
+504 0 -502 0 *
Ve
1e-07
-4.464400997639 -0.13 3.498792108652
0 0

0101101
*
Ed
 1e-07 1 1 0
1  1103 0 -2.69470634891562e-12 0.283241301609011
4 C0 422 0 434 0
0

0101000
+502 0 -500 0 *
Ve
1e-07
-3.992760238325 -0.13 3.657690993391
0 0

0101101
*
Ed
 1e-07 1 1 0
1  1104 0 0 1.58179190108005
2  646 435 0 0 1.58179190108005
4 C0 422 0 435 0
0

0101000
+500 0 -498 0 *
Ve
1e-07
-3.684776938576 -0.13 3.502818542071
0 0

0101101
*
Ed
 1e-07 1 1 0
1  1105 0 0 0.344730603663423
4 C0 422 0 436 0
0

0101000
+498 0 -496 0 *
Ed
 1e-07 1 1 0
1  1106 0 0 0.378666503029115
2  647 424 0 0 0.378666503029115
4 C0 422 0 424 0
0

0101000
+526 0 -496 0 *
Ve
1e-07
-3.59357789269 -0.13 3.27274204637
0 0

0101101
*
Ed
 1e-07 1 1 0
1  1107 0 -1.42650631182548e-08 0.40885654240637
4 C0 422 0 421 0
0

0101000
+493 0 -540 0 *
Ve
1e-07
-3.774628230968 -0.13 3.324137974421
0 0

0101101
*
Ed
 1e-07 1 1 0
1  1108 0 0 0.37866640537129
2  648 437 0 0 0.37866640537129
4 C0 422 0 437 0
0

0101000
+491 0 -493 0 *
Ve
1e-07
-4.082611530714 -0.13 3.47901042574
0 0

0101101
*
Ed
 1e-07 1 1 0
1  1109 0 0 0.344730603660293
4 C0 422 0 438 0
0

0101000
+491 0 -489 0 *
Ed
 1e-07 1 1 0
1  1110 0 0 1.58179190105473
2  649 439 0 0 1.58179190105473
4 C0 422 0 439 0
0

0101000
+489 0 -517 0 *
Wi

0101100
+515 0 +513 0 -511 0 +509 0 +507 0 +505 0 +503 0 +501 0 +499 0 +497 0 
+495 0 -494 0 -525 0 -537 0 -492 0 -490 0 +488 0 +487 0 *
Fa
0  1e-07 422 0

0111000
+486 0 *
Ve
1e-07
-4.409201219079 0.12 3.156478481425
0 0

0101101
*
Ed
 1e-07 1 1 0
1  1111 0 0 0.25
2  650 427 0 0 0.25
4 G1 426 0 427 0
0

0101000
+516 0 -484 0 *
Ve
1e-07
-4.284743284702 0.12 3.410910903708
0 0

0101101
*
Ed
 1e-07 1 1 0
1  1112 0 0 0.25
2  651 439 0 0 0.25
4 G1 426 0 439 0
0

0101000
+517 0 -482 0 *
Ed
 1e-07 1 1 0
1  1113 0 -8.9796950279984e-13 0.283241301609909
4 C0 426 0 425 0
0

0101000
+484 0 -482 0 *
Wi

0101100
-483 0 -515 0 +481 0 -480 0 *
Fa
0  1e-07 426 0

0111000
-479 0 *
Ve
1e-07
-4.7 0.12 2.974999999999
0 0

0101101
*
Ed
 1e-07 1 1 0
1  1114 0 0 0.25
2  652 427 0 0 0.25
4 G1 427 0 428 0
0

0101000
+477 0 -514 0 *
Ed
 1e-07 1 1 0
1  1115 0 0 1.11585899033444
2  653 427 0 0 1.11585899033444
4 C0 427 0 425 0
0

0101000
+484 0 -477 0 *
Wi

0101100
+513 0 -476 0 -475 0 -483 0 *
Fa
0  1e-07 427 0

0111000
+474 0 *
Ve
1e-07
-4.71 0.12 2.974999999999
0 0

0101101
*
Ed
 1e-07 1 1 0
1  1116 0 0 0.00999999999999979
4 C0 425 0 428 0
0

0101000
+477 0 -472 0 *
Ve
1e-07
-4.082611530712 0.12 3.479010425739
0 0

0101101
*
Ed
 1e-07 1 1 0
1  1117 0 0 1.58179190104766
2  654 439 0 0 1.58179190104766
4 C0 425 0 439 0
0

0101000
+470 0 -482 0 *
Ve
1e-07
-3.774628230968 0.12 3.324137974421
0 0

0101101
*
Ed
 1e-07 1 1 0
1  1118 0 0 0.344730603658057
4 C0 425 0 438 0
0

0101000
+468 0 -470 0 *
Ve
1e-07
-3.593577889884 0.12 3.272742046125
0 0

0101101
*
Ed
 1e-07 1 1 0
1  1119 0 0 0.378666411003433
2  655 437 0 0 0.378666411003433
4 C0 425 0 437 0
0

0101000
+468 0 -466 0 *
Ve
2.18423254635846e-05
-3.186277158488 0.12 3.237107851441
0 0

0101101
*
Ed
 1e-07 1 1 0
1  1120 0 -1.23871378345894e-08 0.408856541463346
4 C0 425 0 421 0
0

0101000
+466 0 -464 0 *
Ed
 1e-07 1 1 0
1  1121 0 0 0.199999996184221
4 C0 425 0 342 0
0

0101000
+522 0 -464 0 *
Ve
1e-07
-3.684776938576 0.12 3.502818542071
0 0

0101101
*
Ed
 1e-07 1 1 0
1  1122 0 0 0.378666502659391
2  656 424 0 0 0.378666502659391
4 C0 425 0 424 0
0

0101000
+524 0 -461 0 *
Ve
1e-07
-3.992760238325 0.12 3.657690993391
0 0

0101101
*
Ed
 1e-07 1 1 0
1  1123 0 0 0.344730603663423
4 C0 425 0 436 0
0

0101000
+459 0 -461 0 *
Ve
1e-07
-4.464400997639 0.12 3.498792108652
0 0

0101101
*
Ed
 1e-07 1 1 0
1  1124 0 0 1.58179190107996
2  657 435 0 0 1.58179190107996
4 C0 425 0 435 0
0

0101000
+457 0 -459 0 *
Ve
1e-07
-4.588858932016 0.12 3.244359686371
0 0

0101101
*
Ed
 1e-07 1 1 0
1  1125 0 0 0.283241301609011
4 C0 425 0 434 0
0

0101000
+457 0 -455 0 *
Ve
1e-07
-4.7 0.12 3.174999999999
0 0

0101101
*
Ed
 1e-07 1 1 0
1  1126 0 0 1.1158589903385
2  658 433 0 0 1.1158589903385
4 C0 425 0 433 0
0

0101000
+453 0 -455 0 *
Ve
1e-07
-4.71 0.12 3.174999999999
0 0

0101101
*
Ed
 1e-07 1 1 0
1  1127 0 0 0.00999999999999979
4 C0 425 0 432 0
0

0101000
+451 0 -453 0 *
Ve
1e-07
-4.76 0.12 3.124999999999
0 0

0101101
*
Ed
 1e-07 1 1 0
1  1128 0 0 0.0707106781186548
4 C0 425 0 431 0
0

0101000
+449 0 -451 0 *
Ve
1e-07
-4.76 0.12 3.024999999999
0 0

0101101
*
Ed
 1e-07 1 1 0
1  1129 0 0 0.1
4 C0 425 0 430 0
0

0101000
+447 0 -449 0 *
Ed
 1e-07 1 1 0
1  1130 0 0 0.0707106781186545
4 C0 425 0 429 0
0

0101000
+472 0 -447 0 *
Wi

0101100
-471 0 -475 0 +480 0 -469 0 -467 0 +465 0 +463 0 -462 0 +521 0 +460 0 
-458 0 -456 0 +454 0 -452 0 -450 0 -448 0 -446 0 -445 0 *
Fa
0  1e-07 425 0

0101000
-444 0 *
Ed
 1e-07 1 1 0
1  1131 0 0 0.25
4 C0 428 0 429 0
0

0101000
+472 0 -512 0 *
Wi

0101100
+442 0 +511 0 -476 0 +471 0 *
Fa
0  1e-07 428 0

0111000
+441 0 *
Ed
 1e-07 1 1 0
1  1132 0 0 0.25
4 C0 429 0 430 0
0

0101000
+510 0 -447 0 *
Wi

0101100
-509 0 -442 0 +445 0 -439 0 *
Fa
0  1e-07 429 0

0111000
+438 0 *
Ed
 1e-07 1 1 0
1  1133 0 0 0.25
4 C0 430 0 431 0
0

0101000
+449 0 -508 0 *
Wi

0101100
-507 0 +439 0 +446 0 +436 0 *
Fa
0  1e-07 430 0

0111000
+435 0 *
Ed
 1e-07 1 1 0
1  1134 0 0 0.25
4 C0 431 0 432 0
0

0101000
+506 0 -451 0 *
Wi

0101100
+448 0 -433 0 -505 0 -436 0 *
Fa
0  1e-07 431 0

0111000
+432 0 *
Ed
 1e-07 1 1 0
1  1135 0 0 0.25
2  659 433 0 0 0.25
4 G1 432 0 433 0
0

0101000
+453 0 -504 0 *
Wi

0101100
+433 0 +450 0 +430 0 -503 0 *
Fa
0  1e-07 432 0

0111000
-429 0 *
Ed
 1e-07 1 1 0
1  1136 0 2.18478972005485e-25 0.25
2  660 433 0 2.18478972005485e-25 0.25
4 G1 433 0 434 0
0

0101000
+502 0 -455 0 *
Wi

0101100
-427 0 -501 0 -430 0 +452 0 *
Fa
0  1e-07 433 0

0111000
+426 0 *
Ed
 1e-07 1 1 0
1  1137 0 0 0.25
2  661 435 0 0 0.25
4 G1 434 0 435 0
0

0101000
+500 0 -457 0 *
Wi

0101100
+427 0 -454 0 -424 0 -499 0 *
Fa
0  1e-07 434 0

0111000
+423 0 *
Ed
 1e-07 1 1 0
1  1138 0 0 0.25
2  662 435 0 0 0.25
4 G1 435 0 436 0
0

0101000
+459 0 -498 0 *
Wi

0101100
-456 0 -424 0 +497 0 -421 0 *
Fa
0  1e-07 435 0

0111000
+420 0 *
Ed
 1e-07 1 1 0
1  1139 0 0 0.25
2  663 424 0 0 0.25
4 G1 436 0 424 0
0

0101000
+461 0 -496 0 *
Wi

0101100
-421 0 +458 0 +418 0 -495 0 *
Fa
0  1e-07 436 0

0111000
-417 0 *
Wi

0101100
-418 0 -460 0 -523 0 +494 0 *
Fa
0  1e-07 424 0

0111000
+415 0 *
Ed
 1e-07 1 1 0
1  1140 0 0 0.25
2  664 439 0 0 0.25
4 G1 439 0 438 0
0

0101000
+470 0 -489 0 *
Wi

0101100
-413 0 +469 0 -481 0 -487 0 *
Fa
0  1e-07 439 0

0111000
+412 0 *
Ed
 1e-07 1 1 0
1  1141 0 0 0.25
2  665 437 0 0 0.25
4 G1 438 0 437 0
0

0101000
+468 0 -491 0 *
Wi

0101100
+413 0 -488 0 -410 0 +467 0 *
Fa
0  1e-07 438 0

0111000
+409 0 *
Ed
 1e-07 1 1 0
1  1142 0 -5.34625245939746e-17 0.25
2  666 437 0 -5.34625245939746e-17 0.25
4 G1 437 0 421 0
0

0101000
+493 0 -466 0 *
Wi

0101100
+465 0 -407 0 -490 0 -410 0 *
Fa
0  1e-07 437 0

0111000
+406 0 *
Ve
8.52661065237529e-05
-1.516053539715 0.1432643169209 3.090982218853
0 0

0101101
*
Ed
 1e-07 1 1 0
1  1143 0 0 0.296529893384501
2  667 420 0 0 0.296529893384501
4 G1 421 0 420 0
0

0101000
+404 0 -542 0 *
Ed
 2.18423254635846e-05 1 1 0
1  1144 0 0 1.6767650001262
4 C0 421 0 342 0
0

0101000
+404 0 -464 0 *
Wi

0101100
+539 0 -403 0 +402 0 -463 0 -407 0 +492 0 *
Fa
0  1e-07 421 0

0101000
+401 0 *
Ve
8.52661065482947e-05
-1.149999154994 0.1482849762581 3.075000001825
0 0

0101101
*
Ed
 8.52661065237529e-05 1 1 0
1  1145 0 0 1
2  668 420 0 0 1
4 C0 420 0 342 0
0

0101000
+404 0 -399 0 *
Ed
 1e-07 1 1 0
1  1146 0 0 0.306571212040001
2  669 420 0 0 0.306571212040001
4 G1 420 0 343 0
0

0101000
+544 0 -399 0 *
Wi

0101100
-403 0 +398 0 -397 0 -541 0 *
Fa
0  1e-07 420 0

0101000
+396 0 *
Ed
 8.52661065482947e-05 1 1 0
1  1147 0 0 0.600056002369337
4 C0 343 0 342 0
0

0101000
+1072 0 -399 0 *
Wi

0101100
-1070 0 +394 0 -397 0 +543 0 *
Fa
0  1e-07 343 0

0101000
+393 0 *
Ed
 7.66750024874138e-05 1 1 0
1  1148 0 0 0.600058686151468
4 C0 342 0 341 0
0

0101000
+1074 0 -531 0 *
Wi

0101100
+402 0 -462 0 -520 0 -530 0 -391 0 +1071 0 +394 0 -398 0 *
Fa
0  1e-07 342 0

0111000
+390 0 *
Wi

0101100
+1073 0 -545 0 +529 0 -391 0 *
Fa
0  1e-07 341 0

0111000
-388 0 *
Ve
3.38324918111369e-05
-1.498623615956 0.496690822498 3.290221262521
0 0

0101101
*
Ve
7.66750025348316e-05
-1.150000119635 0.4918380274761 3.27499999841
0 0

0101101
*
Ed
 3.38324918111369e-05 1 1 0
1  1149 0 0 1
2  670 440 0 0 1
4 C0 344 0 440 0
0

0101000
+386 0 -385 0 *
Ed
 7.66750025348316e-05 1 1 0
1  1150 0 0 0.600058674432437
4 C0 344 0 345 0
0

0101000
+385 0 -1068 0 *
Ve
8.47105701301762e-05
-1.149999132933 0.4917137642181 3.075000001735
0 0

0101101
*
Ed
 8.47105701301762e-05 1 1 0
1  1151 0 0 0.600055962885452
4 C0 344 0 347 0
0

0101000
+382 0 -1067 0 *
Ve
8.40069969685224e-05
-1.516053516442 0.4967344235364 3.09098221695
0 0

0101101
*
Ed
 8.40069969685224e-05 1 1 0
1  1152 0 0 1
2  671 441 0 0 1
4 C0 344 0 441 0
0

0101000
+380 0 -382 0 *
Ve
2.05832160010742e-05
-3.186277158467 0.52 3.237107851632
0 0

0101101
*
Ed
 2.05832160010742e-05 1 1 0
1  1153 0 0 1.676765040946
4 C0 344 0 442 0
0

0101000
+378 0 -380 0 *
Ve
2.30314486449135e-05
-3.168846010268 0.52 3.436346787243
0 0

0101101
*
Ed
 1e-07 1 1 0
1  1154 0 0 0.199999995977349
4 C0 344 0 443 0
0

0101000
+378 0 -376 0 *
Ed
 2.30314486449135e-05 1 1 0
1  1155 0 0 1.67676439406149
4 C0 344 0 444 0
0

0101000
+376 0 -386 0 *
Wi

0101100
+384 0 +383 0 +1066 0 -381 0 -379 0 -377 0 +375 0 +374 0 *
Fa
0  1e-07 344 0

0111000
+373 0 *
Ve
3.25048291928599e-05
-1.498623609165 0.7933078498192 3.29022126194
0 0

0101101
*
Ed
 1e-07 1 1 0
1  1156 0 0 0.2966170273212
2  672 440 0 0 0.2966170273212
4 G1 440 0 444 0
0

0101000
+371 0 -386 0 *
Ve
7.66750024874971e-05
-1.150000112889 0.7981606448398 3.274999998399
0 0

0101101
*
Ed
 3.25048291928599e-05 1 1 0
1  1157 0 0 1
2  673 440 0 0 1
4 C0 440 0 346 0
0

0101000
+369 0 -371 0 *
Ed
 1e-07 1 1 0
1  1158 0 0 0.3063226173637
2  674 440 0 0 0.3063226173637
4 G1 440 0 345 0
0

0101000
+385 0 -369 0 *
Wi

0101100
-384 0 -370 0 -368 0 -367 0 *
Fa
0  1e-07 440 0

0101000
+366 0 *
Ve
1e-07
-3.576146706418 0.52 3.471980982688
0 0

0101101
*
Ed
 1e-07 1 1 0
1  1159 0 0 0.408856518804931
4 C0 444 0 443 0
0

0101000
+376 0 -364 0 *
Ve
1e-07
-3.576146717422 0.77 3.471980983305
0 0

0101101
*
Ed
 1e-07 1 1 0
1  1160 0 -1.62055234699091e-18 0.25
2  675 445 0 -1.62055234699091e-18 0.25
4 G1 444 0 445 0
0

0101000
+364 0 -362 0 *
Ve
2.17037860275381e-05
-3.16884601027 0.77 3.436346787258
0 0

0101101
*
Ed
 1e-07 1 1 0
1  1161 0 0 0.408856529817533
4 C0 444 0 446 0
0

0101000
+360 0 -362 0 *
Ed
 2.17037860275381e-05 1 1 0
1  1162 0 0 1.67676438242396
4 C0 444 0 346 0
0

0101000
+371 0 -360 0 *
Wi

0101100
-374 0 +363 0 +361 0 -359 0 -358 0 +370 0 *
Fa
0  1e-07 444 0

0101000
-357 0 *
Ve
1e-07
-4.284743284702 0.52 3.410910903708
0 0

0101101
*
Ve
1e-07
-4.409201219079 0.52 3.156478481425
0 0

0101101
*
Ed
 1e-07 1 1 0
1  1163 0 0 0.283241301610807
4 C0 443 0 447 0
0

0101000
+355 0 -354 0 *
Ve
1e-07
-4.7 0.52 2.974999999999
0 0

0101101
*
Ed
 1e-07 1 1 0
1  1164 0 0 1.11585899033444
2  676 448 0 0 1.11585899033444
4 C0 443 0 448 0
0

0101000
+354 0 -352 0 *
Ve
1e-07
-4.71 0.52 2.974999999999
0 0

0101101
*
Ed
 1e-07 1 1 0
1  1165 0 0 0.00999999999999979
4 C0 443 0 449 0
0

0101000
+350 0 -352 0 *
Ve
1e-07
-4.76 0.52 3.024999999999
0 0

0101101
*
Ed
 1e-07 1 1 0
1  1166 0 0 0.0707106781186545
4 C0 443 0 450 0
0

0101000
+350 0 -348 0 *
Ve
1e-07
-4.76 0.52 3.124999999999
0 0

0101101
*
Ed
 1e-07 1 1 0
1  1167 0 0 0.1
4 C0 443 0 451 0
0

0101000
+348 0 -346 0 *
Ve
1e-07
-4.71 0.52 3.174999999999
0 0

0101101
*
Ed
 1e-07 1 1 0
1  1168 0 0 0.0707106781186548
4 C0 443 0 452 0
0

0101000
+346 0 -344 0 *
Ve
1e-07
-4.7 0.52 3.174999999999
0 0

0101101
*
Ed
 1e-07 1 1 0
1  1169 0 0 0.00999999999999979
4 C0 443 0 453 0
0

0101000
+344 0 -342 0 *
Ve
1e-07
-4.588858932016 0.52 3.244359686368
0 0

0101101
*
Ed
 1e-07 1 1 0
1  1170 0 0 1.11585899031672
2  677 454 0 0 1.11585899031672
4 C0 443 0 454 0
0

0101000
+342 0 -340 0 *
Ve
1e-07
-4.464400997639 0.52 3.498792108652
0 0

0101101
*
Ed
 1e-07 1 1 0
1  1171 0 -2.69470634891562e-12 0.283241301609011
4 C0 443 0 455 0
0

0101000
+340 0 -338 0 *
Ve
1e-07
-3.992760238325 0.52 3.657690993391
0 0

0101101
*
Ed
 1e-07 1 1 0
1  1172 0 0 1.58179190108005
2  678 456 0 0 1.58179190108005
4 C0 443 0 456 0
0

0101000
+338 0 -336 0 *
Ve
1e-07
-3.684776938576 0.52 3.502818542071
0 0

0101101
*
Ed
 1e-07 1 1 0
1  1173 0 0 0.344730603663423
4 C0 443 0 457 0
0

0101000
+336 0 -334 0 *
Ed
 1e-07 1 1 0
1  1174 0 0 0.378666503029115
2  679 445 0 0 0.378666503029115
4 C0 443 0 445 0
0

0101000
+364 0 -334 0 *
Ve
1e-07
-3.59357789269 0.52 3.27274204637
0 0

0101101
*
Ed
 1e-07 1 1 0
1  1175 0 -1.42650631182548e-08 0.40885654240637
4 C0 443 0 442 0
0

0101000
+331 0 -378 0 *
Ve
1e-07
-3.774628230968 0.52 3.324137974421
0 0

0101101
*
Ed
 1e-07 1 1 0
1  1176 0 0 0.37866640537129
2  680 458 0 0 0.37866640537129
4 C0 443 0 458 0
0

0101000
+329 0 -331 0 *
Ve
1e-07
-4.082611530714 0.52 3.47901042574
0 0

0101101
*
Ed
 1e-07 1 1 0
1  1177 0 0 0.344730603660293
4 C0 443 0 459 0
0

0101000
+329 0 -327 0 *
Ed
 1e-07 1 1 0
1  1178 0 0 1.58179190105473
2  681 460 0 0 1.58179190105473
4 C0 443 0 460 0
0

0101000
+327 0 -355 0 *
Wi

0101100
+353 0 +351 0 -349 0 +347 0 +345 0 +343 0 +341 0 +339 0 +337 0 +335 0 
+333 0 -332 0 -363 0 -375 0 -330 0 -328 0 +326 0 +325 0 *
Fa
0  1e-07 443 0

0111000
+324 0 *
Ve
1e-07
-4.409201219079 0.77 3.156478481425
0 0

0101101
*
Ed
 1e-07 1 1 0
1  1179 0 0 0.25
2  682 448 0 0 0.25
4 G1 447 0 448 0
0

0101000
+354 0 -322 0 *
Ve
1e-07
-4.284743284702 0.77 3.410910903708
0 0

0101101
*
Ed
 1e-07 1 1 0
1  1180 0 0 0.25
2  683 460 0 0 0.25
4 G1 447 0 460 0
0

0101000
+355 0 -320 0 *
Ed
 1e-07 1 1 0
1  1181 0 -8.9796950279984e-13 0.283241301609909
4 C0 447 0 446 0
0

0101000
+322 0 -320 0 *
Wi

0101100
-321 0 -353 0 +319 0 -318 0 *
Fa
0  1e-07 447 0

0111000
-317 0 *
Ve
1e-07
-4.7 0.77 2.974999999999
0 0

0101101
*
Ed
 1e-07 1 1 0
1  1182 0 0 0.25
2  684 448 0 0 0.25
4 G1 448 0 449 0
0

0101000
+315 0 -352 0 *
Ed
 1e-07 1 1 0
1  1183 0 0 1.11585899033444
2  685 448 0 0 1.11585899033444
4 C0 448 0 446 0
0

0101000
+322 0 -315 0 *
Wi

0101100
+351 0 -314 0 -313 0 -321 0 *
Fa
0  1e-07 448 0

0111000
+312 0 *
Ve
1e-07
-4.71 0.77 2.974999999999
0 0

0101101
*
Ed
 1e-07 1 1 0
1  1184 0 0 0.00999999999999979
4 C0 446 0 449 0
0

0101000
+315 0 -310 0 *
Ve
1e-07
-4.082611530712 0.77 3.479010425739
0 0

0101101
*
Ed
 1e-07 1 1 0
1  1185 0 0 1.58179190104766
2  686 460 0 0 1.58179190104766
4 C0 446 0 460 0
0

0101000
+308 0 -320 0 *
Ve
1e-07
-3.774628230968 0.77 3.324137974421
0 0

0101101
*
Ed
 1e-07 1 1 0
1  1186 0 0 0.344730603658057
4 C0 446 0 459 0
0

0101000
+306 0 -308 0 *
Ve
1e-07
-3.593577889884 0.77 3.272742046125
0 0

0101101
*
Ed
 1e-07 1 1 0
1  1187 0 0 0.378666411003433
2  687 458 0 0 0.378666411003433
4 C0 446 0 458 0
0

0101000
+306 0 -304 0 *
Ve
2.18423254635568e-05
-3.186277158488 0.77 3.237107851441
0 0

0101101
*
Ed
 1e-07 1 1 0
1  1188 0 -1.23871378345894e-08 0.408856541463346
4 C0 446 0 442 0
0

0101000
+304 0 -302 0 *
Ed
 1e-07 1 1 0
1  1189 0 0 0.199999996184221
4 C0 446 0 346 0
0

0101000
+360 0 -302 0 *
Ve
1e-07
-3.684776938576 0.77 3.502818542071
0 0

0101101
*
Ed
 1e-07 1 1 0
1  1190 0 0 0.378666502659391
2  688 445 0 0 0.378666502659391
4 C0 446 0 445 0
0

0101000
+362 0 -299 0 *
Ve
1e-07
-3.992760238325 0.77 3.657690993391
0 0

0101101
*
Ed
 1e-07 1 1 0
1  1191 0 0 0.344730603663423
4 C0 446 0 457 0
0

0101000
+297 0 -299 0 *
Ve
1e-07
-4.464400997639 0.77 3.498792108652
0 0

0101101
*
Ed
 1e-07 1 1 0
1  1192 0 0 1.58179190107996
2  689 456 0 0 1.58179190107996
4 C0 446 0 456 0
0

0101000
+295 0 -297 0 *
Ve
1e-07
-4.588858932016 0.77 3.244359686371
0 0

0101101
*
Ed
 1e-07 1 1 0
1  1193 0 0 0.283241301609011
4 C0 446 0 455 0
0

0101000
+295 0 -293 0 *
Ve
1e-07
-4.7 0.77 3.174999999999
0 0

0101101
*
Ed
 1e-07 1 1 0
1  1194 0 0 1.1158589903385
2  690 454 0 0 1.1158589903385
4 C0 446 0 454 0
0

0101000
+291 0 -293 0 *
Ve
1e-07
-4.71 0.77 3.174999999999
0 0

0101101
*
Ed
 1e-07 1 1 0
1  1195 0 0 0.00999999999999979
4 C0 446 0 453 0
0

0101000
+289 0 -291 0 *
Ve
1e-07
-4.76 0.77 3.124999999999
0 0

0101101
*
Ed
 1e-07 1 1 0
1  1196 0 0 0.0707106781186548
4 C0 446 0 452 0
0

0101000
+287 0 -289 0 *
Ve
1e-07
-4.76 0.77 3.024999999999
0 0

0101101
*
Ed
 1e-07 1 1 0
1  1197 0 0 0.1
4 C0 446 0 451 0
0

0101000
+285 0 -287 0 *
Ed
 1e-07 1 1 0
1  1198 0 0 0.0707106781186545
4 C0 446 0 450 0
0

0101000
+310 0 -285 0 *
Wi

0101100
-309 0 -313 0 +318 0 -307 0 -305 0 +303 0 +301 0 -300 0 +359 0 +298 0 
-296 0 -294 0 +292 0 -290 0 -288 0 -286 0 -284 0 -283 0 *
Fa
0  1e-07 446 0

0101000
-282 0 *
Ed
 1e-07 1 1 0
1  1199 0 0 0.25
4 C0 449 0 450 0
0

0101000
+310 0 -350 0 *
Wi

0101100
+280 0 +349 0 -314 0 +309 0 *
Fa
0  1e-07 449 0

0111000
+279 0 *
Ed
 1e-07 1 1 0
1  1200 0 0 0.25
4 C0 450 0 451 0
0

0101000
+348 0 -285 0 *
Wi

0101100
-347 0 -280 0 +283 0 -277 0 *
Fa
0  1e-07 450 0

0111000
+276 0 *
Ed
 1e-07 1 1 0
1  1201 0 0 0.25
4 C0 451 0 452 0
0

0101000
+287 0 -346 0 *
Wi

0101100
-345 0 +277 0 +284 0 +274 0 *
Fa
0  1e-07 451 0

0111000
+273 0 *
Ed
 1e-07 1 1 0
1  1202 0 0 0.25
4 C0 452 0 453 0
0

0101000
+344 0 -289 0 *
Wi

0101100
+286 0 -271 0 -343 0 -274 0 *
Fa
0  1e-07 452 0

0111000
+270 0 *
Ed
 1e-07 1 1 0
1  1203 0 0 0.25
2  691 454 0 0 0.25
4 G1 453 0 454 0
0

0101000
+291 0 -342 0 *
Wi

0101100
+271 0 +288 0 +268 0 -341 0 *
Fa
0  1e-07 453 0

0111000
-267 0 *
Ed
 1e-07 1 1 0
1  1204 0 2.18478972005485e-25 0.25
2  692 454 0 2.18478972005485e-25 0.25
4 G1 454 0 455 0
0

0101000
+340 0 -293 0 *
Wi

0101100
-265 0 -339 0 -268 0 +290 0 *
Fa
0  1e-07 454 0

0111000
+264 0 *
Ed
 1e-07 1 1 0
1  1205 0 0 0.25
2  693 456 0 0 0.25
4 G1 455 0 456 0
0

0101000
+338 0 -295 0 *
Wi

0101100
+265 0 -292 0 -262 0 -337 0 *
Fa
0  1e-07 455 0

0111000
+261 0 *
Ed
 1e-07 1 1 0
1  1206 0 0 0.25
2  694 456 0 0 0.25
4 G1 456 0 457 0
0

0101000
+297 0 -336 0 *
Wi

0101100
-294 0 -262 0 +335 0 -259 0 *
Fa
0  1e-07 456 0

0111000
+258 0 *
Ed
 1e-07 1 1 0
1  1207 0 0 0.25
2  695 445 0 0 0.25
4 G1 457 0 445 0
0

0101000
+299 0 -334 0 *
Wi

0101100
-259 0 +296 0 +256 0 -333 0 *
Fa
0  1e-07 457 0

0111000
-255 0 *
Wi

0101100
-256 0 -298 0 -361 0 +332 0 *
Fa
0  1e-07 445 0

0111000
+253 0 *
Ed
 1e-07 1 1 0
1  1208 0 0 0.25
2  696 460 0 0 0.25
4 G1 460 0 459 0
0

0101000
+308 0 -327 0 *
Wi

0101100
-251 0 +307 0 -319 0 -325 0 *
Fa
0  1e-07 460 0

0111000
+250 0 *
Ed
 1e-07 1 1 0
1  1209 0 0 0.25
2  697 458 0 0 0.25
4 G1 459 0 458 0
0

0101000
+306 0 -329 0 *
Wi

0101100
+251 0 -326 0 -248 0 +305 0 *
Fa
0  1e-07 459 0

0111000
+247 0 *
Ed
 1e-07 1 1 0
1  1210 0 -5.34625245939746e-17 0.25
2  698 458 0 -5.34625245939746e-17 0.25
4 G1 458 0 442 0
0

0101000
+331 0 -304 0 *
Wi

0101100
+303 0 -245 0 -328 0 -248 0 *
Fa
0  1e-07 458 0

0111000
+244 0 *
Ve
8.52661065237529e-05
-1.516053539715 0.7932643169209 3.090982218853
0 0

0101101
*
Ed
 1e-07 1 1 0
1  1211 0 0 0.296529893384501
2  699 441 0 0 0.296529893384501
4 G1 442 0 441 0
0

0101000
+242 0 -380 0 *
Ed
 2.18423254635568e-05 1 1 0
1  1212 0 0 1.6767650001262
4 C0 442 0 346 0
0

0101000
+242 0 -302 0 *
Wi

0101100
+377 0 -241 0 +240 0 -301 0 -245 0 +330 0 *
Fa
0  1e-07 442 0

0101000
+239 0 *
Ve
8.52661065484057e-05
-1.149999154994 0.7982849762581 3.075000001825
0 0

0101101
*
Ed
 8.52661065237529e-05 1 1 0
1  1213 0 0 1
2  700 441 0 0 1
4 C0 441 0 346 0
0

0101000
+242 0 -237 0 *
Ed
 1e-07 1 1 0
1  1214 0 0 0.306571212040001
2  701 441 0 0 0.306571212040001
4 G1 441 0 347 0
0

0101000
+382 0 -237 0 *
Wi

0101100
-241 0 +236 0 -235 0 -379 0 *
Fa
0  1e-07 441 0

0101000
+234 0 *
Ed
 8.52661065484057e-05 1 1 0
1  1215 0 0 0.600056002369337
4 C0 347 0 346 0
0

0101000
+1063 0 -237 0 *
Wi

0101100
-1061 0 +232 0 -235 0 +381 0 *
Fa
0  1e-07 347 0

0101000
+231 0 *
Ed
 7.66750024874971e-05 1 1 0
1  1216 0 0 0.600058686151468
4 C0 346 0 345 0
0

0101000
+1065 0 -369 0 *
Wi

0101100
+240 0 -300 0 -358 0 -368 0 -229 0 +1062 0 +232 0 -236 0 *
Fa
0  1e-07 346 0

0111000
+228 0 *
Wi

0101100
+1064 0 -383 0 +367 0 -229 0 *
Fa
0  1e-07 345 0

0111000
-226 0 *
Ve
1e-07
-5.15 -1.105 3.224999999999
0 0

0101101
*
Ed
 1e-07 1 1 0
1  1217 0 0 0.4
4 C0 321 0 320 0
0

0101000
+224 0 -1204 0 *
Ed
 1e-07 1 1 0
1  1218 0 0 0.4
4 C0 321 0 314 0
0

0101000
+1149 0 -224 0 *
Wi

0101100
-223 0 -222 0 -1148 0 -1201 0 *
Fa
0  1e-07 321 0

0111000
-221 0 *
Ve
1e-07
-5.3 -1.855 3.224999999999
0 0

0101101
*
Ve
1e-07
-5.3 1.845 3.224999999999
0 0

0101101
*
Ed
 1e-07 1 1 0
1  1219 0 0 3.7
4 C0 320 0 461 0
0

0101000
+219 0 -218 0 *
Ed
 1e-07 1 1 0
1  1220 0 0 3
4 C0 320 0 322 0
0

0101000
+1178 0 -218 0 *
Ve
1e-07
-5.15 1.495 3.224999999999
0 0

0101101
*
Ed
 1e-07 1 1 0
1  1221 0 0 2.85
4 C0 320 0 297 0
0

0101000
+215 0 -1180 0 *
Ve
1e-07
-5.15 1.095 3.224999999999
0 0

0101101
*
Ed
 1e-07 1 1 0
1  1222 0 0 0.4
4 C0 320 0 327 0
0

0101000
+215 0 -213 0 *
Ed
 1e-07 1 1 0
1  1223 0 0 2.85
4 C0 320 0 299 0
0

0101000
+1183 0 -213 0 *
Ve
1e-07
-5.15 0.845 3.224999999999
0 0

0101101
*
Ed
 1e-07 1 1 0
1  1224 0 0 2.85
4 C0 320 0 302 0
0

0101000
+210 0 -1185 0 *
Ve
1e-07
-5.15 0.445 3.224999999999
0 0

0101101
*
Ed
 1e-07 1 1 0
1  1225 0 0 0.4
4 C0 320 0 326 0
0

0101000
+210 0 -208 0 *
Ed
 1e-07 1 1 0
1  1226 0 0 2.85
4 C0 320 0 303 0
0

0101000
+1188 0 -208 0 *
Ve
1e-07
-5.15 0.195 3.224999999999
0 0

0101101
*
Ed
 1e-07 1 1 0
1  1227 0 0 2.85
4 C0 320 0 306 0
0

0101000
+205 0 -1190 0 *
Ve
1e-07
-5.15 -0.205 3.224999999999
0 0

0101101
*
Ed
 1e-07 1 1 0
1  1228 0 0 0.4
4 C0 320 0 325 0
0

0101000
+205 0 -203 0 *
Ed
 1e-07 1 1 0
1  1229 0 0 2.85
4 C0 320 0 307 0
0

0101000
+1193 0 -203 0 *
Ve
1e-07
-5.15 -0.455 3.224999999999
0 0

0101101
*
Ed
 1e-07 1 1 0
1  1230 0 0 2.85
4 C0 320 0 310 0
0

0101000
+200 0 -1195 0 *
Ed
 1e-07 1 1 0
1  1231 0 0 0.4
4 C0 320 0 324 0
0

0101000
+200 0 -1162 0 *
Ed
 1e-07 1 1 0
1  1232 0 0 2.85
4 C0 320 0 314 0
0

0101000
+224 0 -1169 0 *
Ed
 1e-07 1 1 0
1  1233 0 0 3
4 C0 320 0 323 0
0

0101000
+219 0 -1172 0 *
Wi

0101100
+217 0 -216 0 -1177 0 -214 0 +212 0 -211 0 -1182 0 -209 0 +207 0 -206 0 
-1187 0 -204 0 +202 0 -201 0 -1192 0 -199 0 +198 0 -1161 0 -1167 0 -197 0 
+223 0 -1203 0 -1170 0 -196 0 *
Fa
0  1e-07 320 0

0111000
-195 0 *
Ve
1e-07
-5.4 -1.955 3.124999999999
0 0

0101101
*
Ed
 1e-07 1 1 0
1  1234 0 0 0.173205080756888
4 C0 461 0 462 0
0

0101000
+193 0 -219 0 *
Ve
1e-07
-5.4 1.945 3.124999999999
0 0

0101101
*
Ed
 1e-07 1 1 0
1  1235 0 0 3.9
4 C0 461 0 463 0
0

0101000
+193 0 -191 0 *
Ed
 1e-07 1 1 0
1  1236 0 0 0.173205080756888
4 C0 461 0 464 0
0

0101000
+218 0 -191 0 *
Wi

0101100
-217 0 -192 0 +190 0 -189 0 *
Fa
0  1e-07 461 0

0111000
+188 0 *
Ve
1e-07
-5.3 -1.855 3.924999999999
0 0

0101101
*
Ve
1e-07
-5.4 -1.955 3.924999999999
0 0

0101101
*
Ed
 1e-07 1 1 0
1  1237 0 0 0.14142135623731
4 C0 462 0 36 0
0

0101000
+186 0 -185 0 *
Ed
 1e-07 1 1 0
1  1238 0 0 0.8
4 C0 462 0 463 0
0

0101000
+185 0 -193 0 *
Ed
 1e-07 1 1 0
1  1239 0 0 0.7
4 C0 462 0 323 0
0

0101000
+186 0 -219 0 *
Wi

0101100
+184 0 +183 0 +192 0 -182 0 *
Fa
0  1e-07 462 0

0111000
+181 0 *
Ve
1e-07
-5.4 -2.955 3.924999999999
0 0

0101101
*
Ed
 1e-07 1 1 0
1  1240 0 0 5.6
2  702 53 0 0 5.6
4 G1 36 0 53 0
0

0101000
+179 0 -3035 0 *
Ed
 1e-07 1 1 0
1  1241 0 0 1
4 C0 36 0 463 0
0

0101000
+179 0 -185 0 *
Ed
 1e-07 1 1 0
1  1242 0 0 3
4 C0 36 0 323 0
0

0101000
+1174 0 -186 0 *
Ve
1e-07
-5.3 1.845 3.924999999999
0 0

0101101
*
Ed
 1e-07 1 1 0
1  1243 0 0 3
4 C0 36 0 322 0
0

0101000
+175 0 -1176 0 *
Ve
1e-07
-5.4 1.945 3.924999999999
0 0

0101101
*
Ed
 1e-07 1 1 0
1  1244 0 0 0.14142135623731
4 C0 36 0 464 0
0

0101000
+173 0 -175 0 *
Ve
1e-07
-5.4 2.945 3.924999999999
0 0

0101101
*
Ed
 1e-07 1 1 0
1  1245 0 0 1
4 C0 36 0 463 0
0

0101000
+173 0 -171 0 *
Ed
 1e-07 1 1 0
1  1246 0 0 5.6
2  703 43 0 0 5.6
4 G1 36 0 43 0
0

0101000
+3018 0 -171 0 *
Ve
1e-07
-4.6 2.585 3.924999999999
0 0

0101101
*
Ed
 1e-07 1 1 0
1  1247 0 0 4.8
4 C0 36 0 42 0
0

0101000
+168 0 -3020 0 *
Ve
1e-07
-4.6 2.155 3.924999999999
0 0

0101101
*
Ed
 1e-07 1 1 0
1  1248 0 0 0.43
4 C0 36 0 465 0
0

0101000
+168 0 -166 0 *
Ed
 1e-07 1 1 0
1  1249 0 0 4.8
4 C0 36 0 40 0
0

0101000
+3026 0 -166 0 *
Ve
1e-07
-4.6 -2.165 3.924999999999
0 0

0101101
*
Ed
 1e-07 1 1 0
1  1250 0 0 4.8
4 C0 36 0 39 0
0

0101000
+163 0 -3028 0 *
Ve
1e-07
-4.6 -2.595 3.924999999999
0 0

0101101
*
Ed
 1e-07 1 1 0
1  1251 0 0 0.43
4 C0 36 0 466 0
0

0101000
+163 0 -161 0 *
Ed
 1e-07 1 1 0
1  1252 0 0 4.8
4 C0 36 0 37 0
0

0101000
+3034 0 -161 0 *
Wi

0101100
-3033 0 -178 0 +177 0 -184 0 -176 0 -1173 0 -174 0 -172 0 +170 0 -169 0 
-3017 0 -167 0 +165 0 -164 0 -3025 0 -162 0 +160 0 -159 0 *
Fa
0  1e-07 36 0

0111000
-158 0 *
Ve
1e-07
-5.4 -3.205 3.674999999999
0 0

0101101
*
Ed
 1e-07 1 1 0
1  1253 0 0 1.5707963267949
2  704 53 0 0 1.5707963267949
4 C0 53 0 463 0
0

0101000
+156 0 -179 0 *
Ed
 1e-07 1 1 0
1  1254 0 0 5.6
2  705 53 0 0 5.6
4 G1 53 0 52 0
0

0101000
+2998 0 -156 0 *
Wi

0101100
-178 0 -155 0 -154 0 +2996 0 *
Fa
0  1e-07 53 0

0111000
+153 0 *
Ve
1e-07
-5.4 -3.205 3.307383774314
0 0

0101101
*
Ed
 1e-07 1 1 0
1  1255 0 0 5.6
2  706 51 0 0 5.6
4 G1 52 0 51 0
0

0101000
+151 0 -3000 0 *
Ed
 1e-07 1 1 0
1  1256 0 0 0.367616225685
4 C0 52 0 463 0
0

0101000
+156 0 -151 0 *
Wi

0101100
-2997 0 -150 0 -149 0 -154 0 *
Fa
0  1e-07 52 0

0111000
+148 0 *
Ve
1e-07
-5.4 -3.133185207022 3.132026903908
0 0

0101101
*
Ed
 1e-07 1 1 0
1  1257 0 0 0.777398334066111
2  707 51 0 0 0.777398334066111
4 C0 51 0 463 0
0

0101000
+146 0 -151 0 *
Ed
 1e-07 1 1 0
1  1258 0 0 5.6
2  708 51 0 0 5.6
4 G1 51 0 50 0
0

0101000
+3002 0 -146 0 *
Wi

0101100
-150 0 -145 0 -144 0 +2999 0 *
Fa
0  1e-07 51 0

0111000
+143 0 *
Ve
1e-07
-5.4 -2.658458318018 2.649643129598
0 0

0101101
*
Ed
 1e-07 1 1 0
1  1259 0 0 5.6
2  709 49 0 0 5.6
4 G1 50 0 49 0
0

0101000
+141 0 -3004 0 *
Ed
 1e-07 1 1 0
1  1260 0 0 0.676801096970873
4 C0 50 0 463 0
0

0101000
+141 0 -146 0 *
Wi

0101100
-3001 0 -140 0 +139 0 -144 0 *
Fa
0  1e-07 50 0

0111000
+138 0 *
Ve
1e-07
-5.4 -2.480273110991 2.574999999999
0 0

0101101
*
Ed
 1e-07 1 1 0
1  1261 0 0 0.793397992755934
2  710 49 0 0 0.793397992755934
4 C0 49 0 463 0
0

0101000
+136 0 -141 0 *
Ed
 1e-07 1 1 0
1  1262 0 0 5.6
2  711 49 0 0 5.6
4 G1 49 0 48 0
0

0101000
+3006 0 -136 0 *
Wi

0101100
-140 0 -135 0 -134 0 +3003 0 *
Fa
0  1e-07 49 0

0111000
+133 0 *
Ve
1e-07
-5.4 2.470273110991 2.574999999999
0 0

0101101
*
Ed
 1e-07 1 1 0
1  1263 0 0 5.6
2  712 47 0 0 5.6
4 G1 48 0 47 0
0

0101000
+131 0 -3008 0 *
Ed
 1e-07 1 1 0
1  1264 0 0 4.950546221982
4 C0 48 0 463 0
0

0101000
+136 0 -131 0 *
Wi

0101100
-3005 0 -130 0 -129 0 -134 0 *
Fa
0  1e-07 48 0

0111000
+128 0 *
Ve
1e-07
-5.4 2.648458318027 2.649643129607
0 0

0101101
*
Ed
 1e-07 1 1 0
1  1265 0 0 0.793397992805722
2  713 47 0 0 0.793397992805722
4 C0 47 0 463 0
0

0101000
+126 0 -131 0 *
Ed
 1e-07 1 1 0
1  1266 0 0 5.6
2  714 47 0 0 5.6
4 G1 47 0 46 0
0

0101000
+3010 0 -126 0 *
Wi

0101100
-130 0 -125 0 -124 0 +3007 0 *
Fa
0  1e-07 47 0

0111000
+123 0 *
Ve
1e-07
-5.4 3.123185207019 3.132026903905
0 0

0101101
*
Ed
 1e-07 1 1 0
1  1267 0 0 5.6
2  715 45 0 0 5.6
4 G1 46 0 45 0
0

0101000
+121 0 -3012 0 *
Ed
 1e-07 1 1 0
1  1268 0 0 0.676801096953903
4 C0 46 0 463 0
0

0101000
+121 0 -126 0 *
Wi

0101100
-3009 0 -120 0 +119 0 -124 0 *
Fa
0  1e-07 46 0

0111000
-118 0 *
Ve
1e-07
-5.4 3.195 3.307383774314
0 0

0101101
*
Ed
 1e-07 1 1 0
1  1269 0 0 0.777398334085332
2  716 45 0 0 0.777398334085332
4 C0 45 0 463 0
0

0101000
+116 0 -121 0 *
Ed
 1e-07 1 1 0
1  1270 0 0 5.6
2  717 45 0 0 5.6
4 G1 45 0 44 0
0

0101000
+3014 0 -116 0 *
Wi

0101100
-120 0 -115 0 -114 0 +3011 0 *
Fa
0  1e-07 45 0

0111000
+113 0 *
Ve
1e-07
-5.4 3.195 3.674999999999
0 0

0101101
*
Ed
 1e-07 1 1 0
1  1271 0 0 5.6
2  718 43 0 0 5.6
4 G1 44 0 43 0
0

0101000
+111 0 -3016 0 *
Ed
 1e-07 1 1 0
1  1272 0 0 0.367616225685
4 C0 44 0 463 0
0

0101000
+116 0 -111 0 *
Wi

0101100
-3013 0 -110 0 -109 0 -114 0 *
Fa
0  1e-07 44 0

0111000
-108 0 *
Ed
 1e-07 1 1 0
1  1273 0 0 1.5707963267949
2  719 43 0 0 1.5707963267949
4 C0 43 0 463 0
0

0101000
+171 0 -111 0 *
Wi

0101100
-110 0 -106 0 -169 0 +3015 0 *
Fa
0  1e-07 43 0

0111000
+105 0 *
Ed
 1e-07 1 1 0
1  1274 0 0 0.8
4 C0 463 0 464 0
0

0101000
+191 0 -173 0 *
Wi

0101100
-183 0 -177 0 -155 0 +149 0 -145 0 -139 0 -135 0 +129 0 -125 0 -119 0 
-115 0 +109 0 -106 0 -170 0 -103 0 -190 0 *
Fa
0  1e-07 463 0

0111000
+102 0 *
Ed
 1e-07 1 1 0
1  1275 0 0 0.7
4 C0 464 0 322 0
0

0101000
+218 0 -175 0 *
Wi

0101100
-100 0 +189 0 +103 0 +172 0 *
Fa
0  1e-07 464 0

0111000
+99 0 *
Wi

0101100
+100 0 +174 0 +1175 0 +216 0 *
Fa
0  1e-07 322 0

0111000
+97 0 *
Wi

0101100
+182 0 +196 0 +1171 0 +176 0 *
Fa
0  1e-07 323 0

0111000
-95 0 *
Ve
1e-07
-4.6 2.585 2.824999999999
0 0

0101101
*
Ed
 1e-07 1 1 0
1  1276 0 0 4.8
4 C0 42 0 41 0
0

0101000
+93 0 -3022 0 *
Ed
 1e-07 1 1 0
1  1277 0 0 1.1
4 C0 42 0 465 0
0

0101000
+93 0 -168 0 *
Wi

0101100
-3019 0 -92 0 +91 0 +167 0 *
Fa
0  1e-07 42 0

0111000
+90 0 *
Ve
1e-07
-4.6 2.155 2.824999999999
0 0

0101101
*
Ed
 1e-07 1 1 0
1  1278 0 0 4.8
4 C0 41 0 40 0
0

0101000
+3024 0 -88 0 *
Ed
 1e-07 1 1 0
1  1279 0 0 0.43
4 C0 41 0 465 0
0

0101000
+88 0 -93 0 *
Wi

0101100
-3021 0 +87 0 +86 0 +92 0 *
Fa
0  1e-07 41 0

0111000
-85 0 *
Ed
 1e-07 1 1 0
1  1280 0 0 1.1
4 C0 40 0 465 0
0

0101000
+166 0 -88 0 *
Wi

0101100
-3023 0 +164 0 +83 0 -87 0 *
Fa
0  1e-07 40 0

0111000
-82 0 *
Wi

0101100
-165 0 -91 0 -86 0 -83 0 *
Fa
0  1e-07 465 0

0111000
-80 0 *
Ve
1e-07
-4.6 -2.165 2.824999999999
0 0

0101101
*
Ed
 1e-07 1 1 0
1  1281 0 0 4.8
4 C0 39 0 38 0
0

0101000
+78 0 -3030 0 *
Ed
 1e-07 1 1 0
1  1282 0 0 1.1
4 C0 39 0 466 0
0

0101000
+78 0 -163 0 *
Wi

0101100
-3027 0 -77 0 +76 0 +162 0 *
Fa
0  1e-07 39 0

0111000
+75 0 *
Ve
1e-07
-4.6 -2.595 2.824999999999
0 0

0101101
*
Ed
 1e-07 1 1 0
1  1283 0 0 4.8
4 C0 38 0 37 0
0

0101000
+3032 0 -73 0 *
Ed
 1e-07 1 1 0
1  1284 0 0 0.43
4 C0 38 0 466 0
0

0101000
+73 0 -78 0 *
Wi

0101100
-3029 0 +72 0 +71 0 +77 0 *
Fa
0  1e-07 38 0

0111000
-70 0 *
Ed
 1e-07 1 1 0
1  1285 0 0 1.1
4 C0 37 0 466 0
0

0101000
+161 0 -73 0 *
Wi

0101100
-3031 0 +159 0 +68 0 -72 0 *
Fa
0  1e-07 37 0

0111000
-67 0 *
Wi

0101100
-160 0 -76 0 -71 0 -68 0 *
Fa
0  1e-07 466 0

0111000
-65 0 *
Ed
 1e-07 1 1 0
1  1286 0 0 0.88
4 C0 297 0 296 0
0

0101000
+1292 0 -1112 0 *
Ed
 1e-07 1 1 0
1  1287 0 0 0.4
4 C0 297 0 327 0
0

0101000
+1114 0 -215 0 *
Wi

0101100
+63 0 +1111 0 +62 0 +214 0 +1179 0 +1289 0 *
Fa
0  1e-07 297 0

0111000
+61 0 *
Ed
 1e-07 1 1 0
1  1288 0 0 0.88
4 C0 296 0 295 0
0

0101000
+1294 0 -1110 0 *
Wi

0101100
+59 0 -1109 0 -63 0 -1291 0 *
Fa
0  1e-07 296 0

0111000
-58 0 *
Wi

0101100
-59 0 -1293 0 -1231 0 -1108 0 *
Fa
0  1e-07 295 0

0111000
-56 0 *
Ed
 1e-07 1 1 0
1  1289 0 0 0.4
4 C0 327 0 299 0
0

0101000
+213 0 -1116 0 *
Wi

0101100
-212 0 -62 0 -1113 0 -54 0 *
Fa
0  1e-07 327 0

0111000
-53 0 *
Ed
 1e-07 1 1 0
1  1290 0 0 0.88
4 C0 299 0 300 0
0

0101000
+1118 0 -1286 0 *
Wi

0101100
+51 0 +1285 0 +1181 0 +211 0 +54 0 +1115 0 *
Fa
0  1e-07 299 0

0111000
-50 0 *
Ed
 1e-07 1 1 0
1  1291 0 0 0.88
4 C0 300 0 301 0
0

0101000
+1284 0 -1120 0 *
Wi

0101100
-51 0 -1117 0 -48 0 -1283 0 *
Fa
0  1e-07 300 0

0111000
-47 0 *
Ed
 1e-07 1 1 0
1  1292 0 0 0.88
4 C0 301 0 302 0
0

0101000
+1282 0 -1122 0 *
Wi

0101100
-45 0 -1281 0 +48 0 -1119 0 *
Fa
0  1e-07 301 0

0111000
-44 0 *
Ed
 1e-07 1 1 0
1  1293 0 0 0.4
4 C0 302 0 326 0
0

0101000
+1124 0 -210 0 *
Wi

0101100
+45 0 +1121 0 +42 0 +209 0 +1184 0 +1279 0 *
Fa
0  1e-07 302 0

0111000
+41 0 *
Ed
 1e-07 1 1 0
1  1294 0 0 0.4
4 C0 326 0 303 0
0

0101000
+208 0 -1126 0 *
Wi

0101100
-207 0 -42 0 -1123 0 -39 0 *
Fa
0  1e-07 326 0

0111000
-38 0 *
Ed
 1e-07 1 1 0
1  1295 0 0 0.88
4 C0 303 0 304 0
0

0101000
+1128 0 -1276 0 *
Wi

0101100
+36 0 +1275 0 +1186 0 +206 0 +39 0 +1125 0 *
Fa
0  1e-07 303 0

0111000
-35 0 *
Ed
 1e-07 1 1 0
1  1296 0 0 0.88
4 C0 304 0 305 0
0

0101000
+1130 0 -1274 0 *
Wi

0101100
-36 0 -1127 0 +33 0 -1273 0 *
Fa
0  1e-07 304 0

0111000
-32 0 *
Ed
 1e-07 1 1 0
1  1297 0 0 0.88
4 C0 305 0 306 0
0

0101000
+1272 0 -1132 0 *
Wi

0101100
-30 0 -1271 0 -33 0 -1129 0 *
Fa
0  1e-07 305 0

0111000
-29 0 *
Ed
 1e-07 1 1 0
1  1298 0 0 0.4
4 C0 306 0 325 0
0

0101000
+1134 0 -205 0 *
Wi

0101100
+30 0 +1131 0 +27 0 +204 0 +1189 0 +1269 0 *
Fa
0  1e-07 306 0

0111000
+26 0 *
Ed
 1e-07 1 1 0
1  1299 0 0 0.4
4 C0 325 0 307 0
0

0101000
+203 0 -1136 0 *
Wi

0101100
-202 0 -27 0 -1133 0 -24 0 *
Fa
0  1e-07 325 0

0111000
-23 0 *
Ed
 1e-07 1 1 0
1  1300 0 0 0.88
4 C0 307 0 308 0
0

0101000
+1138 0 -1266 0 *
Wi

0101100
+21 0 +1265 0 +1191 0 +201 0 +24 0 +1135 0 *
Fa
0  1e-07 307 0

0111000
-20 0 *
Ed
 1e-07 1 1 0
1  1301 0 0 0.88
4 C0 308 0 309 0
0

0101000
+1140 0 -1264 0 *
Wi

0101100
-21 0 -1137 0 +18 0 -1263 0 *
Fa
0  1e-07 308 0

0111000
-17 0 *
Ed
 1e-07 1 1 0
1  1302 0 0 0.88
4 C0 309 0 310 0
0

0101000
+1262 0 -1142 0 *
Wi

0101100
-15 0 -1261 0 -18 0 -1139 0 *
Fa
0  1e-07 309 0

0111000
-14 0 *
Ed
 1e-07 1 1 0
1  1303 0 0 0.4
4 C0 310 0 324 0
0

0101000
+1144 0 -200 0 *
Wi

0101100
+15 0 +1141 0 +12 0 +199 0 +1194 0 +1259 0 *
Fa
0  1e-07 310 0

0111000
+11 0 *
Wi

0101100
-198 0 -12 0 -1143 0 -1159 0 *
Fa
0  1e-07 324 0

0111000
-9 0 *
Ed
 1e-07 1 1 0
1  1304 0 0 0.88
4 C0 314 0 313 0
0

0101000
+1252 0 -1147 0 *
Wi

0101100
+7 0 +1146 0 +222 0 +197 0 +1168 0 +1249 0 *
Fa
0  1e-07 314 0

0111000
+6 0 *
Wi

0101100
-7 0 -1251 0 -1153 0 -1145 0 *
Fa
0  1e-07 313 0

0111000
-4 0 *
Sh

0101100
+3101 0 -3061 0 -2976 0 -2966 0 +2959 0 +2954 0 +2949 0 +2944 0 +2939 0 +2934 0 
+2929 0 +2926 0 +2915 0 -2908 0 -2901 0 +2892 0 +2885 0 -2768 0 +2763 0 +2758 0 
+2751 0 -2748 0 +2743 0 +2738 0 +2731 0 +2723 0 +2716 0 -2709 0 -2703 0 +2694 0 
-2691 0 +2688 0 +2683 0 +2678 0 -2673 0 +2669 0 -2666 0 +2664 0 +2657 0 +2649 0 
+2647 0 +2640 0 +2602 0 +2599 0 +2594 0 +2589 0 +2574 0 -2546 0 -2536 0 -2526 0 
-2516 0 -2506 0 -2481 0 +2474 0 -2469 0 -2464 0 +2461 0 -2435 0 +2428 0 +2421 0 
+2417 0 +2413 0 -2408 0 -2403 0 +2400 0 -2375 0 -2371 0 -2368 0 +2365 0 +2363 0 
+2356 0 +2318 0 -2314 0 -2306 0 -2303 0 -2300 0 -2297 0 +2289 0 -2286 0 +2284 0 
-2280 0 -2278 0 -2274 0 -2272 0 +2267 0 +2262 0 +2259 0 +2257 0 +2254 0 +2251 0 
+2247 0 +2240 0 -2235 0 +2228 0 +2224 0 +2218 0 +2215 0 +2213 0 +2206 0 +2203 0 
+2200 0 +2195 0 +2193 0 -2190 0 +2188 0 -2186 0 +2184 0 -2182 0 -2180 0 +2178 0 
-2176 0 -2173 0 -2170 0 +2168 0 +2166 0 +2164 0 +2157 0 +2152 0 -2147 0 -2142 0 
-2137 0 +2132 0 +2127 0 -2122 0 +2117 0 -2112 0 +2107 0 +2102 0 +2097 0 +2092 0 
-2087 0 +2082 0 +2077 0 +2072 0 +2067 0 +2062 0 +2057 0 +2052 0 +2047 0 +2042 0 
-2035 0 -1978 0 -1975 0 -1972 0 -1969 0 -1966 0 -1963 0 -1960 0 -1957 0 -1954 0 
-1951 0 -1948 0 -1945 0 -1942 0 -1939 0 -1936 0 +1933 0 +1930 0 +1927 0 +1924 0 
-1921 0 -1918 0 -1915 0 +1912 0 -1909 0 +1906 0 +1903 0 +1900 0 +1898 0 +1857 0 
-1850 0 -1829 0 +1805 0 +1800 0 -1778 0 +1775 0 +1772 0 +1769 0 +1766 0 +1763 0 
-1760 0 +1757 0 +1754 0 +1751 0 -1747 0 -1697 0 -1690 0 -1685 0 -1680 0 -1677 0 
-1675 0 -1668 0 -1663 0 -1658 0 -1655 0 -1653 0 +1629 0 +1624 0 -1602 0 +1599 0 
+1596 0 +1593 0 +1590 0 +1587 0 -1584 0 +1581 0 +1578 0 +1571 0 -1565 0 -1562 0 
-1559 0 +1557 0 -1555 0 +1552 0 -1550 0 -1545 0 -1540 0 -1535 0 +1530 0 -1525 0 
+1518 0 -1513 0 +1508 0 -1503 0 +1498 0 -1495 0 -1488 0 +1484 0 -1479 0 -1476 0 
-1471 0 +1466 0 -1459 0 -1456 0 -1451 0 +1446 0 -1439 0 -1436 0 -1431 0 +1426 0 
-1419 0 -1416 0 -1411 0 -1406 0 +1399 0 -1392 0 -1389 0 -1384 0 +1379 0 -1375 0 
-1373 0 -1370 0 +1367 0 -1364 0 +1361 0 -1357 0 +1354 0 -1351 0 +1348 0 +1345 0 
+1343 0 -1341 0 +1334 0 +1329 0 +1324 0 +1321 0 +1319 0 +1312 0 +1307 0 +1302 0 
+1299 0 +1297 0 -1238 0 -1229 0 +1224 0 +1217 0 +1212 0 +1207 0 +1198 0 -1165 0 
+1156 0 +1151 0 +1106 0 -1059 0 -1048 0 +1043 0 +1030 0 +1025 0 -1012 0 -1008 0 
+1005 0 -998 0 -993 0 +987 0 -985 0 +982 0 +975 0 +966 0 -961 0 -954 0 
+935 0 +928 0 +923 0 -918 0 -906 0 -904 0 -901 0 -898 0 -895 0 -892 0 
+890 0 +887 0 -885 0 +874 0 -869 0 -856 0 -851 0 +846 0 -839 0 -834 0 
+827 0 -822 0 +817 0 -812 0 +809 0 +806 0 +803 0 +796 0 +787 0 -782 0 
-775 0 +756 0 +749 0 +744 0 -739 0 -727 0 -725 0 -722 0 -719 0 -716 0 
-713 0 +711 0 -696 0 -689 0 +680 0 -647 0 +640 0 +635 0 +605 0 -602 0 
-599 0 -596 0 -593 0 +590 0 -587 0 -584 0 +581 0 +578 0 -576 0 -573 0 
-570 0 +567 0 -562 0 +557 0 -554 0 +551 0 +549 0 -534 0 -527 0 +518 0 
-485 0 +478 0 +473 0 +443 0 -440 0 -437 0 -434 0 -431 0 +428 0 -425 0 
-422 0 +419 0 +416 0 -414 0 -411 0 -408 0 +405 0 -400 0 +395 0 -392 0 
+389 0 +387 0 -372 0 -365 0 +356 0 -323 0 +316 0 +311 0 +281 0 -278 0 
-275 0 -272 0 -269 0 +266 0 -263 0 -260 0 +257 0 +254 0 -252 0 -249 0 
-246 0 +243 0 -238 0 +233 0 -230 0 +227 0 +225 0 +220 0 +194 0 -187 0 
-180 0 +157 0 +152 0 -147 0 +142 0 -137 0 +132 0 -127 0 +122 0 +117 0 
+112 0 +107 0 +104 0 -101 0 -98 0 -96 0 +94 0 -89 0 +84 0 +81 0 
+79 0 -74 0 +69 0 +66 0 +64 0 -60 0 +57 0 +55 0 +52 0 +49 0 
+46 0 +43 0 -40 0 +37 0 +34 0 +31 0 +28 0 -25 0 +22 0 +19 0 
+16 0 +13 0 -10 0 +8 0 -5 0 +3 0 *
So

0100000
+2 0 *

+1 0 