DBRep_DrawableShape

CASCADE Topology V3, (c) Open Cascade
Locations 0
Curve2ds 146
1 0 6.1959188445775295 1 0 
1 0 -0.55440311688873423 1 0 
1 0 4.7123889803847669 0 1 
1 6.2831853071795862 4.7123889803847669 0 1 
1 0 4.7123889803846897 1 0 
1 3.1415926535901413 4.7123889803851666 2.3947705836946892e-15 1 
1 3.1415926535901413 4.7123889803851666 2.3947705836946892e-15 1 
1 3.1415926535902878 6.1959188445775295 1 0 
1 3.1415926535902878 -0.55440311688873423 1 0 
1 3.1415926535901519 4.7123889803846897 1 0 
1 6.2831853071795862 -4.165 -1 0 
1 3.1415926535886758 -4.165 -1 0 
1 2.6415926535898091 -4.165 -1 0 
1 3.1432736401874832 -4.0350000000000001 1 0 
7 0 0  1 2 2  3.1415926855180554 -4.0350000000000001  3.1432736401875268 -4.0350000000000001 
 0 2 0.0078444912461398883 2
1 1.4784106945278164 0.67479999999999984 -1 0 
1 3.1415926575800506 -4.165 9.9778957672941338e-08 0.99999999999999512 
1 3.1415926575800506 -4.165 9.9778957672941338e-08 0.99999999999999512 
1 6.2831853071795862 -4.0350000000000001 0 -1 
1 0 -4.0350000000000001 0 -1 
1 5.2494873932613624 -4.0350000000000001 1 0 
1 0 0.67479999999999984 1 0 
1 1.4600235444291658 0.67479999999999984 1 0 
1 1.783798694697023 0.67479999999999984 -1 0 
1 0 0.67479999999999984 1 0 
1 1.8656883698697502 0.67479999999999984 -1 0 
1 0 0.67479999999999984 0 -1 
1 0 0.67479999999999984 0 -1 
7 0 0  3 47 45  0 -0.17935805587799991  0.023171334588362805 -0.17698761318799983  0.069154773572699765 -0.17234876995165421  0.13662111821737782 -0.16573207340854773  0.20217171413054758 -0.15949390295323759  0.26531496717009667 -0.15366591072633168  0.3251894295253262 -0.1482994555156108  0.38247451978634378 -0.14334109359179947  0.43897774668489281 -0.13866881976092169  0.49627784013960269 -0.13417935992897184  0.55618390707415244 -0.12975380845515655  0.61984290004847786 -0.1253187678763599  0.68563592417358876 -0.12099761475120945  0.75222422583213655 -0.11689141317942676  0.81827206783758843 -0.11310334086650801  0.88239876799330508 -0.1097504335537573  0.94490254809826046 -0.10681958298504472  1.006387234647663 -0.10426785242833864  1.0673048427294507 -0.10206128135471983  1.1280795132422308 -0.10015869855108585  1.1889811315655923 -0.098541862067547975  1.2501983673988801 -0.097227087198563211  1.3119860460902808 -0.096224198842531694  1.3746281040255002 -0.095544762950118253  1.4384429115542163 -0.095199871658994281  1.5032155447633839 -0.095199569562331984  1.5687115117646768 -0.095553758267490435  1.6347122193489945 -0.096272757125384231  1.7009593380191654 -0.097365357498517616  1.7675095513137871 -0.098848504882771124  1.8346671129327712 -0.10074486397004991  1.9027295144746288 -0.10307440320678984  1.9721247700126314 -0.10586288569143096  2.0430448281812312 -0.10911477486922015  2.114340499687922 -0.1127406725268751  2.1848796459448758 -0.11666134825765456  2.2535218857221428 -0.12079845548512834  2.3189244025380962 -0.12505994450508712  2.3818663711929919 -0.12947556560967968  2.4436063657010587 -0.13410318367495216  2.5052114977397042 -0.13899122897778929  2.5678647293281487 -0.14419881609713184  2.6320068069280582 -0.14974655865782491  2.6971020071651037 -0.15559630413611794  2.7628402546027355 -0.16172094913287269  2.8069159175116249 -0.16596726003404538  2.8289696436382696 -0.16812634767200008 
 0 4 0.022727272727272728 1 0.045454545454545456 1 0.068181818181818177 1 0.090909090909090912 1 0.11363636363636365 1 0.13636363636363635 1 0.15909090909090909 1 0.18181818181818182 1 0.20454545454545456 1 0.22727272727272729 1 0.25 1 0.27272727272727271 1 0.29545454545454547 1 0.31818181818181818 1 0.34090909090909094 1 0.36363636363636365 1 0.38636363636363635 1 0.40909090909090912 1 0.43181818181818182 1 0.45454545454545459 1 0.47727272727272729 1 0.5 1 0.52272727272727271 1 0.54545454545454541 1 0.56818181818181823 1 0.59090909090909094 1 0.61363636363636365 1 0.63636363636363635 1 0.65909090909090906 1 0.68181818181818188 1 0.70454545454545459 1 0.72727272727272729 1 0.75 1 0.77272727272727271 1 0.79545454545454553 1 0.81818181818181823 1 0.84090909090909094 1 0.86363636363636365 1 0.88636363636363635 1 0.90909090909090917 1 0.93181818181818188 1 0.95454545454545459 1 0.97727272727272729 1 1 4
7 0 0  3 47 45  3.4524567339802243 0.48383508491782867  3.4545462009254146 0.490765335500778  3.4590411795708977 0.50432402747825422  3.4665000300688189 0.52366079729045223  3.4744313932013702 0.54189855243176521  3.4826338126316005 0.55894621713374615  3.4908575835395923 0.57464842386697523  3.4991950931981148 0.58914659738152253  3.5079376808437162 0.60278967233610736  3.5173034011622697 0.61588285902034468  3.5275343033160085 0.62878948142144486  3.5387499160463971 0.6417505681556146  3.5506325611576544 0.65441031604472732  3.5629390045159433 0.66646600042638859  3.5754393842134982 0.67759655782132266  3.5879014061524286 0.68741914003529769  3.6003351732408979 0.69597460243449472  3.6127964965341328 0.70340583484423846  3.6253230450733036 0.70982696652557786  3.6379510786003126 0.71537980138481094  3.650712624647269 0.72012288303267591  3.6636426496767927 0.72398824355244218  3.6767780372448939 0.72693385190440607  3.6901580454773133 0.72891306081256646  3.7038245394227163 0.72988375287582286  3.7177043961392164 0.72984178135510247  3.7317250165822342 0.72877691467696593  3.7458178063217376 0.72667097256270063  3.7599040557540548 0.72350606437573994  3.7739634382188409 0.71922231877669585  3.7880167305497303 0.71373423138582226  3.8020762990981773 0.70696684554148659  3.8161716865801063 0.69882412814999773  3.8302912730590966 0.68928631166601351  3.8442139738123182 0.67865503094532653  3.8577206677637221 0.66717835928022828  3.8705804425112404 0.65508856377087121  3.8824967948544122 0.64264178956538887  3.8935533733632486 0.62973185104886753  3.9039344366689703 0.61618416640732798  3.9138008716742139 0.60186197050864843  3.9233626253202942 0.58660992951599311  3.9326925794994194 0.57038305459480532  3.9416316698140577 0.55328760261156951  3.9500533400326314 0.53539583923185974  3.9552200086976415 0.52298685678124757  3.9576670092531092 0.51667440281210875 
 0 4 0.022727272727272728 1 0.045454545454545456 1 0.068181818181818177 1 0.090909090909090912 1 0.11363636363636365 1 0.13636363636363635 1 0.15909090909090909 1 0.18181818181818182 1 0.20454545454545456 1 0.22727272727272729 1 0.25 1 0.27272727272727271 1 0.29545454545454547 1 0.31818181818181818 1 0.34090909090909094 1 0.36363636363636365 1 0.38636363636363635 1 0.40909090909090912 1 0.43181818181818182 1 0.45454545454545459 1 0.47727272727272729 1 0.5 1 0.52272727272727271 1 0.54545454545454541 1 0.56818181818181823 1 0.59090909090909094 1 0.61363636363636365 1 0.63636363636363635 1 0.65909090909090906 1 0.68181818181818188 1 0.70454545454545459 1 0.72727272727272729 1 0.75 1 0.77272727272727271 1 0.79545454545454553 1 0.81818181818181823 1 0.84090909090909094 1 0.86363636363636365 1 0.88636363636363635 1 0.90909090909090917 1 0.93181818181818188 1 0.95454545454545459 1 0.97727272727272729 1 1 4
1 2.8289696436355318 0.67479999999999984 3.641533601317747e-12 -1 
1 1.7134449074593459 0.67479999999999984 -2.7314136221110903e-12 -1 
1 1.972247189917175 0.67479999999999984 1 0 
1 1.4784106572776716 0.67479999999999984 1 0 
7 0 0  3 47 45  0 -0.17935805587799991  0.0094098678717551877 -0.18064096009368177  0.028081387687921882 -0.18317116072371839  0.055634787539636021 -0.1868569994659269  0.082725404023810636 -0.19043066710927195  0.10934318356118815 -0.19388970009776821  0.13546868937437995 -0.19723072361244878  0.1611202463259207 -0.20045520567198094  0.18634052567418061 -0.20356774764433677  0.21116459625847425 -0.20657219733308443  0.23562791259234658 -0.20947271104292631  0.25976161467571984 -0.21227294740468494  0.28358721417158528 -0.2149745936922508  0.30712637127116799 -0.21757956872556111  0.33039984329471772 -0.22008973353841377  0.35342627299066776 -0.22250694876311325  0.37623298471767319 -0.22483322009350551  0.3988492522038618 -0.22707060652937833  0.4213028271562882 -0.22922109256518466  0.44362270717079472 -0.23128690874936431  0.46582972671447137 -0.23326923182371259  0.48793296595914587 -0.2351676059695737  0.50994344253132362 -0.23698188256736444  0.53187132764765321 -0.23871183043757685  0.55372664142830108 -0.24035724144132722  0.57552717752294413 -0.24191794471382991  0.59729095515197406 -0.24339378475994577  0.61903519174444988 -0.24478455420852133  0.64077966486131988 -0.24609023782281375  0.66252964280112114 -0.24730979934962477  0.6842811159145894 -0.24844154041720259  0.70603229001587309 -0.24948392642777006  0.72778065596870878 -0.25043533962700226  0.74952469414563927 -0.25129433746937518  0.77126617876868264 -0.25206020732725076  0.79300639057490352 -0.25273214835849689  0.81474686185777656 -0.25330938948266885  0.83648839233214989 -0.253791128787068  0.85823750274642618 -0.25417677202783812  0.8800021694259399 -0.25446576839954138  0.90178980024149291 -0.25465756363549819  0.92360909176017114 -0.254751575658415  0.94546379634763844 -0.25474735541061483  0.96735004518212986 -0.25464466159799992  0.98926548458736119 -0.25444321380656304  1.0038935234532629 -0.2542428993719088  1.0112115611366232 -0.2541261926959999 
 0 4 0.022727272727272728 1 0.045454545454545456 1 0.068181818181818177 1 0.090909090909090912 1 0.11363636363636365 1 0.13636363636363635 1 0.15909090909090909 1 0.18181818181818182 1 0.20454545454545456 1 0.22727272727272729 1 0.25 1 0.27272727272727271 1 0.29545454545454547 1 0.31818181818181818 1 0.34090909090909094 1 0.36363636363636365 1 0.38636363636363635 1 0.40909090909090912 1 0.43181818181818182 1 0.45454545454545459 1 0.47727272727272729 1 0.5 1 0.52272727272727271 1 0.54545454545454541 1 0.56818181818181823 1 0.59090909090909094 1 0.61363636363636365 1 0.63636363636363635 1 0.65909090909090906 1 0.68181818181818188 1 0.70454545454545459 1 0.72727272727272729 1 0.75 1 0.77272727272727271 1 0.79545454545454553 1 0.81818181818181823 1 0.84090909090909094 1 0.86363636363636365 1 0.88636363636363635 1 0.90909090909090917 1 0.93181818181818188 1 0.95454545454545459 1 0.97727272727272729 1 1 4
7 0 0  3 47 45  3.4524567339802243 0.48383508491782867  3.4513268974117746 0.48008411629709813  3.4489788147886022 0.47268623598898651  3.4452049404339324 0.46190942913709515  3.4411925460743147 0.45146072494882716  3.4369557288085155 0.44134735062661279  3.4325110432460733 0.4315789702313837  3.4278675978650046 0.42215121617357548  3.423029429760629 0.41305073436009482  3.4180020671679157 0.40426629520330587  3.4127910559491492 0.39578572095460046  3.4074018576626388 0.38759826832200051  3.4018383791711928 0.37969911365626863  3.3961050398232753 0.37208269707295483  3.3902062840039107 0.36474358740948204  3.3841473765544099 0.35767629667458484  3.3779289431227197 0.35087484539021463  3.3715505589447736 0.34433315509896417  3.3650122214117286 0.33804542500229784  3.3583135635676049 0.33200520448090093  3.3514557280006199 0.32620915168186587  3.3444423245949872 0.32065863762833446  3.3372768105227997 0.31535411645766204  3.329963013231906 0.31029625142434453  3.322504986664391 0.30548559340845149  3.3149034018219927 0.30092252138203801  3.3071590373047663 0.29660742910200633  3.2992731135360667 0.29254092018878858  3.2912460903655019 0.28872306311288193  3.283083656006454 0.28515709785315246  3.2747951472846291 0.28184814248004347  3.2663895449293276 0.27880064667218329  3.2578764828202362 0.27601906994879877  3.2492656728867821 0.27350734929205839  3.2405660588087506 0.27126797527747004  3.2317870042518684 0.26930340370219358  3.2229380155452079 0.26761585835984542  3.2140291196453465 0.26620736769197489  3.2050681320661605 0.26507978437686347  3.1960624565948739 0.2642348397577145  3.1870199070944905 0.2636741338464148  3.177947903820598 0.26339912494624873  3.1688560337628706 0.26341116325109193  3.1597571480789117 0.26371137387996851  3.1506635378847672 0.2643006102289111  3.144612937051523 0.26488642608214935  3.1415926535900054 0.2652276775174045 
 0 4 0.022727272727272728 1 0.045454545454545456 1 0.068181818181818177 1 0.090909090909090912 1 0.11363636363636365 1 0.13636363636363635 1 0.15909090909090909 1 0.18181818181818182 1 0.20454545454545456 1 0.22727272727272729 1 0.25 1 0.27272727272727271 1 0.29545454545454547 1 0.31818181818181818 1 0.34090909090909094 1 0.36363636363636365 1 0.38636363636363635 1 0.40909090909090912 1 0.43181818181818182 1 0.45454545454545459 1 0.47727272727272729 1 0.5 1 0.52272727272727271 1 0.54545454545454541 1 0.56818181818181823 1 0.59090909090909094 1 0.61363636363636365 1 0.63636363636363635 1 0.65909090909090906 1 0.68181818181818188 1 0.70454545454545459 1 0.72727272727272729 1 0.75 1 0.77272727272727271 1 0.79545454545454553 1 0.81818181818181823 1 0.84090909090909094 1 0.86363636363636365 1 0.88636363636363635 1 0.90909090909090917 1 0.93181818181818188 1 0.95454545454545459 1 0.97727272727272729 1 1 4
7 0 0  3 47 45  1.0112115611366232 -0.2541261926959999  1.0174423928772742 -0.25402682460290904  1.0298945473881582 -0.25380434002463798  1.0485427925689346 -0.25340026723290421  1.0671596456972035 -0.25292674756682765  1.0857435115803145 -0.25238468078324028  1.1042929652422611 -0.25177496401353927  1.1228056418036865 -0.25109850418401219  1.1412832631860332 -0.25035616205708866  1.159731637350166 -0.24954875223189035  1.1781556406416887 -0.24867709910078273  1.1965603198062733 -0.24774202443672841  1.2149505899805988 -0.2467443506970583  1.2333312905422611 -0.24568490022103812  1.2517098197666938 -0.24456404511418353  1.270093641454513 -0.24338215844854055  1.2884903212541858 -0.24213960964214659  1.3069072550373111 -0.24083678176254675  1.3253526180247879 -0.23947400693326004  1.3438309897203793 -0.23805185738713611  1.3623433951588357 -0.23657114546652011  1.3808916764881947 -0.23503263256924528  1.3994775246947917 -0.23343709374442409  1.4181027477235266 -0.23178530038056525  1.4367691817995414 -0.23007802485731402  1.4554933487979458 -0.22831432334125223  1.4742920329122866 -0.22649325222359509  1.4931822867178506 -0.22461386730096167  1.5121811068158582 -0.2226752265237319  1.5313064252066431 -0.22067637982182992  1.5505723467633137 -0.21861641492123468  1.5699894677705173 -0.2164944573479026  1.5895696300932294 -0.21430962459556344  1.6093248233259727 -0.21206103635486986  1.6292674496367274 -0.20974781156100483  1.649410149943263 -0.20736906997410959  1.6697723830392199 -0.20492255871010262  1.6903743823594797 -0.20240603423740139  1.7112374069365655 -0.19981721815878561  1.7323823207009752 -0.19715396218709741  1.7538345968037943 -0.19441363246055773  1.7756013043981913 -0.19159588371535913  1.7976713822441317 -0.18870265928997587  1.8200387200065207 -0.18573541693532555  1.842696978408781 -0.18269574455981691  1.8579933341155694 -0.18062204487290923  1.8656883695914062 -0.17957364265000009 
 0 4 0.022727272727272728 1 0.045454545454545456 1 0.068181818181818177 1 0.090909090909090912 1 0.11363636363636365 1 0.13636363636363635 1 0.15909090909090909 1 0.18181818181818182 1 0.20454545454545456 1 0.22727272727272729 1 0.25 1 0.27272727272727271 1 0.29545454545454547 1 0.31818181818181818 1 0.34090909090909094 1 0.36363636363636365 1 0.38636363636363635 1 0.40909090909090912 1 0.43181818181818182 1 0.45454545454545459 1 0.47727272727272729 1 0.5 1 0.52272727272727271 1 0.54545454545454541 1 0.56818181818181823 1 0.59090909090909094 1 0.61363636363636365 1 0.63636363636363635 1 0.65909090909090906 1 0.68181818181818188 1 0.70454545454545459 1 0.72727272727272729 1 0.75 1 0.77272727272727271 1 0.79545454545454553 1 0.81818181818181823 1 0.84090909090909094 1 0.86363636363636365 1 0.88636363636363635 1 0.90909090909090917 1 0.93181818181818188 1 0.95454545454545459 1 0.97727272727272729 1 1 4
7 0 0  3 47 45  3.1415926535900054 0.2653085233218293  3.1390210651434076 0.26559904498730014  3.1338915544507651 0.26624943928524664  3.1262453319777275 0.26743063098420483  3.1186542512759106 0.26881502381446742  3.1111252242070209 0.2704000313064519  3.103664912869343 0.27218297689184101  3.0962801419952344 0.27416097354302954  3.0889758956586144 0.27633142181054449  3.0817553442384114 0.27869207630975135  3.0746218455854963 0.28124057437014355  3.0675784969587334 0.28397454465509953  3.0606282528610396 0.28689158269604775  3.0537738884806265 0.28998926029883659  3.0470174335861939 0.29326647339596301  3.0403607960242192 0.29672211308467211  3.0338057326148276 0.3003550783270405  3.0273539456218375 0.30416423359450384  3.0210067254939075 0.30814857817246277  3.0147665616422188 0.31230649406469618  3.0086370932699293 0.31663570387008877  3.0026214887425122 0.32113402018591658  2.9967228041201159 0.32579918430107097  2.9909438910510335 0.33062891675926626  2.9852874102233238 0.33562090311953946  2.9797522752952368 0.34077778492053834  2.974337404014459 0.34610226423383761  2.9690416652724383 0.35159709956252244  2.9638640220944055 0.35726509162322168  2.9588030089623762 0.36310913649374421  2.9538590791291868 0.36913197715754525  2.9490345391392645 0.37533614884898697  2.9443311844183122 0.38172421767971215  2.9397508194693582 0.38829873087958283  2.9352951147318458 0.39506223386083672  2.9309656394421846 0.40201726812512623  2.9267647604301605 0.40917043088238181  2.9226947848171303 0.41652827913516177  2.9187578693114653 0.42409746173696988  2.9149563002399042 0.43188424806356318  2.9112914106392571 0.4398963028085634  2.9077684119318872 0.44813471002626104  2.9043961273608039 0.45659389444057907  2.901182085956628 0.46526959719838223  2.8981336662887425 0.47415712855845182  2.8962163018062252 0.48022027153720842  2.8952875034646488 0.48328559718856334 
 0 4 0.022727272727272728 1 0.045454545454545456 1 0.068181818181818177 1 0.090909090909090912 1 0.11363636363636365 1 0.13636363636363635 1 0.15909090909090909 1 0.18181818181818182 1 0.20454545454545456 1 0.22727272727272729 1 0.25 1 0.27272727272727271 1 0.29545454545454547 1 0.31818181818181818 1 0.34090909090909094 1 0.36363636363636365 1 0.38636363636363635 1 0.40909090909090912 1 0.43181818181818182 1 0.45454545454545459 1 0.47727272727272729 1 0.5 1 0.52272727272727271 1 0.54545454545454541 1 0.56818181818181823 1 0.59090909090909094 1 0.61363636363636365 1 0.63636363636363635 1 0.65909090909090906 1 0.68181818181818188 1 0.70454545454545459 1 0.72727272727272729 1 0.75 1 0.77272727272727271 1 0.79545454545454553 1 0.81818181818181823 1 0.84090909090909094 1 0.86363636363636365 1 0.88636363636363635 1 0.90909090909090917 1 0.93181818181818188 1 0.95454545454545459 1 0.97727272727272729 1 1 4
1 1.8656883696878346 0.67479999999999984 -1.1358514079656585e-10 -1 
1 2.8737833337925833 0.67479999999999984 1.5270819536940874e-10 -1 
1 0 0.67479999999999984 0 -1 
1 0 0.67479999999999984 0 -1 
7 0 0  3 47 45  0 -0.17360783091499998  0.022957955543934618 -0.1713316994643182  0.06870518864402414 -0.16685874102100529  0.13685201771368499 -0.16040009701422012  0.20456125131116681 -0.15420517419009572  0.27185387350576484 -0.14828673473155415  0.33874900201173835 -0.14265815494728634  0.40525383912245366 -0.1373295540649675  0.47134277839721739 -0.13230901249277252  0.53697379567854642 -0.1276048970361971  0.60207350646879076 -0.12322618153257686  0.6666241956829847 -0.11917901514805554  0.73089707640888602 -0.11545688764136507  0.79513948127573464 -0.11205465177235895  0.85959750622326125 -0.10896731832711049  0.9245499949668341 -0.10618790298568591  0.98993104013179456 -0.10372708975092311  1.055595785296064 -0.10159965197967616  1.1214289251948426 -0.099818951916368817  1.1873178168569383 -0.098400060743708967  1.2532180434185096 -0.097351776812530141  1.3191434277464034 -0.096673307431307087  1.3850885561034547 -0.09636566325593017  1.4510499951874702 -0.096429369949800364  1.5170292592020289 -0.096865089798867945  1.5829596712102503 -0.097667909572269854  1.6487611487211211 -0.098833025407449718  1.7143535337489635 -0.1003552574663364  1.7796545458011628 -0.10223082044461525  1.8446363234230638 -0.10444851184334634  1.9092753584472493 -0.10699225992005269  1.9735251524706459 -0.10984737317811898  2.0373130957377668 -0.11299785207431504  2.1006163753114611 -0.11643170040317032  2.1636705770120015 -0.12015431285061012  2.2266872033184266 -0.12416912805126248  2.2898776340979214 -0.12847970737115455  2.3534744348562593 -0.13309107730200792  2.4174649581183885 -0.13799476102976421  2.481786150034754 -0.14317925180855132  2.5463993289165097 -0.14863375568832823  2.6112750300375414 -0.15434753996642012  2.6764180764863466 -0.16030875339181969  2.7418552575973378 -0.16650370799640468  2.8076106785583401 -0.17291906269543925  2.8516830188754954 -0.17733394290681806  2.8737833339222254 -0.17957364265000009 
 0 4 0.022727272727272728 1 0.045454545454545456 1 0.068181818181818177 1 0.090909090909090912 1 0.11363636363636365 1 0.13636363636363635 1 0.15909090909090909 1 0.18181818181818182 1 0.20454545454545456 1 0.22727272727272729 1 0.25 1 0.27272727272727271 1 0.29545454545454547 1 0.31818181818181818 1 0.34090909090909094 1 0.36363636363636365 1 0.38636363636363635 1 0.40909090909090912 1 0.43181818181818182 1 0.45454545454545459 1 0.47727272727272729 1 0.5 1 0.52272727272727271 1 0.54545454545454541 1 0.56818181818181823 1 0.59090909090909094 1 0.61363636363636365 1 0.63636363636363635 1 0.65909090909090906 1 0.68181818181818188 1 0.70454545454545459 1 0.72727272727272729 1 0.75 1 0.77272727272727271 1 0.79545454545454553 1 0.81818181818181823 1 0.84090909090909094 1 0.86363636363636365 1 0.88636363636363635 1 0.90909090909090917 1 0.93181818181818188 1 0.95454545454545459 1 0.97727272727272729 1 1 4
7 0 0  3 47 45  2.3887677487254417 0.50072846378512847  2.391088550449624 0.50738343935138897  2.3960004050679355 0.52046192647797362  2.4041101468060284 0.53934681698396425  2.4128903198593834 0.55746023574344783  2.4222789675191745 0.5747641930817069  2.4322233849887018 0.59121734220270106  2.4426600568946202 0.60679270302602462  2.4535200846496976 0.62147080708997915  2.4647436249186994 0.63522806465682746  2.4762717076374421 0.64803652276251922  2.4880632945996211 0.659874121331818  2.5001368093839416 0.67075864679935493  2.5125046451911399 0.68070442503244488  2.525179587265038 0.68972628058157992  2.5381821959922788 0.69784531923727  2.5514685915469939 0.70503596962319959  2.5649838979804844 0.71125765770844518  2.5786809426188566 0.716470177902232  2.5925136778567599 0.72062246756063342  2.6064447503974155 0.72368588191316763  2.6204459629296228 0.72566907787217738  2.634488080443524 0.72656983895393601  2.6485427120618796 0.72638470971452673  2.6625817525210165 0.72510644722300144  2.6765638794021718 0.72275648308323492  2.6904461690157451 0.71935146425376961  2.7041850996582806 0.7149055388355664  2.717732343470463 0.70942233714301661  2.7310543717368678 0.70293501048543228  2.7441248801001397 0.69549601351850321  2.7569121674412504 0.68714958030190809  2.7693789053657025 0.67794169599091281  2.7814937820852021 0.66790446182481877  2.7932689624851794 0.65702116852049275  2.8047108331523027 0.64528139798656692  2.8158247239383818 0.63267507362355691  2.8266202512942127 0.61918828216684574  2.8370591828612155 0.60484868112531243  2.8470879521582821 0.58969112382403488  2.8566513352263985 0.57374655043011347  2.8656852113155997 0.55704363559673198  2.8741309356289984 0.53961500916285532  2.8819413003245717 0.52150163505082103  2.8890603789759997 0.50274298296538655  2.8933026455805959 0.4898341020156543  2.8952875034646488 0.48328559718856334 
 0 4 0.022727272727272728 1 0.045454545454545456 1 0.068181818181818177 1 0.090909090909090912 1 0.11363636363636365 1 0.13636363636363635 1 0.15909090909090909 1 0.18181818181818182 1 0.20454545454545456 1 0.22727272727272729 1 0.25 1 0.27272727272727271 1 0.29545454545454547 1 0.31818181818181818 1 0.34090909090909094 1 0.36363636363636365 1 0.38636363636363635 1 0.40909090909090912 1 0.43181818181818182 1 0.45454545454545459 1 0.47727272727272729 1 0.5 1 0.52272727272727271 1 0.54545454545454541 1 0.56818181818181823 1 0.59090909090909094 1 0.61363636363636365 1 0.63636363636363635 1 0.65909090909090906 1 0.68181818181818188 1 0.70454545454545459 1 0.72727272727272729 1 0.75 1 0.77272727272727271 1 0.79545454545454553 1 0.81818181818181823 1 0.84090909090909094 1 0.86363636363636365 1 0.88636363636363635 1 0.90909090909090917 1 0.93181818181818188 1 0.95454545454545459 1 0.97727272727272729 1 1 4
7 0 0  3 69 67  0 -0.17360783091499998  0.010828796268963213 -0.17505118397100014  0.032303520987508362 -0.17788973324013893  0.063951037743515737 -0.18199927162033405  0.095018985292944336 -0.18595664649697038  0.12548897682488236 -0.18975820033791096  0.15533238679895736 -0.19339945680449483  0.18460356570884789 -0.19688588236002749  0.21336567382826399 -0.20022421471554064  0.24167574974445635 -0.20342072302312547  0.26959121800772923 -0.20648229950461017  0.29714719040154502 -0.20941197607220022  0.32437166959610136 -0.21221161767500224  0.3512934122334877 -0.21488338678179214  0.37793710102668682 -0.21742935472391622  0.40433822521161256 -0.21985168566957991  0.43053904360331335 -0.22215261393005672  0.45657864448622898 -0.2243342529011908  0.48249896314342045 -0.22639913507175122  0.508325244882743 -0.22834782875242601  0.53406688248292522 -0.23017893927182428  0.55973649888043209 -0.23189148746346575  0.58534498063401885 -0.23348438640150601  0.61090561890876927 -0.23495656280612409  0.63643609012553815 -0.23630691112040486  0.66195290294518938 -0.23753432267851957  0.68747425884333591 -0.23863772479349457  0.71301201972045192 -0.23961589522455315  0.73855774458949142 -0.24046711554336997  0.76410587825096554 -0.2411897460089826  0.78964973977462372 -0.24178209214127944  0.8151845556188354 -0.24224260197018746  0.84071823799657297 -0.24257083280170699  0.86625769924480367 -0.24276625064185037  0.89181016242190403 -0.24282834601352599  0.91738281748743788 -0.24275660267204455  0.94296351202008311 -0.24255173498318752  0.96853977502198529 -0.24221445386631144  0.9940996121067337 -0.24174548147298053  1.0196292479304334 -0.24114549847234526  1.0451379311399545 -0.24041568558254825  1.0706377741306723 -0.23955728154035333  1.096139823011038 -0.23857152292949896  1.1216561860202119 -0.23745959793406562  1.1471918849166192 -0.23622307409539089  1.1727497224944656 -0.23486364797425935  1.1983337600402129 -0.23338294352153474  1.2239456686222094 -0.23178275290853012  1.2496002915597646 -0.23006398437005321  1.2753201605548561 -0.22822706263548478  1.3011266464964688 -0.22627245501769758  1.3270404708574821 -0.22420088072946487  1.3530882730782356 -0.22201173079693942  1.3793036779710992 -0.21970306301178411  1.4057197884030901 -0.21727320220916801  1.432371412684514 -0.21472046028120681  1.4592910434140085 -0.21204290206594065  1.4865076245822486 -0.20923815391854941  1.5140527974435842 -0.20630384557315926  1.541957814630093 -0.203237884588473  1.5702605448560467 -0.20003699441574568  1.5990202547031831 -0.19669395605780091  1.6282960073986723 -0.19320218832272104  1.658153098293359 -0.18955462663070466  1.6886477014434018 -0.18574552295438687  1.719750198301444 -0.18177943090615936  1.7514415013951463 -0.17766005571333843  1.7729511309627566 -0.17481423924751532  1.7837986954839333 -0.17336708415999991 
 0 4 0.015151515151515152 1 0.030303030303030304 1 0.045454545454545456 1 0.060606060606060608 1 0.07575757575757576 1 0.090909090909090912 1 0.10606060606060606 1 0.12121212121212122 1 0.13636363636363635 1 0.15151515151515152 1 0.16666666666666669 1 0.18181818181818182 1 0.19696969696969696 1 0.21212121212121213 1 0.22727272727272729 1 0.24242424242424243 1 0.25757575757575757 1 0.27272727272727271 1 0.2878787878787879 1 0.30303030303030304 1 0.31818181818181818 1 0.33333333333333337 1 0.34848484848484851 1 0.36363636363636365 1 0.37878787878787878 1 0.39393939393939392 1 0.40909090909090912 1 0.42424242424242425 1 0.43939393939393939 1 0.45454545454545459 1 0.46969696969696972 1 0.48484848484848486 1 0.5 1 0.51515151515151514 1 0.53030303030303028 1 0.54545454545454541 1 0.56060606060606066 1 0.5757575757575758 1 0.59090909090909094 1 0.60606060606060608 1 0.62121212121212122 1 0.63636363636363635 1 0.65151515151515149 1 0.66666666666666674 1 0.68181818181818188 1 0.69696969696969702 1 0.71212121212121215 1 0.72727272727272729 1 0.74242424242424243 1 0.75757575757575757 1 0.77272727272727271 1 0.78787878787878785 1 0.80303030303030309 1 0.81818181818181823 1 0.83333333333333337 1 0.84848484848484851 1 0.86363636363636365 1 0.87878787878787878 1 0.89393939393939392 1 0.90909090909090917 1 0.92424242424242431 1 0.93939393939393945 1 0.95454545454545459 1 0.96969696969696972 1 0.98484848484848486 1 1 4
7 0 0  3 69 67  2.3887677487254417 0.50072846378512847  2.3872966287675688 0.49650836103977369  2.38423988306051 0.4882088517569706  2.3793326108037336 0.47619309611035532  2.3741240389796743 0.46462256346589798  2.368636805138177 0.45350793580071791  2.3628967307527495 0.44286180995844787  2.3569112515987838 0.43266820278804369  2.3506856340974664 0.42290751493913314  2.344226079317413 0.41356145055785942  2.3375389205522898 0.40460981097370979  2.330630214658088 0.39604385219976013  2.3235063532004592 0.38785824787472722  2.3161739037795157 0.38004669860231771  2.308640870519401 0.37260307956079192  2.3009097963888854 0.36552086099159975  2.2929799607086476 0.35879338894236362  2.2848517798898205 0.35241448326463054  2.2765247809052021 0.34637686108571075  2.2680024611076264 0.34067906173998991  2.2592925962778105 0.33532525684840109  2.2504026283592129 0.33031830582312416  2.2413410037546324 0.32566121695413536  2.2321154508413144 0.32135698371251414  2.2227320941826072 0.31740889761170205  2.2131980353838365 0.31382015853582962  2.2035201338979937 0.31059370613854104  2.1937080240992679 0.30773314172845678  2.1837795313324069 0.3052441900669689  2.1737519361224429 0.30313174643993968  2.1636434515567702 0.30140038431024868  2.1534720320939895 0.30005394419395004  2.1432510245329714 0.29909425090017205  2.1329943837703449 0.29852295363046799  2.1227161119819118 0.29834132907774819  2.1124303448563655 0.29855035127812574  2.1021589610565412 0.2991489459638757  2.0919237838333311 0.30013538460092815  2.0817462312901931 0.30150733022636689  2.0716481801972604 0.30326178523828562  2.0616419401935855 0.30539556229371173  2.0517383025108944 0.30790530737982663  2.0419480745593384 0.3107874250864131  2.0322811689864206 0.31403816964986891  2.0227498885344275 0.31765327030076518  2.0133669192021841 0.3216280264686045  2.0041439556460001 0.32595764299095903  1.9950929193493212 0.33063651087525725  1.9862208690049061 0.33566186292143718  1.9775320204395976 0.34103259488462423  1.9690307360616981 0.34674740060480208  1.9607209171765523 0.35280428360858734  1.9526056294112026 0.35920500509293302  1.9446871772368026 0.36595513263738705  1.9369678860979118 0.37305952984618723  1.9294493513769351 0.38052313373206847  1.9221349525584057 0.38835168758666966  1.9150312398108242 0.39655220966687216  1.9081438081106579 0.40513163117649598  1.9014779574166469 0.41409601080420494  1.8950389392148526 0.42345486974660401  1.8888329814298823 0.43322932714272405  1.882866114632388 0.44343857461569164  1.8771434622894483 0.45410314900338528  1.8716724021416518 0.46523984705236182  1.8664792544143951 0.47683586339035844  1.8615870854969843 0.4888803817358599  1.8585404678341673 0.49720114048716629  1.8570744958553218 0.50143236021465165 
 0 4 0.015151515151515152 1 0.030303030303030304 1 0.045454545454545456 1 0.060606060606060608 1 0.07575757575757576 1 0.090909090909090912 1 0.10606060606060606 1 0.12121212121212122 1 0.13636363636363635 1 0.15151515151515152 1 0.16666666666666669 1 0.18181818181818182 1 0.19696969696969696 1 0.21212121212121213 1 0.22727272727272729 1 0.24242424242424243 1 0.25757575757575757 1 0.27272727272727271 1 0.2878787878787879 1 0.30303030303030304 1 0.31818181818181818 1 0.33333333333333337 1 0.34848484848484851 1 0.36363636363636365 1 0.37878787878787878 1 0.39393939393939392 1 0.40909090909090912 1 0.42424242424242425 1 0.43939393939393939 1 0.45454545454545459 1 0.46969696969696972 1 0.48484848484848486 1 0.5 1 0.51515151515151514 1 0.53030303030303028 1 0.54545454545454541 1 0.56060606060606066 1 0.5757575757575758 1 0.59090909090909094 1 0.60606060606060608 1 0.62121212121212122 1 0.63636363636363635 1 0.65151515151515149 1 0.66666666666666674 1 0.68181818181818188 1 0.69696969696969702 1 0.71212121212121215 1 0.72727272727272729 1 0.74242424242424243 1 0.75757575757575757 1 0.77272727272727271 1 0.78787878787878785 1 0.80303030303030309 1 0.81818181818181823 1 0.83333333333333337 1 0.84848484848484851 1 0.86363636363636365 1 0.87878787878787878 1 0.89393939393939392 1 0.90909090909090917 1 0.92424242424242431 1 0.93939393939393945 1 0.95454545454545459 1 0.96969696969696972 1 0.98484848484848486 1 1 4
1 1.7837986951997375 0.67479999999999984 3.3510663816780463e-10 -1 
1 2.8713748258854155 0.67479999999999984 -4.4680919994836747e-10 -1 
1 0 0.67479999999999984 1 0 
1 0 0.67479999999999984 0 -1 
1 0 0.67479999999999984 0 -1 
7 0 0  3 91 89  0 -0.17828202268299997  0.011235738855608661 -0.17713734161974978  0.033684869905128791 -0.17486383204559658  0.067293230275657437 -0.17150337404254754  0.10083813409268647 -0.16819497690695812  0.13432084546527634 -0.16494087481961847  0.16774175630481547 -0.16174337746714307  0.20110341445622537 -0.15860447536139841  0.23441220402788362 -0.15552558958096205  0.26767346497136119 -0.1525082381022845  0.30089210663513832 -0.14955393192340458  0.33407423192704472 -0.14666411305814661  0.36721625248761935 -0.14384074973809755  0.40031068381558121 -0.14108598752733117  0.43335045439578496 -0.13840191784256958  0.46632761924785754 -0.13579068244083622  0.49923583098195012 -0.13325427414411178  0.53208327531866062 -0.13079324557119323  0.56487657854739393 -0.12840824922571842  0.59762206798688478 -0.12609992125185848  0.6303263062096861 -0.12386886334681552  0.6629926308927846 -0.12171586741679487  0.69562062282178949 -0.11964194063839763  0.72821027840193353 -0.11764804748633244  0.76076120323955232 -0.11573515743977802  0.79327331702937298 -0.113904262661929  0.82574433809686987 -0.11215609726634523  0.8581708848734646 -0.11049135514227028  0.89054944444956463 -0.10891073146523321  0.92287529812044367 -0.10741495542002795  0.95514709071207504 -0.10600461275745592  0.98737758218626859 -0.10467969170600426  1.0195777846627441 -0.10344025028020613  1.0517583556503858 -0.10228634263148889  1.0839323183018956 -0.10121796857765006  1.1160992214038625 -0.10023543448594774  1.1482486100754441 -0.099339264856587103  1.1803717754929506 -0.098529935972156563  1.2124595508471796 -0.097807931685317456  1.2445021685475728 -0.097173753786063952  1.2765133918166678 -0.096627348187664511  1.3085081258950013 -0.096168633531976216  1.3405003971162752 -0.095797540036348994  1.372506118765872 -0.095513978805855923  1.4045332828169379 -0.095317932066496455  1.4365716939590103 -0.095209543601330007  1.4686138088308638 -0.095188933411433488  1.5006518984915815 -0.095256218612004395  1.5326768541661966 -0.095411551643736589  1.5646916608617885 -0.095654857211066383  1.5967042348544107 -0.09598596071881603  1.6287211025531128 -0.096404712390545821  1.6607490878199642 -0.096910953692870602  1.6927948192323148 -0.097504536327189611  1.724862609355521 -0.098185485547135756  1.7569571115185099 -0.098953825225774311  1.7890828739245874 -0.099809561261639451  1.8212460408781019 -0.10075277283195498  1.8534476874199854 -0.10178321527292164  1.8856810557158747 -0.102900188587271  1.9179406657667681 -0.10410307615895081  1.9502212219668544 -0.105391256577477  1.9825161634576016 -0.10676404422887802  2.0148331609297272 -0.10822132359526589  2.0471835252859516 -0.10976312156059145  2.0795777513386446 -0.11138941401559245  2.1120277593359993 -0.11310024427186054  2.1445423366909164 -0.11489543141030921  2.177109558988894 -0.11677346117865922  2.2097192733525981 -0.11873294086685959  2.2423617252776098 -0.12077248441942764  2.2750250274502433 -0.12289055762038056  2.3077112207036672 -0.12508638765420149  2.3404344887464106 -0.12735988076044857  2.3732068296031712 -0.12971080472051233  2.4060407848577143 -0.13213892996947968  2.4389507316034758 -0.13464415478582306  2.4719278468000794 -0.13722443978915869  2.5049608100107239 -0.13987754348820733  2.5380395327824203 -0.14260129622256468  2.5711531100208251 -0.14539344080107533  2.6042962218649026 -0.14825201695113097  2.6374780642247115 -0.15117594968341974  2.670705968511129 -0.15416404542827836  2.7039877192018427 -0.15721510854119572  2.7373325038435703 -0.16032807025740781  2.7707429422509238 -0.16350110536324869  2.8042180301911901 -0.16673196421725772  2.8377580209727262 -0.17001849758742954  2.8601618442737879 -0.17224518533477323  2.8713748255064875 -0.17336708415999991 
 0 4 0.011363636363636364 1 0.022727272727272728 1 0.034090909090909088 1 0.045454545454545456 1 0.056818181818181823 1 0.068181818181818177 1 0.079545454545454544 1 0.090909090909090912 1 0.10227272727272728 1 0.11363636363636365 1 0.125 1 0.13636363636363635 1 0.14772727272727273 1 0.15909090909090909 1 0.17045454545454547 1 0.18181818181818182 1 0.19318181818181818 1 0.20454545454545456 1 0.21590909090909091 1 0.22727272727272729 1 0.23863636363636365 1 0.25 1 0.26136363636363635 1 0.27272727272727271 1 0.28409090909090912 1 0.29545454545454547 1 0.30681818181818182 1 0.31818181818181818 1 0.32954545454545453 1 0.34090909090909094 1 0.35227272727272729 1 0.36363636363636365 1 0.375 1 0.38636363636363635 1 0.39772727272727276 1 0.40909090909090912 1 0.42045454545454547 1 0.43181818181818182 1 0.44318181818181818 1 0.45454545454545459 1 0.46590909090909094 1 0.47727272727272729 1 0.48863636363636365 1 0.5 1 0.51136363636363635 1 0.52272727272727271 1 0.53409090909090906 1 0.54545454545454541 1 0.55681818181818188 1 0.56818181818181823 1 0.57954545454545459 1 0.59090909090909094 1 0.60227272727272729 1 0.61363636363636365 1 0.625 1 0.63636363636363635 1 0.64772727272727271 1 0.65909090909090906 1 0.67045454545454553 1 0.68181818181818188 1 0.69318181818181823 1 0.70454545454545459 1 0.71590909090909094 1 0.72727272727272729 1 0.73863636363636365 1 0.75 1 0.76136363636363635 1 0.77272727272727271 1 0.78409090909090906 1 0.79545454545454553 1 0.80681818181818188 1 0.81818181818181823 1 0.82954545454545459 1 0.84090909090909094 1 0.85227272727272729 1 0.86363636363636365 1 0.875 1 0.88636363636363635 1 0.89772727272727271 1 0.90909090909090917 1 0.92045454545454553 1 0.93181818181818188 1 0.94318181818181823 1 0.95454545454545459 1 0.96590909090909094 1 0.97727272727272729 1 0.98863636363636365 1 1 4
7 0 0  3 91 89  1.3472033246456845 0.48706204131474501  1.3482384347104968 0.49040887041200282  1.350380409772306 0.49705619364630732  1.3537997505870032 0.50688155982657324  1.3574163854111556 0.51655465479174845  1.3612219217651003 0.52606896163463479  1.3652083918753817 0.53541779485573426  1.3693683233490122 0.54459536941085118  1.3736946874821949 0.55359746882175009  1.3781808777777862 0.56241962619879771  1.3828205816394852 0.57105740099545588  1.3876082068190165 0.57950652864570995  1.3925360934408779 0.58776137346563917  1.3975962099777544 0.59581576119952917  1.4027811539530426 0.60366357360920198  1.4080838297317615 0.61129844130045696  1.4134976948347715 0.61871436469370811  1.4190179435864085 0.62590988992217778  1.4246399260731248 0.63288316296787994  1.4303592220844152 0.6396323196247623  1.4361717900428603 0.64615545556373977  1.4420731029319014 0.65245027783890486  1.4480580739234259 0.65851402949961935  1.4541220250794868 0.66434388396403843  1.4602604272511959 0.6699369033638648  1.4664691018427867 0.67528987175238586  1.4727428545052783 0.6804009333914165  1.4790764682827042 0.68526829036097814  1.4854650065577648 0.68988993514641439  1.4919035240338263 0.69426355326682143  1.4983879045487332 0.69838718378225895  1.5049168342350172 0.70226102877743812  1.5114887792466423 0.70588492822946403  1.5181022177470196 0.70925868768359035  1.5247562545940589 0.71238207187775571  1.53144709358797 0.71525440336483426  1.5381689352600487 0.71787453102604615  1.5449165536947378 0.72024110999796331  1.551684740275044 0.72235256669932679  1.5584682325365329 0.72420698702702091  1.5652666352783373 0.72580463107418602  1.5720798198764776 0.72714580799596895  1.5789075054638555 0.72823072738001626  1.5857498547745117 0.72905952762887849  1.5926053648987837 0.72963231388173577  1.5994686958088578 0.72994907773867801  1.6063351272168904 0.73000953178708583  1.6131998957864615 0.72981321676104682  1.6200578742480152 0.72935919397462756  1.6269064934224793 0.72864773345217415  1.6337442739014891 0.72767959820575479  1.6405694317139596 0.7264552728770981  1.6473802310334988 0.72497515543999502  1.6541748621250791 0.72323950673131721  1.6609509709368817 0.72124848545265241  1.6677061976824596 0.71900207969546748  1.6744380778072236 0.71650021820557075  1.6811443216213633 0.71374237021003972  1.6878216369533188 0.71072924587817332  1.6944652864928706 0.70746330677869018  1.7010706411785905 0.70394643379040556  1.7076329736146052 0.70018036783060378  1.7141470660028237 0.69616674102489329  1.7206105692913174 0.69190595419728163  1.7270217799862728 0.68739804586773401  1.7333786749238322 0.68264308003253404  1.7396793317039458 0.67764081124637865  1.745921147562697 0.67239167062170557  1.7520978820099877 0.66690048555109471  1.7582033354193731 0.66117144509927905  1.7642311105891013 0.65520855898322217  1.7701739809284442 0.64901598643480529  1.7760272336308782 0.64259586186823592  1.7817884683328049 0.63594860810067  1.7874545831518054 0.62907492158586675  1.7930223717475773 0.62197546130791292  1.798488637211175 0.61465043149529108  1.8038466833737643 0.60710601357898064  1.8090890683988781 0.59934887790328972  1.8142081127293481 0.59138535421168736  1.8191954263374857 0.58322188737753677  1.8240432691922892 0.57486403440477718  1.8287468301775087 0.56631501603459289  1.8333005052083746 0.5575783545277041  1.8376984423784419 0.54865758221936978  1.841934498306915 0.53955587499987301  1.8460015868384934 0.53027856049238342  1.8498918372253406 0.52083217528401593  1.8535970359458365 0.51122298437892533  1.8559378614959081 0.50471257617827703  1.8570744958553218 0.50143236021465165 
 0 4 0.011363636363636364 1 0.022727272727272728 1 0.034090909090909088 1 0.045454545454545456 1 0.056818181818181823 1 0.068181818181818177 1 0.079545454545454544 1 0.090909090909090912 1 0.10227272727272728 1 0.11363636363636365 1 0.125 1 0.13636363636363635 1 0.14772727272727273 1 0.15909090909090909 1 0.17045454545454547 1 0.18181818181818182 1 0.19318181818181818 1 0.20454545454545456 1 0.21590909090909091 1 0.22727272727272729 1 0.23863636363636365 1 0.25 1 0.26136363636363635 1 0.27272727272727271 1 0.28409090909090912 1 0.29545454545454547 1 0.30681818181818182 1 0.31818181818181818 1 0.32954545454545453 1 0.34090909090909094 1 0.35227272727272729 1 0.36363636363636365 1 0.375 1 0.38636363636363635 1 0.39772727272727276 1 0.40909090909090912 1 0.42045454545454547 1 0.43181818181818182 1 0.44318181818181818 1 0.45454545454545459 1 0.46590909090909094 1 0.47727272727272729 1 0.48863636363636365 1 0.5 1 0.51136363636363635 1 0.52272727272727271 1 0.53409090909090906 1 0.54545454545454541 1 0.55681818181818188 1 0.56818181818181823 1 0.57954545454545459 1 0.59090909090909094 1 0.60227272727272729 1 0.61363636363636365 1 0.625 1 0.63636363636363635 1 0.64772727272727271 1 0.65909090909090906 1 0.67045454545454553 1 0.68181818181818188 1 0.69318181818181823 1 0.70454545454545459 1 0.71590909090909094 1 0.72727272727272729 1 0.73863636363636365 1 0.75 1 0.76136363636363635 1 0.77272727272727271 1 0.78409090909090906 1 0.79545454545454553 1 0.80681818181818188 1 0.81818181818181823 1 0.82954545454545459 1 0.84090909090909094 1 0.85227272727272729 1 0.86363636363636365 1 0.875 1 0.88636363636363635 1 0.89772727272727271 1 0.90909090909090917 1 0.92045454545454553 1 0.93181818181818188 1 0.94318181818181823 1 0.95454545454545459 1 0.96590909090909094 1 0.97727272727272729 1 0.98863636363636365 1 1 4
1 0 -4.0350000000000001 1 0 
1 1.4113512809057775 0.67479999999999984 1 0 
1 1.8526512613398882 0.67479999999999984 -1 0 
1 0.033697913930722828 -4.0350000000000001 1 0 
1 2.1399116686101163 -4.0350000000000001 1 0 
1 -1.1335616889596167e-09 0.67479999999999984 1 0 
1 1.3584034188022616 0.67479999999999984 1 0 
1 1.865688370243676 0.67479999999999984 -1 0 
1 0 0.67479999999999984 1 0 
1 1.7837986955905827 0.67479999999999984 -1 0 
7 0 0  3 25 23  0 0.67479999999999984  -2.2494095475167342e-10 0.66194898357346954  -4.283897681034432e-10 0.63624695072040893  -3.247961899432994e-10 0.59769390144081791  -3.3072833360847653e-10 0.55914085216122711  -3.0731506228676153e-10 0.5205878028816362  -2.9176572269307144e-10 0.4820347536020454  -2.7410784753101325e-10 0.44348170432245426  -2.5701574202230404e-10 0.40492865504286352  -2.3977175800382611e-10 0.36637560576327249  -2.2256951837107408e-10 0.32782255648368164  -2.0535306788360685e-10 0.28926950720409073  -1.8814283464507753e-10 0.25071645792449981  -1.709299368712891e-10 0.21216340864490887  -1.5371792727592037e-10 0.17361035936531796  -1.3650680585897135e-10 0.13505731008572705  -1.1929390808518292e-10 0.096504260806136166  -1.0208278666823389e-10 0.057951211526545247  -8.4869888894445467e-11 0.019398162246954339  -6.7664096548014641e-11 -0.019154887032636569  -5.0429882492153411e-11 -0.057707936312227474  -3.3291591705619794e-11 -0.096260985591818407  -1.5807799513822829e-11 -0.13481403487140928  -5.0111026439481066e-12 -0.1605160677244698  0 -0.17336708415099999 
 -3.0349084221908307e-20 4 0.038553049279590905 1 0.07710609855918181 1 0.11565914783877271 1 0.15421219711836362 1 0.19276524639795453 1 0.23131829567754542 1 0.26987134495713633 1 0.30842439423672724 1 0.34697744351631815 1 0.38553049279590906 1 0.42408354207549998 1 0.46263659135509083 1 0.50118964063468174 1 0.53974268991427266 1 0.57829573919386357 1 0.61684878847345448 1 0.65540183775304539 1 0.6939548870326363 1 0.73250793631222721 1 0.77106098559181813 1 0.80961403487140904 1 0.84816708415099984 4
1 0 0.67479999999999984 0 -1 
7 0 0  3 47 45  0 -0.17336708415099999  0.022935559590737835 -0.17107220121372718  0.06863855808764685 -0.16656192190326716  0.13672081996556737 -0.1600479142897038  0.20436735160059138 -0.15379831627186771  0.27159933058325275 -0.14782596305030279  0.33843625459774318 -0.1421442954140465  0.40488505111464113 -0.1367635425478366  0.47091943690660465 -0.13169192533437782  0.53649688262644768 -0.12693794045976448  0.6015434802645897 -0.12251070753755781  0.66604122255628739 -0.11841646641762839  0.7302618523946981 -0.11464855598472497  0.79445319357498523 -0.11120170429159576  0.85886184868710802 -0.10807079965622053  0.92376727754900267 -0.10524870016764523  0.9891031815499256 -0.1027462444305039  1.0547241515194272 -0.10057843228138517  1.1205144304387245 -0.098758828916550356  1.1863610145963472 -0.0973027334220124  1.2522189610138421 -0.096219083889438159  1.3181011243285132 -0.09550709305665156  1.3840010739242685 -0.095167802250120295  1.4499142656131174 -0.095201761040204766  1.515841046080217 -0.095609657433060505  1.5817162058500744 -0.096386656418201044  1.64746120792856 -0.097528032497677317  1.7129973502395472 -0.099028684110474358  1.7782438655744146 -0.10088490443530404  1.8431732261593983 -0.10308556847346202  1.9077617832665141 -0.1056146820200706  1.9719631941634643 -0.10845762911055511  2.0357052144974253 -0.11159849364556491  2.0989650949888414 -0.11502533203363567  2.1619764533597756 -0.11874345510907244  2.2249488969689395 -0.12275623238469903  2.2880918786049023 -0.12706715761388404  2.3516357795812772 -0.1316811689092999  2.4155683217092738 -0.13658988503209285  2.4798272996703465 -0.14178193654504986  2.5443745846947925 -0.14724665511157331  2.6091811748314027 -0.15297344028981688  2.6742518818479772 -0.15895055595587226  2.7396130084586723 -0.1651644040996105  2.8052881705566972 -0.17160173831480041  2.8493037803870216 -0.17603339112668165  2.8713748254478828 -0.17828202269600002 
 0 4 0.022727272727272728 1 0.045454545454545456 1 0.068181818181818177 1 0.090909090909090912 1 0.11363636363636365 1 0.13636363636363635 1 0.15909090909090909 1 0.18181818181818182 1 0.20454545454545456 1 0.22727272727272729 1 0.25 1 0.27272727272727271 1 0.29545454545454547 1 0.31818181818181818 1 0.34090909090909094 1 0.36363636363636365 1 0.38636363636363635 1 0.40909090909090912 1 0.43181818181818182 1 0.45454545454545459 1 0.47727272727272729 1 0.5 1 0.52272727272727271 1 0.54545454545454541 1 0.56818181818181823 1 0.59090909090909094 1 0.61363636363636365 1 0.63636363636363635 1 0.65909090909090906 1 0.68181818181818188 1 0.70454545454545459 1 0.72727272727272729 1 0.75 1 0.77272727272727271 1 0.79545454545454553 1 0.81818181818181823 1 0.84090909090909094 1 0.86363636363636365 1 0.88636363636363635 1 0.90909090909090917 1 0.93181818181818188 1 0.95454545454545459 1 0.97727272727272729 1 1 4
7 0 0  3 47 45  0.28451815774340994 0.5014323602402464  0.28684377482205703 0.50814216298648784  0.29176693463881753 0.52132978276055608  0.29989825396362857 0.54037657341968559  0.30870419126725779 0.55864985528269839  0.31812245977628645 0.57611141637140484  0.32810013529165027 0.59271971727341244  0.33857329685389725 0.60844748900321999  0.34947255621711809 0.62327488899622951  0.3607377026819158 0.6371779601055142  0.37230942900286862 0.65012831628831746  0.3841465333582994 0.66210359592636314  0.39626775329142189 0.67312198516269317  0.40868573136819009 0.68319816364168062  0.42141349474788736 0.69234732806614374  0.43447188853379232 0.70059109309621359  0.44781683584783977 0.7079034832630734  0.46139322163011592 0.7142432682487817  0.47515371844267207 0.71956962690077675  0.48905220094095414 0.72383074969018235  0.50305120062315067 0.72699756523386727  0.51712227949110456 0.72907880443499062  0.53123601310931534 0.7300721769388151  0.54536383608762518 0.72997413550874357  0.55947749320441997 0.72877729052948259  0.57353591078842314 0.72650288295226728  0.58749644227815079 0.72316734208070743  0.60131585456784431 0.71878457749979785  0.61494619449775456 0.71335792799818265  0.62835403892835739 0.7069203536959493  0.64151300601620476 0.69952415472732565  0.65439137364483591 0.69121335084340085  0.66695178062534788 0.68203363903384373  0.67916293157156205 0.67201689585390267  0.69103716786930358 0.66114668823592426  0.7025810295638919 0.64941280921414613  0.71380000814615729 0.63680538530757946  0.72470387118078927 0.62331074624706162  0.73525463579271955 0.60895633087221468  0.74539902599280872 0.59377662804355613  0.75508211969564842 0.57780220386448811  0.76424013274348357 0.56106126836232151  0.77281472031251919 0.54358608780063034  0.7807588883351293 0.52541744895447895  0.78801693572937426 0.50659455898137862  0.79235542811257997 0.49363665660520678  0.79438932895048575 0.48706204129464176 
 0 4 0.022727272727272728 1 0.045454545454545456 1 0.068181818181818177 1 0.090909090909090912 1 0.11363636363636365 1 0.13636363636363635 1 0.15909090909090909 1 0.18181818181818182 1 0.20454545454545456 1 0.22727272727272729 1 0.25 1 0.27272727272727271 1 0.29545454545454547 1 0.31818181818181818 1 0.34090909090909094 1 0.36363636363636365 1 0.38636363636363635 1 0.40909090909090912 1 0.43181818181818182 1 0.45454545454545459 1 0.47727272727272729 1 0.5 1 0.52272727272727271 1 0.54545454545454541 1 0.56818181818181823 1 0.59090909090909094 1 0.61363636363636365 1 0.63636363636363635 1 0.65909090909090906 1 0.68181818181818188 1 0.70454545454545459 1 0.72727272727272729 1 0.75 1 0.77272727272727271 1 0.79545454545454553 1 0.81818181818181823 1 0.84090909090909094 1 0.86363636363636365 1 0.88636363636363635 1 0.90909090909090917 1 0.93181818181818188 1 0.95454545454545459 1 0.97727272727272729 1 1 4
1 2.8713748253388101 0.67479999999999984 1.2632628703688913e-10 -1 
1 1.8526512612135202 0.67479999999999984 -9.4744585135078547e-11 -1 
7 0 0  3 25 23  0 -0.17336708415099999  0.016423423931239554 -0.17555830659395463  0.048926669376889602 -0.17983837734979083  0.09655529690007196 -0.18593516405430538  0.14296560395216121 -0.19169189529987901  0.1880537732158391 -0.19709372152419435  0.2316304495257244 -0.20211878628606805  0.27386286246076219 -0.20678248399263449  0.31515668129840796 -0.2111244480659322  0.35585225165567713 -0.21517807345970669  0.39630354575109022 -0.21898076177863343  0.43680033805157342 -0.22255974862914585  0.47744835897417526 -0.22589882004270592  0.51838940405864786 -0.22898699723690416  0.55975595557194657 -0.23181162703956515  0.60172883996837956 -0.23436151865143806  0.64415329501680041 -0.23661613682091842  0.68679137039353533 -0.23855265700235609  0.7294326073253864 -0.24014963280533505  0.77183444704131765 -0.24138231374144509  0.81389836143991923 -0.24223965803991793  0.85573158309516206 -0.24273180810225403  0.89739799539218013 -0.24286492020850567  0.92510928810840742 -0.24271912261968162  0.93895941386864634 -0.2425887428839999 
 0 4 0.045454545454545456 1 0.090909090909090912 1 0.13636363636363635 1 0.18181818181818182 1 0.22727272727272729 1 0.27272727272727271 1 0.31818181818181818 1 0.36363636363636365 1 0.40909090909090912 1 0.45454545454545459 1 0.5 1 0.54545454545454541 1 0.59090909090909094 1 0.63636363636363635 1 0.68181818181818188 1 0.72727272727272729 1 0.77272727272727271 1 0.81818181818181823 1 0.86363636363636365 1 0.90909090909090917 1 0.95454545454545459 1 1 4
7 0 0  3 25 23  0.28451815774340994 0.5014323602402464  0.28229899665015512 0.49502551823889041  0.27758044221041234 0.48251002918911745  0.2697449987814397 0.4646814059323599  0.26123287589810018 0.44784977373893631  0.25213254023910936 0.43205926985206511  0.24256023243981409 0.41737111036346625  0.23253920616652676 0.40373688352549664  0.22202506515046189 0.3910404625289407  0.2109855266455723 0.37918542304137132  0.19938050042065575 0.36806675137797845  0.18716907666720281 0.35760854478302745  0.17431979981958251 0.34785042930112386  0.16080137649025511 0.33882077021766921  0.14658949421048753 0.33055513885325327  0.13164723735728229 0.32308695530554632  0.1160724668618206 0.3164864224777319  0.10000295131063955 0.31082602500664996  0.083574817286361611 0.30616767875374573  0.066945619912167853 0.30257304223299863  0.050229094211374975 0.30006673509301424  0.033463007365460623 0.29862585463634  0.016699128424392994 0.29823473546751733  0.0055556415146026271 0.29866044103916195  0 0.29904176985082476 
 0 4 0.045454545454545456 1 0.090909090909090912 1 0.13636363636363635 1 0.18181818181818182 1 0.22727272727272729 1 0.27272727272727271 1 0.31818181818181818 1 0.36363636363636365 1 0.40909090909090912 1 0.45454545454545459 1 0.5 1 0.54545454545454541 1 0.59090909090909094 1 0.63636363636363635 1 0.68181818181818188 1 0.72727272727272729 1 0.77272727272727271 1 0.81818181818181823 1 0.86363636363636365 1 0.90909090909090917 1 0.95454545454545459 1 1 4
7 0 0  3 47 45  0.93895941386864634 -0.2425887428839999  0.94516627118821739 -0.24253031189654542  0.95757180412558074 -0.24238992126316519  0.97615446681413842 -0.24210943916725497  0.99471044458722058 -0.24175975093864224  1.013238537297269 -0.24134154594799595  1.0317376665465554 -0.24085551595229476  1.0502060529243997 -0.24030234380574353  1.0686449486061642 -0.23968275432186059  1.0870586259093944 -0.23899751427383883  1.1054506536010558 -0.23824738153100145  1.1238247175737741 -0.23743311635300493  1.1421843989411562 -0.23655547834203938  1.1605332178140761 -0.23561522733983656  1.1788772364084208 -0.23461281033934911  1.1972225603302253 -0.23354867529681339  1.215575375697898 -0.23242326661604271  1.2339417108746193 -0.23123704194725808  1.2523282789547423 -0.22999040950747163  1.2707386102403178 -0.22868401050006354  1.2891730723794455 -0.22731871911473076  1.3076327362797242 -0.22589536010812128  1.3261185232623252 -0.22441477148269739  1.3446314445832537 -0.22287778769071553  1.3631725269136192 -0.22128524413944026  1.3817568156445859 -0.21963645461045161  1.4003995681449271 -0.2179307330096224  1.4191162622937916 -0.21616739301548271  1.4379223005375776 -0.21434574909163959  1.4568339208070467 -0.21246511278873603  1.4758638340070767 -0.21052480938109658  1.4950215002816545 -0.20852417787007188  1.5143174844557172 -0.20646255433401306  1.5337624530810334 -0.2043392756731526  1.5533674186054656 -0.20215367842319351  1.5731435873101618 -0.19990509975607357  1.5931086343417957 -0.19759160672682566  1.6132808780286438 -0.19521127447586759  1.6336795076627917 -0.19276214798248839  1.654323316100049 -0.19024238478510691  1.6752351727894272 -0.1876497223467469  1.6964214742950194 -0.18498387801958688  1.7178723675233174 -0.182246549048724  1.739582354934309 -0.17943901259256206  1.7615456758148578 -0.17656265841006213  1.7763538840662121 -0.17460011676645443  1.7837986955534075 -0.17360783091499998 
 0 4 0.022727272727272728 1 0.045454545454545456 1 0.068181818181818177 1 0.090909090909090912 1 0.11363636363636365 1 0.13636363636363635 1 0.15909090909090909 1 0.18181818181818182 1 0.20454545454545456 1 0.22727272727272729 1 0.25 1 0.27272727272727271 1 0.29545454545454547 1 0.31818181818181818 1 0.34090909090909094 1 0.36363636363636365 1 0.38636363636363635 1 0.40909090909090912 1 0.43181818181818182 1 0.45454545454545459 1 0.47727272727272729 1 0.5 1 0.52272727272727271 1 0.54545454545454541 1 0.56818181818181823 1 0.59090909090909094 1 0.61363636363636365 1 0.63636363636363635 1 0.65909090909090906 1 0.68181818181818188 1 0.70454545454545459 1 0.72727272727272729 1 0.75 1 0.77272727272727271 1 0.79545454545454553 1 0.81818181818181823 1 0.84090909090909094 1 0.86363636363636365 1 0.88636363636363635 1 0.90909090909090917 1 0.93181818181818188 1 0.95454545454545459 1 0.97727272727272729 1 1 4
7 0 0  3 47 45  6.2831853071795862 0.29896092404639996  6.2806954310132896 0.29913175406762599  6.275724422581022 0.29954212947841385  6.2683008301185783 0.30036198593633734  6.2609168828795072 0.30138433370578394  6.2535791779677101 0.3026071931908727  6.2462941305062936 0.30402848421705614  6.2390682741057724 0.30564596636714519  6.2319067856721437 0.30745745933299512  6.2248134943606992 0.30946089227554519  6.2177923466659513 0.31165410511909347  6.2108470746332713 0.31403489648384542  6.2039812795041431 0.31660101547709057  6.1971984019892803 0.31935016652207904  6.1905010285343511 0.32228106671889756  6.1838916270086388 0.32539241258729762  6.1773725205305752 0.32868289172795245  6.1709459684568433 0.3321511450384248  6.1646138601526976 0.33579592067546082  6.1583790890476688 0.33961539297457782  6.1522455118278385 0.3436071261967697  6.1462165642732955 0.34776875442214666  6.1402955662685912 0.35209783561109698  6.1344856425239946 0.35659189810655623  6.1287897327608905 0.36124842726476286  6.1232069849658677 0.36606932204084369  6.1177365366850829 0.37105653818747802  6.1123774689523502 0.37621208273750417  6.107128933365372 0.38153800550908551  6.1019896913120446 0.38703643254136516  6.0969601874789419 0.39270940783554814  6.0920424979972427 0.39855884328483221  6.0872382442400834 0.40458666793727671  6.0825490523741461 0.41079479756071036  6.0779764277680677 0.41718514606885626  6.073521783575309 0.423759624140566  6.0691869168055748 0.43052388001893371  6.064973583868027 0.43748353234505105  6.06088341698036 0.4446442831289189  6.0569181858056478 0.45201151031095227  6.053078792859818 0.45959179951097617  6.049369762376771 0.46738605678383466  6.0457990068255825 0.47538942913236731  6.0423732728361106 0.48359818768911073  6.0390991974122912 0.49200822071830141  6.0370216508475085 0.49774636488178492  6.036010212043676 0.50064761798158985 
 0 4 0.022727272727272728 1 0.045454545454545456 1 0.068181818181818177 1 0.090909090909090912 1 0.11363636363636365 1 0.13636363636363635 1 0.15909090909090909 1 0.18181818181818182 1 0.20454545454545456 1 0.22727272727272729 1 0.25 1 0.27272727272727271 1 0.29545454545454547 1 0.31818181818181818 1 0.34090909090909094 1 0.36363636363636365 1 0.38636363636363635 1 0.40909090909090912 1 0.43181818181818182 1 0.45454545454545459 1 0.47727272727272729 1 0.5 1 0.52272727272727271 1 0.54545454545454541 1 0.56818181818181823 1 0.59090909090909094 1 0.61363636363636365 1 0.63636363636363635 1 0.65909090909090906 1 0.68181818181818188 1 0.70454545454545459 1 0.72727272727272729 1 0.75 1 0.77272727272727271 1 0.79545454545454553 1 0.81818181818181823 1 0.84090909090909094 1 0.86363636363636365 1 0.88636363636363635 1 0.90909090909090917 1 0.93181818181818188 1 0.95454545454545459 1 0.97727272727272729 1 1 4
1 1.7837986955663883 0.67479999999999984 -1.3793909575247967e-11 -1 
1 2.8737833339214034 0.67479999999999984 1.8543851039647463e-11 -1 
1 0 0.67479999999999984 0 -1 
1 0 0.67479999999999984 0 -1 
7 0 0  3 47 45  2.8737833339388543 -0.17360783091499998  2.8503528342957924 -0.17128479237568203  2.8037170030721685 -0.1667264431738868  2.7344120072103761 -0.1601645186701886  2.665722493403782 -0.15389069191841936  2.5976379977000241 -0.14791717162589904  2.5301623688273343 -0.14225724269793108  2.4632771189196796 -0.13691847691546169  2.396974619513359 -0.13190481407992191  2.331273693983448 -0.12722087569171317  2.26622828793856 -0.12287168530063988  2.2018422510964446 -0.11885988245312488  2.1378278686127237 -0.11517729002003757  2.0739222985282049 -0.11181686906572416  2.0098656814632094 -0.10877182172155918  1.9453663523475819 -0.10603324765731903  1.880489491043865 -0.10361068876669814  1.8153830657328331 -0.101517947685394  1.7501657993591846 -0.099767372642227611  1.6849582882742407 -0.098373029274091958  1.6198031387081977 -0.097342721796233378  1.5546671322373871 -0.096674686823776307  1.4895404435566673 -0.096368959884095287  1.424412018681654 -0.096425092543399649  1.3592693002929754 -0.096842773300305454  1.2941591436829762 -0.097618669091018628  1.2291370871920577 -0.098749564993165395  1.1642582313487917 -0.10023183728715455  1.099572593701901 -0.1020633793008438  1.0351094301575918 -0.10423401500349461  0.97091432804084699 -0.10672826851907932  0.90704877253359018 -0.10953217347314663  0.84360151843845999 -0.11263031126622085  0.78060158795526868 -0.11601173181507855  0.71778441719487873 -0.11968491615369141  0.65491013978158386 -0.1236561450137808  0.59173707275125509 -0.12793189275311473  0.5279987514013893 -0.1325200595275286  0.46370254446434161 -0.13741523818267412  0.39890670202658274 -0.14260905684040798  0.33363898520685292 -0.14809376257363902  0.26790888231320087 -0.15386197558592796  0.20170452307324832 -0.15990386109465027  0.13501533781016051 -0.16620567708172926  0.067823729712372702 -0.17275441807442021  0.02267097828467543 -0.17727605955768186  0 -0.17957364265200004 
 0 4 0.022727272727272728 1 0.045454545454545456 1 0.068181818181818177 1 0.090909090909090912 1 0.11363636363636365 1 0.13636363636363635 1 0.15909090909090909 1 0.18181818181818182 1 0.20454545454545456 1 0.22727272727272729 1 0.25 1 0.27272727272727271 1 0.29545454545454547 1 0.31818181818181818 1 0.34090909090909094 1 0.36363636363636365 1 0.38636363636363635 1 0.40909090909090912 1 0.43181818181818182 1 0.45454545454545459 1 0.47727272727272729 1 0.5 1 0.52272727272727271 1 0.54545454545454541 1 0.56818181818181823 1 0.59090909090909094 1 0.61363636363636365 1 0.63636363636363635 1 0.65909090909090906 1 0.68181818181818188 1 0.70454545454545459 1 0.72727272727272729 1 0.75 1 0.77272727272727271 1 0.79545454545454553 1 0.81818181818181823 1 0.84090909090909094 1 0.86363636363636365 1 0.88636363636363635 1 0.90909090909090917 1 0.93181818181818188 1 0.95454545454545459 1 0.97727272727272729 1 1 4
7 0 0  3 47 45  6.036010212043676 0.50064761798158985  6.033641512878118 0.50743970672466021  6.0286273988705519 0.52076764218938709  6.0203556568184879 0.53995410203114425  6.0114161017081251 0.55829827547912636  6.0018803545436556 0.5757637596106171  5.9918114551436368 0.59230869411944731  5.9812759298725524 0.60791344425328053  5.9703416241062675 0.62257115029956944  5.9590686716839567 0.63626931709436385  5.9475167092038266 0.64899156220238152  5.9357270392865304 0.66072591365679378  5.9236778159795564 0.67149489513386584  5.9113540589657054 0.68131831911162777  5.8987406558153372 0.69021632556201207  5.8858148866935238 0.6982157337347874  5.872620407828296 0.70529441420126193  5.8592125055979043 0.71141469731885465  5.8456387275044621 0.71653936989370992  5.8319463408126406 0.72062037890763508  5.8181715638564526 0.72363174492973292  5.8043376908889339 0.72558457564034196  5.7904700076229743 0.72647958329344819  5.7765929275960257 0.72631658294869539  5.7627308091646707 0.72509196565112222  5.7489196950862462 0.72282150702232906  5.7351968198325345 0.71951667118015805  5.7216000700174421 0.71518698614471521  5.7081704157852915 0.70983164876229243  5.6949409286626009 0.70348141344902926  5.6819419891346215 0.69618720400211476  5.6692080541869654 0.68799113164019265  5.6567797005549876 0.67893722975625659  5.6446899992793895 0.66905407040217768  5.6329224089816057 0.65831562645787955  5.6214662859348543 0.64670304895555786  5.6103116604107131 0.63419779257721509  5.5994427083667757 0.62077773356028765  5.5888999532888519 0.60646214632206508  5.578741059596898 0.59127698417981678  5.5690248470468537 0.57524422907877959  5.5598185610885249 0.55838215056704543  5.5511863457961894 0.54071734832581275  5.5431852445727623 0.52229157958463168  5.5358810334793098 0.50314331354970432  5.5315266898494855 0.48992247122202209  5.5294904573025949 0.48320475137727587 
 0 4 0.022727272727272728 1 0.045454545454545456 1 0.068181818181818177 1 0.090909090909090912 1 0.11363636363636365 1 0.13636363636363635 1 0.15909090909090909 1 0.18181818181818182 1 0.20454545454545456 1 0.22727272727272729 1 0.25 1 0.27272727272727271 1 0.29545454545454547 1 0.31818181818181818 1 0.34090909090909094 1 0.36363636363636365 1 0.38636363636363635 1 0.40909090909090912 1 0.43181818181818182 1 0.45454545454545459 1 0.47727272727272729 1 0.5 1 0.52272727272727271 1 0.54545454545454541 1 0.56818181818181823 1 0.59090909090909094 1 0.61363636363636365 1 0.63636363636363635 1 0.65909090909090906 1 0.68181818181818188 1 0.70454545454545459 1 0.72727272727272729 1 0.75 1 0.77272727272727271 1 0.79545454545454553 1 0.81818181818181823 1 0.84090909090909094 1 0.86363636363636365 1 0.88636363636363635 1 0.90909090909090917 1 0.93181818181818188 1 0.95454545454545459 1 0.97727272727272729 1 1 4
7 0 0  3 91 89  0 -0.17957364265200004  0.0087481848377971988 -0.18076553727881836  0.026116108861012916 -0.18311843584371526  0.051775601606635281 -0.18655305193843949  0.077036433549280262 -0.18989088789372918  0.10188957631116043 -0.19312985577421127  0.12632576536440912 -0.19626801453916007  0.15032956111574597 -0.19930287511781963  0.17392623145466832 -0.20223700034819225  0.19714809584084292 -0.20507390962434416  0.22002437994988269 -0.20781689170895676  0.24258331181893591 -0.21046923091889758  0.26485285129913122 -0.2130344599856715  0.28685254086941214 -0.21551459250690985  0.30859767303740293 -0.21791084996911053  0.3301037488175288 -0.22022464128790611  0.35138570576123446 -0.22245733177579591  0.37245662251684702 -0.22461027372868436  0.39333441685904907 -0.2266849375380256  0.41404306458334483 -0.22868292891384701  0.43460507694744094 -0.23060583631684378  0.45504262172203847 -0.23245521381729065  0.4753786072972026 -0.23423277029647244  0.49563035997552474 -0.23593958030101916  0.51580185934380463 -0.23757508383650827  0.53589897246386153 -0.23913897516645977  0.55592692209595518 -0.24063088203779148  0.57589063465447377 -0.24205044400589446  0.59579584458836665 -0.24339732026681712  0.61565734272740724 -0.24467138511500333  0.6354892343665316 -0.24587249494430446  0.65530585885366743 -0.24700051366463005  0.67512121682194093 -0.24805529302225043  0.69495008249559109 -0.24903672590194198  0.71478699280693914 -0.24994375643489342  0.73462541015025073 -0.25077528104380209  0.75445892724661912 -0.25153020263229919  0.77428154555562867 -0.25220744569435072  0.7940855834506686 -0.25280584188164834  0.81387652910161778 -0.25332492312769495  0.83366354155978672 -0.25376441857102194  0.85345503977138215 -0.25412400487998216  0.87325907032177796 -0.2544033816089889  0.89308593287622573 -0.25460220923839139  0.9129336940870586 -0.25472033488936918  0.93279207406781517 -0.25475773300981441  0.95265255436709684 -0.25471434492774719  0.97250653516795893 -0.25459013538206837  0.99234407701914462 -0.25438500858802315  1.0121620261851934 -0.25409912427284015  1.0319671067009453 -0.25373301762234479  1.0517641495588463 -0.25328715037437427  1.0715583555791535 -0.25276200997106285  1.0913551369815058 -0.25215805448533579  1.1111583615251386 -0.25147583871638612  1.1309663993215782 -0.25071625693241706  1.1507783298455685 -0.24988015844425632  1.1705930755421263 -0.24896840297538661  1.1904094876424527 -0.24798185355604282  1.2102269687990237 -0.24692134948028641  1.230055241256568 -0.2457872592305759  1.2499036734418301 -0.24457997124792241  1.2697818189866994 -0.24329986965331038  1.2896992022391827 -0.24194733588928269  1.3096654875897324 -0.24052276643216997  1.3296886901091669 -0.23902635868958266  1.3497768552807392 -0.2374582828419993  1.3699381370294437 -0.23581873059226433  1.3901812157205986 -0.23410783444521793  1.4105134294508994 -0.23232594217535424  1.4309516218661851 -0.23047202273533729  1.4515167439700232 -0.22854450990937045  1.472229361963586 -0.22654196878319863  1.4931103697850818 -0.22446293267010778  1.5141819231075986 -0.22230593067167684  1.5354613645936959 -0.22006955565793329  1.5569622694635725 -0.21775245428240897  1.5786998003027717 -0.21535327643622998  1.6006897808485914 -0.2128706159163746  1.6229475794904069 -0.21030328765882272  1.6454936610211992 -0.20764917726701856  1.6683586014950296 -0.20490438810396536  1.6915730017135435 -0.20206531665307301  1.7151685171846178 -0.19912834758774459  1.7391800435237141 -0.19608961970100411  1.7636348174753322 -0.1929462988999707  1.7885162113316613 -0.18970097844473779  1.8138141612585297 -0.18635566281567745  1.8395187866915088 -0.18291251431040648  1.8569216400907012 -0.18055327326165815  1.8656883695838762 -0.179358055884 
 0 4 0.011363636363636364 1 0.022727272727272728 1 0.034090909090909088 1 0.045454545454545456 1 0.056818181818181823 1 0.068181818181818177 1 0.079545454545454544 1 0.090909090909090912 1 0.10227272727272728 1 0.11363636363636365 1 0.125 1 0.13636363636363635 1 0.14772727272727273 1 0.15909090909090909 1 0.17045454545454547 1 0.18181818181818182 1 0.19318181818181818 1 0.20454545454545456 1 0.21590909090909091 1 0.22727272727272729 1 0.23863636363636365 1 0.25 1 0.26136363636363635 1 0.27272727272727271 1 0.28409090909090912 1 0.29545454545454547 1 0.30681818181818182 1 0.31818181818181818 1 0.32954545454545453 1 0.34090909090909094 1 0.35227272727272729 1 0.36363636363636365 1 0.375 1 0.38636363636363635 1 0.39772727272727276 1 0.40909090909090912 1 0.42045454545454547 1 0.43181818181818182 1 0.44318181818181818 1 0.45454545454545459 1 0.46590909090909094 1 0.47727272727272729 1 0.48863636363636365 1 0.5 1 0.51136363636363635 1 0.52272727272727271 1 0.53409090909090906 1 0.54545454545454541 1 0.55681818181818188 1 0.56818181818181823 1 0.57954545454545459 1 0.59090909090909094 1 0.60227272727272729 1 0.61363636363636365 1 0.625 1 0.63636363636363635 1 0.64772727272727271 1 0.65909090909090906 1 0.67045454545454553 1 0.68181818181818188 1 0.69318181818181823 1 0.70454545454545459 1 0.71590909090909094 1 0.72727272727272729 1 0.73863636363636365 1 0.75 1 0.76136363636363635 1 0.77272727272727271 1 0.78409090909090906 1 0.79545454545454553 1 0.80681818181818188 1 0.81818181818181823 1 0.82954545454545459 1 0.84090909090909094 1 0.85227272727272729 1 0.86363636363636365 1 0.875 1 0.88636363636363635 1 0.89772727272727271 1 0.90909090909090917 1 0.92045454545454553 1 0.93181818181818188 1 0.94318181818181823 1 0.95454545454545459 1 0.96590909090909094 1 0.97727272727272729 1 0.98863636363636365 1 1 4
7 0 0  3 91 89  5.5294904573025949 0.48320475137727587  5.5284345560071566 0.47971987896366886  5.5262463358344611 0.47284038118183797  5.522745627324257 0.46279804545224079  5.5190371174785033 0.45303879242247969  5.5151324247382396 0.44356878702533825  5.5110435403188083 0.43439366155351261  5.5067842212634801 0.42552044307854181  5.5023595970431787 0.41694165017856127  5.4977732223716549 0.4086470665015266  5.4930293079249592 0.40062709771254618  5.4881320656072834 0.39287214036663609  5.4830860431424462 0.38537178872124628  5.4778950164032949 0.37812020628426912  5.4725624715711136 0.37111392974581131  5.467092230751442 0.36434888818023509  5.4614881050870947 0.35782109866813172  5.4557546566128261 0.35152656910536628  5.449893950633685 0.34546088934366675  5.443905097337125 0.33961926538666681  5.4377878235155617 0.33399701109157037  5.4315417912970201 0.32858959002167826  5.42516642328264 0.32339206484731253  5.418662354657422 0.3184014098151659  5.412033522497568 0.31361936333447876  5.4052836036905996 0.30904687233983968  5.3984165821315155 0.30468502988341262  5.3914367275281805 0.30053484205654957  5.3843480851567014 0.29659719047369798  5.3771510271068701 0.29287231552441528  5.3698463480464849 0.28936055615195827  5.3624348612324422 0.2860622649532219  5.3549176150730888 0.28297786883767451  5.3472954378224369 0.28010770586589429  5.3395769593329963 0.2774552641370715  5.3317714975522899 0.27502399421550872  5.3238885885455733 0.27281712188624296  5.3159378651217244 0.27083762913546033  5.3079298968782558 0.26908846578547269  5.299870194473729 0.26757097091564624  5.2917629247309987 0.26628603427541214  5.2836126626017199 0.26523459078507722  5.2754242359198109 0.2644174933920555  5.2672016100542809 0.26383553583413494  5.2589538930167876 0.26348949073415484  5.2506937018698938 0.26337990711941184  5.2424329463228574 0.26350704865589902  5.2341835793731741 0.26387088906907952  5.2259581123422958 0.26447117901342698  5.2177661969956217 0.26530715232833496  5.2096132636446981 0.26637755781231015  5.201505421764363 0.26768112263862681  5.1934484957339899 0.26921645021527352  5.1854480792614384 0.2709820901190696  5.1775102335552292 0.27297637146945858  5.1696430654734895 0.27519701296419041  5.1618541819968131 0.27764163984554185  5.1541510363689929 0.28030772214733135  5.1465408812008659 0.28319257225216199  5.1390305235260838 0.28629345617393415  5.1316227680342701 0.28960936339462462  5.1243204280004706 0.29313919944977535  5.1171260995674652 0.29688187304293701  5.1100422475235456 0.3008362916585649  5.1030710766732463 0.30500130993698304  5.0962157449894168 0.30937641126394017  5.0894793617893281 0.31396113392357039  5.0828648472337479 0.31875492629147567  5.0763748788861793 0.32375738650299862  5.0700122307167801 0.32896747046753427  5.0637777089677725 0.33438811185405987  5.0576713959583097 0.34002382975643936  5.0516934749087357 0.34587880263005272  5.0458441837176586 0.35195733848088168  5.0401232046075597 0.35826379729044755  5.0345327202588264 0.36480238342008403  5.0290770243432892 0.37157710049975706  5.0237597497706936 0.37859189504849639  5.0185845159122486 0.3858508427969492  5.0135546387542433 0.39335732160402281  5.0086736353657679 0.40111746913983803  5.0039456420044708 0.40914273302088705  4.9993745135759857 0.41744364173959492  4.9949641288454556 0.42603074125437912  4.9907177015104702 0.43491525010968418  4.9866401738192723 0.44410545205954655  4.9827457971481639 0.45359402528702486  4.9790469620592459 0.46337515331081541  4.9755556904624783 0.47344244936848073  4.9733738514533554 0.48034049701434678  4.9723212267906067 0.48383508491440735 
 0 4 0.011363636363636364 1 0.022727272727272728 1 0.034090909090909088 1 0.045454545454545456 1 0.056818181818181823 1 0.068181818181818177 1 0.079545454545454544 1 0.090909090909090912 1 0.10227272727272728 1 0.11363636363636365 1 0.125 1 0.13636363636363635 1 0.14772727272727273 1 0.15909090909090909 1 0.17045454545454547 1 0.18181818181818182 1 0.19318181818181818 1 0.20454545454545456 1 0.21590909090909091 1 0.22727272727272729 1 0.23863636363636365 1 0.25 1 0.26136363636363635 1 0.27272727272727271 1 0.28409090909090912 1 0.29545454545454547 1 0.30681818181818182 1 0.31818181818181818 1 0.32954545454545453 1 0.34090909090909094 1 0.35227272727272729 1 0.36363636363636365 1 0.375 1 0.38636363636363635 1 0.39772727272727276 1 0.40909090909090912 1 0.42045454545454547 1 0.43181818181818182 1 0.44318181818181818 1 0.45454545454545459 1 0.46590909090909094 1 0.47727272727272729 1 0.48863636363636365 1 0.5 1 0.51136363636363635 1 0.52272727272727271 1 0.53409090909090906 1 0.54545454545454541 1 0.55681818181818188 1 0.56818181818181823 1 0.57954545454545459 1 0.59090909090909094 1 0.60227272727272729 1 0.61363636363636365 1 0.625 1 0.63636363636363635 1 0.64772727272727271 1 0.65909090909090906 1 0.67045454545454553 1 0.68181818181818188 1 0.69318181818181823 1 0.70454545454545459 1 0.71590909090909094 1 0.72727272727272729 1 0.73863636363636365 1 0.75 1 0.76136363636363635 1 0.77272727272727271 1 0.78409090909090906 1 0.79545454545454553 1 0.80681818181818188 1 0.81818181818181823 1 0.82954545454545459 1 0.84090909090909094 1 0.85227272727272729 1 0.86363636363636365 1 0.875 1 0.88636363636363635 1 0.89772727272727271 1 0.90909090909090917 1 0.92045454545454553 1 0.93181818181818188 1 0.94318181818181823 1 0.95454545454545459 1 0.96590909090909094 1 0.97727272727272729 1 0.98863636363636365 1 1 4
1 1.8656883698266074 0.67479999999999984 -2.841897178047502e-10 -1 
1 2.8289696433029627 0.67479999999999984 3.7891945043481354e-10 -1 
1 0 0.67479999999999984 1 0 
1 0 0.67479999999999984 0 -1 
1 0 0.67479999999999984 0 -1 
7 0 0  3 47 45  0 -0.16812634767299994  0.022554474624034929 -0.16591878541140906  0.067504809810070843 -0.16158545225893542  0.13448181297228926 -0.15534231774084439  0.20104177860863273 -0.14936758757942548  0.26720175048413358 -0.14367263275428008  0.33297614332200104 -0.13826944886325743  0.39837253623058422 -0.13316671769457114  0.46337146749983765 -0.12837103553629461  0.52793800632332977 -0.12388932598805683  0.59200880290356106 -0.11972899749507707  0.65557085310547936 -0.11589509959366381  0.71887332258185954 -0.1123820830315943  0.78214340451824738 -0.10918553492783284  0.84560706475432279 -0.10630119394555856  0.90952047323969476 -0.10372305619989414  0.97382487867941547 -0.10146051803340903  1.0383890760381349 -0.099526540662383395  1.1031086226000102 -0.097932852062655618  1.1678805118837599 -0.096692682385303902  1.2326653903949438 -0.095813739531227612  1.2974807093918876 -0.095295286779145366  1.3623264525407064 -0.095138175269315201  1.4272049969207632 -0.095342828902942919  1.4921234582076057 -0.095909792675913166  1.5570123605007575 -0.096834153374766696  1.62179007118411 -0.098111105250052302  1.6863753860109023 -0.099735469835958671  1.750685663384719 -0.10170345206811003  1.8146901563271156 -0.10400389824522957  1.8783618811893616 -0.10662082099760459  1.941652118683469 -0.10953961147075109  2.0044864332920391 -0.1127443292332647  2.0668407266339175 -0.11622313691698513  2.1289506425889315 -0.11998203388577544  2.191027776159431 -0.12402501259716144  2.2532837256569964 -0.1283561937327474  2.3159513752805365 -0.13298119198414884  2.3790177726752444 -0.13789184446944644  2.4424196585389013 -0.14307689403845561  2.5061181101330159 -0.14852582035014042  2.5700829188666581 -0.15422813019968404  2.6343177661120238 -0.16017234190474042  2.6988489320701854 -0.16634533663090514  2.7637001059683439 -0.17273430489291564  2.8071703199148912 -0.17712900424377268  2.8289696436266034 -0.179358055884 
 0 4 0.022727272727272728 1 0.045454545454545456 1 0.068181818181818177 1 0.090909090909090912 1 0.11363636363636365 1 0.13636363636363635 1 0.15909090909090909 1 0.18181818181818182 1 0.20454545454545456 1 0.22727272727272729 1 0.25 1 0.27272727272727271 1 0.29545454545454547 1 0.31818181818181818 1 0.34090909090909094 1 0.36363636363636365 1 0.38636363636363635 1 0.40909090909090912 1 0.43181818181818182 1 0.45454545454545459 1 0.47727272727272729 1 0.5 1 0.52272727272727271 1 0.54545454545454541 1 0.56818181818181823 1 0.59090909090909094 1 0.61363636363636365 1 0.63636363636363635 1 0.65909090909090906 1 0.68181818181818188 1 0.70454545454545459 1 0.72727272727272729 1 0.75 1 0.77272727272727271 1 0.79545454545454553 1 0.81818181818181823 1 0.84090909090909094 1 0.86363636363636365 1 0.88636363636363635 1 0.90909090909090917 1 0.93181818181818188 1 0.95454545454545459 1 0.97727272727272729 1 1 4
7 0 0  3 47 45  4.4671109515157053 0.5166744028106206  4.4696124101060635 0.52312886481784582  4.4748615717994324 0.53579894039135612  4.4834107486296366 0.55405340800075431  4.4925695813383699 0.57152306790017193  4.5022809685873959 0.58817397348922773  4.5124960068632793 0.60396848241211454  4.5231568320884685 0.61888364867097545  4.5342010588301731 0.63290436834851949  4.5455741956081903 0.64601124094693096  4.5572223472577962 0.65818089706658889  4.5691079227742302 0.66939461630412367  4.5812481819604658 0.6796676318517556  4.5936548372123376 0.68901219510611444  4.6063399520442054 0.69744093940441587  4.619322872095478 0.70497184580901606  4.6325628254381002 0.71158289161525179  4.6460085317236972 0.717238780766844  4.659615718438558 0.72190418646631549  4.6733407585387896 0.72553381624859792  4.687148716526214 0.72810228329248083  4.701014302316799 0.72961762009686759  4.7149109287146045 0.73007800897373654  4.7288127662341992 0.729480435049501  4.742694155438727 0.72781841273954195  4.7565145772593507 0.72511309733496054  4.7702318827701156 0.72138101366138763  4.7838032881594783 0.71663630971236658  4.7971812159336134 0.71088288036061487  4.8103326954139565 0.70415369646208847  4.8232319167381066 0.69650077577089065  4.8358477629852707 0.68796809535702663  4.848143546753608 0.67860157726437431  4.860088673955631 0.66843300329795274  4.8716961698472305 0.6574437278045755  4.882973424416833 0.6456216712720092  4.8939268920241368 0.63295513448665619  4.9045675349625579 0.61942860869741434  4.9148580029639826 0.60506874482203488  4.9247456164085746 0.58990958691008188  4.9341762135513703 0.57398127502385254  4.9430869426908819 0.55731185267773575  4.9514204108017763 0.53993292828052886  4.9591305596814452 0.52188377849457313  4.9661628736303189 0.50320231353759137  4.9703574224804878 0.49035245455057797  4.9723212267906067 0.48383508491440735 
 0 4 0.022727272727272728 1 0.045454545454545456 1 0.068181818181818177 1 0.090909090909090912 1 0.11363636363636365 1 0.13636363636363635 1 0.15909090909090909 1 0.18181818181818182 1 0.20454545454545456 1 0.22727272727272729 1 0.25 1 0.27272727272727271 1 0.29545454545454547 1 0.31818181818181818 1 0.34090909090909094 1 0.36363636363636365 1 0.38636363636363635 1 0.40909090909090912 1 0.43181818181818182 1 0.45454545454545459 1 0.47727272727272729 1 0.5 1 0.52272727272727271 1 0.54545454545454541 1 0.56818181818181823 1 0.59090909090909094 1 0.61363636363636365 1 0.63636363636363635 1 0.65909090909090906 1 0.68181818181818188 1 0.70454545454545459 1 0.72727272727272729 1 0.75 1 0.77272727272727271 1 0.79545454545454553 1 0.81818181818181823 1 0.84090909090909094 1 0.86363636363636365 1 0.88636363636363635 1 0.90909090909090917 1 0.93181818181818188 1 0.95454545454545459 1 0.97727272727272729 1 1 4
1 0.8567224537266549 0.67479999999999984 1 0 
1 1.713444907459764 0.67479999999999984 -1 0 
7 0 0  3 47 45  0 -0.16812634767299994  0.015171964383846603 -0.17010640843390909  0.045254273187090063 -0.17397862181122545  0.089546624371548131 -0.1795134384723967  0.13296825341075955 -0.18476504637457766  0.17545630317212094 -0.18972348250369481  0.21694730252330063 -0.19437974086810436  0.25732777524566053 -0.19872124504633465  0.29665857630631898 -0.2027522462590714  0.33518205234608911 -0.20649382332953575  0.37309863922129244 -0.20996348476999802  0.41061295708243428 -0.21317969567926867  0.44791885491432959 -0.2161606651209482  0.48519884989355422 -0.21892466971293881  0.52255138027450665 -0.22146271728734462  0.56008231896212779 -0.22376580484996783  0.59790471994643879 -0.22582498689381808  0.63612794712555754 -0.22763109878937349  0.67489417249397399 -0.22917579491003642  0.71420624232924779 -0.23044686910092652  0.75392713122717925 -0.23142825461778072  0.7939525275049456 -0.23210470390255697  0.83417529242124255 -0.23246074960259488  0.87449707579841773 -0.23248098435749412  0.91483020495117229 -0.23214998063242762  0.95499702126298969 -0.23149289716420618  0.99480475147536818 -0.23053483004228098  1.0340461411155271 -0.22930110524009215  1.0725234325894804 -0.22781619184248506  1.1099743379248708 -0.22610775660469673  1.1464259300676096 -0.22418839519640121  1.1821962553125298 -0.22205563222962685  1.2175405362295351 -0.21971018990302077  1.2527258379871031 -0.21715193383382889  1.2880080313024895 -0.21438095837827348  1.3236325793888579 -0.21139729951807645  1.3596662104851502 -0.20819105044718239  1.3961851973920019 -0.20475234369794121  1.4332744444901064 -0.20107114969005963  1.471021005888594 -0.19713804795541215  1.5095363716814196 -0.19294134368984248  1.5488504055576628 -0.18848006181410637  1.5889116700647856 -0.18376394702327048  1.6296937759840084 -0.17880046952817139  1.6711718069263259 -0.17359770919521178  1.6992796594140029 -0.16997495756690909  1.7134449074572915 -0.16812634767200008 
 0 4 0.022727272727272728 1 0.045454545454545456 1 0.068181818181818177 1 0.090909090909090912 1 0.11363636363636365 1 0.13636363636363635 1 0.15909090909090909 1 0.18181818181818182 1 0.20454545454545456 1 0.22727272727272729 1 0.25 1 0.27272727272727271 1 0.29545454545454547 1 0.31818181818181818 1 0.34090909090909094 1 0.36363636363636365 1 0.38636363636363635 1 0.40909090909090912 1 0.43181818181818182 1 0.45454545454545459 1 0.47727272727272729 1 0.5 1 0.52272727272727271 1 0.54545454545454541 1 0.56818181818181823 1 0.59090909090909094 1 0.61363636363636365 1 0.63636363636363635 1 0.65909090909090906 1 0.68181818181818188 1 0.70454545454545459 1 0.72727272727272729 1 0.75 1 0.77272727272727271 1 0.79545454545454553 1 0.81818181818181823 1 0.84090909090909094 1 0.86363636363636365 1 0.88636363636363635 1 0.90909090909090917 1 0.93181818181818188 1 0.95454545454545459 1 0.97727272727272729 1 1 4
7 0 0  3 47 45  4.4671109515157053 0.5166744028106206  4.4648683108236531 0.51088500721702546  4.4601475336660004 0.49956171050217507  4.4524158029347625 0.48337477482132479  4.4440868716585591 0.46801768150437956  4.4352230568535358 0.45352118903055699  4.4258890105267268 0.43991164408492045  4.4161669214825299 0.42722298911537709  4.4060906641203488 0.41543981562239157  4.3956402542920596 0.40450033709754002  4.3848060719756932 0.39435371113053946  4.3735744525281426 0.38494741854027725  4.3619314572423002 0.37623076127842409  4.3498615058045447 0.36815405412794511  4.3373474722226799 0.36073882958146358  4.3243743281754323 0.35400810870631899  4.3109281842144913 0.34798616529078952  4.2970004403628446 0.34269958161182584  4.2825738249808625 0.33817339733365304  4.2676867889794732 0.3344485110053928  4.2524357990381381 0.33157724029787089  4.2369111719345005 0.32960461707328331  4.2212105050113236 0.32857209236000412  4.2054339234112748 0.32851611922907609  4.1896844358110821 0.32946843303124623  4.1740962626848557 0.33137289393588548  4.1587982825733301 0.33416668998296456  4.1439152174563789 0.33778003538748624  4.1295591612801372 0.34213989313484822  4.1158568616080249 0.34715861780834512  4.1028237958918519 0.35278891505504778  4.0903702205481984 0.35903193930855953  4.0784285389529922 0.3658842915519751  4.0669256885169176 0.37334933190382857  4.0557910925031582 0.38143363268919267  4.0449552509986972 0.39014784079778592  4.0344366732955974 0.39951970390504332  4.0242533191930301 0.40957618572061427  4.0144222228670632 0.42034435361359052  4.0049607835663377 0.43184936083593828  3.9958809923158696 0.44412190873947838  3.9872146682383907 0.45716501247264757  3.9790110000650789 0.4709530028872882  3.9713105001918394 0.48546481329099195  3.9641512667862817 0.5006769643410397  3.959760902820149 0.51126939508551661  3.9576670092531092 0.51667440281210875 
 0 4 0.022727272727272728 1 0.045454545454545456 1 0.068181818181818177 1 0.090909090909090912 1 0.11363636363636365 1 0.13636363636363635 1 0.15909090909090909 1 0.18181818181818182 1 0.20454545454545456 1 0.22727272727272729 1 0.25 1 0.27272727272727271 1 0.29545454545454547 1 0.31818181818181818 1 0.34090909090909094 1 0.36363636363636365 1 0.38636363636363635 1 0.40909090909090912 1 0.43181818181818182 1 0.45454545454545459 1 0.47727272727272729 1 0.5 1 0.52272727272727271 1 0.54545454545454541 1 0.56818181818181823 1 0.59090909090909094 1 0.61363636363636365 1 0.63636363636363635 1 0.65909090909090906 1 0.68181818181818188 1 0.70454545454545459 1 0.72727272727272729 1 0.75 1 0.77272727272727271 1 0.79545454545454553 1 0.81818181818181823 1 0.84090909090909094 1 0.86363636363636365 1 0.88636363636363635 1 0.90909090909090917 1 0.93181818181818188 1 0.95454545454545459 1 0.97727272727272729 1 1 4
7 0 0  3 25 23  3.1415926535900054 0.2652276775174045  3.1415926535900058 0.24969465054815951  3.1415926535900067 0.21862859660966943  3.1415926535900098 0.17202951570193412  3.1415926535900112 0.12543043479419927  3.1415926535900147 0.07883135388646384  3.1415926535900152 0.032232272978728979  3.1415926535900205 -0.014366807929006331  3.1415926535900227 -0.060965888836741436  3.1415926535900272 -0.10756496974447657  3.1415926535900307 -0.15416405065221167  3.1415926535900378 -0.20076313155994685  3.1415926535900427 -0.24736221246768184  3.1415926535900507 -0.2939612933754171  3.1415926535900582 -0.34056037428315211  3.1415926535900707 -0.38715945519088746  3.1415926535900853 -0.43375853609862236  3.1415926535901031 -0.4803576170063576  3.1415926535901315 -0.5269566979140925  3.1415926535901662 -0.57355577882182851  3.1415926535902496 -0.62015485972955997  3.1415926535902901 -0.66675394063730919  3.1415926535908736 -0.71335302154499203  3.1415926535909375 -0.74441907548361208  3.1415926535907923 -0.75995210245299627 
 0 4 0.046599080907735131 1 0.093198161815470262 1 0.1397972427232054 1 0.18639632363094052 1 0.23299540453867565 1 0.2795944854464108 1 0.32619356635414593 1 0.37279264726188105 1 0.41939172816961617 1 0.4659908090773513 1 0.51258988998508648 1 0.5591889708928216 1 0.60578805180055673 1 0.65238713270829185 1 0.69898621361602697 1 0.7455852945237621 1 0.79218437543149722 1 0.83878345633923235 1 0.88538253724696747 1 0.9319816181547026 1 0.97858069906243772 1 1.025179779970173 4
7 0 0  3 25 23  3.1415926535900054 0.2653085233218293  3.1415926535900058 0.24977549635258436  3.1415926535900067 0.21870944241409421  3.1415926535900098 0.17211036150635894  3.1415926535900112 0.12551128059862401  3.1415926535900147 0.078912199690888654  3.1415926535900152 0.032313118783153759  3.1415926535900205 -0.014285962124581532  3.1415926535900227 -0.060885043032316649  3.1415926535900272 -0.10748412394005179  3.1415926535900307 -0.1540832048477869  3.1415926535900378 -0.20068228575552205  3.1415926535900427 -0.24728136666325709  3.1415926535900507 -0.2938804475709923  3.1415926535900582 -0.34047952847872737  3.1415926535900707 -0.3870786093864626  3.1415926535900853 -0.43367769029419762  3.1415926535901031 -0.48027677120193285  3.1415926535901315 -0.5268758521096677  3.1415926535901662 -0.57347493301740393  3.1415926535902496 -0.62007401392513517  3.1415926535902901 -0.66667309483288439  3.1415926535908736 -0.71327217574056723  3.1415926535909375 -0.74433822967918717  3.1415926535907923 -0.75987125664857136 
 0 4 0.046599080907735131 1 0.093198161815470262 1 0.1397972427232054 1 0.18639632363094052 1 0.23299540453867565 1 0.2795944854464108 1 0.32619356635414593 1 0.37279264726188105 1 0.41939172816961617 1 0.4659908090773513 1 0.51258988998508648 1 0.5591889708928216 1 0.60578805180055673 1 0.65238713270829185 1 0.69898621361602697 1 0.7455852945237621 1 0.79218437543149722 1 0.83878345633923235 1 0.88538253724696747 1 0.9319816181547026 1 0.97858069906243772 1 1.025179779970173 4
1 3.1415926535907923 -0.75995210245299627 1 7.2445967744455543e-14 
7 0 0  3 25 23  6.2831853071795862 0.29896092404639996  6.2831853071796466 0.28291678728126096  6.2831853071797026 0.25082851375098325  6.2831853071796813 0.20269610345556643  6.2831853071796893 0.15456369316014984  6.2831853071796893 0.10643128286473279  6.283185307179691 0.058298872569316221  6.2831853071796928 0.010166462273899451  6.2831853071796955 -0.037965948021517398  6.2831853071796981 -0.086098358316934076  6.2831853071797008 -0.13423076861235075  6.2831853071797044 -0.18236317890776754  6.2831853071797088 -0.2304955892031843  6.2831853071797132 -0.27862799949860095  6.2831853071797195 -0.32676040979401771  6.2831853071797275 -0.37489282008943448  6.2831853071797363 -0.42302523038485129  6.2831853071797488 -0.471157640680268  6.2831853071797674 -0.5192900509756847  6.2831853071797896 -0.56742246127110152  6.2831853071798465 -0.61555487156651845  6.2831853071798713 -0.66368728186193504  6.2831853071802586 -0.71181969215735175  6.2831853071803012 -0.74390796568762962  6.2831853071802053 -0.75995210245276867 
 0 4 0.048132410295416747 1 0.096264820590833494 1 0.14439723088625023 1 0.19252964118166699 1 0.24066205147708375 1 0.28879446177250045 1 0.33692687206791722 1 0.38505928236333398 1 0.43319169265875074 1 0.4813241029541675 1 0.5294565132495842 1 0.57758892354500091 1 0.62572133384041773 1 0.67385374413583443 1 0.72198615443125125 1 0.77011856472666795 1 0.81825097502208466 1 0.86638338531750148 1 0.91451579561291818 1 0.962648205908335 1 1.0107806162037516 1 1.0589130264991684 4
7 0 0  3 25 23  0 0.29904176985082476  5.9310581137752802e-14 0.28299763308568582  1.1581006995260106e-13 0.250909359555408  9.7225710979550581e-14 0.20277694925999121  1.0280112520408216e-13 0.15464453896457467  1.0441289779720721e-13 0.1065121286691576  1.030485342365769e-13 0.058379718373741014  1.0689421588597316e-13 0.010247308078324241  1.0886306440362064e-13 -0.037885102217092605  1.1312920023823671e-13 -0.086017512512509262  1.1541209045492796e-13 -0.13414992280792598  1.1800160530814915e-13 -0.18228233310334274  1.2134786723317531e-13 -0.23041474339875948  1.2668958675265257e-13 -0.27854715369417626  1.3395086985892186e-13 -0.32667956398959302  1.4219658205997338e-13 -0.37481197428500967  1.4991408481330467e-13 -0.42294438458042644  1.6408906678093566e-13 -0.4710767948758432  1.7960769393009163e-13 -0.51920920517126012  2.0461054321165119e-13 -0.56734161546667661  2.596107755186806e-13 -0.61547402576209376  2.8638959343724214e-13 -0.66360643605751035  6.7316835283064235e-13 -0.71173884635292695  7.1458888189429024e-13 -0.74382711988320482  6.1817218011128716e-13 -0.75987125664834387 
 0 4 0.048132410295416747 1 0.096264820590833494 1 0.14439723088625023 1 0.19252964118166699 1 0.24066205147708375 1 0.28879446177250045 1 0.33692687206791722 1 0.38505928236333398 1 0.43319169265875074 1 0.4813241029541675 1 0.5294565132495842 1 0.57758892354500091 1 0.62572133384041773 1 0.67385374413583443 1 0.72198615443125125 1 0.77011856472666795 1 0.81825097502208466 1 0.86638338531750148 1 0.91451579561291818 1 0.962648205908335 1 1.0107806162037516 1 1.0589130264991684 4
7 0 0  3 91 89  1.3472033246456845 0.48706204131474501  1.3461407882119905 0.48362621313689946  1.3439413806538454 0.47684312713742122  1.3404297992869567 0.46694016064730254  1.3367159981103669 0.45731481114619693  1.3328112207232492 0.4479730224759304  1.3287270597145835 0.43892022182072549  1.3244768084839968 0.43016318325462721  1.3200653575231136 0.4216946542948749  1.315496058331318 0.41350473970834595  1.3107728910800105 0.40558414616008809  1.3058998345106163 0.39792357606995038  1.3008811699330836 0.3905129475117885  1.2957205209705844 0.38334665964509751  1.2904212785340623 0.37642143793969346  1.2849871460660967 0.36973341322370323  1.2794218184885655 0.36327880228582138  1.273729717376072 0.35705381766919109  1.2679128425031925 0.35105424545650998  1.2619703282041568 0.34527547522247842  1.2559019075129731 0.33971300629977447  1.249707253303016 0.33436248246505607  1.2433858023157276 0.3292191577443353  1.236938189947842 0.32428014617260287  1.2303683087982311 0.31954719683221317  1.2236797911269583 0.31502128761722009  1.2168765694476118 0.31070353735035189  1.2099628539319434 0.30659498003544539  1.2029426350324997 0.30269652432324279  1.1958163186049109 0.29900842600167676  1.188584722405426 0.29553103772533507  1.1812486819323125 0.29226472364567424  1.1738092609147464 0.28920991900503928  1.16626730962647 0.28636697164667696  1.1586312446333062 0.28373928219958078  1.1509101468104872 0.2813302146754586  1.1431133060336456 0.27914291502669569  1.1352501028905679 0.2771802927496409  1.127330826382948 0.27544522641124808  1.1193608410297917 0.27393903158691807  1.1113442031229939 0.27266258769450669  1.1032853644897227 0.27161681809539334  1.0951890250585883 0.27080256615813636  1.0870590351007903 0.27022061942928455  1.0789043007772237 0.26987173649195578  1.0707371774040264 0.26975645179436253  1.0625693253315516 0.26987502230696736  1.0544124444334624 0.27022742239666314  1.0462787975853463 0.27081340558044115  1.0381777816707509 0.27163223436047351  1.030114564005465 0.272682720630678  1.0220949985414602 0.27396365536300266  1.0141246639817809 0.27547371167236057  1.0062089021489711 0.27721151837998287  0.99835358567767807 0.27917547146553034  0.99056683518802102 0.28136329314894876  0.9828562511890343 0.28377261926943903  0.97522929289613636 0.28640092708200326  0.96769322581785089 0.28924553487711718  0.9602548666913544 0.29230371472317312  0.9529168487932288 0.2955745048617151  0.94568183063221967 0.29905686082624144  0.93855225866022229 0.30274974538738569  0.93153046121708305 0.30665211900794426  0.92461849988079525 0.3107629046520583  0.91781959594613838 0.31508149208232811  0.91113694563394776 0.31960730361515061  0.90457355269925632 0.32433967390532648  0.89813217582553262 0.32927808127422531  0.89181569041248898 0.33442136508275511  0.88562487931610145 0.33977230066343705  0.87955975328984148 0.34533523390516613  0.8736204381588023 0.35111417482057899  0.86780711046976677 0.35711326035731489  0.86211940355526906 0.36333668759799997  0.85655940782048823 0.36978846154308503  0.85113128894886381 0.37647235535819656  0.84583856764360621 0.38339209527795087  0.84068475069751969 0.39055153088510364  0.83567306530520402 0.39795383543633012  0.83080687890933358 0.40560485931533652  0.82609005516470235 0.41351560651586267  0.82152621032430073 0.42169619116723706  0.81711898538146599 0.43015674838359524  0.81287138619372834 0.43890805923688203  0.80878809986898637 0.44795808980120555  0.80488284241461161 0.45729982988347589  0.8011675450052046 0.46692771115435272  0.79765379599651531 0.4768356154021508  0.79545270909842347 0.48362348070790601  0.79438932895048575 0.48706204129464176 
 0 4 0.011363636363636364 1 0.022727272727272728 1 0.034090909090909088 1 0.045454545454545456 1 0.056818181818181823 1 0.068181818181818177 1 0.079545454545454544 1 0.090909090909090912 1 0.10227272727272728 1 0.11363636363636365 1 0.125 1 0.13636363636363635 1 0.14772727272727273 1 0.15909090909090909 1 0.17045454545454547 1 0.18181818181818182 1 0.19318181818181818 1 0.20454545454545456 1 0.21590909090909091 1 0.22727272727272729 1 0.23863636363636365 1 0.25 1 0.26136363636363635 1 0.27272727272727271 1 0.28409090909090912 1 0.29545454545454547 1 0.30681818181818182 1 0.31818181818181818 1 0.32954545454545453 1 0.34090909090909094 1 0.35227272727272729 1 0.36363636363636365 1 0.375 1 0.38636363636363635 1 0.39772727272727276 1 0.40909090909090912 1 0.42045454545454547 1 0.43181818181818182 1 0.44318181818181818 1 0.45454545454545459 1 0.46590909090909094 1 0.47727272727272729 1 0.48863636363636365 1 0.5 1 0.51136363636363635 1 0.52272727272727271 1 0.53409090909090906 1 0.54545454545454541 1 0.55681818181818188 1 0.56818181818181823 1 0.57954545454545459 1 0.59090909090909094 1 0.60227272727272729 1 0.61363636363636365 1 0.625 1 0.63636363636363635 1 0.64772727272727271 1 0.65909090909090906 1 0.67045454545454553 1 0.68181818181818188 1 0.69318181818181823 1 0.70454545454545459 1 0.71590909090909094 1 0.72727272727272729 1 0.73863636363636365 1 0.75 1 0.76136363636363635 1 0.77272727272727271 1 0.78409090909090906 1 0.79545454545454553 1 0.80681818181818188 1 0.81818181818181823 1 0.82954545454545459 1 0.84090909090909094 1 0.85227272727272729 1 0.86363636363636365 1 0.875 1 0.88636363636363635 1 0.89772727272727271 1 0.90909090909090917 1 0.92045454545454553 1 0.93181818181818188 1 0.94318181818181823 1 0.95454545454545459 1 0.96590909090909094 1 0.97727272727272729 1 0.98863636363636365 1 1 4
7 0 0  3 91 89  0 -0.17828202268299997  0.0086507868303832905 -0.17945714316157982  0.02582771903053618 -0.18177706710748434  0.051212268387870213 -0.18516401657295464  0.07620979631774609 -0.18845605508955551  0.1008114980678812 -0.1916511699273217  0.12500836791432157 -0.19474749037007294  0.1487854390784597 -0.19774261588097039  0.17216727275623381 -0.20063902994222649  0.19518528853602227 -0.20344014072255157  0.21786792560715976 -0.20614913371037402  0.24024266695446372 -0.2087691890301476  0.262336791802534 -0.21130373094251356  0.2841692393328652 -0.21375469230777547  0.3057547311712725 -0.21612322841996692  0.32710822150994429 -0.21841067847619844  0.34824412467569843 -0.2206183392042261  0.36917504699304032 -0.22274749330615465  0.38991837461388817 -0.22479954513269607  0.41049745916508457 -0.22677603840281926  0.4309342179410055 -0.22867849846340996  0.45125024006771908 -0.23050841763862912  0.47146785090375537 -0.23226743871561892  0.49160390866149384 -0.23395658752456924  0.51166217669028669 -0.235575300057597  0.53164827303082685 -0.23712325958716773  0.55156718721665354 -0.23860008478446726  0.57142362097400967 -0.2400054054454516  0.59122307774983629 -0.24133887183632788  0.61097998088109107 -0.24260035530333812  0.63070807748986768 -0.2437897088539745  0.65042134495207482 -0.24490679304235335  0.67013343052874674 -0.24595145657484169  0.68985873705105794 -0.24692358800218159  0.70959193994259928 -0.24782215741389854  0.72932666749489827 -0.24864608871864849  0.74905667465882764 -0.24939431208874294  0.76877611634369614 -0.25006577863452628  0.78847749982083137 -0.25065934945055574  0.80816621772145247 -0.25117456458809034  0.82785125463743003 -0.25161115531646122  0.84754087369355313 -0.25196880196789145  0.86724296796905787 -0.25224720730446487  0.88696766156864881 -0.25244603530594045  0.90671297871952306 -0.25256513560281146  0.92646868691658946 -0.25260448444021588  0.94622629242358924 -0.25256402530357397  0.96597722804029196 -0.25244372426483092  0.98571156738977028 -0.25224348980955152  1.0054262345665306 -0.25196347316875567  1.0251281324426826 -0.25160418229878007  1.0448222580550073 -0.25116605519634611  1.0645139755888238 -0.25064955497265584  1.0842088986940057 -0.25005511424061588  1.1039109492605277 -0.2493832677292076  1.1236180185461173 -0.24863490911757843  1.1433287745978076 -0.24781088453095887  1.1630417098643 -0.24691205114962361  1.1827552431646839 -0.24593926948758035  1.2024683716418805 -0.24489337556918153  1.2221909273378215 -0.24377471907110815  1.2419323620857838 -0.24258367038146425  1.261702319478782 -0.24132059507468775  1.2815103950233515 -0.23998585726845767  1.3013663724615991 -0.23857983172115446  1.3212777312752251 -0.23710274996288286  1.3412518960308781 -0.23555482277657613  1.361296409005607 -0.23393628058777372  1.3814193357432762 -0.23224729575669786  1.4016273673134736 -0.23048825326222624  1.4219368945672928 -0.22865817553381876  1.4423684697248897 -0.22675555618013962  1.4629422201012658 -0.22477901838903461  1.4836785855625454 -0.22272715460962664  1.5045992551544423 -0.22059855066675804  1.525721067262432 -0.21839186738092212  1.5470570386778184 -0.21610582935928946  1.5686217463982288 -0.21373916182777719  1.5904303928532051 -0.211290536223918  1.6124977181105935 -0.20875883852003393  1.6348434577401783 -0.20614205239488176  1.6574972422255569 -0.20343643094726621  1.6804886731853701 -0.20063851210802425  1.7038483558024804 -0.19774482153269307  1.7276099982183963 -0.19475164914597604  1.7517999086454012 -0.19165627057443502  1.7764020718927094 -0.18846117034700954  1.8014067690412479 -0.18516826790837859  1.8268044280596485 -0.18177963416910481  1.8439935990554466 -0.17945807756335139  1.8526512611317152 -0.17828202269600002 
 0 4 0.011363636363636364 1 0.022727272727272728 1 0.034090909090909088 1 0.045454545454545456 1 0.056818181818181823 1 0.068181818181818177 1 0.079545454545454544 1 0.090909090909090912 1 0.10227272727272728 1 0.11363636363636365 1 0.125 1 0.13636363636363635 1 0.14772727272727273 1 0.15909090909090909 1 0.17045454545454547 1 0.18181818181818182 1 0.19318181818181818 1 0.20454545454545456 1 0.21590909090909091 1 0.22727272727272729 1 0.23863636363636365 1 0.25 1 0.26136363636363635 1 0.27272727272727271 1 0.28409090909090912 1 0.29545454545454547 1 0.30681818181818182 1 0.31818181818181818 1 0.32954545454545453 1 0.34090909090909094 1 0.35227272727272729 1 0.36363636363636365 1 0.375 1 0.38636363636363635 1 0.39772727272727276 1 0.40909090909090912 1 0.42045454545454547 1 0.43181818181818182 1 0.44318181818181818 1 0.45454545454545459 1 0.46590909090909094 1 0.47727272727272729 1 0.48863636363636365 1 0.5 1 0.51136363636363635 1 0.52272727272727271 1 0.53409090909090906 1 0.54545454545454541 1 0.55681818181818188 1 0.56818181818181823 1 0.57954545454545459 1 0.59090909090909094 1 0.60227272727272729 1 0.61363636363636365 1 0.625 1 0.63636363636363635 1 0.64772727272727271 1 0.65909090909090906 1 0.67045454545454553 1 0.68181818181818188 1 0.69318181818181823 1 0.70454545454545459 1 0.71590909090909094 1 0.72727272727272729 1 0.73863636363636365 1 0.75 1 0.76136363636363635 1 0.77272727272727271 1 0.78409090909090906 1 0.79545454545454553 1 0.80681818181818188 1 0.81818181818181823 1 0.82954545454545459 1 0.84090909090909094 1 0.85227272727272729 1 0.86363636363636365 1 0.875 1 0.88636363636363635 1 0.89772727272727271 1 0.90909090909090917 1 0.92045454545454553 1 0.93181818181818188 1 0.94318181818181823 1 0.95454545454545459 1 0.96590909090909094 1 0.97727272727272729 1 0.98863636363636365 1 1 4
1 6.1817218011128716e-13 -0.75987125664834387 1 -7.2410628247977281e-14 
1 6.2831853071795862 0.5544031168886695 -1 0 
1 3.1415926535901684 -0.5544031168887078 -3.2841910604750854e-13 1 
1 3.1415926535901684 -0.5544031168887078 -3.2841910604750854e-13 1 
1 6.2831853071795862 -0.55440311688874955 0 1 
1 0 -0.55440311688874955 0 1 
1 3.1415926535888996 0.55440311688871902 -1 0 
1 2.6415926535898091 0.5544031168886695 -1 0 
1 0 4.7123889803846897 1 5.6543194337112238e-16 
1 3.1415926535907346 4.7123889803846897 1 5.6543194337146129e-16 
1 3.1415926535906866 4.7123889803856827 -1.6962958301127996e-15 -1 
1 3.1415926535906866 4.7123889803856827 -1.6962958301127996e-15 -1 
1 0 4.7123889803872654 0 -1 
1 6.2831853071795862 4.7123889803872654 0 -1 
1 0 3.1415926535897927 1 0 
1 0 -1.865 1 0 
1 3.1415926535907346 3.141592653589786 1 1.4135798584286532e-16 
1 3.1415926535907346 -1.865 1 0 
1 6.2831853071795862 -0.96500000000000008 -1 0 
1 3.1415926535906871 -1.865 0 1 
1 3.1415926535906871 -1.865 0 1 
1 6.2831853071795862 -1.865 0 1 
1 0 -1.865 0 1 
1 3.1415926535907346 -0.96500000000000008 -1 0 
1 2.6415926535898091 -0.96500000000000008 -1 0 
1 0 -0.96500000000000008 1 0 
1 3.141592653589123 -0.96500000000000008 1 0 
7 0 0  3 25 23  0 13.835000000000001  3.3272161633578731e-11 13.610757575757578  6.3366591165630006e-11 13.162272727272732  4.8047543199470109e-11 12.489545454545452  4.8928873620426768e-11 11.816818181818187  4.5469367093903329e-11 11.144090909090908  4.3172845633434465e-11 10.471363636363638  4.0564840208333265e-11 9.7986363636363674  3.8040166223600966e-11 9.1259090909090901  3.5493269794131249e-11 8.4531818181818181  3.295231235113648e-11 7.7804545454545453  3.0409805743728479e-11 7.1077272727272742  2.7867572470749408e-11 6.4350000000000014  2.5325414376573577e-11 5.7622727272727268  2.2783062880650011e-11 5.0895454545454566  2.024102916502004e-11 4.416818181818182  1.7698663362500896e-11 3.74409090909091  1.5156562494707339e-11 3.0713636363636367  1.2614114622794758e-11 2.3986363636363648  1.0072409184738532e-11 1.7259090909090919  7.5284616632701041e-12 1.0531818181818187  4.9923593936999166e-12 0.38045454545454632  2.4278638324865451e-12 -0.29227272727272685  7.8818831310224487e-13 -0.74075757575757561  0 -0.96500000000000008 
 6.4580796837327337e-22 4 0.67272727272727273 1 1.3454545454545455 1 2.0181818181818181 1 2.6909090909090909 1 3.3636363636363638 1 4.0363636363636362 1 4.709090909090909 1 5.3818181818181818 1 6.0545454545454547 1 6.7272727272727275 1 7.4000000000000004 1 8.0727272727272723 1 8.745454545454546 1 9.418181818181818 1 10.090909090909092 1 10.763636363636364 1 11.436363636363636 1 12.109090909090909 1 12.781818181818181 1 13.454545454545455 1 14.127272727272727 1 14.800000000000001 4
1 6.2831853071795862 13.835000000000001 0 -1 
1 3.1415926536213674 -0.96500000000000008 3.2384605507761961e-12 1 
1 3.1415926536213674 -0.96500000000000008 3.2384605507761961e-12 1 
1 3.1415926536376784 13.835000000000001 -1 0 
1 4.2123889803368204 0.14142135623730931 1 8.0420006320794603e-17 
1 1.0707963267949123 13.835000000000001 -1 0 
1 6.2831853071795862 0.14142135623730931 1 0 
1 7.3539816339186661 0.14142135623704877 -6.4915472704367133e-11 -1 
1 1.0707963267390803 0.14142135623704877 -6.4915472704367133e-11 -1 
1 4.2123889803049899 0.14142135623707991 1.9695239801748827e-11 -1 
1 4.2123889803049899 0.14142135623707991 1.9695239801748827e-11 -1 
1 4.2123889803853753 -0.141421356237309 1 -8.0420006322680252e-17 
1 6.2831853071795862 -0.14142135623730917 1 0 
1 1.0707963267955827 -0.141421356237309 1 -8.0420006322680264e-17 
1 3.1415926535897931 -0.14142135623730917 1 0 
1 3.1415926535897931 0.14142135623730931 1 -1.2960249732993845e-16 
1 4.2123889803847057 13.835000000000001 -1 0 
1 1.0707963267949123 0.14142135623730948 1 0 
1 6.2831853071795862 13.835000000000001 -1 0 
Curves 93
2 0 0 1.1045868913000001 0 0 -1 0.87758256189038031 -0.47942553860418924 0 -0.47942553860418924 -0.87758256189038031 -0 3.4033611691300001
2 1.9376386994920001 -1.05853684595 1 0.47942553860418924 0.87758256189038031 0 0 -0 1 0.87758256189038031 -0.47942553860418924 -0 1.2
2 0 0 2.2000000000000002 0 0 -1 0.87758256189020811 -0.47942553860450443 0 -0.47942553860450443 -0.87758256189020811 -0 2.2079275314200002
2 -1.9376386994920001 1.0585368459510001 1 -0.47942553860450443 -0.87758256189020811 0 0 0 1 -0.87758256189020811 0.47942553860450443 0 1.2
2 0 0 1.1045868913000001 0 0 -1 -0.87758256189014305 0.47942553860462356 0 0.47942553860462356 0.87758256189014305 0 3.4033611691300001
2 0 0 2.2000000000000002 0 0 -1 -0.87758256189020811 0.47942553860450443 0 0.47942553860450443 0.87758256189020811 0 2.2079275314200002
2 0 0 2.2000000000000002 0 0 1 0.87758256189087391 -0.47942553860328574 0 0.47942553860328574 0.87758256189087391 -0 1.3999999999999999
2 0 0 2.2000000000000002 0 0 1 -0.87758256189091599 0.47942553860320869 0 -0.47942553860320869 -0.87758256189091599 0 1.3999999999999999
2 0 0 2.2000000000000002 0 0 1 -1 0 0 0 -1 0 1.3999999999999999
2 0 0 2.0699999999999998 0 0 -1 -0.87677541446571494 0.48090006507430821 0 0.48090006507430821 0.87677541446571494 0 1.3999999999999999
2 -0.96445295591799995 0.52899007157199995 2.0699999999999998 0 0 -1 -0.88052081560229178 0.47400748231549555 0 0.47400748231549555 0.88052081560229178 0 0.29999999999999999
1 -1.228615583968 0.67119575894820005 2.2000000000000002 1.8426445565339198e-05 -9.9072369713715673e-06 -0.9999999997811565 
1 1.2286155866470001 -0.67119575404539999 2.0699999999999998 -9.2233912815009995e-14 -1.2639462126500001e-13 1 
2 0 0 2.0699999999999998 0 0 -1 0.8609317567467909 0.50872046373709467 0 0.50872046373709467 -0.8609317567467909 0 1.3999999999999999
2 -0.96445295591799995 0.52899007157199995 2.0699999999999998 0 0 1 0.39075426458108947 0.92049503242097508 -0 -0.92049503242097508 0.39075426458108947 0 0.29999999999999999
2 0.94702493241800001 0.55959251011699995 2.0699999999999998 0 0 1 0.86093175677922062 0.50872046368221224 -0 -0.50872046368221224 0.86093175677922062 0 0.29999999999999999
2 0.69112088195300003 1.2111392213800001 2.0699999999999998 0 0 -1 0.3655772141563926 -0.93078101639948119 0 -0.93078101639948119 -0.3655772141563926 -0 0.40000000000000002
2 0.00264416635036 1.09914968014 2.0699999999999998 0 0 1 0.98702728422552655 0.1605526088059043 -0 -0.1605526088059043 0.98702728422552655 0 0.297525515859
2 -0.69092497013300003 1.17333659402 2.0699999999999998 0 0 -1 0.99432797903036851 -0.10635727580839663 0 -0.1063572758083966 -0.99432797903036829 -0 0.40000000000000002
1 -0.84722667638000004 0.80513858122399995 2.0699999999999998 9.0227922433730006e-11 -3.3369026315620001e-11 -1 
7 0 0  3 13 11  -0.84722667630299997 0.80513858119549997 1.2158419441220001  -0.87539506905740005 0.81709619012870005 1.226271891958  -0.93362619866910002 0.83055839457290004 1.245157066944  -1.0042012574120001 0.83000163249000003 1.264509303701  -1.0929227267870001 0.80498653169220002 1.2841711731100001  -1.1603543077289999 0.76051540840239995 1.295186845918  -1.215160688576 0.70091406250870003 1.3006790264550001  -1.2539383596110001 0.6222943848311 1.29969392596  -1.269443066539 0.53470253577869997 1.2913801250500001  -1.2548338473409999 0.43781018067720001 1.273916083482  -1.2206613430919999 0.36624177617129999 1.254182771929  -1.1829339309669999 0.32135093682740001 1.2365736379350001  -1.160928302953 0.3022800408993 1.2270736523279999 
 0 4 0.10000000000000001 1 0.20000000000000001 1 0.29999999999999999 1 0.40000000000000002 1 0.5 1 0.59999999999999998 1 0.69999999999999996 1 0.80000000000000004 1 0.90000000000000002 1 1 4
1 -1.1609283029540001 0.30228004089940003 2.0699999999999998 1.384014579089e-12 -7.099199258934e-14 -1 
2 -0.96445295591799995 0.52899007157199995 2.0699999999999998 0 0 1 -1 0 0 0 -1 0 0.29999999999999999
2 -0.96445295591799995 0.52899007157199995 2.0699999999999998 0 0 1 -0.88052079794544369 0.47400751511502354 0 -0.47400751511502354 -0.88052079794544369 0 0.29999999999999999
7 0 0  3 13 11  -0.84722667630299997 0.80513858119549997 1.2158419441220001  -0.83198169697369995 0.79866701916479999 1.2101971655729999  -0.80174571686069995 0.78807771112680003 1.1995969378119999  -0.75859419063300004 0.77833132104150005 1.1859908604130001  -0.71722535026449996 0.77351598238889996 1.1743361974590001  -0.67745775106429995 0.77292380673979999 1.1644736039379999  -0.63873637031950004 0.77613396969089998 1.156229481587  -0.60105285588360002 0.78293858477809997 1.1496220239549999  -0.56414798194560001 0.793313767477 1.1446654314489999  -0.52843655073460005 0.80716000988470005 1.1414939330010001  -0.49419528388540002 0.82435316357050004 1.1401740726  -0.47241509118120001 0.83804668780939995 1.14056029793  -0.46185645001359998 0.84542256094320001 1.1410738073040001 
 0 4 0.10000000000000001 1 0.20000000000000001 1 0.29999999999999999 1 0.40000000000000002 1 0.5 1 0.59999999999999998 1 0.69999999999999996 1 0.80000000000000004 1 0.90000000000000002 1 1 4
7 0 0  3 11 9  -0.46185645001359998 0.84542256094320001 1.1410738073040001  -0.45061896050830003 0.85327265222070003 1.1416203318160001  -0.42904762247009998 0.87006480079570003 1.1434317695309999  -0.3997403752357 0.89809985880069998 1.148154487535  -0.37347343080119999 0.92884996644210005 1.154745952883  -0.35023350887740001 0.9624143928933 1.163144223837  -0.33029137709709999 0.99860771932409997 1.1732208316449999  -0.31359782340940001 1.038181078602 1.1851327919350001  -0.30062397348629999 1.081655447545 1.199026648042  -0.29499432971299999 1.1139604354849999 1.2098601451240001  -0.29319377853329998 1.130793683586 1.2156263573499999 
 0 4 0.125 1 0.25 1 0.375 1 0.5 1 0.625 1 0.75 1 0.875 1 1 4
1 -0.29319377852590001 1.130793683624 2.0699999999999998 -8.5930586464130001e-12 -4.4774139354100002e-11 -1 
1 0.29630996825779998 1.146918177886 2.0699999999999998 1.8845089820059999e-12 -5.6630796962209999e-12 -1 
7 0 0  3 13 11  0.29630996825939998 1.146918177881 1.221592169085  0.29148439938670001 1.176584267872 1.2316071474679999  0.27299849426349998 1.2334696644150001 1.2501017953310001  0.22285832943889999 1.305143325902 1.2721396402689999  0.15729611719479999 1.3580213209759999 1.287756088236  0.076908181581970006 1.3916334742509999 1.2974067091670001  -0.0098636416696040001 1.4006245607829999 1.299908957233  -0.095663939289350006 1.3843819105240001 1.2952092290470001  -0.1716267370723 1.345046401436 1.2837236274249999  -0.23187799597700001 1.288428287463 1.266741799399  -0.27564832063 1.215450138344 1.2439413151459999  -0.29011656718910001 1.159562353186 1.2254810362199999  -0.29319377853329998 1.130793683586 1.2156263573499999 
 0 4 0.10000000000000001 1 0.20000000000000001 1 0.29999999999999999 1 0.40000000000000002 1 0.5 1 0.59999999999999998 1 0.69999999999999996 1 0.80000000000000004 1 0.90000000000000002 1 1 4
7 0 0  3 19 17  0.29630996825939998 1.146918177881 1.221592169085  0.2991787336392 1.129281904488 1.2156383377290001  0.30709386528869997 1.095633364435 1.2045500640260001  0.3236180074708 1.050990671114 1.190644698129  0.34395110636850001 1.010849158541 1.1790135783960001  0.36755096284310002 0.97468675656439996 1.1695094689309999  0.39441425857809997 0.94177066011809996 1.161977714487  0.42432951874800001 0.91211720003819996 1.1564931634960001  0.45727823432769998 0.88570009737129995 1.1531331753480001  0.49276928305000001 0.86292779805459996 1.1520144034199999  0.5305837455672 0.84395910455790002 1.153172973604  0.56999026139340003 0.82914722249820005 1.1565588151449999  0.61084060050629996 0.81851941950240004 1.1620856739109999  0.6527894513768 0.81221939052210002 1.169636748387  0.6959775361635 0.8103645229898 1.179176789504  0.74085078987980002 0.81335580946969999 1.190826651516  0.78767063168310003 0.82191248675929995 1.2047494915570001  0.82069167286660005 0.83228333044220004 1.2158634011039999  0.83735176790879995 0.83882681493459998 1.2218329158400001 
 0 4 0.0625 1 0.125 1 0.1875 1 0.25 1 0.3125 1 0.375 1 0.4375 1 0.5 1 0.5625 1 0.625 1 0.6875 1 0.75 1 0.8125 1 0.875 1 0.9375 1 1 4
1 0.83735176780120002 0.83882681489760003 2.0699999999999998 1.2685464429340001e-10 4.3681026011829997e-11 -1 
2 0.94702493241800001 0.55959251011699995 2.0699999999999998 0 0 1 0.60077538799827301 -0.79941787143866416 0 0.79941787143866416 0.60077538799827301 -0 0.29999999999999999
1 1.1272575487750001 0.31976714865490002 2.0699999999999998 -1.426258653676e-11 -1.206337200841e-11 -1 
7 0 0  3 22 20  1.1272575487630001 0.31976714864459999 1.216917977317  1.1397379314980001 0.32914635699639999 1.2222196580310001  1.1631152725809999 0.34977014269939999 1.2324829615199999  1.192750447099 0.38543435712610002 1.246634180262  1.21645294354 0.4250184315601 1.25939256493  1.2336932176199999 0.46733636480099999 1.2705485938000001  1.2443027486289999 0.51152776573519998 1.280039362646  1.248129626211 0.55656218612370001 1.2877682566649999  1.245233596979 0.60131048008819998 1.29366566523  1.2357298579260001 0.64510888919039999 1.2977270439020001  1.2199565935429999 0.68675127373959999 1.2999041481060001  1.198143478177 0.725733270215 1.300204419218  1.1708584441530001 0.76098721301619998 1.2986155885799999  1.1385918850900001 0.79190935655899997 1.295153093126  1.1018805894929999 0.81784133115440005 1.2898148357420001  1.0616353180610001 0.83806297490670001 1.282663540068  1.018418946857 0.85215337532869995 1.273699640639  0.97345649252849997 0.85959156238199996 1.2630634117940001  0.92739728330689997 0.86013222049670002 1.2507755887980001  0.88161293627280002 0.85359603928130001 1.2370543758929999  0.85185354450270001 0.84452258978329997 1.22702907882  0.83735176790879995 0.83882681493459998 1.2218329158400001 
 0 4 0.05263157894737 1 0.1052631578947 1 0.15789473684210001 1 0.21052631578950001 1 0.26315789473680001 1 0.31578947368420002 1 0.36842105263160002 1 0.42105263157889999 1 0.4736842105263 1 0.52631578947369995 1 0.57894736842109995 1 0.63157894736840003 1 0.68421052631580004 1 0.73684210526320004 1 0.78947368421050002 1 0.84210526315790002 1 0.89473684210530002 1 0.9473684210526 1 1 4
2 0 0 2.0699999999999998 0 0 -1 0.87758256189091599 -0.47942553860320869 0 -0.47942553860320869 -0.87758256189091599 -0 1.3999999999999999
2 0.94702493241800001 -0.55959251011699995 2.0699999999999998 0 0 1 0.86093175673561462 -0.50872046375600866 0 0.50872046375600866 0.86093175673561462 -0 0.29999999999999999
2 1.36756770387 0 2.0699999999999998 0 0 -1 -0.60077538763778349 -0.7994178717095779 -0 -0.7994178717095779 0.60077538763778349 0 0.40000000000000002
2 0 0 2.0699999999999998 0 0 -1 0.86093175674044831 -0.50872046374782853 0 -0.50872046374782853 -0.86093175674044831 -0 1.3999999999999999
2 0 0 2.0699999999999998 0 0 -1 -0.87677541524380265 -0.48090006365570143 -0 -0.48090006365570143 0.87677541524380265 0 1.3999999999999999
2 0.94702493241800001 -0.55959251011699995 2.0699999999999998 0 0 1 -0.36557721600500509 -0.93078101567341287 0 0.93078101567341287 -0.36557721600500509 0 0.29999999999999999
2 -0.96445295591799995 -0.52899007157199995 2.0699999999999998 0 0 1 -0.87677542481567861 -0.48090004620428822 0 0.48090004620428822 -0.87677542481567861 0 0.29999999999999999
2 -0.69092497013300003 -1.17333659402 2.0699999999999998 0 0 -1 -0.39075426602839475 0.92049503180658754 0 0.92049503180658754 0.39075426602839475 0 0.40000000000000002
2 0.00264416635036 -1.09914968014 2.0699999999999998 0 0 1 -0.99432797895482972 -0.10635727651460319 0 0.10635727651460319 -0.99432797895482972 0 0.297525515859
2 0.69112088195300003 -1.2111392213800001 2.0699999999999998 0 0 -1 -0.98702728424137143 0.16055260870849536 0 0.16055260870849536 0.98702728424137143 0 0.40000000000000002
1 0.83735176782559995 -0.83882681490709998 2.0699999999999998 1.2675869698759999e-10 -4.3630499872360002e-11 -1 
7 0 0  3 13 11  0.83735176793319999 -0.83882681494410005 1.221832915849  0.86553246032669995 -0.84989517459319996 1.2319304007730001  0.92431421476840003 -0.863130218537 1.2505865357920001  1.0121953591820001 -0.85656920253010005 1.272849967592  1.0917339536170001 -0.82699879589089997 1.2886639187190001  1.1622405505569999 -0.77467880184310001 1.2984949218699999  1.2147206776020001 -0.70415805341339999 1.301142454689  1.24485656166 -0.62151114296419996 1.29655075553  1.2499574856739999 -0.53547636628079998 1.2851292550890001  1.2320089037819999 -0.45411944396830001 1.2681610254760001  1.191428434523 -0.37861336066930001 1.2453297126380001  1.150548397478 -0.33727059604639997 1.2268119562090001  1.127257548749 -0.31976714863290001 1.216917977304 
 0 4 0.10000000000000001 1 0.20000000000000001 1 0.29999999999999999 1 0.40000000000000002 1 0.5 1 0.59999999999999998 1 0.69999999999999996 1 0.80000000000000004 1 0.90000000000000002 1 1 4
1 1.127257548774 -0.3197671486541 2.0699999999999998 -2.876567657626e-11 2.4804591687589999e-11 -1 
7 0 0  3 8 6  0.83735176793319999 -0.83882681494410005 1.221832915849  0.8104440051788 -0.82825841614969997 1.2121915371  0.75680560997250002 -0.81411133626349996 1.194890452903  0.68551438186339997 -0.80918197588480001 1.176275053428  0.61435183188980003 -0.81623004606969995 1.1620057116610001  0.54124001682919998 -0.83773105603599995 1.153115741755  0.49764471983359998 -0.86019601382940003 1.152037586279  0.47705370399160002 -0.87324094775390004 1.1526112571160001 
 0 4 0.20000000000000001 1 0.40000000000000002 1 0.59999999999999998 1 0.80000000000000004 1 1 4
7 0 0  3 11 9  0.47705370399160002 -0.87324094775390004 1.1526112571160001  0.46551861594209998 -0.88054872035599996 1.152932627547  0.44328223017579998 -0.89629477459939999 1.1542871104820001  0.41277560673930003 -0.92292698852590005 1.1583392830729999  0.38518670156590001 -0.95239182051180005 1.1642855001650001  0.36054324728069997 -0.98470927069710001 1.1720513582559999  0.33912004474759999 -1.0196464193649999 1.181497900426  0.32082446160110001 -1.0578370609559999 1.1927392853359999  0.30603719442350003 -1.0997198801820001 1.2058858691080001  0.29893961851340001 -1.130751909585 1.2161345969020001  0.29630996825930001 -1.1469181778819999 1.221592169085 
 0 4 0.125 1 0.25 1 0.375 1 0.5 1 0.625 1 0.75 1 0.875 1 1 4
1 0.29630996825770001 -1.1469181778869999 2.0699999999999998 1.7881963224159999e-12 5.299028311738e-12 -1 
1 -0.2931937785264 -1.1307936836179999 2.0699999999999998 -9.0390327764800007e-12 4.648604587782e-11 -1 
7 0 0  3 13 11  0.29630996825930001 -1.1469181778819999 1.221592169085  0.29138495285139998 -1.177195634104 1.231813538658  0.27236409172170001 -1.2349060892179999 1.250557910628  0.22163497384030001 -1.306412528406 1.2725199877740001  0.15613083607780001 -1.3586495757570001 1.2879378764989999  0.076303556768689995 -1.3916953245829999 1.2974239183009999  -0.0093553173953160006 -1.4005266446719999 1.2998812103420001  -0.094097339141389999 -1.384833602084 1.2953391369730001  -0.16983355614100001 -1.34625676816 1.2840790392650001  -0.2302979323886 -1.2903696689649999 1.2673326774789999  -0.27500087124110001 -1.217272546859 1.244531046366  -0.29003703898380001 -1.160305857754 1.2257357229629999  -0.2931937785341 -1.130793683579 1.215626357348 
 0 4 0.10000000000000001 1 0.20000000000000001 1 0.29999999999999999 1 0.40000000000000002 1 0.5 1 0.59999999999999998 1 0.69999999999999996 1 0.80000000000000004 1 0.90000000000000002 1 1 4
7 0 0  3 20 18  -0.2931937785341 -1.130793683579 1.215626357348  -0.29512035593090002 -1.1127822237189999 1.2094565498680001  -0.3012880128664 -1.078397741111 1.1979446855110001  -0.31549426804019998 -1.0327772037609999 1.183445443761  -0.33359505989389998 -0.99182668900939996 1.171253350418  -0.3549247034943 -0.95495319565290004 1.1611783187289999  -0.37943628149649999 -0.92126227284460005 1.1530004128860001  -0.40684745541270001 -0.89073845097820004 1.146769456621  -0.43734571772660003 -0.86307997143479998 1.142504781662  -0.47035135906550002 -0.83880735767079995 1.140358214663  -0.50589811731440004 -0.81790834087719999 1.1403728621989999  -0.5432028332155 -0.80086034662789995 1.1425555556610001  -0.58211680604430005 -0.78769152794340003 1.1468399561539999  -0.62218204368749996 -0.77856841927270004 1.1531069774980001  -0.66350280084119995 -0.77354322927719998 1.1613033011210001  -0.70611357834499999 -0.77283638788260001 1.171404202413  -0.75068245177750004 -0.77693681714980001 1.1836124852850001  -0.7974210940573 -0.78669805128140002 1.198116792158  -0.83051728687269999 -0.79804537051580005 1.2096549365139999  -0.84722667630079995 -0.80513858119570003 1.215841944116 
 0 4 0.05882352941176 1 0.1176470588235 1 0.17647058823530001 1 0.23529411764710001 1 0.2941176470588 1 0.35294117647060003 1 0.4117647058824 1 0.47058823529409999 1 0.52941176470590001 1 0.5882352941176 1 0.64705882352940003 1 0.70588235294120005 1 0.76470588235290005 1 0.82352941176469996 1 0.88235294117649998 1 0.94117647058819998 1 1 4
1 -0.84722667639210003 -0.80513858122909998 2.0699999999999998 1.0689105410460001e-10 3.9112002545869999e-11 -1 
2 -0.96445295591799995 -0.52899007157199995 2.0699999999999998 0 0 1 -0.65491782345669802 0.75570010223549766 0 -0.75570010223549766 -0.65491782345669802 0 0.29999999999999999
1 -1.160928302953 -0.30228004089869998 2.0699999999999998 1.5333743557040001e-12 3.9849030348589993e-13 -1 
7 0 0  3 13 11  -1.1609283029519999 -0.30228004089830002 1.2270736523270001  -1.183427988971 -0.32177910587410002 1.236786926278  -1.221901702314 -0.36686395616430001 1.2546300190819999  -1.2568837462860001 -0.44619343662170002 1.2756644120389999  -1.268384150096 -0.52906642429939998 1.290376542273  -1.2562947731859999 -0.61454990008279997 1.2991562985589999  -1.220418272656 -0.69319176317620002 1.3009658093950001  -1.1636962711559999 -0.75870238638819998 1.2957611803039999  -1.092212621861 -0.8045971562241 1.283958601528  -1.01375364506 -0.82872998064059999 1.2668409898090001  -0.92922509303269996 -0.8309519558074 1.244037938487  -0.87371489402470004 -0.81638294829839997 1.2256497713329999  -0.84722667630079995 -0.80513858119570003 1.215841944116 
 0 4 0.10000000000000001 1 0.20000000000000001 1 0.29999999999999999 1 0.40000000000000002 1 0.5 1 0.59999999999999998 1 0.69999999999999996 1 0.80000000000000004 1 0.90000000000000002 1 1 4
2 -0.96445295591799995 -0.52899007157199995 2.0699999999999998 0 0 1 -1 0 0 0 -1 0 0.29999999999999999
2 -1.42289543233 0 2.0699999999999998 0 0 -1 0.65491782344041083 0.75570010224961259 0 0.75570010224961259 -0.65491782344041083 0 0.40000000000000002
7 0 0  3 11 9  -1.1609283029519999 -0.30228004089830002 1.2270736523270001  -1.1357020917830001 -0.28041806779049999 1.2161833181420001  -1.093311118226 -0.23232026625800001 1.197061933002  -1.053401691965 -0.16000690281819999 1.1779816193199999  -1.0282258753819999 -0.081689946271570002 1.165464563842  -1.019477288791 0.0071585701973970002 1.161006745451  -1.0316167587459999 0.095717049817320002 1.167173786689  -1.0571088765100001 0.16760480085830001 1.1797822140230001  -1.0971477903489999 0.23728175578989999 1.1988242903540001  -1.137376791556 0.28186942491950001 1.2169062979059999  -1.160928302953 0.3022800408993 1.2270736523279999 
 0 4 0.125 1 0.25 1 0.375 1 0.5 1 0.625 1 0.75 1 0.875 1 1 4
1 -0.46185645001359998 0.84542256094320001 1.1410738073040001 0.45051264084329451 -0.82465785753958987 -0.34202014332289582 
1 0.47705370399160002 -0.87324094775390004 1.1526112571160001 -0.45051264084332804 0.82465785753985144 -0.3420201433222213 
7 0 0  3 20 18  1.1272575487630001 0.31976714864459999 1.216917977317  1.1129379621669999 0.30900574901189998 1.2108350007219999  1.0868258308159999 0.28635397248189998 1.199481425681  1.0551310503919999 0.25115240740200001 1.1851632121719999  1.029318449811 0.21496443578829999 1.1731102713329999  1.0085737692279999 0.17805651751330001 1.1631420791960001  0.99212985291699995 0.1400253387465 1.155047396764  0.97983960769699996 0.101108005384 1.148877366729  0.97154422873120005 0.061001430602910002 1.144651779698  0.96739473308250001 0.020454151099670002 1.1425186899999999  0.9673986811484 -0.020567210596089999 1.1425207419900001  0.97156909614029996 -0.061153799293429997 1.1446644951939999  0.97985859776490003 -0.1011788351686 1.148886998077  0.99217433074369998 -0.14014672923679999 1.155069531449  1.008613354442 -0.1781334236655 1.1631613096360001  1.0293646710990001 -0.21503690801129999 1.1731321672420001  1.055161103531 -0.25118524426069999 1.185176785241  1.086807708074 -0.28633417663889998 1.1994732426750001  1.1129265760360001 -0.30899719214959998 1.2108301638729999  1.127257548749 -0.31976714863290001 1.216917977304 
 0 4 0.05882352941176 1 0.1176470588235 1 0.17647058823530001 1 0.23529411764710001 1 0.2941176470588 1 0.35294117647060003 1 0.4117647058824 1 0.47058823529409999 1 0.52941176470590001 1 0.5882352941176 1 0.64705882352940003 1 0.70588235294120005 1 0.76470588235290005 1 0.82352941176469996 1 0.88235294117649998 1 0.94117647058819998 1 1 4
2 0 0 -1.350031197944e-13 0 0 1 0.87758256189115325 -0.47942553860277448 0 0.47942553860277448 0.87758256189115325 -0 3.4999999999979998
1 -2.986730413843 1.631658261576 1.1045868913000001 -0.076486360004443796 0.041784688908242079 -0.99619469809174954 
1 2.986730413843 -1.6316582615749999 1.1045868913000001 0.076486360004773379 -0.041784688907771844 -0.99619469809174388 
2 0 0 -1.847411112976e-13 0 0 1 -0.87758256189080885 0.47942553860340481 0 -0.47942553860340481 -0.87758256189080885 0 3.4999999999979998
2 0 0 -1.350031197944e-13 0 0 1 -1 0 0 0 -1 0 3.4999999999979998
2 0 0 0 0 0 -1 0.87758256188992878 -0.47942553860501569 0 -0.47942553860501569 -0.87758256188992878 -0 1.8
2 0 0 0 0 0 -1 -0.87758256188992878 0.47942553860501569 0 0.47942553860501569 0.87758256188992878 0 1.8
2 -1.5796486114020001 0.86296596948899995 -0.10000000000000001 0.47942553860501569 0.87758256188992878 0 0 -0 1 0.87758256188992878 -0.47942553860501569 -0 0.10000000000000001
2 1.5796486114029999 -0.86296596948750004 -0.10000000000000001 -0.47942553860418924 -0.87758256189038031 0 0 0 1 -0.87758256189038031 0.47942553860418924 0 0.10000000000000001
2 0 0 -0.10000000000000001 0 0 -1 0.87758256189038031 -0.47942553860418924 0 -0.47942553860418924 -0.87758256189038031 -0 1.7
2 0 0 -0.10000000000000001 0 0 -1 -0.87758256188992878 0.47942553860501569 0 0.47942553860501569 0.87758256188992878 0 1.7
2 0 0 -1 0 0 1 0.87758256188992878 -0.47942553860501569 0 0.47942553860501569 0.87758256188992878 -0 1.7
1 -1.4918903552130001 0.8150234156285 -0.10000000000000001 0 0 -1 
1 1.4918903552139999 -0.81502341562710001 -0.10000000000000001 -2.8446381053170001e-13 -5.2057124043540013e-13 -1 
2 0 0 -1 0 0 1 -0.87758256188992878 0.47942553860501569 0 -0.47942553860501569 -0.87758256188992878 0 1.7
2 0 0 -1 0 0 1 -1 0 0 0 -1 0 1.7
2 0 0 -1 0 0 -1 0.87758256189070172 -0.47942553860360088 0 -0.47942553860360088 -0.87758256189070172 -0 1.75
2 0 0 -1 0 0 -1 -0.87758256189070172 0.47942553860360088 0 0.47942553860360088 0.87758256189070172 0 1.75
1 1.535769483261 -0.83899469264290005 -15.800000000000001 3.1705569101080001e-12 5.8036383506800002e-12 1 
1 -1.5357694832819999 0.83899469260600001 -1 2.717045807562e-12 4.9735290960710003e-12 -1 
2 0 0 -15.800000000000001 0 0 1 -0.87758256186742289 0.47942553864621251 0 -0.47942553864621251 -0.87758256186742289 0 1.75
2 0 0 -15.800000000000001 0 0 1 0 -1 0 1 0 -0 1.75
1 1.535769483261 -0.83899469264290005 -15.800000000000001 -0.62054458059310236 0.33900504936740128 -0.70710678118650272 
1 -1.535769483241 0.83899469267960003 -15.800000000000001 0.62054458052211592 -0.3390050494973087 -0.70710678118651815 
2 0 0 -16 0 0 1 -0.87758256189070172 0.47942553860360088 0 -0.47942553860360088 -0.87758256189070172 0 1.55
2 0 0 -16 0 0 1 0 -1 0 1 0 -0 1.55
2 0 0 -16 0 0 1 0.87758256189070172 -0.47942553860360088 0 0.47942553860360088 0.87758256189070172 -0 1.55
2 0 0 -16 0 0 1 0 1 0 -1 0 0 1.55
2 0 0 -15.800000000000001 0 0 1 0 1 0 -1 0 0 1.75
2 0 0 -15.800000000000001 0 0 1 0.87758256189038031 -0.47942553860418924 0 0.47942553860418924 0.87758256189038031 -0 1.75
Polygon3D 0
PolygonOnTriangulations 0
Surfaces 36
5 0 0 1 0 0 -1 0.87758256189038031 -0.47942553860418924 0 -0.47942553860418924 -0.87758256189038031 -0 2.2079275314200002 1.2
3 0 0 0.55229344564990002 0 0 -1 0.87758256189038031 -0.47942553860418924 0 -0.47942553860418924 -0.87758256189038031 -0 3.451680584564
0.087266462599682543
5 0 0 1 0 0 -1 0.87758256189038031 -0.47942553860418924 0 -0.47942553860418924 -0.87758256189038031 -0 2.2079275314200002 1.2
1 1.3999999999999999 0 2.2000000000000002 0 0 -1 1 0 0 0 -1 0 
3 0 0 0.55229344564990002 0 0 -1 0.87758256189038031 -0.47942553860418924 0 -0.47942553860418924 -0.87758256189038031 -0 3.451680584564
0.087266462599682543
2 0 0 -1.9650000000000001 0 0 -1 0.87758256189038031 -0.47942553860418924 0 -0.47942553860418924 -0.87758256189038031 -0 1.3999999999999999
2 0 0 -1.9650000000000001 0 0 -1 0.87758256189038031 -0.47942553860418924 0 -0.47942553860418924 -0.87758256189038031 -0 1.3999999999999999
1 1.3999999999999999 0 2.0699999999999998 0 0 -1 1 0 0 0 -1 0 
2 -0.96445295591799995 0.52899007157199995 1.3952 0 0 1 0.39075426540591418 0.92049503207083327 -0 -0.92049503207083327 0.39075426540591418 0 0.29999999999999999
1 1.3999999999999999 0 2.0699999999999998 0 0 -1 1 0 0 0 -1 0 
2 0.94702493241800001 0.55959251011699995 1.3952 0 0 1 0.60077538779010464 -0.79941787159510613 0 0.79941787159510613 0.60077538779010464 -0 0.29999999999999999
2 0.69112088195300003 1.2111392213800001 1.3952 0 0 1 -0.98702728423478314 -0.16055260874899724 0 0.16055260874899727 -0.98702728423478325 0 0.40000000000000002
2 0.00264416635036 1.09914968014 1.3952 0 0 1 0.98702728423478314 0.16055260874899724 -0 -0.16055260874899727 0.98702728423478325 0 0.297525515859
2 -0.69092497013300003 1.17333659402 1.3952 0 0 1 -0.39075426540591418 -0.92049503207083327 0 0.92049503207083327 -0.39075426540591418 0 0.40000000000000002
3 0 0 1.0503605990260001 0 0 1 0.47942553860418924 -0.87758256189038031 0 0.87758256189038031 0.47942553860418924 -0 0.71412138282659998
1.2217304763998142
2 -1.42289543233 0 1.3952 0 0 1 0.65491782344528793 -0.75570010224538609 0 0.75570010224538609 0.65491782344528793 -0 0.40000000000000002
1 1.3999999999999999 0 2.0699999999999998 0 0 -1 1 0 0 0 -1 0 
3 0 0 1.0503329481320001 0 0 1 0.47942553860418924 -0.87758256189038031 0 0.87758256189038031 0.47942553860418924 -0 0.71404541262090004
1.2217304763998142
2 1.36756770387 0 1.3952 0 0 1 -0.60077538779010464 0.79941787159510613 0 -0.79941787159510613 -0.60077538779010464 0 0.40000000000000002
2 0.94702493241800001 -0.55959251011699995 1.3952 0 0 1 -0.36557721494990686 -0.93078101608781738 0 0.93078101608781738 -0.36557721494990686 0 0.29999999999999999
1 1.3999999999999999 0 2.0699999999999998 0 0 -1 1 0 0 0 -1 0 
2 -0.96445295591799995 -0.52899007157199995 1.3952 0 0 1 -0.65491782344528793 0.75570010224538609 0 -0.75570010224538609 -0.65491782344528793 0 0.29999999999999999
2 -0.69092497013300003 -1.17333659402 1.3952 0 0 1 0.99432797899821446 0.10635727610900154 -0 -0.10635727610900154 0.99432797899821446 0 0.40000000000000002
2 0.00264416635036 -1.09914968014 1.3952 0 0 1 -0.99432797899821446 -0.10635727610900154 0 0.10635727610900154 -0.99432797899821446 0 0.297525515859
2 0.69112088195300003 -1.2111392213800001 1.3952 0 0 1 0.36557721494990686 0.93078101608781738 -0 -0.93078101608781738 0.36557721494990686 0 0.40000000000000002
1 3.5 0 0 0 0 -1 1 0 0 0 -1 0 
5 0 0 -0.10000000000000001 0 0 -1 0.87758256189038031 -0.47942553860418924 0 -0.47942553860418924 -0.87758256189038031 -0 1.8 0.10000000000000001
5 0 0 -0.10000000000000001 0 0 -1 0.87758256189038031 -0.47942553860418924 0 -0.47942553860418924 -0.87758256189038031 -0 1.8 0.10000000000000001
2 0 0 -1.9650000000000001 0 0 -1 0.87758256189038031 -0.47942553860418924 0 -0.47942553860418924 -0.87758256189038031 -0 1.7
2 0 0 -1.9650000000000001 0 0 -1 0.87758256189038031 -0.47942553860418924 0 -0.47942553860418924 -0.87758256189038031 -0 1.7
1 1.7 0 -1 0 0 -1 1 0 0 0 -1 0 
2 0 0 -1.9650000000000001 0 0 -1 0.87758256189038031 -0.47942553860418924 0 -0.47942553860418924 -0.87758256189038031 -0 1.75
2 0 0 -1.9650000000000001 0 0 -1 0.87758256189038031 -0.47942553860418924 0 -0.47942553860418924 -0.87758256189038031 -0 1.75
3 0 0 -15.9 0 0 1 0 -1 0 1 0 -0 1.6499999999999999
0.78539816339729995
3 0 0 -15.9 0 0 1 0 -1 0 1 0 -0 1.6499999999999999
0.78539816339729995
1 0 0 -16 0 0 1 1 0 -0 -0 1 0 
Triangulations 0

TShapes 234
Ve
1e-07
2.986730413843 -1.631658261575 1.1045868913
0 0

0101101
*
Ve
1e-07
-2.986730413843 1.631658261576 1.1045868913
0 0

0101101
*
Ed
 1e-07 1 1 0
1  1 0 0 3.14159265358979
2  1 1 0 0 3.14159265358979
2  2 2 0 0 3.14159265358979
4 G1 1 0 2 0
0

0101000
+234 0 -233 0 *
Ve
1e-07
1.937638699491 -1.058536845951 2.2
0 0

0101101
*
Ed
 1e-07 1 1 0
1  2 0 0 1.48352986419282
2  3 1 0 0 1.48352986419282
2  4 3 0 0 1.48352986419282
4 CN 1 0 3 0
0

0101000
+231 0 -234 0 *
Ve
1e-07
-1.937638699492 1.058536845951 2.2
0 0

0101101
*
Ed
 1e-07 1 1 0
1  3 0 0 3.14159265358979
2  5 1 0 0 3.14159265358979
4 G1 1 0 4 0
0

0101000
+231 0 -229 0 *
Ed
 1e-07 1 1 0
1  4 0 0 1.48352986419282
2  6 1 0 0 1.48352986419282
2  7 3 0 0 1.48352986419282
4 CN 1 0 3 0
0

0101000
+229 0 -233 0 *
Wi

0101100
-232 0 -230 0 +228 0 +227 0 *
Fa
0  1e-07 1 0

0111000
+226 0 *
Ed
 1e-07 1 1 0
1  5 0 0 3.14159265358979
2  8 3 0 0 3.14159265358979
2  9 5 0 0 3.14159265358979
4 G1 3 0 5 0
0

0101000
+233 0 -234 0 *
Ed
 1e-07 1 1 0
1  6 0 0 3.14159265358979
2  10 3 0 0 3.14159265358979
4 G1 3 0 4 0
0

0101000
+229 0 -231 0 *
Wi

0101100
-224 0 -227 0 +223 0 +230 0 *
Fa
0  1e-07 3 0

0111000
+222 0 *
Wi

0101100
+228 0 +223 0 *
Ve
1e-07
1.228615586647 -0.6711957540446 2.2
0 0

0101101
*
Ve
2.71969379227454e-06
-1.228615586647 0.6711957540445 2.2
0 0

0101101
*
Ed
 1e-07 1 1 0
1  7 0 0 3.14159265358979
2  11 6 0 0 3.14159265358979
4 C0 4 0 6 0
0

0101000
+219 0 -218 0 *
Ve
1e-07
-1.4 0 2.2
0 0

0101101
*
Ed
 1e-07 1 1 0
1  8 0 0 0.499999999998867
2  12 7 0 0 0.499999999998867
4 C0 4 0 7 0
0

0101000
+218 0 -216 0 *
Ed
 1e-07 1 1 0
1  9 0 0 2.64159265359076
2  13 7 0 0 2.64159265359076
4 C0 4 0 7 0
0

0101000
+216 0 -219 0 *
Wi

0101100
+217 0 +215 0 +214 0 *
Fa
0  1e-07 4 0

0101000
+220 0 +213 0 *
Ve
7.25251590403884e-06
-1.227485580252 0.6732600911041 2.07
0 0

0101101
*
Ve
1e-07
1.205304459452 0.7122086492216 2.07
0 0

0101101
*
Ed
 1e-07 1 1 0
1  10 0 0 2.10621375308259
2  14 6 0 0 2.10621375308259
4 C0 6 0 8 0
0

0101000
+211 0 -210 0 *
Ve
7.25251590403884e-06
-1.228609200599 0.6711923162666 2.07
0 0

0101101
*
Ed
 7.25251590403884e-06 1 1 0
1  11 0 0 0.00784449124613989
2  15 6 0 0 0.00784449124613989
2  16 9 0 0 0.00784449124613989
4 C1 6 0 9 0
0

0101000
+208 0 -211 0 *
Ed
 2.71969379227454e-06 1 1 0
1  12 0 -7.82332164886383e-16 0.130000000123281
2  17 6 0 -7.82332164886383e-16 0.130000000123281
2  18 7 0 -7.82332164886383e-16 0.130000000123281
4 CN 6 0 7 0
0

0101000
+218 0 -208 0 *
Ve
1e-07
1.228615586647 -0.6711957540454 2.07
0 0

0101101
*
Ed
 1e-07 1 1 0
1  13 0 0 0.13
2  19 6 0 0 0.13
2  20 7 0 0 0.13
4 CN 6 0 7 0
0

0101000
+205 0 -219 0 *
Ed
 1e-07 1 1 0
1  14 0 0 1.03369791391777
2  21 6 0 0 1.03369791391777
4 C0 6 0 10 0
0

0101000
+210 0 -205 0 *
Wi

0101100
-209 0 -207 0 -206 0 -217 0 -204 0 -203 0 *
Fa
0  1e-07 6 0

0111000
+202 0 *
Ve
1e-07
-0.8472266765437 0.8051385812983 2.07
0 0

0101101
*
Ed
 1e-07 1 1 0
1  15 0 0 1.47056620238561
2  22 9 0 0 1.47056620238561
4 C0 8 0 9 0
0

0101000
+200 0 -211 0 *
Ve
1e-07
0.8373517676161 0.8388268148189 2.07
0 0

0101101
*
Ed
 1e-07 1 1 0
1  16 0 0 1.41135128212644
2  23 11 0 0 1.41135128212644
4 C0 8 0 11 0
0

0101000
+210 0 -198 0 *
Ve
1e-07
0.2963099682563 1.146918177897 2.07
0 0

0101101
*
Ed
 1e-07 1 1 0
1  17 0 0 1.7837986947391
2  24 12 0 0 1.7837986947391
4 C0 8 0 12 0
0

0101000
+198 0 -196 0 *
Ve
1e-07
-0.2931937785216 1.130793683697 2.07
0 0

0101101
*
Ed
 1e-07 1 1 0
1  18 0 0 2.87378333348943
2  25 13 0 0 2.87378333348943
4 C0 8 0 13 0
0

0101000
+196 0 -194 0 *
Ed
 1e-07 1 1 0
1  19 0 0 1.86568837054539
2  26 14 0 0 1.86568837054539
4 C0 8 0 14 0
0

0101000
+194 0 -200 0 *
Wi

0101100
+199 0 +209 0 +197 0 +195 0 +193 0 +192 0 *
Fa
0  1e-07 8 0

0111000
+191 0 *
Ve
0.000333457670751985
-0.847226676303 0.8051385811955 1.215841944122
0 0

0101101
*
Ed
 1e-07 1 1 0
1  20 0 -1.72496247220017e-20 0.854158055878
2  27 9 0 -1.72496247220017e-20 0.854158055878
2  28 14 0 -1.72496247220017e-20 0.854158055878
4 G1 9 0 14 0
0

0101000
+200 0 -189 0 *
Ve
0.000333457670751985
-1.160928302953 0.3022800408993 1.227073652328
0 0

0101101
*
Ed
 0.000333457670751985 1 1 0
1  21 0 0 1
2  29 9 0 0 1
2  30 15 0 0 1
4 C0 9 0 15 0
0

0101000
+189 0 -187 0 *
Ve
1e-07
-1.160928302954 0.3022800408994 2.07
0 0

0101101
*
Ed
 1e-07 1 1 0
1  22 0 0 0.842926347672
2  31 9 0 0 0.842926347672
2  32 16 0 0 0.842926347672
4 G1 9 0 16 0
0

0101000
+185 0 -187 0 *
Ve
1e-07
-1.264452955918 0.528990071572 2.07
0 0

0101101
*
Ed
 1e-07 1 1 0
1  23 0 0 0.856722453718357
2  33 9 0 0 0.856722453718357
4 C0 9 0 17 0
0

0101000
+183 0 -185 0 *
Ed
 1e-07 1 1 0
1  24 0 0 0.493836532639504
2  34 9 0 0 0.493836532639504
4 C0 9 0 17 0
0

0101000
+208 0 -183 0 *
Wi

0101100
+207 0 -199 0 +188 0 +186 0 -184 0 -182 0 -181 0 *
Fa
0  1e-07 9 0

0111000
+180 0 *
Ve
3.8990683217208e-06
-0.4618564500136 0.8454225609432 1.141073807304
0 0

0101101
*
Ed
 3.09788881901592e-06 1 1 0
1  25 0 0 1
2  35 14 0 0 1
2  36 15 0 0 1
4 C0 14 0 15 0
0

0101000
+189 0 -178 0 *
Ve
3.99925620017902e-05
-0.2931937785333 1.130793683586 1.21562635735
0 0

0101101
*
Ed
 3.8990683217208e-06 1 1 0
1  26 0 0 1
2  37 14 0 0 1
2  38 18 0 0 1
4 C0 14 0 18 0
0

0101000
+178 0 -176 0 *
Ed
 1e-07 1 1 0
1  27 0 -3.30546462505612e-21 0.85437364265
2  39 14 0 -3.30546462505612e-21 0.85437364265
2  40 13 0 -3.30546462505612e-21 0.85437364265
4 G1 14 0 13 0
0

0101000
+194 0 -176 0 *
Wi

0101100
+177 0 +175 0 -174 0 +192 0 +188 0 *
Fa
0  1e-07 14 0

0111000
+173 0 *
Ve
3.99925620017902e-05
0.2963099682594 1.146918177881 1.221592169085
0 0

0101101
*
Ed
 1e-07 1 1 0
1  28 0 -6.51198282790118e-23 0.848407830915
2  41 13 0 -6.51198282790118e-23 0.848407830915
2  42 12 0 -6.51198282790118e-23 0.848407830915
4 G1 13 0 12 0
0

0101000
+196 0 -171 0 *
Ed
 3.99925620017902e-05 1 1 0
1  29 0 0 1
2  43 13 0 0 1
2  44 18 0 0 1
4 C0 13 0 18 0
0

0101000
+171 0 -176 0 *
Wi

0101100
-193 0 +170 0 +169 0 -174 0 *
Fa
0  1e-07 13 0

0111000
+168 0 *
Ve
4.92737983246284e-06
0.8373517679088 0.8388268149346 1.22183291584
0 0

0101101
*
Ed
 4.92737983246284e-06 1 1 0
1  30 0 0 1
2  45 12 0 0 1
2  46 18 0 0 1
4 C0 12 0 18 0
0

0101000
+171 0 -166 0 *
Ed
 1e-07 1 1 0
1  31 0 -2.69184993223643e-20 0.84816708416
2  47 12 0 -2.69184993223643e-20 0.84816708416
2  48 11 0 -2.69184993223643e-20 0.84816708416
4 G1 12 0 11 0
0

0101000
+198 0 -166 0 *
Wi

0101100
+165 0 -164 0 +195 0 +170 0 *
Fa
0  1e-07 12 0

0111000
+163 0 *
Ve
1e-07
1.127257548817 0.3197671486854 2.07
0 0

0101101
*
Ed
 1e-07 1 1 0
1  32 0 0 1.46002354416819
2  49 11 0 0 1.46002354416819
4 C0 11 0 10 0
0

0101000
+161 0 -210 0 *
Ve
4.91586859108115e-06
1.127257548763 0.3197671486446 1.216917977317
0 0

0101101
*
Ed
 1e-07 1 1 0
1  33 0 -9.66960793490764e-22 0.853082022683
2  50 11 0 -9.66960793490764e-22 0.853082022683
2  51 19 0 -9.66960793490764e-22 0.853082022683
4 G1 11 0 19 0
0

0101000
+161 0 -159 0 *
Ed
 2.5794085589092e-06 1 1 0
1  34 0 0 1
2  52 11 0 0 1
2  53 18 0 0 1
4 C0 11 0 18 0
0

0101000
+159 0 -166 0 *
Wi

0101100
-160 0 +158 0 +157 0 -164 0 -197 0 *
Fa
0  1e-07 11 0

0111000
+156 0 *
Ve
1e-07
1.205304459439 -0.7122086492437 2.07
0 0

0101101
*
Ed
 1e-07 1 1 0
1  35 0 0 0.0336979139289734
2  54 7 0 0 0.0336979139289734
4 C0 10 0 7 0
0

0101000
+205 0 -154 0 *
Ve
1e-07
1.127257548815 -0.3197671486836 2.07
0 0

0101101
*
Ed
 1e-07 1 1 0
1  36 0 0 1.4600235442647
2  55 20 0 0 1.4600235442647
4 C0 10 0 20 0
0

0101000
+154 0 -152 0 *
Ed
 1e-07 1 1 0
1  37 0 0 1.85265126153701
2  56 19 0 0 1.85265126153701
4 C0 10 0 19 0
0

0101000
+152 0 -161 0 *
Wi

0101100
+160 0 +203 0 +153 0 +151 0 +150 0 *
Fa
0  1e-07 10 0

0111000
+149 0 *
Ve
1e-07
-1.227485583362 -0.6732600854331 2.07
0 0

0101101
*
Ed
 1e-07 1 1 0
1  38 0 0 2.10621375768122
2  57 7 0 0 2.10621375768122
4 C0 7 0 21 0
0

0101000
+154 0 -147 0 *
Ed
 1e-07 1 1 0
1  39 0 0 1.0016810169078
2  58 7 0 0 1.0016810169078
4 C0 7 0 17 0
0

0101000
+147 0 -208 0 *
Wi

0101100
-146 0 -153 0 +204 0 -214 0 -215 0 +206 0 -145 0 *
Fa
0  1e-07 7 0

0111000
+144 0 *
Ve
1e-07
0.8373517676165 -0.838826814819 2.07
0 0

0101101
*
Ed
 1e-07 1 1 0
1  40 0 0 1.41135128204017
2  59 20 0 0 1.41135128204017
4 C0 21 0 20 0
0

0101000
+142 0 -154 0 *
Ve
1e-07
-0.8472266765439 -0.8051385812984 2.07
0 0

0101101
*
Ed
 1e-07 1 1 0
1  41 0 0 1.47056622394467
2  60 22 0 0 1.47056622394467
4 C0 21 0 22 0
0

0101000
+147 0 -140 0 *
Ve
1e-07
-0.2931937785205 -1.1307936837 2.07
0 0

0101101
*
Ed
 1e-07 1 1 0
1  42 0 0 1.86568837055444
2  61 23 0 0 1.86568837055444
4 C0 21 0 23 0
0

0101000
+140 0 -138 0 *
Ve
1e-07
0.2963099682566 -1.146918177897 2.07
0 0

0101101
*
Ed
 1e-07 1 1 0
1  43 0 0 2.87378333347972
2  62 24 0 0 2.87378333347972
4 C0 21 0 24 0
0

0101000
+138 0 -136 0 *
Ed
 1e-07 1 1 0
1  44 0 0 1.78379869473915
2  63 25 0 0 1.78379869473915
4 C0 21 0 25 0
0

0101000
+136 0 -142 0 *
Wi

0101100
+141 0 +146 0 +139 0 +137 0 +135 0 +134 0 *
Fa
0  1e-07 21 0

0111000
+133 0 *
Ve
4.51228903720968e-05
0.8373517679332 -0.8388268149441 1.221832915849
0 0

0101101
*
Ed
 1e-07 1 1 0
1  45 0 -3.03490842219083e-20 0.848167084151
2  64 20 0 -3.03490842219083e-20 0.848167084151
2  65 25 0 -3.03490842219083e-20 0.848167084151
4 G1 20 0 25 0
0

0101000
+142 0 -131 0 *
Ve
4.04004127246555e-05
1.127257548749 -0.3197671486329 1.216917977304
0 0

0101101
*
Ed
 4.04004127246555e-05 1 1 0
1  46 0 0 1
2  66 20 0 0 1
2  67 18 0 0 1
4 C0 20 0 18 0
0

0101000
+131 0 -129 0 *
Ed
 1e-07 1 1 0
1  47 0 -1.91113118282963e-21 0.853082022696
2  68 20 0 -1.91113118282963e-21 0.853082022696
2  69 19 0 -1.91113118282963e-21 0.853082022696
4 G1 20 0 19 0
0

0101000
+152 0 -129 0 *
Wi

0101100
-141 0 +130 0 +128 0 -127 0 -151 0 *
Fa
0  1e-07 20 0

0111000
+126 0 *
Ve
4.51228903720968e-05
0.4770537039916 -0.8732409477539 1.152611257116
0 0

0101101
*
Ed
 4.51228903720968e-05 1 1 0
1  48 0 0 1
2  70 25 0 0 1
2  71 18 0 0 1
4 C0 25 0 18 0
0

0101000
+131 0 -124 0 *
Ve
4.10848088784202e-05
0.2963099682593 -1.146918177882 1.221592169085
0 0

0101101
*
Ed
 3.4177409579634e-06 1 1 0
1  49 0 0 1
2  72 25 0 0 1
2  73 15 0 0 1
4 C0 25 0 15 0
0

0101000
+124 0 -122 0 *
Ed
 1e-07 1 1 0
1  50 0 -5.49573195015987e-23 0.848407830915
2  74 25 0 -5.49573195015987e-23 0.848407830915
2  75 24 0 -5.49573195015987e-23 0.848407830915
4 G1 25 0 24 0
0

0101000
+136 0 -122 0 *
Wi

0101100
+123 0 +121 0 -120 0 +134 0 +130 0 *
Fa
0  1e-07 25 0

0111000
+119 0 *
Ve
4.10848088784202e-05
-0.2931937785341 -1.130793683579 1.215626357348
0 0

0101101
*
Ed
 1e-07 1 1 0
1  51 0 -3.86519465282064e-21 0.854373642652
2  76 24 0 -3.86519465282064e-21 0.854373642652
2  77 23 0 -3.86519465282064e-21 0.854373642652
4 G1 24 0 23 0
0

0101000
+138 0 -117 0 *
Ed
 4.10848088784202e-05 1 1 0
1  52 0 0 1
2  78 24 0 0 1
2  79 15 0 0 1
4 C0 24 0 15 0
0

0101000
+122 0 -117 0 *
Wi

0101100
-135 0 +116 0 -115 0 -120 0 *
Fa
0  1e-07 24 0

0111000
+114 0 *
Ve
3.62368304635557e-05
-0.8472266763008 -0.8051385811957 1.215841944116
0 0

0101101
*
Ed
 5.13102827849063e-06 1 1 0
1  53 0 0 1
2  80 23 0 0 1
2  81 15 0 0 1
4 C0 23 0 15 0
0

0101000
+117 0 -112 0 *
Ed
 1e-07 1 1 0
1  54 0 -1.89365260047059e-20 0.854158055884
2  82 23 0 -1.89365260047059e-20 0.854158055884
2  83 22 0 -1.89365260047059e-20 0.854158055884
4 G1 23 0 22 0
0

0101000
+140 0 -112 0 *
Wi

0101100
+111 0 -110 0 +137 0 +116 0 *
Fa
0  1e-07 23 0

0111000
+109 0 *
Ve
1e-07
-1.160928302955 -0.3022800409013 2.07
0 0

0101101
*
Ve
1e-07
-1.264452955918 -0.528990071572 2.07
0 0

0101101
*
Ed
 1e-07 1 1 0
1  55 0 0 0.856722453711556
2  84 22 0 0 0.856722453711556
4 C0 22 0 17 0
0

0101000
+107 0 -106 0 *
Ve
9.88779943043577e-05
-1.160928302952 -0.3022800408983 1.227073652327
0 0

0101101
*
Ed
 1e-07 1 1 0
1  56 0 -4.10276813200696e-24 0.842926347673
2  85 22 0 -4.10276813200696e-24 0.842926347673
2  86 16 0 -4.10276813200696e-24 0.842926347673
4 G1 22 0 16 0
0

0101000
+107 0 -104 0 *
Ed
 3.62368304635557e-05 1 1 0
1  57 0 0 1
2  87 22 0 0 1
2  88 15 0 0 1
4 C0 22 0 15 0
0

0101000
+104 0 -112 0 *
Ed
 1e-07 1 1 0
1  58 0 0 0.50168096507619
2  89 22 0 0 0.50168096507619
4 C0 22 0 17 0
0

0101000
+106 0 -147 0 *
Wi

0101100
-105 0 +103 0 +102 0 -110 0 -139 0 -101 0 *
Fa
0  1e-07 22 0

0111000
+100 0 *
Ed
 1e-07 1 1 0
1  59 0 0 1.7134449074708
2  90 16 0 0 1.7134449074708
4 C0 17 0 16 0
0

0101000
+185 0 -107 0 *
Wi

0101100
+101 0 +145 0 +181 0 +182 0 +98 0 +105 0 *
Fa
0  1e-07 17 0

0111000
+97 0 *
Ed
 9.88779943043577e-05 1 1 0
1  60 0 0 1
2  91 16 0 0 1
2  92 15 0 0 1
4 C0 16 0 15 0
0

0101000
+104 0 -187 0 *
Wi

0101100
+95 0 -184 0 +98 0 +103 0 *
Fa
0  1e-07 16 0

0111000
+94 0 *
Ve
1e-07
0 0 0.7904416720272
0 0

0101101
*
Ed
 1e-07 1 1 0
1  61 0 0 1.02517977997017
2  93 15 0 0 1.02517977997017
2  94 18 0 0 1.02517977997017
4 G2 15 0 18 0
0

0101000
+178 0 -92 0 *
Ed
 1e-07 1 1 1
2  95 15 0 0 3.14159265358941
0

0101000
+92 0 -92 0 *
Ed
 1e-07 1 1 0
1  62 0 0 1.05891302649917
2  96 15 0 0 1.05891302649917
2  97 18 0 0 1.05891302649917
4 G2 15 0 18 0
0

0101000
+124 0 -92 0 *
Wi

0101100
+95 0 -186 0 +177 0 +91 0 +90 0 -89 0 +121 0 +115 0 +111 0 -102 0 
*
Fa
0  1e-07 15 0

0111000
+88 0 *
Ed
 4.91586859108115e-06 1 1 0
1  63 0 0 1
2  98 18 0 0 1
2  99 19 0 0 1
4 C0 18 0 19 0
0

0101000
+159 0 -129 0 *
Ed
 1e-07 1 1 1
2  100 18 0 0 3.14159265359017
0

0101000
+92 0 -92 0 *
Wi

0101100
+86 0 -128 0 +123 0 +89 0 +85 0 -91 0 +175 0 -169 0 +165 0 -157 0 
*
Fa
0  1e-07 18 0

0111000
+84 0 *
Wi

0101100
+86 0 -127 0 +150 0 +158 0 *
Fa
0  1e-07 19 0

0111000
+82 0 *
Ve
1e-07
3.071538966615 -1.677989385112 -9.481304630299e-14
0 0

0101101
*
Ve
1e-07
-3.071538966614 1.677989385114 -1.06581410364e-13
0 0

0101101
*
Ed
 1e-07 1 1 0
1  64 0 0 3.14159265358803
2  101 5 0 0 3.14159265358803
4 C0 5 0 26 0
0

0101000
+80 0 -79 0 *
Ed
 1e-07 1 1 0
1  65 0 0 1.10880623377732
2  102 5 0 0 1.10880623377732
2  103 2 0 0 1.10880623377732
4 CN 5 0 2 0
0

0101000
+233 0 -79 0 *
Ed
 1e-07 1 1 0
1  66 0 0 1.10880623377734
2  104 5 0 0 1.10880623377734
2  105 2 0 0 1.10880623377734
4 CN 5 0 2 0
0

0101000
+234 0 -80 0 *
Wi

0101100
+78 0 -77 0 +224 0 +76 0 *
Fa
0  1e-07 5 0

0111000
+75 0 *
Ve
1e-07
-3.499999999998 0 -1.350031197944e-13
0 0

0101101
*
Ed
 1e-07 1 1 0
1  67 0 0 0.49999999999909
2  106 2 0 0 0.49999999999909
4 C0 2 0 26 0
0

0101000
+79 0 -73 0 *
Ed
 1e-07 1 1 0
1  68 0 0 2.64159265359029
2  107 2 0 0 2.64159265359029
4 C0 2 0 26 0
0

0101000
+73 0 -80 0 *
Wi

0101100
+72 0 +71 0 -76 0 +232 0 +77 0 *
Fa
0  1e-07 2 0

0111000
+70 0 *
Wi

0101100
+78 0 +72 0 +71 0 *
Ve
1e-07
1.579648611402 -0.862965969489 0
0 0

0101101
*
Ve
1e-07
-1.579648611402 0.862965969489 0
0 0

0101101
*
Ed
 1e-07 1 1 0
1  69 0 0 3.14159265358979
2  108 27 0 0 3.14159265358979
4 G1 26 0 27 0
0

0101000
+67 0 -66 0 *
Ed
 1e-07 1 1 0
1  70 0 0 3.14159265358979
2  109 28 0 0 3.14159265358979
4 G1 26 0 28 0
0

0101000
+66 0 -67 0 *
Wi

0101100
+65 0 +64 0 *
Fa
0  1e-07 26 0

0111000
-68 0 -63 0 *
Ve
1e-07
-1.491890355213 0.8150234156285 -0.1
0 0

0101101
*
Ed
 1e-07 1 1 0
1  71 0 0 1.5707963267949
2  110 27 0 0 1.5707963267949
2  111 28 0 0 1.5707963267949
4 CN 27 0 28 0
0

0101000
+66 0 -61 0 *
Ve
1e-07
1.491890355214 -0.8150234156271 -0.1
0 0

0101101
*
Ed
 1e-07 1 1 0
1  72 0 0 1.5707963267949
2  112 27 0 0 1.5707963267949
2  113 28 0 0 1.5707963267949
4 CN 27 0 28 0
0

0101000
+67 0 -59 0 *
Ed
 1e-07 1 1 0
1  73 0 0 3.14159265358979
2  114 27 0 0 3.14159265358979
2  115 29 0 0 3.14159265358979
4 G1 27 0 29 0
0

0101000
+59 0 -61 0 *
Wi

0101100
-60 0 -65 0 +58 0 +57 0 *
Fa
0  1e-07 27 0

0111000
+56 0 *
Ed
 1e-07 1 1 0
1  74 0 0 3.14159265358874
2  116 28 0 0 3.14159265358874
2  117 30 0 0 3.14159265358874
4 G1 28 0 30 0
0

0101000
+61 0 -59 0 *
Wi

0101100
-58 0 -64 0 +60 0 +54 0 *
Fa
0  1e-07 28 0

0111000
+53 0 *
Ve
1e-07
1.491890355213 -0.8150234156276 -1
0 0

0101101
*
Ve
1e-07
-1.491890355213 0.8150234156285 -1
0 0

0101101
*
Ed
 1e-07 1 1 0
1  75 0 0 3.14159265358979
2  118 30 0 0 3.14159265358979
4 C0 30 0 31 0
0

0101000
+51 0 -50 0 *
Ed
 1e-07 1 1 0
1  76 0 0 0.9
2  119 30 0 0 0.9
2  120 29 0 0 0.9
4 CN 30 0 29 0
0

0101000
+61 0 -50 0 *
Ed
 1e-07 1 1 0
1  77 0 -0 0.9
2  121 30 0 -0 0.9
2  122 29 0 -0 0.9
4 CN 30 0 29 0
0

0101000
+59 0 -51 0 *
Wi

0101100
+49 0 -48 0 +54 0 +47 0 *
Fa
0  1e-07 30 0

0111000
+46 0 *
Ve
1e-07
-1.7 0 -1
0 0

0101101
*
Ed
 1e-07 1 1 0
1  78 0 0 0.500000000000926
2  123 29 0 0 0.500000000000926
4 C0 29 0 31 0
0

0101000
+50 0 -44 0 *
Ed
 1e-07 1 1 0
1  79 0 0 2.64159265358938
2  124 29 0 0 2.64159265358938
4 C0 29 0 31 0
0

0101000
+44 0 -51 0 *
Wi

0101100
+43 0 +42 0 -47 0 +57 0 +48 0 *
Fa
0  1e-07 29 0

0111000
+41 0 *
Ve
1e-07
1.535769483309 -0.8389946925563 -1
0 0

0101101
*
Ve
1e-07
-1.535769483309 0.8389946925563 -1
0 0

0101101
*
Ed
 1e-07 1 1 0
1  80 0 0 3.14159265358979
2  125 32 0 0 3.14159265358979
4 C0 31 0 32 0
0

0101000
+39 0 -38 0 *
Ed
 1e-07 1 1 0
1  81 0 0 3.14159265358979
2  126 33 0 0 3.14159265358979
4 C0 31 0 33 0
0

0101000
+38 0 -39 0 *
Wi

0101100
+37 0 +36 0 *
Wi

0101100
+49 0 +43 0 +42 0 *
Fa
0  1e-07 31 0

0111000
+35 0 +34 0 *
Ve
1e-07
1.535769483308 -0.8389946925573 -15.8
0 0

0101101
*
Ed
 1e-07 1 1 0
1  82 0 6.45807968373273e-22 14.8
2  127 32 0 6.45807968373273e-22 14.8
2  128 33 0 6.45807968373273e-22 14.8
4 CN 32 0 33 0
0

0101000
+32 0 -39 0 *
Ve
1e-07
-1.535769483268 0.8389946926308 -15.8
0 0

0101101
*
Ed
 1e-07 1 1 0
1  83 0 -3.20545230392799e-22 14.8
2  129 32 0 -3.20545230392799e-22 14.8
2  130 33 0 -3.20545230392799e-22 14.8
4 CN 32 0 33 0
0

0101000
+38 0 -30 0 *
Ve
1e-07
0 -1.75 -15.8
0 0

0101101
*
Ed
 1e-07 1 1 0
1  84 0 0 2.07079632684277
2  131 32 0 0 2.07079632684277
2  132 34 0 0 2.07079632684277
4 C0 32 0 34 0
0

0101000
+30 0 -28 0 *
Ed
 1e-07 1 1 0
1  85 0 0 1.07079632679488
2  133 32 0 0 1.07079632679488
2  134 34 0 0 1.07079632679488
4 C0 32 0 34 0
0

0101000
+28 0 -32 0 *
Wi

0101100
+31 0 +37 0 +29 0 +27 0 +26 0 *
Fa
0  1e-07 32 0

0111000
+25 0 *
Ve
1e-07
1.360252970931 -0.7431095848356 -16
0 0

0101101
*
Ed
 1e-07 1 1 0
1  86 0 -1.46709923211878e-13 0.282842712474096
2  135 34 0 -1.46709923211878e-13 0.282842712474096
2  136 35 0 -1.46709923211878e-13 0.282842712474096
4 CN 34 0 35 0
0

0101000
+32 0 -23 0 *
Ve
1e-07
-1.360252970931 0.7431095848356 -16
0 0

0101101
*
Ed
 1e-07 1 1 0
1  87 0 -2.11205630635196e-13 0.282842712474127
2  137 34 0 -2.11205630635196e-13 0.282842712474127
2  138 35 0 -2.11205630635196e-13 0.282842712474127
4 CN 34 0 35 0
0

0101000
+30 0 -21 0 *
Ve
1e-07
0 -1.55 -16
0 0

0101101
*
Ed
 1e-07 1 1 0
1  88 0 0 2.07079632679421
2  139 34 0 0 2.07079632679421
4 C0 34 0 36 0
0

0101000
+21 0 -19 0 *
Ed
 1e-07 1 1 0
1  89 0 0 1.0707963267957
2  140 34 0 0 1.0707963267957
4 C0 34 0 36 0
0

0101000
+19 0 -23 0 *
Wi

0101100
-22 0 -26 0 -27 0 +20 0 +18 0 +17 0 *
Fa
0  1e-07 34 0

0111000
+16 0 *
Ve
1e-07
0 1.55 -16
0 0

0101101
*
Ed
 1e-07 1 1 0
1  90 0 0 2.07079632679421
2  141 35 0 0 2.07079632679421
4 C0 36 0 35 0
0

0101000
+23 0 -14 0 *
Ed
 1e-07 1 1 0
1  91 0 0 1.0707963267957
2  142 35 0 0 1.0707963267957
4 C0 36 0 35 0
0

0101000
+14 0 -21 0 *
Wi

0101100
+13 0 +12 0 +18 0 +17 0 *
Fa
0  1e-07 36 0

0111000
+11 0 *
Ve
1e-07
0 1.75 -15.8
0 0

0101101
*
Ed
 1e-07 1 1 0
1  92 0 0 1.07079632674707
2  143 35 0 0 1.07079632674707
2  144 33 0 0 1.07079632674707
4 C0 35 0 33 0
0

0101000
+9 0 -30 0 *
Ed
 1e-07 1 1 0
1  93 0 0 2.07079632679488
2  145 35 0 0 2.07079632679488
2  146 33 0 0 2.07079632679488
4 C0 35 0 33 0
0

0101000
+32 0 -9 0 *
Wi

0101100
-20 0 -8 0 -7 0 +22 0 +13 0 +12 0 *
Fa
0  1e-07 35 0

0111000
+6 0 *
Wi

0101100
-29 0 +36 0 -31 0 +7 0 +8 0 *
Fa
0  1e-07 33 0

0111000
+4 0 *
Sh

0101100
+225 0 +221 0 -212 0 -201 0 -190 0 -179 0 +172 0 -167 0 +162 0 -155 0 
-148 0 -143 0 -132 0 -125 0 +118 0 -113 0 +108 0 -99 0 -96 0 +93 0 
-87 0 -83 0 +81 0 +74 0 +69 0 +62 0 -55 0 -52 0 +45 0 +40 0 
-33 0 +24 0 +15 0 -10 0 +5 0 +3 0 *
So

0100000
+2 0 *

+1 0 